event_id,timestamp,user_id,session_id,page_id,page_category,device,traffic_source,is_returning_user,page_views,time_on_page_seconds,scroll_depth_pct,bounce
evt_000000,2026-03-06 08:31:00,user_001523,sess_001238,page_102,finanças,computador,referência,0,1,90.4,37.4,0
evt_000001,2026-04-16 10:29:00,user_001366,sess_001658,page_122,esportes,celular,orgânico,0,1,87.2,49.6,0
evt_000002,2026-04-09 06:34:00,user_000218,sess_001280,page_020,notícias,tablet,redes sociais,1,1,52.6,26.4,1
evt_000003,2026-03-27 07:59:00,user_000357,sess_001188,page_035,entretenimento,computador,orgânico,1,1,50.3,33.9,0
evt_000004,2026-03-26 23:32:00,user_001786,sess_000935,page_006,notícias,computador,redes sociais,1,1,29.9,43.8,0
evt_000005,2026-04-21 12:22:00,user_001707,sess_000490,page_068,esportes,celular,referência,0,1,73.3,84.6,0
evt_000006,2026-03-06 03:45:00,user_001665,sess_000562,page_069,esportes,computador,referência,1,1,16.3,67.2,0
evt_000007,2026-04-11 20:12:00,user_000470,sess_001491,page_005,entretenimento,celular,redes sociais,1,1,25.3,62.6,0
evt_000008,2026-03-13 02:06:00,user_001530,sess_000140,page_092,tecnologia,computador,orgânico,1,1,109.0,91.1,0
evt_000009,2026-03-06 15:36:00,user_000183,sess_000169,page_002,finanças,celular,direto,1,1,78.1,100.0,0
evt_000010,2026-04-01 14:07:00,user_000433,sess_000793,page_111,entretenimento,celular,direto,0,1,61.7,39.0,1
evt_000011,2026-04-28 12:53:00,user_001496,sess_001549,page_099,notícias,celular,redes sociais,0,1,213.7,37.7,0
evt_000012,2026-04-14 03:29:00,user_001851,sess_001314,page_114,entretenimento,celular,redes sociais,1,1,72.4,45.1,0
evt_000013,2026-04-15 16:02:00,user_001966,sess_001180,page_017,notícias,computador,redes sociais,1,1,10.4,63.1,0
evt_000014,2026-04-13 01:10:00,user_002945,sess_001068,page_121,esportes,celular,orgânico,0,1,143.1,86.3,0
evt_000015,2026-04-17 03:55:00,user_002562,sess_000222,page_077,notícias,celular,redes sociais,0,1,47.8,36.3,0
evt_000016,2026-03-31 19:02:00,user_001139,sess_000664,page_121,entretenimento,computador,orgânico,0,1,159.0,56.4,0
evt_000017,2026-03-08 16:29:00,user_002348,sess_000159,page_097,entretenimento,computador,redes sociais,0,1,39.9,55.3,0
evt_000018,2026-04-20 09:14:00,user_000287,sess_001516,page_092,estilo de vida,celular,redes sociais,1,1,12.7,87.4,1
evt_000019,2026-03-28 00:33:00,user_002571,sess_001501,page_005,notícias,celular,redes sociais,0,1,65.5,76.2,1
evt_000020,2026-03-31 00:30:00,user_001160,sess_000516,page_097,esportes,celular,orgânico,1,1,56.1,36.7,1
evt_000021,2026-03-23 05:56:00,user_002280,sess_000586,page_063,finanças,computador,direto,0,1,31.4,82.7,0
evt_000022,2026-03-11 22:52:00,user_002911,sess_000635,page_119,esportes,computador,redes sociais,0,1,21.5,52.1,0
evt_000023,2026-04-25 14:32:00,user_002110,sess_001778,page_096,notícias,tablet,orgânico,0,1,93.4,63.6,0
evt_000024,2026-04-16 21:27:00,user_002760,sess_000977,page_011,estilo de vida,computador,orgânico,0,1,209.2,32.1,0
evt_000025,2026-04-08 15:09:00,user_000031,sess_001524,page_124,estilo de vida,tablet,orgânico,0,1,36.6,16.9,0
evt_000026,2026-03-25 03:28:00,user_000512,sess_000898,page_009,entretenimento,celular,orgânico,0,1,99.3,51.9,1
evt_000027,2026-04-19 08:46:00,user_001878,sess_001396,page_042,finanças,celular,redes sociais,1,1,48.8,45.9,0
evt_000028,2026-04-02 17:25:00,user_001622,sess_001057,page_031,esportes,computador,orgânico,0,1,60.3,54.0,0
evt_000029,2026-03-27 14:30:00,user_000362,sess_000557,page_136,finanças,celular,orgânico,1,1,45.5,52.4,1
evt_000030,2026-03-28 00:39:00,user_002155,sess_001752,page_022,notícias,tablet,orgânico,0,1,41.2,59.0,1
evt_000031,2026-03-14 15:13:00,user_000176,sess_001418,page_118,estilo de vida,celular,orgânico,1,1,50.7,63.0,1
evt_000032,2026-03-06 12:40:00,user_002972,sess_001538,page_031,tecnologia,celular,orgânico,1,1,28.7,72.8,0
evt_000033,2026-04-03 06:36:00,user_000470,sess_001896,page_091,notícias,celular,newsletter,0,1,39.5,72.6,0
evt_000034,2026-04-23 06:33:00,user_001336,sess_000498,page_013,esportes,computador,redes sociais,1,1,143.9,84.7,0
evt_000035,2026-03-04 19:53:00,user_002470,sess_000184,page_055,tecnologia,tablet,direto,0,1,69.4,60.0,1
evt_000036,2026-04-21 11:56:00,user_001542,sess_001164,page_087,finanças,computador,orgânico,0,1,28.1,40.8,0
evt_000037,2026-04-19 15:47:00,user_002231,sess_000652,page_099,finanças,celular,newsletter,0,1,38.9,86.3,0
evt_000038,2026-03-17 14:32:00,user_002111,sess_000872,page_122,tecnologia,computador,redes sociais,1,1,35.5,63.7,0
evt_000039,2026-04-07 21:35:00,user_002846,sess_000470,page_114,estilo de vida,celular,redes sociais,0,1,32.4,73.9,0
evt_000040,2026-03-10 21:55:00,user_001392,sess_000797,page_073,notícias,celular,direto,0,1,45.7,74.8,1
evt_000041,2026-04-15 11:38:00,user_002936,sess_000787,page_043,tecnologia,celular,orgânico,0,1,26.0,52.5,1
evt_000042,2026-04-12 00:45:00,user_001550,sess_000701,page_037,entretenimento,computador,newsletter,1,1,84.2,52.2,0
evt_000043,2026-03-22 06:31:00,user_002679,sess_001484,page_139,notícias,computador,orgânico,0,1,266.7,98.9,0
evt_000044,2026-03-05 01:48:00,user_002198,sess_001185,page_085,notícias,computador,referência,1,1,12.8,31.4,0
evt_000045,2026-04-28 05:48:00,user_000399,sess_000949,page_127,tecnologia,tablet,newsletter,0,1,196.7,48.6,0
evt_000046,2026-03-27 17:47:00,user_001931,sess_000226,page_061,estilo de vida,computador,redes sociais,0,1,49.7,75.6,0
evt_000047,2026-04-23 14:05:00,user_002635,sess_001141,page_068,esportes,tablet,referência,0,1,41.1,54.1,1
evt_000048,2026-04-10 16:12:00,user_000385,sess_000350,page_115,finanças,computador,orgânico,1,1,26.5,54.4,0
evt_000049,2026-04-16 16:52:00,user_002516,sess_000628,page_101,tecnologia,celular,direto,1,1,58.3,74.4,1
evt_000050,2026-04-15 14:15:00,user_000317,sess_000830,page_028,finanças,celular,orgânico,0,1,41.4,93.8,0
evt_000051,2026-03-12 16:16:00,user_002613,sess_000283,page_073,notícias,celular,orgânico,0,1,61.1,61.6,1
evt_000052,2026-03-22 20:01:00,user_002366,sess_000779,page_030,notícias,celular,redes sociais,0,1,115.2,26.4,1
evt_000053,2026-03-29 00:04:00,user_000455,sess_000534,page_106,finanças,celular,redes sociais,1,1,3.2,68.5,1
evt_000054,2026-03-30 20:49:00,user_002179,sess_001699,page_005,entretenimento,celular,redes sociais,0,1,58.6,66.4,0
evt_000055,2026-03-03 15:04:00,user_000351,sess_001719,page_115,estilo de vida,computador,orgânico,0,1,9.2,37.2,0
evt_000056,2026-04-02 19:03:00,user_001704,sess_000010,page_130,esportes,tablet,orgânico,1,1,10.5,89.0,0
evt_000057,2026-03-10 06:10:00,user_002771,sess_001205,page_004,entretenimento,celular,orgânico,0,1,80.9,69.2,0
evt_000058,2026-04-14 14:27:00,user_000618,sess_001281,page_088,esportes,computador,direto,1,1,22.7,38.1,0
evt_000059,2026-04-10 23:35:00,user_000522,sess_000756,page_011,finanças,computador,orgânico,0,1,10.7,77.5,1
evt_000060,2026-04-25 08:26:00,user_001269,sess_000938,page_051,notícias,celular,redes sociais,1,1,198.1,69.2,0
evt_000061,2026-04-14 16:27:00,user_001106,sess_001580,page_047,tecnologia,celular,newsletter,1,1,92.5,45.5,1
evt_000062,2026-03-22 23:57:00,user_000146,sess_000756,page_073,tecnologia,celular,newsletter,0,1,57.3,32.3,0
evt_000063,2026-04-28 01:12:00,user_001368,sess_000129,page_128,tecnologia,computador,redes sociais,0,1,89.6,52.2,1
evt_000064,2026-03-25 15:37:00,user_000779,sess_000745,page_065,esportes,celular,orgânico,0,1,17.5,45.1,1
evt_000065,2026-03-20 13:11:00,user_000374,sess_000508,page_056,finanças,computador,redes sociais,0,1,28.0,71.4,1
evt_000066,2026-04-24 07:58:00,user_000828,sess_000766,page_013,notícias,computador,redes sociais,0,1,103.9,52.3,1
evt_000067,2026-03-23 05:27:00,user_000062,sess_000460,page_124,entretenimento,celular,orgânico,1,1,63.8,68.1,0
evt_000068,2026-03-05 13:56:00,user_002745,sess_000300,page_044,notícias,computador,newsletter,0,1,26.4,62.8,0
evt_000069,2026-03-29 04:09:00,user_002982,sess_001970,page_065,estilo de vida,computador,orgânico,0,1,54.8,73.5,0
evt_000070,2026-04-17 17:46:00,user_001103,sess_000258,page_013,tecnologia,computador,orgânico,0,1,69.5,70.1,0
evt_000071,2026-03-12 08:50:00,user_002630,sess_001412,page_041,notícias,computador,redes sociais,0,1,125.8,78.6,0
evt_000072,2026-03-28 18:38:00,user_001384,sess_001435,page_077,esportes,computador,referência,1,1,13.2,40.2,0
evt_000073,2026-03-08 19:05:00,user_002737,sess_001235,page_126,notícias,computador,direto,0,1,14.1,79.6,1
evt_000074,2026-04-11 04:31:00,user_000520,sess_001823,page_046,estilo de vida,celular,orgânico,0,1,42.2,97.8,0
evt_000075,2026-03-29 13:00:00,user_000854,sess_000010,page_078,entretenimento,tablet,direto,1,1,78.9,83.1,0
evt_000076,2026-03-20 19:28:00,user_002219,sess_000603,page_122,finanças,computador,referência,0,1,31.3,35.7,0
evt_000077,2026-03-14 14:44:00,user_000661,sess_000369,page_051,entretenimento,celular,direto,0,1,43.8,91.7,1
evt_000078,2026-04-03 20:52:00,user_002470,sess_001154,page_041,notícias,celular,orgânico,0,1,10.6,73.8,1
evt_000079,2026-04-10 04:31:00,user_001278,sess_001271,page_007,esportes,computador,redes sociais,0,1,7.7,78.9,0
evt_000080,2026-04-26 10:02:00,user_001212,sess_001795,page_127,entretenimento,computador,referência,1,1,10.9,41.6,0
evt_000081,2026-03-27 05:29:00,user_001360,sess_000760,page_016,entretenimento,computador,orgânico,0,1,91.1,28.4,1
evt_000082,2026-03-10 15:23:00,user_002393,sess_000472,page_030,esportes,celular,redes sociais,1,1,9.0,88.1,1
evt_000083,2026-04-19 23:03:00,user_000017,sess_001848,page_020,estilo de vida,celular,direto,1,1,56.7,48.3,1
evt_000084,2026-04-07 18:51:00,user_002252,sess_001346,page_099,entretenimento,computador,direto,1,1,18.0,41.0,1
evt_000085,2026-04-12 00:22:00,user_002337,sess_001529,page_051,tecnologia,computador,orgânico,0,1,28.6,26.1,0
evt_000086,2026-03-06 20:00:00,user_002463,sess_000890,page_098,estilo de vida,computador,orgânico,0,1,7.2,22.7,1
evt_000087,2026-03-19 17:48:00,user_002990,sess_000895,page_085,notícias,celular,redes sociais,0,1,61.9,58.0,1
evt_000088,2026-04-16 01:41:00,user_002346,sess_000778,page_003,notícias,computador,orgânico,1,1,25.0,76.5,1
evt_000089,2026-04-19 22:27:00,user_001586,sess_001499,page_043,estilo de vida,celular,orgânico,0,1,30.8,64.1,0
evt_000090,2026-03-27 02:42:00,user_001398,sess_000422,page_001,finanças,celular,redes sociais,0,1,46.8,63.1,1
evt_000091,2026-04-18 06:51:00,user_001165,sess_001950,page_010,esportes,celular,orgânico,1,1,72.3,85.3,1
evt_000092,2026-04-20 12:02:00,user_002481,sess_000352,page_066,esportes,computador,redes sociais,0,1,69.2,88.1,0
evt_000093,2026-03-24 05:58:00,user_001178,sess_000922,page_037,esportes,celular,newsletter,0,1,74.3,39.3,0
evt_000094,2026-04-23 21:14:00,user_001718,sess_000629,page_013,finanças,celular,redes sociais,0,1,86.4,69.9,0
evt_000095,2026-03-18 07:11:00,user_000289,sess_001285,page_057,esportes,celular,orgânico,0,1,63.7,60.6,0
evt_000096,2026-03-15 08:57:00,user_000952,sess_001361,page_063,esportes,celular,orgânico,0,1,41.1,51.7,0
evt_000097,2026-04-10 22:47:00,user_000799,sess_001837,page_138,notícias,computador,redes sociais,1,1,23.9,67.4,1
evt_000098,2026-04-08 04:56:00,user_001305,sess_001578,page_092,tecnologia,computador,redes sociais,0,1,36.0,87.8,1
evt_000099,2026-03-09 09:14:00,user_001506,sess_000498,page_055,estilo de vida,celular,referência,0,1,15.4,17.6,0
evt_000100,2026-04-19 23:08:00,user_002149,sess_000414,page_066,notícias,celular,direto,0,1,23.2,62.7,1
evt_000101,2026-03-12 23:52:00,user_001296,sess_001773,page_013,finanças,celular,orgânico,0,1,115.5,69.0,0
evt_000102,2026-04-18 07:03:00,user_000451,sess_000976,page_054,finanças,celular,orgânico,0,1,18.5,61.1,1
evt_000103,2026-03-01 10:36:00,user_001635,sess_000195,page_081,estilo de vida,celular,redes sociais,0,1,87.1,73.4,0
evt_000104,2026-04-17 19:27:00,user_000165,sess_001650,page_003,estilo de vida,celular,orgânico,1,1,37.6,52.7,0
evt_000105,2026-04-17 05:10:00,user_002547,sess_001297,page_128,estilo de vida,computador,redes sociais,1,1,65.4,43.4,0
evt_000106,2026-04-16 19:43:00,user_002311,sess_000052,page_072,estilo de vida,computador,orgânico,0,1,6.1,73.9,0
evt_000107,2026-04-09 21:23:00,user_000676,sess_001565,page_110,notícias,tablet,redes sociais,0,1,41.4,32.7,0
evt_000108,2026-03-29 07:03:00,user_000790,sess_001215,page_039,esportes,celular,redes sociais,1,1,64.1,44.0,0
evt_000109,2026-04-12 07:26:00,user_000083,sess_001229,page_117,notícias,tablet,referência,0,1,117.5,41.1,1
evt_000110,2026-03-17 15:03:00,user_001093,sess_001730,page_051,finanças,celular,orgânico,0,1,43.6,100.0,0
evt_000111,2026-04-16 20:14:00,user_000115,sess_000991,page_130,finanças,tablet,referência,0,1,72.9,68.9,0
evt_000112,2026-04-03 08:07:00,user_002809,sess_000923,page_073,tecnologia,computador,redes sociais,0,1,48.3,30.3,0
evt_000113,2026-03-28 12:50:00,user_000403,sess_001235,page_089,notícias,celular,direto,0,1,28.4,63.1,0
evt_000114,2026-03-31 08:04:00,user_001978,sess_000396,page_029,estilo de vida,celular,redes sociais,0,1,46.4,35.5,1
evt_000115,2026-04-04 02:59:00,user_001711,sess_000304,page_139,esportes,computador,referência,1,1,23.2,63.7,0
evt_000116,2026-03-03 05:39:00,user_000711,sess_001687,page_027,esportes,computador,direto,0,1,43.5,31.2,1
evt_000117,2026-03-09 09:18:00,user_002424,sess_000431,page_005,tecnologia,computador,orgânico,1,1,60.1,27.4,1
evt_000118,2026-03-15 17:29:00,user_000327,sess_001009,page_062,notícias,computador,orgânico,0,1,71.7,72.3,0
evt_000119,2026-03-07 20:55:00,user_002660,sess_000540,page_117,esportes,tablet,newsletter,0,1,49.8,45.4,0
evt_000120,2026-03-27 09:02:00,user_002221,sess_000461,page_129,esportes,tablet,redes sociais,0,1,51.9,83.2,0
evt_000121,2026-04-10 02:30:00,user_001905,sess_001195,page_120,tecnologia,celular,referência,0,1,65.5,13.9,0
evt_000122,2026-04-09 06:22:00,user_002639,sess_001604,page_077,notícias,tablet,referência,0,1,59.7,69.6,0
evt_000123,2026-03-29 06:22:00,user_001210,sess_000884,page_128,entretenimento,celular,orgânico,1,1,87.0,48.2,0
evt_000124,2026-04-21 07:18:00,user_000845,sess_000278,page_069,entretenimento,tablet,referência,0,1,47.8,72.7,0
evt_000125,2026-04-03 21:56:00,user_000464,sess_000489,page_067,tecnologia,computador,orgânico,0,1,44.3,49.6,0
evt_000126,2026-03-05 18:02:00,user_002773,sess_000329,page_026,esportes,computador,orgânico,0,1,13.0,70.2,1
evt_000127,2026-04-15 21:35:00,user_001204,sess_001765,page_110,estilo de vida,celular,direto,1,1,89.9,52.5,1
evt_000128,2026-04-04 11:25:00,user_002488,sess_000639,page_044,notícias,celular,referência,0,1,54.8,60.0,0
evt_000129,2026-04-08 01:59:00,user_000997,sess_000748,page_028,entretenimento,celular,redes sociais,0,1,47.5,84.2,1
evt_000130,2026-04-03 22:08:00,user_002865,sess_000143,page_052,finanças,celular,orgânico,0,1,123.0,67.2,1
evt_000131,2026-04-03 05:09:00,user_002610,sess_000892,page_084,notícias,computador,redes sociais,1,1,111.2,45.5,0
evt_000132,2026-03-06 10:24:00,user_000924,sess_001827,page_038,esportes,computador,direto,1,1,62.0,38.9,1
evt_000133,2026-04-03 13:15:00,user_001460,sess_000819,page_050,tecnologia,celular,direto,0,1,19.2,67.8,0
evt_000134,2026-04-17 16:40:00,user_002382,sess_001302,page_046,entretenimento,celular,orgânico,1,1,63.9,80.5,0
evt_000135,2026-03-19 05:41:00,user_000679,sess_000364,page_083,finanças,computador,orgânico,1,1,25.4,79.4,0
evt_000136,2026-04-06 04:05:00,user_000072,sess_000286,page_100,finanças,celular,redes sociais,1,1,68.5,100.0,0
evt_000137,2026-03-02 20:22:00,user_000867,sess_001463,page_094,tecnologia,computador,orgânico,0,1,110.5,63.9,0
evt_000138,2026-03-21 20:23:00,user_001772,sess_000132,page_020,tecnologia,celular,referência,1,1,42.4,46.8,0
evt_000139,2026-03-27 04:52:00,user_000410,sess_000897,page_049,tecnologia,celular,orgânico,0,1,14.6,85.3,0
evt_000140,2026-04-28 23:08:00,user_001000,sess_000634,page_091,esportes,celular,redes sociais,1,1,111.3,31.1,1
evt_000141,2026-03-13 21:00:00,user_002755,sess_000033,page_031,estilo de vida,tablet,referência,0,1,17.8,41.9,0
evt_000142,2026-03-17 14:13:00,user_000226,sess_001062,page_010,tecnologia,celular,redes sociais,0,1,50.0,59.6,1
evt_000143,2026-03-25 12:16:00,user_000151,sess_001928,page_045,notícias,tablet,direto,0,1,40.7,37.5,0
evt_000144,2026-04-29 13:26:00,user_001272,sess_000139,page_095,esportes,celular,orgânico,0,1,64.4,68.8,0
evt_000145,2026-04-21 04:54:00,user_000039,sess_001631,page_093,notícias,celular,redes sociais,0,1,160.0,49.4,1
evt_000146,2026-03-03 01:57:00,user_000084,sess_001078,page_019,finanças,celular,direto,0,1,48.4,87.2,0
evt_000147,2026-03-15 00:52:00,user_000549,sess_001447,page_095,tecnologia,celular,referência,1,1,95.3,67.8,0
evt_000148,2026-04-19 07:12:00,user_000307,sess_000194,page_028,notícias,celular,direto,1,1,31.6,95.9,1
evt_000149,2026-03-04 11:57:00,user_002432,sess_001738,page_104,estilo de vida,celular,orgânico,0,1,66.6,22.7,0
evt_000150,2026-04-21 08:09:00,user_000368,sess_000023,page_079,notícias,computador,orgânico,0,1,9.4,67.4,0
evt_000151,2026-03-17 21:11:00,user_001570,sess_001813,page_018,entretenimento,computador,referência,0,1,77.2,60.6,1
evt_000152,2026-04-25 01:25:00,user_002116,sess_001315,page_049,tecnologia,computador,redes sociais,1,1,51.5,60.4,0
evt_000153,2026-03-18 14:46:00,user_001877,sess_000675,page_114,finanças,celular,orgânico,0,1,106.6,57.7,1
evt_000154,2026-03-27 01:24:00,user_001961,sess_000015,page_061,tecnologia,computador,redes sociais,0,1,34.2,64.5,0
evt_000155,2026-04-09 17:09:00,user_001073,sess_001222,page_096,notícias,celular,orgânico,1,1,11.2,18.6,0
evt_000156,2026-03-08 13:50:00,user_002666,sess_000175,page_105,tecnologia,computador,orgânico,1,1,34.6,17.9,0
evt_000157,2026-04-03 10:07:00,user_000206,sess_001218,page_005,tecnologia,computador,referência,1,1,5.3,41.4,1
evt_000158,2026-03-31 07:13:00,user_000322,sess_001546,page_130,notícias,celular,redes sociais,1,1,37.0,17.8,1
evt_000159,2026-04-17 00:48:00,user_002568,sess_000535,page_047,entretenimento,celular,orgânico,0,1,85.1,65.7,0
evt_000160,2026-04-29 18:23:00,user_000205,sess_000478,page_111,notícias,computador,referência,1,1,61.8,38.0,0
evt_000161,2026-04-09 20:36:00,user_000576,sess_000444,page_065,estilo de vida,tablet,newsletter,0,1,35.8,56.4,0
evt_000162,2026-03-25 13:13:00,user_000520,sess_000450,page_081,notícias,computador,referência,1,1,44.9,63.6,0
evt_000163,2026-03-25 09:11:00,user_000100,sess_000228,page_051,tecnologia,celular,direto,1,1,69.6,54.5,0
evt_000164,2026-03-26 01:51:00,user_000351,sess_000500,page_119,notícias,computador,newsletter,0,1,35.2,70.9,0
evt_000165,2026-04-18 20:11:00,user_001718,sess_001318,page_017,notícias,computador,orgânico,1,1,70.1,48.1,0
evt_000166,2026-03-20 06:33:00,user_001983,sess_000605,page_125,finanças,computador,referência,0,1,22.4,64.3,1
evt_000167,2026-03-11 00:26:00,user_000250,sess_001562,page_029,entretenimento,computador,orgânico,0,1,67.0,47.3,0
evt_000168,2026-03-21 01:22:00,user_002827,sess_001638,page_123,esportes,celular,orgânico,0,1,48.7,76.2,1
evt_000169,2026-03-02 08:42:00,user_000288,sess_001522,page_004,estilo de vida,celular,orgânico,1,1,23.2,30.7,1
evt_000170,2026-03-07 08:50:00,user_002061,sess_001079,page_002,finanças,computador,orgânico,0,1,33.3,73.0,1
evt_000171,2026-03-06 09:40:00,user_002401,sess_000633,page_013,tecnologia,tablet,direto,0,1,31.5,88.2,1
evt_000172,2026-04-16 07:02:00,user_001562,sess_001859,page_077,esportes,celular,referência,0,1,95.2,66.9,1
evt_000173,2026-04-13 08:11:00,user_001475,sess_000411,page_038,estilo de vida,computador,orgânico,0,1,89.3,45.5,0
evt_000174,2026-04-11 19:20:00,user_000328,sess_000929,page_084,entretenimento,computador,referência,0,1,29.5,64.2,0
evt_000175,2026-03-28 17:06:00,user_000725,sess_000907,page_114,esportes,computador,direto,1,1,38.3,44.4,0
evt_000176,2026-04-13 00:33:00,user_002551,sess_001491,page_004,finanças,celular,orgânico,0,1,85.7,87.2,0
evt_000177,2026-03-10 16:13:00,user_001046,sess_001094,page_074,entretenimento,celular,direto,0,1,43.2,66.6,1
evt_000178,2026-04-24 00:53:00,user_000104,sess_001599,page_103,esportes,computador,orgânico,0,1,56.3,60.8,0
evt_000179,2026-03-31 01:30:00,user_002187,sess_001838,page_060,esportes,computador,orgânico,0,1,42.3,85.7,0
evt_000180,2026-04-26 06:47:00,user_002051,sess_000781,page_129,esportes,computador,redes sociais,1,1,33.3,58.9,0
evt_000181,2026-03-10 03:19:00,user_000199,sess_001749,page_093,tecnologia,computador,referência,0,1,109.0,28.3,0
evt_000182,2026-03-30 20:09:00,user_000154,sess_000340,page_005,entretenimento,celular,orgânico,1,1,7.6,58.7,1
evt_000183,2026-04-11 18:42:00,user_000350,sess_001832,page_076,estilo de vida,tablet,orgânico,0,1,191.0,51.9,0
evt_000184,2026-03-30 17:42:00,user_000153,sess_000356,page_054,estilo de vida,computador,redes sociais,1,1,40.5,56.9,1
evt_000185,2026-03-27 18:27:00,user_001849,sess_001700,page_019,esportes,computador,direto,0,1,51.2,67.4,1
evt_000186,2026-03-10 23:20:00,user_000398,sess_000781,page_133,notícias,computador,referência,1,1,46.0,71.4,0
evt_000187,2026-03-23 20:40:00,user_001821,sess_001929,page_031,notícias,computador,redes sociais,1,1,31.4,35.7,1
evt_000188,2026-03-15 07:49:00,user_000529,sess_000259,page_012,notícias,celular,referência,0,1,50.3,57.8,0
evt_000189,2026-03-19 02:10:00,user_002917,sess_000931,page_031,notícias,tablet,redes sociais,1,1,96.6,53.5,1
evt_000190,2026-04-11 00:31:00,user_002178,sess_001803,page_115,estilo de vida,celular,orgânico,0,1,45.9,61.7,1
evt_000191,2026-04-07 19:36:00,user_001124,sess_000095,page_084,notícias,computador,redes sociais,1,1,48.1,65.8,0
evt_000192,2026-04-06 10:21:00,user_001286,sess_000530,page_114,notícias,celular,orgânico,0,1,52.8,56.1,1
evt_000193,2026-03-22 17:00:00,user_000196,sess_000168,page_065,esportes,celular,direto,0,1,116.2,33.1,0
evt_000194,2026-04-27 13:57:00,user_000165,sess_000643,page_017,esportes,computador,orgânico,0,1,40.0,55.6,0
evt_000195,2026-03-06 06:12:00,user_001613,sess_000781,page_054,notícias,tablet,orgânico,0,1,128.8,80.8,0
evt_000196,2026-03-21 13:19:00,user_000069,sess_001238,page_028,notícias,celular,newsletter,0,1,44.0,35.2,0
evt_000197,2026-03-08 01:55:00,user_001915,sess_000516,page_078,esportes,celular,referência,0,1,67.5,84.7,1
evt_000198,2026-03-21 08:04:00,user_001147,sess_000318,page_038,finanças,celular,redes sociais,1,1,111.8,31.7,0
evt_000199,2026-04-27 17:07:00,user_000419,sess_000340,page_135,tecnologia,computador,direto,0,1,80.8,61.4,0
evt_000200,2026-03-22 23:25:00,user_001607,sess_001876,page_053,tecnologia,celular,newsletter,0,1,11.5,45.1,1
evt_000201,2026-04-24 12:21:00,user_001659,sess_001906,page_044,tecnologia,celular,orgânico,1,1,96.6,57.0,0
evt_000202,2026-03-30 16:53:00,user_002239,sess_000443,page_137,estilo de vida,tablet,redes sociais,0,1,55.1,72.0,1
evt_000203,2026-04-11 23:34:00,user_000594,sess_000391,page_073,entretenimento,computador,orgânico,0,1,65.6,76.1,0
evt_000204,2026-03-28 10:40:00,user_001642,sess_000109,page_024,finanças,computador,referência,0,1,124.5,91.0,1
evt_000205,2026-03-16 22:51:00,user_002534,sess_001918,page_067,estilo de vida,celular,orgânico,0,1,34.6,26.3,0
evt_000206,2026-04-15 20:29:00,user_000810,sess_001412,page_036,finanças,celular,direto,1,1,119.5,47.8,0
evt_000207,2026-04-28 03:36:00,user_002505,sess_001521,page_100,esportes,celular,orgânico,1,1,38.2,45.8,1
evt_000208,2026-03-16 19:28:00,user_002170,sess_000581,page_080,esportes,celular,redes sociais,0,1,20.7,42.2,1
evt_000209,2026-04-16 17:24:00,user_001289,sess_001282,page_102,notícias,celular,referência,1,1,51.4,65.8,0
evt_000210,2026-03-16 16:02:00,user_002649,sess_000120,page_131,tecnologia,celular,orgânico,0,1,22.7,73.2,0
evt_000211,2026-04-13 00:19:00,user_002900,sess_001352,page_102,notícias,computador,newsletter,0,1,25.9,20.1,0
evt_000212,2026-04-17 08:10:00,user_000711,sess_001159,page_048,estilo de vida,celular,orgânico,0,1,40.5,35.4,1
evt_000213,2026-03-27 23:04:00,user_002939,sess_000663,page_029,tecnologia,celular,redes sociais,0,1,112.8,53.9,0
evt_000214,2026-04-14 05:09:00,user_000008,sess_001421,page_074,finanças,celular,direto,1,1,73.6,65.0,0
evt_000215,2026-03-17 08:01:00,user_000388,sess_001293,page_063,notícias,celular,orgânico,0,1,21.4,88.8,0
evt_000216,2026-03-05 18:07:00,user_000130,sess_000878,page_044,finanças,celular,redes sociais,0,1,162.3,40.5,0
evt_000217,2026-03-06 18:48:00,user_001103,sess_000374,page_113,esportes,computador,redes sociais,1,1,123.4,46.3,1
evt_000218,2026-03-27 19:42:00,user_002811,sess_000048,page_127,entretenimento,computador,redes sociais,1,1,12.8,83.2,0
evt_000219,2026-04-24 03:44:00,user_001801,sess_001875,page_054,estilo de vida,computador,direto,1,1,4.7,46.8,0
evt_000220,2026-03-08 15:42:00,user_001850,sess_000563,page_095,tecnologia,celular,redes sociais,1,1,78.9,71.6,1
evt_000221,2026-03-28 08:19:00,user_000255,sess_000604,page_137,finanças,celular,orgânico,1,1,133.9,55.7,1
evt_000222,2026-04-12 05:48:00,user_001548,sess_001362,page_002,tecnologia,tablet,orgânico,0,1,65.8,51.8,0
evt_000223,2026-03-13 03:24:00,user_001148,sess_000511,page_051,tecnologia,celular,newsletter,1,1,59.9,68.4,0
evt_000224,2026-04-13 07:07:00,user_001438,sess_000752,page_103,notícias,celular,redes sociais,1,1,27.0,51.6,0
evt_000225,2026-03-19 08:34:00,user_000784,sess_001422,page_070,esportes,celular,orgânico,0,1,80.1,42.2,0
evt_000226,2026-04-18 12:28:00,user_000605,sess_001191,page_111,notícias,celular,orgânico,0,1,46.8,71.1,1
evt_000227,2026-04-04 18:04:00,user_002856,sess_001313,page_066,finanças,celular,direto,0,1,25.3,47.0,0
evt_000228,2026-04-02 19:32:00,user_001675,sess_000010,page_009,entretenimento,computador,redes sociais,0,1,26.1,72.1,0
evt_000229,2026-03-11 14:33:00,user_001235,sess_000903,page_061,estilo de vida,celular,orgânico,1,1,101.4,50.0,0
evt_000230,2026-03-28 19:00:00,user_000222,sess_000951,page_057,finanças,tablet,referência,0,1,15.6,46.7,0
evt_000231,2026-04-21 09:31:00,user_002288,sess_001265,page_118,entretenimento,celular,newsletter,0,1,24.4,73.9,1
evt_000232,2026-03-02 04:06:00,user_001418,sess_000303,page_021,notícias,computador,referência,0,1,181.8,48.2,0
evt_000233,2026-04-15 12:16:00,user_001160,sess_000319,page_022,notícias,celular,redes sociais,0,1,17.3,53.1,1
evt_000234,2026-03-30 13:34:00,user_002001,sess_001525,page_020,entretenimento,tablet,orgânico,0,1,137.9,17.3,0
evt_000235,2026-04-13 04:01:00,user_000396,sess_001346,page_079,entretenimento,computador,orgânico,1,1,16.2,33.5,0
evt_000236,2026-04-09 19:08:00,user_001600,sess_001622,page_139,estilo de vida,tablet,orgânico,1,1,41.1,80.1,1
evt_000237,2026-03-26 22:12:00,user_002589,sess_000541,page_086,esportes,tablet,redes sociais,0,1,15.7,60.8,0
evt_000238,2026-03-19 12:28:00,user_001392,sess_001995,page_114,entretenimento,celular,orgânico,1,1,21.8,79.9,1
evt_000239,2026-04-07 15:19:00,user_000002,sess_000546,page_119,tecnologia,computador,redes sociais,0,1,38.8,55.1,1
evt_000240,2026-03-09 09:55:00,user_000690,sess_001302,page_084,estilo de vida,computador,redes sociais,0,1,30.8,58.6,0
evt_000241,2026-04-05 01:06:00,user_000168,sess_000325,page_085,esportes,computador,direto,0,1,70.6,90.3,0
evt_000242,2026-03-06 16:21:00,user_001501,sess_001837,page_034,finanças,computador,orgânico,1,1,35.1,73.6,1
evt_000243,2026-04-08 23:46:00,user_001093,sess_000665,page_134,tecnologia,celular,referência,0,1,17.2,90.0,1
evt_000244,2026-04-07 17:23:00,user_000398,sess_001605,page_110,tecnologia,tablet,redes sociais,1,1,57.5,47.9,1
evt_000245,2026-03-06 01:35:00,user_002061,sess_000663,page_122,estilo de vida,computador,redes sociais,0,1,12.1,52.1,0
evt_000246,2026-04-15 10:46:00,user_000530,sess_001581,page_137,finanças,celular,newsletter,0,1,40.0,49.7,1
evt_000247,2026-03-25 22:45:00,user_001025,sess_000908,page_049,estilo de vida,celular,orgânico,0,1,88.3,68.2,0
evt_000248,2026-04-17 05:06:00,user_002963,sess_000125,page_020,finanças,computador,referência,0,1,23.7,47.1,1
evt_000249,2026-03-03 11:55:00,user_000199,sess_000381,page_120,finanças,celular,referência,1,1,50.2,98.9,0
evt_000250,2026-03-11 18:25:00,user_000743,sess_001367,page_066,notícias,tablet,newsletter,0,1,64.8,24.6,0
evt_000251,2026-03-30 15:20:00,user_000954,sess_000386,page_134,notícias,celular,orgânico,1,1,28.2,57.1,0
evt_000252,2026-03-12 07:02:00,user_001526,sess_000551,page_097,tecnologia,computador,orgânico,1,1,72.8,45.5,1
evt_000253,2026-03-20 19:00:00,user_000735,sess_001083,page_036,notícias,celular,orgânico,0,1,67.9,62.4,1
evt_000254,2026-04-09 15:15:00,user_002910,sess_000506,page_050,notícias,computador,direto,0,1,11.0,42.0,1
evt_000255,2026-03-09 16:06:00,user_000017,sess_000258,page_085,entretenimento,tablet,orgânico,1,1,25.3,61.7,0
evt_000256,2026-04-10 15:53:00,user_002844,sess_001248,page_055,tecnologia,tablet,orgânico,0,1,16.0,65.3,0
evt_000257,2026-03-07 04:54:00,user_001604,sess_001378,page_040,notícias,computador,newsletter,0,1,80.5,68.2,0
evt_000258,2026-03-11 12:15:00,user_000115,sess_001466,page_030,esportes,celular,redes sociais,0,1,31.5,92.6,1
evt_000259,2026-04-05 06:12:00,user_000350,sess_001887,page_091,tecnologia,celular,orgânico,0,1,96.9,56.3,1
evt_000260,2026-04-17 14:36:00,user_000310,sess_000249,page_005,finanças,celular,direto,0,1,49.3,59.7,0
evt_000261,2026-03-11 05:39:00,user_000863,sess_000854,page_014,finanças,celular,orgânico,0,1,26.9,61.5,1
evt_000262,2026-03-18 23:59:00,user_000999,sess_000468,page_006,finanças,tablet,redes sociais,0,1,21.0,36.3,0
evt_000263,2026-04-25 12:10:00,user_001923,sess_001802,page_103,notícias,computador,orgânico,1,1,54.5,76.6,0
evt_000264,2026-04-29 09:08:00,user_000934,sess_001080,page_005,tecnologia,celular,redes sociais,1,1,59.4,37.8,1
evt_000265,2026-04-04 20:43:00,user_002175,sess_000197,page_059,notícias,computador,orgânico,1,1,30.6,78.5,0
evt_000266,2026-03-27 19:44:00,user_000882,sess_001384,page_017,finanças,computador,direto,1,1,99.8,47.7,0
evt_000267,2026-03-21 19:29:00,user_000791,sess_000086,page_082,notícias,celular,orgânico,0,1,175.7,24.1,0
evt_000268,2026-04-06 17:55:00,user_000826,sess_000549,page_005,notícias,celular,orgânico,0,1,20.6,9.2,1
evt_000269,2026-04-05 10:55:00,user_000988,sess_001443,page_004,notícias,celular,newsletter,0,1,44.1,75.0,0
evt_000270,2026-03-18 16:26:00,user_002513,sess_001012,page_058,tecnologia,computador,referência,0,1,23.7,83.2,0
evt_000271,2026-03-02 08:50:00,user_000741,sess_001522,page_097,notícias,celular,redes sociais,1,1,78.7,64.9,0
evt_000272,2026-03-10 02:09:00,user_000820,sess_001142,page_016,esportes,computador,newsletter,0,1,58.1,36.8,1
evt_000273,2026-04-27 12:19:00,user_002870,sess_001686,page_069,notícias,celular,orgânico,1,1,22.2,33.9,0
evt_000274,2026-03-26 02:08:00,user_001961,sess_001125,page_113,tecnologia,computador,redes sociais,0,1,40.3,48.3,0
evt_000275,2026-03-29 22:31:00,user_000572,sess_000114,page_087,finanças,celular,newsletter,1,1,63.4,83.7,0
evt_000276,2026-03-29 00:38:00,user_002604,sess_000143,page_105,entretenimento,celular,redes sociais,0,1,66.4,51.9,0
evt_000277,2026-04-16 23:08:00,user_000550,sess_001554,page_044,estilo de vida,computador,orgânico,0,1,65.0,28.0,0
evt_000278,2026-03-04 21:32:00,user_000487,sess_000078,page_131,finanças,celular,referência,1,1,29.3,47.7,0
evt_000279,2026-03-05 23:07:00,user_001335,sess_000753,page_021,estilo de vida,computador,orgânico,1,1,6.0,61.4,0
evt_000280,2026-03-17 13:13:00,user_002074,sess_000033,page_085,notícias,celular,orgânico,1,1,71.5,81.7,1
evt_000281,2026-03-30 04:47:00,user_000568,sess_000607,page_061,entretenimento,celular,direto,0,1,14.4,70.2,1
evt_000282,2026-04-10 06:25:00,user_002260,sess_001190,page_005,entretenimento,celular,orgânico,0,1,33.0,40.6,0
evt_000283,2026-03-30 10:37:00,user_000470,sess_000346,page_132,esportes,computador,orgânico,1,1,44.4,56.9,0
evt_000284,2026-03-27 11:16:00,user_002345,sess_000932,page_098,estilo de vida,computador,orgânico,0,1,83.8,77.9,0
evt_000285,2026-04-26 06:28:00,user_000288,sess_001992,page_032,notícias,computador,orgânico,0,1,63.9,56.5,0
evt_000286,2026-03-10 15:52:00,user_001393,sess_000141,page_008,estilo de vida,computador,redes sociais,1,1,79.6,25.4,0
evt_000287,2026-04-04 07:17:00,user_001920,sess_000128,page_094,tecnologia,celular,direto,0,1,87.5,43.9,1
evt_000288,2026-04-02 12:49:00,user_000797,sess_000543,page_076,entretenimento,computador,redes sociais,1,1,39.2,1.0,1
evt_000289,2026-03-29 09:49:00,user_001836,sess_001654,page_007,esportes,computador,direto,0,1,150.3,63.7,0
evt_000290,2026-04-18 10:56:00,user_002066,sess_000812,page_138,estilo de vida,computador,orgânico,0,1,17.1,83.9,0
evt_000291,2026-03-17 00:26:00,user_001950,sess_001279,page_100,tecnologia,celular,orgânico,0,1,80.9,87.2,0
evt_000292,2026-04-27 05:25:00,user_001191,sess_000068,page_065,esportes,celular,newsletter,1,1,48.5,56.4,1
evt_000293,2026-03-20 21:27:00,user_002320,sess_001470,page_034,estilo de vida,celular,redes sociais,1,1,47.1,39.9,1
evt_000294,2026-04-02 16:48:00,user_002195,sess_000135,page_038,estilo de vida,tablet,orgânico,1,1,51.6,53.3,1
evt_000295,2026-04-01 05:46:00,user_000979,sess_001423,page_063,tecnologia,computador,newsletter,1,1,43.9,60.6,0
evt_000296,2026-04-20 23:40:00,user_002200,sess_000296,page_008,entretenimento,celular,redes sociais,0,1,49.8,82.6,1
evt_000297,2026-03-27 08:01:00,user_002755,sess_001717,page_052,notícias,computador,redes sociais,1,1,42.2,65.0,0
evt_000298,2026-03-18 01:45:00,user_002450,sess_000592,page_031,notícias,celular,orgânico,1,1,20.4,24.2,1
evt_000299,2026-03-02 07:07:00,user_002199,sess_000368,page_016,notícias,computador,direto,0,1,57.1,73.8,0
evt_000300,2026-03-22 19:41:00,user_002299,sess_000674,page_018,notícias,tablet,orgânico,0,1,39.5,19.5,0
evt_000301,2026-04-19 13:51:00,user_002414,sess_000002,page_049,finanças,celular,redes sociais,0,1,91.3,69.6,0
evt_000302,2026-03-01 14:16:00,user_000868,sess_000331,page_054,entretenimento,celular,direto,0,1,110.4,91.3,0
evt_000303,2026-04-23 18:28:00,user_002163,sess_001197,page_049,finanças,celular,direto,0,1,76.9,33.2,0
evt_000304,2026-04-02 13:40:00,user_000599,sess_000602,page_096,estilo de vida,computador,orgânico,1,1,99.1,55.3,1
evt_000305,2026-03-09 09:57:00,user_001076,sess_000708,page_073,esportes,computador,orgânico,0,1,97.5,56.4,0
evt_000306,2026-03-19 03:08:00,user_002803,sess_001614,page_027,esportes,tablet,referência,0,1,49.7,57.9,0
evt_000307,2026-04-03 05:48:00,user_000849,sess_000248,page_136,tecnologia,celular,referência,1,1,53.3,74.2,0
evt_000308,2026-03-19 22:35:00,user_002531,sess_000792,page_102,estilo de vida,computador,orgânico,1,1,24.2,44.3,0
evt_000309,2026-03-07 12:20:00,user_001268,sess_000373,page_066,esportes,computador,orgânico,0,1,51.8,71.3,0
evt_000310,2026-04-09 23:01:00,user_000630,sess_000966,page_007,entretenimento,computador,direto,0,1,122.0,52.5,0
evt_000311,2026-04-10 08:01:00,user_000291,sess_000664,page_128,finanças,celular,referência,0,1,100.3,68.4,1
evt_000312,2026-03-08 03:10:00,user_001645,sess_000093,page_104,notícias,celular,referência,1,1,78.5,29.8,0
evt_000313,2026-03-17 20:58:00,user_001354,sess_000141,page_065,finanças,celular,direto,0,1,56.4,87.3,0
evt_000314,2026-03-15 15:10:00,user_001534,sess_001704,page_023,estilo de vida,computador,orgânico,0,1,69.1,61.1,1
evt_000315,2026-04-09 13:34:00,user_000130,sess_000114,page_015,esportes,tablet,direto,0,1,18.5,69.7,0
evt_000316,2026-04-13 19:37:00,user_000805,sess_001565,page_041,tecnologia,computador,referência,0,1,142.6,80.4,0
evt_000317,2026-04-13 14:52:00,user_000012,sess_001832,page_032,finanças,computador,orgânico,0,1,92.2,60.2,0
evt_000318,2026-04-26 07:48:00,user_000908,sess_000932,page_030,finanças,tablet,redes sociais,0,1,31.6,60.9,0
evt_000319,2026-04-16 02:51:00,user_002794,sess_000624,page_057,tecnologia,celular,orgânico,0,1,26.9,22.2,0
evt_000320,2026-03-20 05:46:00,user_000457,sess_001552,page_007,finanças,celular,orgânico,0,1,30.9,69.4,0
evt_000321,2026-03-07 11:08:00,user_002068,sess_001964,page_046,finanças,celular,referência,0,1,58.1,93.4,0
evt_000322,2026-04-06 21:05:00,user_000018,sess_000241,page_122,notícias,computador,orgânico,0,1,62.9,56.8,1
evt_000323,2026-04-24 23:03:00,user_001685,sess_001928,page_121,esportes,computador,direto,0,1,9.3,41.4,0
evt_000324,2026-04-28 12:13:00,user_002762,sess_001887,page_002,esportes,computador,orgânico,0,1,14.7,75.7,0
evt_000325,2026-03-14 19:30:00,user_001023,sess_000285,page_095,notícias,computador,orgânico,0,1,52.1,29.3,0
evt_000326,2026-03-15 04:29:00,user_000592,sess_000110,page_138,estilo de vida,celular,redes sociais,0,1,51.1,45.8,1
evt_000327,2026-03-03 05:52:00,user_001712,sess_001430,page_081,notícias,celular,orgânico,1,1,77.1,44.5,1
evt_000328,2026-03-09 11:25:00,user_000837,sess_000156,page_055,esportes,celular,direto,1,1,98.8,75.8,1
evt_000329,2026-04-03 06:59:00,user_002674,sess_001202,page_069,estilo de vida,celular,orgânico,0,1,22.5,62.5,0
evt_000330,2026-04-02 19:23:00,user_002547,sess_000130,page_030,esportes,computador,direto,0,1,51.2,46.2,0
evt_000331,2026-03-23 06:07:00,user_001957,sess_001381,page_056,estilo de vida,computador,newsletter,0,1,25.7,47.8,1
evt_000332,2026-03-19 14:20:00,user_001917,sess_000464,page_131,estilo de vida,computador,redes sociais,1,1,85.7,61.4,0
evt_000333,2026-04-19 18:53:00,user_001807,sess_000193,page_086,esportes,celular,orgânico,1,1,31.3,62.0,0
evt_000334,2026-03-28 14:26:00,user_002206,sess_000134,page_060,notícias,celular,referência,1,1,48.6,61.0,1
evt_000335,2026-04-18 11:52:00,user_001381,sess_000377,page_018,finanças,tablet,orgânico,1,1,21.3,52.6,0
evt_000336,2026-04-27 19:01:00,user_002909,sess_001081,page_126,notícias,celular,orgânico,1,1,50.3,79.5,1
evt_000337,2026-03-20 00:40:00,user_001037,sess_000154,page_023,finanças,celular,referência,0,1,38.9,97.9,0
evt_000338,2026-03-13 03:56:00,user_000027,sess_001604,page_101,tecnologia,celular,orgânico,0,1,131.9,86.3,0
evt_000339,2026-04-27 04:10:00,user_002095,sess_001208,page_043,estilo de vida,celular,redes sociais,0,1,16.7,82.4,1
evt_000340,2026-04-08 02:09:00,user_001987,sess_000595,page_039,finanças,tablet,orgânico,0,1,34.6,100.0,0
evt_000341,2026-03-18 10:55:00,user_002942,sess_001973,page_024,entretenimento,celular,direto,0,1,37.9,44.0,0
evt_000342,2026-04-07 07:28:00,user_001186,sess_001317,page_053,notícias,computador,direto,1,1,33.3,45.3,1
evt_000343,2026-03-31 21:40:00,user_001274,sess_001344,page_095,entretenimento,computador,redes sociais,1,1,30.7,30.2,1
evt_000344,2026-04-24 07:57:00,user_001686,sess_000348,page_058,tecnologia,celular,redes sociais,0,1,47.8,53.3,0
evt_000345,2026-03-16 08:35:00,user_001177,sess_001421,page_004,finanças,computador,orgânico,0,1,47.6,41.2,0
evt_000346,2026-04-29 11:35:00,user_002354,sess_001118,page_037,notícias,celular,orgânico,0,1,20.5,84.5,0
evt_000347,2026-04-26 03:54:00,user_001284,sess_001969,page_023,notícias,tablet,referência,1,1,83.8,62.5,0
evt_000348,2026-03-11 20:12:00,user_002351,sess_000956,page_056,entretenimento,computador,referência,0,1,76.0,51.5,0
evt_000349,2026-03-10 21:02:00,user_001277,sess_001356,page_126,esportes,computador,direto,1,1,99.2,36.3,0
evt_000350,2026-04-01 23:44:00,user_000676,sess_000682,page_134,entretenimento,computador,direto,0,1,44.6,32.5,0
evt_000351,2026-03-03 16:40:00,user_002971,sess_000081,page_139,finanças,celular,redes sociais,0,1,4.1,55.6,1
evt_000352,2026-03-18 22:16:00,user_001579,sess_000256,page_016,finanças,celular,redes sociais,1,1,81.7,98.5,1
evt_000353,2026-03-27 02:32:00,user_002120,sess_001734,page_068,estilo de vida,computador,direto,0,1,58.2,81.0,1
evt_000354,2026-04-28 03:53:00,user_001774,sess_001476,page_007,notícias,celular,orgânico,0,1,57.4,73.3,1
evt_000355,2026-04-29 13:01:00,user_001078,sess_000729,page_069,finanças,celular,redes sociais,1,1,127.6,22.6,0
evt_000356,2026-03-10 02:13:00,user_002916,sess_001395,page_081,entretenimento,computador,orgânico,1,1,63.1,56.1,0
evt_000357,2026-04-23 12:00:00,user_001115,sess_000009,page_108,esportes,computador,orgânico,0,1,23.7,53.1,0
evt_000358,2026-03-06 10:56:00,user_002979,sess_000075,page_047,entretenimento,computador,direto,0,1,52.9,44.1,0
evt_000359,2026-04-14 21:59:00,user_001292,sess_001014,page_006,entretenimento,celular,orgânico,0,1,52.3,59.2,1
evt_000360,2026-04-20 17:43:00,user_000068,sess_001250,page_064,notícias,computador,direto,1,1,161.3,40.0,1
evt_000361,2026-04-23 10:44:00,user_000111,sess_001874,page_060,finanças,computador,newsletter,1,1,73.6,55.3,0
evt_000362,2026-03-14 09:43:00,user_002920,sess_001519,page_087,notícias,celular,newsletter,0,1,45.1,40.7,0
evt_000363,2026-04-23 14:33:00,user_001583,sess_000515,page_014,estilo de vida,celular,referência,0,1,126.5,45.3,0
evt_000364,2026-03-07 23:00:00,user_001163,sess_001630,page_086,entretenimento,celular,referência,0,1,178.7,1.0,0
evt_000365,2026-04-01 03:09:00,user_002434,sess_000983,page_056,entretenimento,computador,orgânico,0,1,38.9,59.5,0
evt_000366,2026-03-29 04:08:00,user_001851,sess_001652,page_103,entretenimento,celular,direto,0,1,16.5,70.6,0
evt_000367,2026-03-19 22:56:00,user_001982,sess_000348,page_137,notícias,celular,direto,0,1,34.1,42.0,0
evt_000368,2026-03-02 07:50:00,user_002056,sess_000053,page_032,estilo de vida,celular,newsletter,0,1,23.0,80.4,0
evt_000369,2026-04-16 07:41:00,user_000596,sess_000116,page_105,esportes,celular,redes sociais,0,1,48.8,40.6,1
evt_000370,2026-03-21 03:14:00,user_000265,sess_001981,page_018,entretenimento,celular,redes sociais,0,1,55.8,33.6,0
evt_000371,2026-04-09 16:47:00,user_002184,sess_000162,page_137,notícias,computador,referência,0,1,29.6,79.0,0
evt_000372,2026-03-25 14:43:00,user_000066,sess_001878,page_067,notícias,celular,direto,0,1,85.1,47.5,0
evt_000373,2026-03-23 10:04:00,user_002158,sess_001454,page_104,notícias,celular,orgânico,1,1,114.6,62.7,0
evt_000374,2026-04-23 04:15:00,user_000390,sess_000292,page_109,notícias,computador,redes sociais,0,1,139.0,28.8,0
evt_000375,2026-03-06 16:01:00,user_000788,sess_001728,page_085,notícias,computador,redes sociais,1,1,110.0,54.8,1
evt_000376,2026-04-14 04:43:00,user_002123,sess_000289,page_054,notícias,celular,direto,0,1,71.8,51.6,0
evt_000377,2026-04-14 19:22:00,user_001869,sess_000287,page_105,tecnologia,tablet,newsletter,1,1,44.2,50.4,0
evt_000378,2026-03-23 19:11:00,user_002344,sess_001151,page_067,tecnologia,computador,redes sociais,0,1,45.5,50.8,0
evt_000379,2026-03-16 17:56:00,user_001833,sess_000577,page_092,esportes,celular,referência,1,1,29.7,61.7,0
evt_000380,2026-03-01 07:38:00,user_000144,sess_000582,page_086,tecnologia,computador,orgânico,0,1,11.7,60.3,1
evt_000381,2026-04-26 05:00:00,user_002519,sess_000390,page_065,finanças,celular,orgânico,0,1,167.2,76.3,0
evt_000382,2026-04-26 20:43:00,user_000648,sess_001215,page_017,tecnologia,celular,orgânico,1,1,129.4,18.3,0
evt_000383,2026-03-15 10:59:00,user_000409,sess_000054,page_041,esportes,celular,redes sociais,1,1,60.6,88.0,0
evt_000384,2026-03-02 21:57:00,user_002635,sess_000490,page_131,estilo de vida,tablet,referência,1,1,38.4,53.6,1
evt_000385,2026-03-08 08:46:00,user_000585,sess_001107,page_073,esportes,tablet,direto,0,1,24.0,47.6,0
evt_000386,2026-03-05 01:24:00,user_001608,sess_000973,page_089,notícias,tablet,redes sociais,0,1,73.2,64.9,0
evt_000387,2026-04-19 20:48:00,user_001458,sess_001400,page_036,estilo de vida,celular,redes sociais,0,1,98.8,54.4,1
evt_000388,2026-04-23 12:21:00,user_002308,sess_000433,page_099,tecnologia,celular,newsletter,1,1,94.2,60.3,0
evt_000389,2026-03-10 04:43:00,user_000133,sess_001296,page_068,tecnologia,computador,orgânico,0,1,206.0,50.5,1
evt_000390,2026-04-14 19:18:00,user_000320,sess_001520,page_031,esportes,computador,orgânico,0,1,10.3,69.4,0
evt_000391,2026-03-11 18:08:00,user_001247,sess_000776,page_021,finanças,celular,direto,1,1,42.4,33.8,0
evt_000392,2026-03-23 00:46:00,user_001420,sess_000514,page_055,tecnologia,computador,direto,0,1,4.8,62.8,0
evt_000393,2026-04-05 23:06:00,user_002364,sess_001110,page_079,notícias,tablet,orgânico,1,1,28.9,47.8,0
evt_000394,2026-04-13 04:41:00,user_001817,sess_001158,page_039,notícias,computador,orgânico,0,1,72.1,21.6,0
evt_000395,2026-04-22 11:22:00,user_000446,sess_000189,page_035,esportes,computador,redes sociais,0,1,50.6,80.1,1
evt_000396,2026-03-03 16:29:00,user_002936,sess_001130,page_038,esportes,computador,orgânico,0,1,41.3,50.5,0
evt_000397,2026-03-12 18:51:00,user_001380,sess_000309,page_041,esportes,computador,orgânico,0,1,133.4,78.3,1
evt_000398,2026-03-17 19:55:00,user_002893,sess_001138,page_103,notícias,computador,orgânico,0,1,15.6,72.5,0
evt_000399,2026-03-19 14:51:00,user_002969,sess_001863,page_070,estilo de vida,celular,orgânico,0,1,35.9,43.2,0
evt_000400,2026-04-29 21:09:00,user_000155,sess_001074,page_066,estilo de vida,computador,redes sociais,0,1,51.9,81.3,0
evt_000401,2026-04-16 15:27:00,user_001518,sess_001523,page_023,tecnologia,celular,direto,0,1,17.0,53.3,0
evt_000402,2026-03-20 05:24:00,user_001266,sess_000620,page_076,estilo de vida,computador,orgânico,0,1,63.0,44.6,1
evt_000403,2026-04-28 07:25:00,user_001495,sess_001845,page_134,esportes,celular,redes sociais,1,1,32.7,38.2,1
evt_000404,2026-03-30 23:00:00,user_000930,sess_001625,page_104,entretenimento,celular,redes sociais,0,1,46.7,42.0,0
evt_000405,2026-03-31 01:04:00,user_001676,sess_001833,page_063,tecnologia,computador,orgânico,1,1,34.9,65.4,0
evt_000406,2026-03-27 00:31:00,user_001477,sess_001483,page_043,finanças,computador,direto,1,1,70.1,51.3,0
evt_000407,2026-03-09 15:12:00,user_000558,sess_001299,page_049,notícias,celular,orgânico,1,1,37.2,66.6,0
evt_000408,2026-04-26 01:29:00,user_000866,sess_001050,page_004,estilo de vida,celular,newsletter,0,1,9.6,47.7,1
evt_000409,2026-03-01 20:04:00,user_000442,sess_001856,page_005,estilo de vida,computador,direto,0,1,27.3,77.0,1
evt_000410,2026-03-11 10:57:00,user_002530,sess_001696,page_108,estilo de vida,celular,orgânico,0,1,94.6,50.3,1
evt_000411,2026-03-14 18:42:00,user_002032,sess_000833,page_118,tecnologia,computador,newsletter,1,1,35.2,54.3,0
evt_000412,2026-03-17 18:11:00,user_001163,sess_000172,page_135,entretenimento,computador,redes sociais,0,1,74.7,55.2,1
evt_000413,2026-03-08 21:49:00,user_001187,sess_000008,page_087,entretenimento,computador,orgânico,0,1,85.5,61.7,1
evt_000414,2026-03-02 01:51:00,user_000238,sess_000467,page_130,estilo de vida,celular,orgânico,1,1,159.2,58.7,0
evt_000415,2026-04-10 15:49:00,user_000870,sess_000126,page_058,entretenimento,computador,redes sociais,0,1,34.3,38.9,0
evt_000416,2026-04-28 03:48:00,user_002773,sess_000423,page_036,entretenimento,celular,direto,1,1,49.3,96.1,1
evt_000417,2026-03-08 07:26:00,user_000095,sess_000219,page_035,notícias,computador,direto,1,1,29.8,71.1,0
evt_000418,2026-03-18 19:00:00,user_000439,sess_001962,page_033,estilo de vida,computador,newsletter,0,1,116.2,76.5,0
evt_000419,2026-03-31 09:06:00,user_002538,sess_000191,page_104,notícias,computador,newsletter,0,1,28.9,81.5,0
evt_000420,2026-04-25 15:36:00,user_001561,sess_001254,page_002,esportes,celular,orgânico,1,1,159.3,53.7,1
evt_000421,2026-04-11 15:44:00,user_000097,sess_000704,page_132,esportes,celular,referência,1,1,78.5,74.5,0
evt_000422,2026-04-15 23:18:00,user_001469,sess_000349,page_108,finanças,celular,orgânico,1,1,79.3,93.0,0
evt_000423,2026-04-04 20:48:00,user_002250,sess_001402,page_053,notícias,computador,newsletter,0,1,49.1,86.5,1
evt_000424,2026-03-26 00:31:00,user_001035,sess_001941,page_098,esportes,computador,orgânico,0,1,35.8,76.7,0
evt_000425,2026-03-12 23:40:00,user_001146,sess_001581,page_019,notícias,computador,orgânico,0,1,10.5,53.6,0
evt_000426,2026-04-21 20:36:00,user_001894,sess_001950,page_060,estilo de vida,celular,redes sociais,0,1,107.0,85.0,0
evt_000427,2026-04-18 05:56:00,user_001796,sess_001180,page_016,entretenimento,celular,orgânico,1,1,35.3,32.4,1
evt_000428,2026-03-02 12:08:00,user_002708,sess_001347,page_016,entretenimento,celular,referência,1,1,64.7,45.2,0
evt_000429,2026-04-12 22:11:00,user_000743,sess_000293,page_001,finanças,computador,orgânico,1,1,27.3,19.8,1
evt_000430,2026-03-06 01:31:00,user_000828,sess_001704,page_111,esportes,celular,redes sociais,0,1,37.9,53.1,0
evt_000431,2026-04-14 08:08:00,user_000467,sess_001496,page_104,tecnologia,celular,referência,1,1,47.1,49.7,1
evt_000432,2026-04-19 13:22:00,user_001995,sess_000508,page_125,notícias,celular,direto,0,1,85.9,48.6,0
evt_000433,2026-03-08 20:43:00,user_001600,sess_000710,page_137,entretenimento,celular,redes sociais,0,1,59.8,53.6,0
evt_000434,2026-03-27 00:43:00,user_001041,sess_001222,page_135,tecnologia,computador,newsletter,1,1,164.8,36.1,0
evt_000435,2026-03-08 10:12:00,user_002087,sess_000026,page_139,finanças,celular,orgânico,0,1,56.6,78.5,1
evt_000436,2026-04-04 00:53:00,user_001130,sess_001636,page_003,notícias,tablet,orgânico,0,1,58.0,53.6,0
evt_000437,2026-04-25 15:41:00,user_000587,sess_000561,page_110,notícias,computador,orgânico,0,1,58.9,51.5,0
evt_000438,2026-03-05 20:27:00,user_001620,sess_000150,page_101,estilo de vida,celular,orgânico,0,1,49.0,31.2,0
evt_000439,2026-03-24 20:30:00,user_001309,sess_000661,page_023,finanças,tablet,orgânico,0,1,154.8,45.6,1
evt_000440,2026-04-28 09:17:00,user_001216,sess_001671,page_020,tecnologia,celular,direto,0,1,8.1,39.3,1
evt_000441,2026-03-19 01:21:00,user_001334,sess_000549,page_136,estilo de vida,celular,orgânico,0,1,111.1,67.5,0
evt_000442,2026-03-08 22:23:00,user_002742,sess_001078,page_123,finanças,computador,direto,1,1,39.2,100.0,0
evt_000443,2026-03-30 07:33:00,user_000648,sess_001623,page_046,esportes,celular,direto,1,1,15.5,62.8,1
evt_000444,2026-03-31 12:03:00,user_000828,sess_000068,page_011,finanças,tablet,redes sociais,1,1,96.4,81.7,0
evt_000445,2026-04-09 18:31:00,user_001695,sess_001520,page_047,notícias,tablet,redes sociais,1,1,50.5,75.1,0
evt_000446,2026-03-19 19:46:00,user_000141,sess_000578,page_001,estilo de vida,computador,orgânico,0,1,34.7,25.5,0
evt_000447,2026-04-27 08:05:00,user_000438,sess_001391,page_096,estilo de vida,tablet,direto,0,1,60.9,81.0,0
evt_000448,2026-04-01 06:16:00,user_001699,sess_000376,page_053,tecnologia,computador,redes sociais,1,1,43.8,63.0,1
evt_000449,2026-03-18 04:28:00,user_001529,sess_000278,page_007,finanças,celular,referência,0,1,73.6,87.4,1
evt_000450,2026-04-27 14:48:00,user_001958,sess_001576,page_137,esportes,computador,redes sociais,1,1,52.0,37.5,0
evt_000451,2026-04-25 11:43:00,user_000341,sess_001615,page_115,tecnologia,computador,direto,0,1,42.2,63.5,1
evt_000452,2026-03-30 22:47:00,user_002561,sess_001962,page_126,estilo de vida,celular,orgânico,0,1,60.2,71.9,0
evt_000453,2026-03-02 11:47:00,user_001457,sess_001354,page_139,tecnologia,celular,orgânico,0,1,24.3,56.2,0
evt_000454,2026-04-05 19:35:00,user_000465,sess_000932,page_002,finanças,tablet,redes sociais,0,1,82.4,42.9,0
evt_000455,2026-04-03 07:29:00,user_000935,sess_000390,page_108,entretenimento,computador,direto,1,1,53.2,23.1,0
evt_000456,2026-03-09 21:25:00,user_000683,sess_000591,page_110,esportes,celular,redes sociais,1,1,130.5,72.1,0
evt_000457,2026-04-08 00:55:00,user_001357,sess_001296,page_109,finanças,celular,referência,0,1,80.5,77.5,0
evt_000458,2026-04-20 10:44:00,user_001408,sess_000692,page_037,tecnologia,computador,orgânico,0,1,78.3,44.1,0
evt_000459,2026-03-07 08:29:00,user_001301,sess_000967,page_055,notícias,computador,referência,1,1,86.0,74.2,0
evt_000460,2026-04-13 09:35:00,user_001383,sess_000336,page_130,tecnologia,celular,newsletter,0,1,125.3,46.8,0
evt_000461,2026-03-09 10:05:00,user_002723,sess_000879,page_010,esportes,celular,orgânico,0,1,57.7,38.2,0
evt_000462,2026-04-14 22:18:00,user_002877,sess_000476,page_090,notícias,computador,orgânico,0,1,10.7,66.4,0
evt_000463,2026-03-26 03:31:00,user_001470,sess_000225,page_111,notícias,computador,redes sociais,1,1,77.3,23.1,0
evt_000464,2026-03-01 09:22:00,user_002889,sess_000264,page_111,tecnologia,celular,orgânico,0,1,57.2,62.0,0
evt_000465,2026-04-27 23:22:00,user_002455,sess_001037,page_084,tecnologia,celular,orgânico,0,1,37.3,24.0,1
evt_000466,2026-03-10 22:59:00,user_002460,sess_000733,page_107,esportes,celular,redes sociais,0,1,21.9,34.5,0
evt_000467,2026-04-05 18:18:00,user_000677,sess_000200,page_127,notícias,celular,redes sociais,0,1,24.2,50.2,1
evt_000468,2026-03-11 21:18:00,user_001315,sess_001029,page_107,esportes,computador,orgânico,0,1,66.1,71.9,1
evt_000469,2026-04-25 23:33:00,user_001056,sess_000329,page_017,notícias,computador,newsletter,0,1,40.3,17.0,0
evt_000470,2026-04-14 07:11:00,user_000290,sess_000031,page_034,tecnologia,computador,orgânico,0,1,56.9,72.5,0
evt_000471,2026-04-18 06:16:00,user_000226,sess_000265,page_043,notícias,tablet,orgânico,0,1,23.5,81.6,1
evt_000472,2026-03-26 22:11:00,user_001867,sess_000897,page_048,notícias,celular,orgânico,1,1,120.1,62.8,1
evt_000473,2026-03-29 01:01:00,user_001262,sess_001908,page_051,notícias,computador,newsletter,1,1,23.4,54.4,0
evt_000474,2026-04-08 01:23:00,user_002477,sess_000484,page_031,estilo de vida,celular,referência,0,1,69.8,57.4,0
evt_000475,2026-04-17 02:03:00,user_002006,sess_000570,page_095,estilo de vida,celular,orgânico,0,1,65.5,29.2,0
evt_000476,2026-04-20 19:39:00,user_000256,sess_000486,page_016,estilo de vida,computador,direto,0,1,70.7,56.9,0
evt_000477,2026-03-02 01:41:00,user_002514,sess_000711,page_110,estilo de vida,computador,orgânico,0,1,12.1,64.1,0
evt_000478,2026-04-09 19:31:00,user_001488,sess_001434,page_092,entretenimento,celular,orgânico,0,1,115.3,100.0,0
evt_000479,2026-03-07 13:10:00,user_001698,sess_000644,page_134,finanças,celular,orgânico,0,1,51.7,91.6,1
evt_000480,2026-03-18 06:37:00,user_002897,sess_001315,page_001,tecnologia,computador,referência,1,1,28.7,54.6,0
evt_000481,2026-04-19 18:22:00,user_001920,sess_001796,page_042,estilo de vida,computador,redes sociais,1,1,97.5,37.9,1
evt_000482,2026-03-16 00:44:00,user_000067,sess_001892,page_125,notícias,computador,redes sociais,0,1,64.4,64.7,0
evt_000483,2026-04-17 19:24:00,user_000532,sess_001126,page_069,tecnologia,celular,orgânico,0,1,56.2,56.8,0
evt_000484,2026-03-28 18:43:00,user_001279,sess_001426,page_078,estilo de vida,computador,referência,1,1,93.4,65.2,0
evt_000485,2026-03-14 23:00:00,user_000112,sess_001838,page_005,estilo de vida,computador,newsletter,1,1,7.6,37.1,1
evt_000486,2026-03-21 01:18:00,user_000503,sess_001573,page_106,notícias,computador,orgânico,1,1,24.8,24.6,0
evt_000487,2026-04-01 20:18:00,user_002375,sess_000600,page_036,finanças,tablet,direto,0,1,117.8,73.7,0
evt_000488,2026-04-15 21:48:00,user_000429,sess_000264,page_134,entretenimento,celular,direto,0,1,26.1,48.1,1
evt_000489,2026-04-06 08:39:00,user_000501,sess_000230,page_052,notícias,computador,newsletter,0,1,70.0,57.6,0
evt_000490,2026-04-25 23:50:00,user_001514,sess_001764,page_027,notícias,celular,redes sociais,1,1,75.0,36.2,1
evt_000491,2026-04-22 01:32:00,user_000274,sess_001112,page_083,esportes,celular,orgânico,1,1,63.2,79.8,0
evt_000492,2026-04-15 04:49:00,user_000767,sess_000593,page_067,finanças,celular,orgânico,0,1,72.8,40.2,1
evt_000493,2026-04-06 04:28:00,user_002812,sess_000691,page_066,tecnologia,tablet,direto,0,1,35.5,74.7,0
evt_000494,2026-03-18 09:23:00,user_001894,sess_000564,page_133,estilo de vida,celular,redes sociais,0,1,53.3,56.6,0
evt_000495,2026-03-25 18:06:00,user_002890,sess_001604,page_051,entretenimento,celular,orgânico,1,1,44.6,53.1,1
evt_000496,2026-03-08 03:12:00,user_001063,sess_001225,page_056,finanças,computador,referência,0,1,42.8,69.2,0
evt_000497,2026-03-23 10:49:00,user_001849,sess_001758,page_087,esportes,celular,referência,1,1,27.8,53.6,0
evt_000498,2026-04-25 14:07:00,user_000716,sess_000604,page_024,esportes,celular,redes sociais,0,1,65.1,51.7,0
evt_000499,2026-03-26 13:16:00,user_001136,sess_000945,page_116,notícias,computador,redes sociais,0,1,98.7,57.2,0
evt_000500,2026-03-07 19:46:00,user_000524,sess_000244,page_032,tecnologia,celular,redes sociais,1,1,25.0,47.9,1
evt_000501,2026-04-09 02:46:00,user_002499,sess_001942,page_034,notícias,computador,redes sociais,1,1,64.6,64.0,0
evt_000502,2026-04-27 18:09:00,user_000552,sess_001024,page_002,esportes,celular,orgânico,1,1,3.6,83.7,1
evt_000503,2026-04-22 01:11:00,user_000614,sess_001106,page_048,entretenimento,computador,redes sociais,1,1,41.5,100.0,0
evt_000504,2026-03-17 10:40:00,user_001391,sess_000827,page_081,estilo de vida,computador,redes sociais,0,1,77.4,78.0,0
evt_000505,2026-03-28 05:36:00,user_001288,sess_000542,page_098,notícias,computador,newsletter,0,1,25.0,71.5,1
evt_000506,2026-04-01 20:39:00,user_000942,sess_001896,page_125,tecnologia,computador,orgânico,0,1,8.3,16.4,0
evt_000507,2026-03-15 20:53:00,user_001071,sess_000978,page_109,finanças,computador,orgânico,0,1,72.0,62.9,0
evt_000508,2026-03-17 02:54:00,user_000885,sess_001349,page_045,tecnologia,celular,redes sociais,1,1,38.2,44.4,0
evt_000509,2026-03-15 04:47:00,user_002738,sess_000075,page_115,estilo de vida,celular,referência,0,1,19.9,27.3,0
evt_000510,2026-04-29 16:11:00,user_001741,sess_000552,page_028,notícias,celular,redes sociais,0,1,19.7,78.6,0
evt_000511,2026-04-14 18:15:00,user_002759,sess_001608,page_030,notícias,computador,orgânico,1,1,54.8,24.8,0
evt_000512,2026-04-20 10:49:00,user_002960,sess_000176,page_050,esportes,celular,redes sociais,1,1,47.3,41.5,0
evt_000513,2026-04-18 23:51:00,user_001953,sess_000203,page_075,tecnologia,celular,orgânico,0,1,25.9,23.0,0
evt_000514,2026-04-27 13:09:00,user_002477,sess_001619,page_029,finanças,celular,redes sociais,1,1,43.1,63.2,1
evt_000515,2026-03-07 07:36:00,user_000333,sess_000618,page_126,tecnologia,celular,direto,0,1,81.8,80.7,1
evt_000516,2026-04-22 21:33:00,user_002848,sess_000548,page_038,finanças,celular,redes sociais,0,1,73.5,41.5,1
evt_000517,2026-03-04 23:50:00,user_001447,sess_001131,page_055,esportes,celular,redes sociais,0,1,12.0,47.3,0
evt_000518,2026-03-29 12:36:00,user_002140,sess_000390,page_085,notícias,computador,orgânico,0,1,186.4,74.0,0
evt_000519,2026-04-05 15:59:00,user_000736,sess_000086,page_060,notícias,celular,direto,1,1,74.4,83.2,0
evt_000520,2026-03-22 11:19:00,user_000287,sess_000009,page_057,finanças,computador,newsletter,0,1,19.3,66.3,0
evt_000521,2026-03-09 18:29:00,user_002654,sess_000159,page_137,estilo de vida,celular,redes sociais,1,1,116.1,33.2,0
evt_000522,2026-03-12 12:54:00,user_001348,sess_000317,page_061,entretenimento,celular,referência,0,1,55.0,51.6,0
evt_000523,2026-04-19 11:30:00,user_000416,sess_001392,page_016,esportes,tablet,redes sociais,0,1,33.2,49.5,1
evt_000524,2026-03-20 02:57:00,user_001975,sess_000596,page_102,estilo de vida,computador,direto,1,1,3.0,45.9,0
evt_000525,2026-03-19 14:52:00,user_000163,sess_000144,page_099,notícias,celular,orgânico,0,1,108.6,31.6,0
evt_000526,2026-04-25 09:38:00,user_001351,sess_000029,page_031,tecnologia,celular,newsletter,0,1,117.7,72.3,0
evt_000527,2026-03-09 15:10:00,user_002113,sess_000954,page_119,notícias,celular,orgânico,1,1,88.1,51.1,0
evt_000528,2026-04-24 21:59:00,user_002161,sess_001680,page_055,estilo de vida,celular,orgânico,0,1,33.9,21.5,0
evt_000529,2026-04-25 06:11:00,user_001360,sess_000678,page_021,notícias,computador,orgânico,1,1,26.7,69.5,0
evt_000530,2026-04-05 21:55:00,user_001110,sess_000128,page_024,notícias,tablet,redes sociais,0,1,188.8,91.4,0
evt_000531,2026-03-10 22:21:00,user_002515,sess_000456,page_100,estilo de vida,tablet,redes sociais,0,1,61.8,63.5,0
evt_000532,2026-03-10 08:26:00,user_000555,sess_000999,page_031,esportes,tablet,direto,1,1,26.7,37.5,0
evt_000533,2026-03-18 01:59:00,user_000224,sess_000378,page_066,finanças,celular,orgânico,0,1,47.6,100.0,0
evt_000534,2026-04-04 15:28:00,user_000471,sess_001956,page_103,esportes,celular,direto,1,1,42.0,57.4,1
evt_000535,2026-03-10 05:12:00,user_002403,sess_001527,page_119,entretenimento,computador,orgânico,0,1,44.9,73.4,0
evt_000536,2026-03-28 08:08:00,user_001410,sess_000689,page_069,esportes,computador,direto,1,1,12.3,50.2,1
evt_000537,2026-03-07 22:18:00,user_000112,sess_001903,page_127,estilo de vida,computador,orgânico,0,1,32.9,44.9,0
evt_000538,2026-04-02 10:00:00,user_000507,sess_000650,page_043,tecnologia,celular,redes sociais,0,1,68.2,72.6,1
evt_000539,2026-03-02 06:27:00,user_000085,sess_000281,page_122,estilo de vida,tablet,orgânico,0,1,15.6,38.6,0
evt_000540,2026-04-12 13:00:00,user_002443,sess_001876,page_035,esportes,celular,orgânico,0,1,37.5,49.3,0
evt_000541,2026-03-04 07:46:00,user_001384,sess_001919,page_009,estilo de vida,celular,direto,0,1,125.0,55.6,0
evt_000542,2026-03-12 16:32:00,user_000205,sess_000626,page_101,notícias,celular,newsletter,0,1,66.1,83.4,1
evt_000543,2026-03-11 11:29:00,user_000664,sess_001189,page_106,estilo de vida,celular,redes sociais,0,1,48.5,29.8,0
evt_000544,2026-04-19 20:37:00,user_001849,sess_000347,page_129,finanças,celular,redes sociais,0,1,29.6,87.2,1
evt_000545,2026-03-04 04:52:00,user_001781,sess_001283,page_129,tecnologia,celular,orgânico,0,1,37.3,73.4,0
evt_000546,2026-03-26 18:08:00,user_002458,sess_001380,page_015,tecnologia,celular,direto,0,1,64.8,69.7,1
evt_000547,2026-04-05 11:14:00,user_000078,sess_001420,page_087,notícias,celular,redes sociais,1,1,21.5,72.0,0
evt_000548,2026-03-31 23:02:00,user_000209,sess_001137,page_098,notícias,celular,direto,1,1,114.3,35.4,0
evt_000549,2026-04-10 20:13:00,user_000107,sess_001408,page_084,esportes,celular,redes sociais,0,1,82.0,29.9,0
evt_000550,2026-04-18 04:27:00,user_001182,sess_001110,page_003,finanças,computador,redes sociais,1,1,53.3,29.6,0
evt_000551,2026-03-24 14:49:00,user_002181,sess_001639,page_007,esportes,celular,newsletter,0,1,87.9,50.1,0
evt_000552,2026-04-19 16:38:00,user_001989,sess_000359,page_094,estilo de vida,tablet,orgânico,0,1,150.7,64.0,0
evt_000553,2026-03-20 01:54:00,user_000631,sess_000967,page_119,finanças,celular,direto,0,1,12.1,46.2,0
evt_000554,2026-04-29 01:34:00,user_001972,sess_000833,page_025,entretenimento,celular,redes sociais,0,1,36.6,69.4,0
evt_000555,2026-03-31 06:31:00,user_001969,sess_001067,page_007,finanças,celular,orgânico,1,1,29.1,62.5,1
evt_000556,2026-04-14 03:51:00,user_000574,sess_000285,page_057,notícias,computador,orgânico,1,1,15.1,57.8,0
evt_000557,2026-04-22 12:00:00,user_002250,sess_000648,page_044,esportes,celular,direto,0,1,15.4,70.1,0
evt_000558,2026-04-17 13:25:00,user_001267,sess_001908,page_137,estilo de vida,computador,orgânico,0,1,82.8,58.0,0
evt_000559,2026-04-21 01:37:00,user_000178,sess_000211,page_129,esportes,computador,referência,0,1,55.6,34.1,1
evt_000560,2026-04-02 04:34:00,user_001172,sess_001270,page_078,esportes,computador,orgânico,0,1,144.0,89.0,1
evt_000561,2026-03-03 14:36:00,user_002309,sess_001329,page_133,esportes,celular,orgânico,0,1,59.0,68.7,0
evt_000562,2026-03-30 14:02:00,user_002088,sess_000949,page_032,tecnologia,celular,direto,0,1,74.4,35.5,1
evt_000563,2026-03-11 21:21:00,user_000805,sess_000068,page_138,entretenimento,celular,orgânico,1,1,170.2,53.5,0
evt_000564,2026-04-23 08:19:00,user_002270,sess_000069,page_063,esportes,celular,orgânico,1,1,94.0,61.2,1
evt_000565,2026-03-15 04:54:00,user_001169,sess_000551,page_067,notícias,computador,redes sociais,0,1,22.8,33.9,1
evt_000566,2026-03-14 16:25:00,user_001381,sess_000205,page_008,finanças,celular,redes sociais,0,1,65.1,81.4,0
evt_000567,2026-03-15 23:07:00,user_000260,sess_000189,page_025,esportes,tablet,redes sociais,0,1,67.0,35.4,1
evt_000568,2026-04-08 13:17:00,user_002991,sess_000321,page_028,entretenimento,celular,redes sociais,0,1,57.3,91.8,0
evt_000569,2026-04-04 06:34:00,user_002516,sess_000382,page_068,finanças,computador,direto,0,1,38.5,84.5,0
evt_000570,2026-04-26 22:19:00,user_000585,sess_001677,page_027,estilo de vida,tablet,referência,1,1,170.0,44.2,0
evt_000571,2026-03-25 23:25:00,user_001682,sess_001277,page_015,entretenimento,celular,orgânico,1,1,31.5,36.5,0
evt_000572,2026-03-17 22:28:00,user_002341,sess_000061,page_085,estilo de vida,computador,direto,0,1,27.9,60.6,0
evt_000573,2026-03-03 22:55:00,user_001514,sess_001257,page_122,esportes,computador,orgânico,0,1,24.0,29.8,1
evt_000574,2026-03-01 10:11:00,user_000633,sess_000274,page_010,estilo de vida,computador,redes sociais,1,1,96.4,54.3,1
evt_000575,2026-03-23 10:00:00,user_002905,sess_000842,page_078,finanças,celular,orgânico,0,1,85.6,65.4,0
evt_000576,2026-04-25 13:10:00,user_000807,sess_000077,page_134,finanças,celular,redes sociais,1,1,42.7,73.3,0
evt_000577,2026-04-01 10:12:00,user_001004,sess_000181,page_057,entretenimento,computador,orgânico,1,1,45.9,77.4,1
evt_000578,2026-04-23 14:42:00,user_001115,sess_000266,page_026,esportes,computador,orgânico,1,1,84.7,74.7,1
evt_000579,2026-03-07 02:24:00,user_002672,sess_000867,page_012,finanças,celular,orgânico,0,1,3.0,85.1,0
evt_000580,2026-03-06 14:22:00,user_001500,sess_000926,page_131,notícias,celular,orgânico,1,1,16.9,65.4,1
evt_000581,2026-04-20 00:10:00,user_002159,sess_000706,page_057,notícias,celular,orgânico,0,1,61.1,61.0,1
evt_000582,2026-03-07 09:42:00,user_002703,sess_001240,page_015,estilo de vida,computador,redes sociais,0,1,77.2,44.6,0
evt_000583,2026-03-04 02:49:00,user_002785,sess_001441,page_121,tecnologia,celular,orgânico,0,1,74.0,18.4,0
evt_000584,2026-03-25 05:53:00,user_002569,sess_001457,page_112,estilo de vida,tablet,redes sociais,1,1,106.2,60.7,0
evt_000585,2026-04-25 11:46:00,user_002723,sess_001158,page_098,esportes,computador,orgânico,0,1,138.1,33.5,1
evt_000586,2026-04-11 08:42:00,user_002844,sess_001091,page_012,notícias,celular,orgânico,1,1,56.6,60.1,0
evt_000587,2026-03-06 22:43:00,user_002973,sess_000983,page_012,finanças,computador,orgânico,1,1,148.0,20.7,1
evt_000588,2026-04-20 05:28:00,user_001929,sess_000476,page_031,finanças,computador,redes sociais,0,1,130.2,41.5,0
evt_000589,2026-04-20 14:44:00,user_000395,sess_000974,page_023,tecnologia,celular,redes sociais,0,1,27.6,42.6,0
evt_000590,2026-04-18 01:00:00,user_000340,sess_000021,page_074,estilo de vida,tablet,direto,1,1,28.9,100.0,1
evt_000591,2026-04-24 03:49:00,user_002388,sess_001932,page_055,entretenimento,computador,orgânico,0,1,45.3,42.9,1
evt_000592,2026-03-15 09:25:00,user_000949,sess_000740,page_107,tecnologia,computador,redes sociais,1,1,8.6,49.1,0
evt_000593,2026-04-28 18:34:00,user_002413,sess_001512,page_015,esportes,computador,redes sociais,0,1,43.3,59.0,1
evt_000594,2026-03-20 05:48:00,user_002804,sess_001913,page_102,estilo de vida,celular,referência,1,1,26.3,73.6,1
evt_000595,2026-04-18 02:55:00,user_001933,sess_000994,page_130,tecnologia,computador,direto,0,1,42.3,43.3,0
evt_000596,2026-04-04 18:17:00,user_002293,sess_001723,page_019,entretenimento,celular,orgânico,1,1,190.9,18.7,0
evt_000597,2026-04-16 18:26:00,user_000837,sess_000958,page_091,finanças,computador,newsletter,1,1,32.3,34.7,1
evt_000598,2026-04-07 16:03:00,user_001304,sess_000265,page_071,estilo de vida,celular,orgânico,0,1,31.4,51.1,0
evt_000599,2026-04-08 13:10:00,user_002895,sess_000053,page_014,esportes,tablet,newsletter,0,1,30.3,88.3,0
evt_000600,2026-04-06 23:26:00,user_002450,sess_000272,page_041,tecnologia,computador,orgânico,0,1,93.4,37.7,0
evt_000601,2026-04-16 17:45:00,user_000614,sess_001885,page_110,entretenimento,celular,redes sociais,1,1,14.0,73.3,0
evt_000602,2026-04-14 08:13:00,user_002809,sess_000950,page_121,entretenimento,celular,redes sociais,1,1,50.7,47.7,0
evt_000603,2026-03-09 01:45:00,user_001499,sess_000639,page_052,notícias,computador,orgânico,0,1,82.7,53.9,0
evt_000604,2026-04-19 13:31:00,user_002531,sess_000892,page_015,notícias,tablet,direto,0,1,84.9,34.7,0
evt_000605,2026-04-02 03:56:00,user_001564,sess_000512,page_035,tecnologia,celular,orgânico,1,1,44.2,65.4,0
evt_000606,2026-03-20 09:14:00,user_001812,sess_001741,page_118,estilo de vida,celular,orgânico,1,1,8.7,69.3,0
evt_000607,2026-03-31 20:28:00,user_000486,sess_001998,page_080,entretenimento,celular,orgânico,1,1,66.7,24.2,0
evt_000608,2026-04-28 00:27:00,user_001016,sess_000170,page_060,esportes,computador,newsletter,0,1,22.3,41.2,0
evt_000609,2026-04-21 10:54:00,user_002167,sess_001437,page_002,tecnologia,computador,newsletter,0,1,82.0,55.4,0
evt_000610,2026-04-20 00:31:00,user_002527,sess_000671,page_109,estilo de vida,celular,redes sociais,0,1,50.8,68.2,0
evt_000611,2026-03-28 18:25:00,user_000267,sess_000095,page_065,notícias,celular,redes sociais,0,1,63.4,100.0,1
evt_000612,2026-04-17 01:09:00,user_000231,sess_001844,page_076,notícias,tablet,orgânico,0,1,111.7,44.7,0
evt_000613,2026-03-24 02:31:00,user_002079,sess_000124,page_118,tecnologia,celular,redes sociais,1,1,42.5,4.2,0
evt_000614,2026-04-11 04:04:00,user_001341,sess_000412,page_079,notícias,computador,newsletter,0,1,147.5,46.2,1
evt_000615,2026-04-08 08:58:00,user_002545,sess_000051,page_130,tecnologia,computador,direto,1,1,49.7,64.8,0
evt_000616,2026-03-15 23:42:00,user_000205,sess_000943,page_078,estilo de vida,tablet,direto,1,1,23.8,67.5,1
evt_000617,2026-03-16 23:42:00,user_001048,sess_001199,page_048,finanças,computador,orgânico,0,1,39.6,61.8,0
evt_000618,2026-03-04 16:01:00,user_000107,sess_000642,page_129,esportes,tablet,direto,0,1,15.3,36.3,0
evt_000619,2026-03-09 09:15:00,user_002128,sess_000144,page_090,entretenimento,computador,newsletter,1,1,28.3,65.3,0
evt_000620,2026-03-27 00:24:00,user_002573,sess_000233,page_106,tecnologia,computador,newsletter,1,1,57.0,59.8,1
evt_000621,2026-03-29 16:08:00,user_000471,sess_001866,page_032,tecnologia,computador,redes sociais,1,1,56.7,62.7,1
evt_000622,2026-03-10 21:46:00,user_000972,sess_001612,page_094,tecnologia,celular,orgânico,0,1,35.0,43.2,0
evt_000623,2026-03-26 00:19:00,user_002538,sess_001873,page_078,estilo de vida,computador,newsletter,0,1,78.4,74.9,0
evt_000624,2026-04-06 06:00:00,user_000125,sess_001062,page_015,entretenimento,tablet,redes sociais,1,1,137.0,61.7,0
evt_000625,2026-03-14 22:54:00,user_002856,sess_001092,page_036,estilo de vida,celular,orgânico,0,1,16.6,55.8,1
evt_000626,2026-03-21 07:03:00,user_002661,sess_001572,page_127,finanças,computador,orgânico,0,1,103.9,86.7,0
evt_000627,2026-03-23 01:13:00,user_000458,sess_001233,page_080,esportes,celular,redes sociais,1,1,14.2,50.9,0
evt_000628,2026-03-31 07:16:00,user_000417,sess_000873,page_108,esportes,computador,referência,0,1,59.3,75.7,0
evt_000629,2026-03-22 23:36:00,user_002075,sess_000584,page_024,tecnologia,celular,newsletter,0,1,22.8,46.4,1
evt_000630,2026-04-14 05:12:00,user_000031,sess_000971,page_031,esportes,celular,newsletter,0,1,89.5,35.1,0
evt_000631,2026-03-20 15:35:00,user_001517,sess_000128,page_131,tecnologia,tablet,redes sociais,0,1,75.7,57.6,0
evt_000632,2026-03-27 00:48:00,user_000198,sess_000385,page_059,entretenimento,celular,newsletter,1,1,65.4,16.8,1
evt_000633,2026-03-23 18:25:00,user_001594,sess_001475,page_124,finanças,computador,orgânico,0,1,77.9,72.9,1
evt_000634,2026-03-11 23:23:00,user_001051,sess_001736,page_113,notícias,celular,orgânico,0,1,6.9,78.6,0
evt_000635,2026-04-11 03:28:00,user_002119,sess_000204,page_047,estilo de vida,computador,orgânico,0,1,25.1,100.0,0
evt_000636,2026-03-15 03:02:00,user_002642,sess_000194,page_132,notícias,celular,direto,1,1,21.4,78.4,0
evt_000637,2026-03-18 19:30:00,user_001466,sess_000172,page_108,tecnologia,computador,referência,0,1,108.3,94.1,1
evt_000638,2026-04-17 13:33:00,user_001925,sess_001583,page_018,finanças,computador,referência,1,1,33.2,72.0,1
evt_000639,2026-04-26 22:21:00,user_001801,sess_000623,page_014,finanças,tablet,newsletter,1,1,86.9,93.9,0
evt_000640,2026-04-10 06:00:00,user_002954,sess_000654,page_018,estilo de vida,tablet,redes sociais,0,1,84.7,61.8,1
evt_000641,2026-04-24 23:32:00,user_000693,sess_000025,page_103,finanças,computador,direto,0,1,54.1,94.4,0
evt_000642,2026-04-21 06:02:00,user_000717,sess_001945,page_020,esportes,tablet,orgânico,0,1,5.7,14.8,0
evt_000643,2026-03-29 20:30:00,user_001136,sess_000868,page_040,esportes,celular,direto,0,1,15.8,35.7,0
evt_000644,2026-04-16 05:13:00,user_002210,sess_001595,page_061,finanças,computador,direto,1,1,36.6,58.6,0
evt_000645,2026-03-20 16:50:00,user_002595,sess_001415,page_019,entretenimento,tablet,redes sociais,1,1,33.0,75.6,0
evt_000646,2026-03-28 15:06:00,user_000834,sess_000284,page_046,notícias,tablet,orgânico,0,1,81.3,72.5,1
evt_000647,2026-04-02 03:01:00,user_000330,sess_001602,page_095,esportes,celular,orgânico,1,1,49.7,39.2,0
evt_000648,2026-04-27 15:06:00,user_001826,sess_001101,page_136,notícias,celular,referência,0,1,44.0,29.6,1
evt_000649,2026-04-20 21:55:00,user_001793,sess_001209,page_066,finanças,computador,redes sociais,1,1,48.8,63.4,1
evt_000650,2026-03-30 08:31:00,user_001124,sess_000401,page_104,notícias,celular,redes sociais,0,1,71.7,48.6,1
evt_000651,2026-04-09 03:43:00,user_000553,sess_001693,page_074,tecnologia,celular,newsletter,1,1,41.1,49.9,0
evt_000652,2026-03-13 03:23:00,user_002549,sess_001863,page_065,notícias,celular,orgânico,0,1,101.7,52.5,0
evt_000653,2026-04-18 06:19:00,user_002539,sess_000813,page_073,estilo de vida,computador,orgânico,0,1,38.8,53.3,0
evt_000654,2026-04-03 04:22:00,user_002242,sess_000185,page_134,esportes,celular,direto,0,1,168.8,77.3,0
evt_000655,2026-04-01 23:07:00,user_001737,sess_001697,page_009,finanças,celular,orgânico,1,1,36.1,83.9,0
evt_000656,2026-04-15 23:26:00,user_000785,sess_001774,page_072,notícias,celular,redes sociais,0,1,39.7,49.2,0
evt_000657,2026-04-07 23:24:00,user_001209,sess_001013,page_008,tecnologia,computador,direto,1,1,22.5,50.2,0
evt_000658,2026-03-05 08:21:00,user_000206,sess_001158,page_122,entretenimento,celular,redes sociais,1,1,53.3,73.9,0
evt_000659,2026-03-18 06:56:00,user_000750,sess_000446,page_084,esportes,computador,orgânico,0,1,42.1,63.5,0
evt_000660,2026-03-11 14:28:00,user_001351,sess_000135,page_007,entretenimento,celular,orgânico,0,1,30.9,76.6,0
evt_000661,2026-04-14 02:14:00,user_001311,sess_001888,page_087,esportes,computador,referência,1,1,23.0,68.0,0
evt_000662,2026-03-03 02:36:00,user_000242,sess_000966,page_061,estilo de vida,tablet,redes sociais,0,1,9.1,57.4,0
evt_000663,2026-03-13 03:27:00,user_002872,sess_000550,page_007,tecnologia,celular,referência,0,1,93.9,62.1,0
evt_000664,2026-04-05 20:19:00,user_000805,sess_001386,page_136,notícias,computador,redes sociais,0,1,29.2,20.1,1
evt_000665,2026-04-11 16:30:00,user_001528,sess_000053,page_053,finanças,celular,orgânico,0,1,39.8,53.4,0
evt_000666,2026-03-31 04:45:00,user_001396,sess_000160,page_004,notícias,computador,orgânico,0,1,51.3,87.5,0
evt_000667,2026-04-21 15:26:00,user_001408,sess_000486,page_086,estilo de vida,computador,redes sociais,0,1,14.5,78.8,0
evt_000668,2026-04-25 03:16:00,user_002535,sess_000901,page_053,finanças,computador,direto,0,1,97.9,60.9,0
evt_000669,2026-03-08 22:13:00,user_002239,sess_000734,page_092,entretenimento,celular,redes sociais,0,1,7.0,35.8,1
evt_000670,2026-04-27 03:36:00,user_002603,sess_000375,page_023,esportes,celular,direto,0,1,122.8,71.2,1
evt_000671,2026-04-06 20:42:00,user_001137,sess_000703,page_116,entretenimento,computador,direto,0,1,96.7,19.3,1
evt_000672,2026-04-08 04:09:00,user_000796,sess_000668,page_059,notícias,celular,orgânico,0,1,81.7,67.6,0
evt_000673,2026-03-06 16:56:00,user_001282,sess_001049,page_059,estilo de vida,computador,referência,1,1,88.8,59.0,0
evt_000674,2026-04-07 07:29:00,user_001684,sess_001125,page_112,esportes,computador,redes sociais,0,1,46.4,52.5,0
evt_000675,2026-04-13 13:01:00,user_001011,sess_001766,page_077,notícias,celular,direto,0,1,130.7,79.1,1
evt_000676,2026-04-04 20:20:00,user_001380,sess_001613,page_001,notícias,celular,orgânico,0,1,113.0,76.1,1
evt_000677,2026-03-06 01:40:00,user_000453,sess_000585,page_081,estilo de vida,tablet,orgânico,1,1,80.7,73.4,0
evt_000678,2026-04-01 09:26:00,user_001751,sess_001805,page_090,esportes,celular,direto,1,1,4.0,89.2,0
evt_000679,2026-04-26 03:45:00,user_002141,sess_001042,page_044,estilo de vida,celular,orgânico,0,1,56.9,46.9,0
evt_000680,2026-04-13 09:43:00,user_001581,sess_000376,page_026,entretenimento,computador,referência,0,1,94.6,47.3,0
evt_000681,2026-03-09 05:52:00,user_002619,sess_000680,page_008,esportes,computador,direto,0,1,53.3,59.3,1
evt_000682,2026-04-27 14:18:00,user_002987,sess_001483,page_118,notícias,tablet,direto,0,1,68.5,94.1,1
evt_000683,2026-04-27 12:47:00,user_002716,sess_001643,page_001,notícias,celular,orgânico,0,1,82.3,25.1,0
evt_000684,2026-03-11 03:55:00,user_000279,sess_000748,page_082,notícias,computador,referência,0,1,16.6,47.4,1
evt_000685,2026-04-18 01:16:00,user_002642,sess_000316,page_117,finanças,computador,newsletter,1,1,108.8,53.6,0
evt_000686,2026-03-25 09:40:00,user_001001,sess_000384,page_049,tecnologia,computador,orgânico,0,1,132.4,67.9,1
evt_000687,2026-04-05 14:54:00,user_001355,sess_000207,page_028,esportes,celular,redes sociais,0,1,99.0,35.1,0
evt_000688,2026-03-27 17:04:00,user_001236,sess_001397,page_100,notícias,computador,referência,0,1,90.8,59.3,1
evt_000689,2026-04-16 22:58:00,user_000852,sess_001006,page_088,estilo de vida,tablet,orgânico,0,1,62.1,92.2,0
evt_000690,2026-04-29 19:11:00,user_002631,sess_000902,page_003,esportes,celular,orgânico,0,1,52.0,33.3,1
evt_000691,2026-04-17 16:57:00,user_001914,sess_001344,page_081,estilo de vida,celular,newsletter,0,1,25.2,40.7,0
evt_000692,2026-04-25 21:10:00,user_002900,sess_001657,page_001,entretenimento,computador,redes sociais,0,1,256.1,60.5,0
evt_000693,2026-04-26 18:16:00,user_002864,sess_001591,page_056,esportes,computador,newsletter,0,1,70.2,76.3,0
evt_000694,2026-03-06 09:45:00,user_001259,sess_000275,page_043,finanças,computador,orgânico,1,1,31.7,69.8,0
evt_000695,2026-03-16 04:52:00,user_002181,sess_001179,page_116,tecnologia,computador,redes sociais,1,1,52.3,77.2,0
evt_000696,2026-04-13 07:28:00,user_001507,sess_001765,page_136,estilo de vida,tablet,redes sociais,0,1,89.5,76.9,0
evt_000697,2026-04-05 09:42:00,user_001485,sess_001547,page_098,tecnologia,celular,redes sociais,1,1,42.9,35.3,0
evt_000698,2026-03-04 00:12:00,user_002219,sess_000659,page_103,tecnologia,computador,referência,0,1,71.8,55.2,0
evt_000699,2026-03-06 16:52:00,user_002066,sess_000786,page_004,finanças,celular,direto,1,1,41.1,25.9,0
evt_000700,2026-04-01 05:35:00,user_002735,sess_001780,page_009,finanças,celular,newsletter,0,1,89.4,76.6,0
evt_000701,2026-04-06 23:16:00,user_002317,sess_000066,page_108,tecnologia,celular,orgânico,0,1,60.7,100.0,1
evt_000702,2026-03-11 01:30:00,user_001866,sess_001051,page_060,estilo de vida,computador,newsletter,1,1,87.4,46.2,0
evt_000703,2026-03-11 06:39:00,user_002757,sess_000233,page_071,estilo de vida,computador,direto,0,1,30.2,51.7,1
evt_000704,2026-03-08 18:14:00,user_000308,sess_001789,page_097,esportes,computador,orgânico,0,1,130.8,43.9,1
evt_000705,2026-04-03 21:31:00,user_002289,sess_000078,page_049,tecnologia,tablet,redes sociais,1,1,35.4,87.8,1
evt_000706,2026-03-01 11:18:00,user_001177,sess_000047,page_095,esportes,computador,orgânico,0,1,68.2,70.9,1
evt_000707,2026-04-04 08:17:00,user_001300,sess_000658,page_102,notícias,celular,orgânico,0,1,18.3,52.1,1
evt_000708,2026-03-29 13:20:00,user_002345,sess_000401,page_034,esportes,tablet,newsletter,1,1,26.2,30.5,0
evt_000709,2026-03-28 23:01:00,user_000821,sess_000991,page_096,esportes,computador,newsletter,0,1,28.3,52.4,0
evt_000710,2026-04-10 18:09:00,user_002651,sess_000599,page_024,estilo de vida,computador,orgânico,0,1,70.0,36.7,0
evt_000711,2026-04-01 08:35:00,user_001500,sess_000713,page_044,esportes,computador,orgânico,1,1,50.7,55.9,1
evt_000712,2026-04-13 15:57:00,user_001047,sess_001130,page_109,estilo de vida,celular,orgânico,0,1,38.8,60.9,0
evt_000713,2026-04-15 20:02:00,user_000985,sess_001121,page_137,finanças,celular,referência,0,1,32.4,48.8,1
evt_000714,2026-04-25 04:58:00,user_001263,sess_001869,page_009,notícias,computador,redes sociais,0,1,134.2,50.2,0
evt_000715,2026-04-17 22:54:00,user_002828,sess_000961,page_091,esportes,computador,redes sociais,0,1,44.6,77.7,0
evt_000716,2026-04-01 01:29:00,user_000308,sess_001128,page_080,finanças,celular,redes sociais,0,1,56.8,53.4,1
evt_000717,2026-03-30 12:42:00,user_001524,sess_001356,page_085,tecnologia,celular,newsletter,1,1,21.3,89.7,0
evt_000718,2026-03-15 03:25:00,user_002505,sess_000349,page_110,esportes,computador,orgânico,1,1,71.8,68.4,1
evt_000719,2026-04-05 23:24:00,user_001416,sess_001334,page_010,esportes,celular,orgânico,0,1,104.8,65.0,1
evt_000720,2026-03-09 08:21:00,user_001698,sess_001723,page_103,esportes,computador,redes sociais,1,1,90.4,67.5,0
evt_000721,2026-04-25 20:58:00,user_001045,sess_000636,page_039,notícias,computador,newsletter,0,1,12.1,13.5,1
evt_000722,2026-04-20 16:51:00,user_000409,sess_000357,page_022,notícias,computador,direto,1,1,41.4,76.8,0
evt_000723,2026-03-08 04:24:00,user_001918,sess_000693,page_063,entretenimento,celular,referência,0,1,76.9,81.5,1
evt_000724,2026-04-17 03:46:00,user_002759,sess_000550,page_004,notícias,celular,referência,1,1,75.4,69.0,1
evt_000725,2026-03-08 00:37:00,user_001560,sess_001170,page_088,notícias,celular,orgânico,1,1,9.2,30.3,0
evt_000726,2026-04-13 06:33:00,user_001296,sess_001727,page_079,entretenimento,computador,direto,1,1,19.3,67.2,0
evt_000727,2026-03-06 06:18:00,user_000388,sess_001193,page_072,estilo de vida,computador,referência,0,1,29.6,37.4,0
evt_000728,2026-03-30 06:59:00,user_002834,sess_000251,page_005,finanças,computador,orgânico,0,1,83.4,80.3,0
evt_000729,2026-04-09 11:19:00,user_002607,sess_000630,page_107,estilo de vida,computador,direto,1,1,47.3,70.3,0
evt_000730,2026-04-13 17:29:00,user_002705,sess_001378,page_005,entretenimento,celular,orgânico,0,1,28.9,50.7,1
evt_000731,2026-03-26 02:47:00,user_001077,sess_000661,page_037,notícias,celular,referência,1,1,91.5,63.1,1
evt_000732,2026-04-25 07:08:00,user_001876,sess_001173,page_056,esportes,computador,orgânico,0,1,76.7,64.1,1
evt_000733,2026-04-16 11:01:00,user_001298,sess_001388,page_098,tecnologia,computador,orgânico,0,1,79.2,83.6,1
evt_000734,2026-03-13 11:54:00,user_000704,sess_000659,page_057,tecnologia,computador,direto,0,1,36.8,67.8,1
evt_000735,2026-04-10 06:34:00,user_000617,sess_001295,page_114,entretenimento,celular,redes sociais,1,1,5.8,38.7,0
evt_000736,2026-04-13 19:58:00,user_001152,sess_000796,page_130,esportes,celular,orgânico,0,1,53.4,22.9,1
evt_000737,2026-03-21 00:26:00,user_001660,sess_000270,page_107,entretenimento,celular,orgânico,0,1,25.9,85.7,0
evt_000738,2026-04-14 07:03:00,user_000366,sess_000744,page_006,esportes,computador,referência,1,1,115.6,31.8,0
evt_000739,2026-04-23 21:38:00,user_002106,sess_000882,page_108,tecnologia,computador,newsletter,1,1,67.4,35.0,0
evt_000740,2026-04-19 00:38:00,user_001373,sess_000005,page_029,entretenimento,computador,direto,0,1,20.0,48.9,0
evt_000741,2026-04-15 18:02:00,user_002643,sess_001785,page_124,notícias,computador,orgânico,0,1,21.3,49.3,1
evt_000742,2026-04-08 01:40:00,user_000837,sess_001056,page_137,notícias,celular,direto,0,1,31.8,26.6,1
evt_000743,2026-03-17 05:34:00,user_000155,sess_000073,page_012,estilo de vida,computador,direto,1,1,172.3,59.3,0
evt_000744,2026-04-17 17:07:00,user_000936,sess_001736,page_014,tecnologia,computador,redes sociais,0,1,85.7,33.2,0
evt_000745,2026-03-22 20:26:00,user_002920,sess_001710,page_097,notícias,computador,orgânico,0,1,131.5,65.9,0
evt_000746,2026-04-01 22:21:00,user_000966,sess_000025,page_020,tecnologia,computador,orgânico,0,1,10.1,67.9,1
evt_000747,2026-03-19 20:47:00,user_002111,sess_000327,page_135,esportes,tablet,orgânico,1,1,33.8,80.1,0
evt_000748,2026-03-19 18:44:00,user_002530,sess_000728,page_076,finanças,tablet,direto,0,1,128.1,75.2,0
evt_000749,2026-03-10 10:57:00,user_000853,sess_001014,page_080,esportes,celular,orgânico,1,1,156.8,71.0,0
evt_000750,2026-04-27 16:16:00,user_001928,sess_001451,page_120,entretenimento,computador,redes sociais,0,1,92.9,28.5,0
evt_000751,2026-03-09 20:48:00,user_000614,sess_000849,page_031,notícias,celular,redes sociais,0,1,116.5,41.6,1
evt_000752,2026-03-06 04:12:00,user_001087,sess_001223,page_078,estilo de vida,celular,redes sociais,0,1,49.8,55.0,1
evt_000753,2026-04-26 04:01:00,user_000888,sess_000021,page_139,notícias,celular,redes sociais,1,1,27.5,75.2,0
evt_000754,2026-04-03 07:13:00,user_002017,sess_001317,page_004,entretenimento,computador,redes sociais,0,1,15.8,57.0,0
evt_000755,2026-03-27 06:34:00,user_002627,sess_001830,page_025,tecnologia,computador,orgânico,1,1,111.5,52.5,0
evt_000756,2026-04-14 05:59:00,user_000757,sess_001052,page_021,esportes,computador,orgânico,0,1,61.1,69.7,1
evt_000757,2026-03-23 23:58:00,user_000874,sess_000910,page_047,esportes,computador,redes sociais,0,1,208.7,19.7,0
evt_000758,2026-03-08 16:12:00,user_002463,sess_000594,page_019,esportes,celular,redes sociais,0,1,12.4,37.5,0
evt_000759,2026-04-13 18:44:00,user_001389,sess_001908,page_024,finanças,celular,redes sociais,0,1,54.4,69.6,0
evt_000760,2026-03-11 13:26:00,user_001539,sess_000067,page_119,tecnologia,computador,redes sociais,1,1,51.8,58.7,1
evt_000761,2026-04-03 04:18:00,user_002117,sess_000574,page_065,estilo de vida,celular,orgânico,1,1,147.8,67.4,1
evt_000762,2026-04-26 22:39:00,user_000413,sess_000278,page_050,finanças,computador,orgânico,0,1,33.3,71.3,1
evt_000763,2026-04-26 04:02:00,user_002616,sess_001732,page_059,tecnologia,computador,direto,1,1,51.1,65.9,0
evt_000764,2026-03-22 15:31:00,user_001096,sess_000965,page_135,finanças,celular,redes sociais,1,1,97.9,54.4,0
evt_000765,2026-04-16 19:38:00,user_001976,sess_001844,page_069,notícias,computador,redes sociais,0,1,95.9,84.7,0
evt_000766,2026-04-06 18:15:00,user_001297,sess_001330,page_066,notícias,tablet,orgânico,1,1,8.1,36.9,0
evt_000767,2026-03-29 18:17:00,user_002259,sess_001114,page_129,esportes,tablet,referência,0,1,55.4,53.2,0
evt_000768,2026-03-09 09:29:00,user_001835,sess_001035,page_006,estilo de vida,computador,orgânico,0,1,35.2,58.6,1
evt_000769,2026-03-23 13:57:00,user_000520,sess_000406,page_067,notícias,computador,redes sociais,0,1,43.5,70.7,0
evt_000770,2026-04-09 02:45:00,user_000564,sess_001124,page_105,estilo de vida,computador,redes sociais,0,1,99.4,39.4,0
evt_000771,2026-04-29 04:44:00,user_002632,sess_001370,page_072,esportes,tablet,redes sociais,1,1,78.3,56.3,0
evt_000772,2026-03-01 07:02:00,user_001559,sess_001930,page_121,estilo de vida,computador,direto,0,1,61.8,78.8,0
evt_000773,2026-04-13 01:34:00,user_000827,sess_001098,page_124,notícias,celular,orgânico,1,1,52.4,57.9,0
evt_000774,2026-04-20 18:43:00,user_000430,sess_001877,page_047,finanças,computador,orgânico,0,1,25.0,69.3,1
evt_000775,2026-04-27 01:43:00,user_000386,sess_001889,page_114,notícias,celular,orgânico,1,1,107.2,50.3,0
evt_000776,2026-03-26 10:16:00,user_002759,sess_001045,page_034,esportes,computador,newsletter,1,1,33.6,58.0,1
evt_000777,2026-03-08 02:36:00,user_002928,sess_000879,page_034,notícias,celular,newsletter,0,1,53.9,57.4,0
evt_000778,2026-03-17 06:11:00,user_001181,sess_000286,page_136,finanças,celular,direto,1,1,38.9,74.2,0
evt_000779,2026-04-21 00:46:00,user_000605,sess_000537,page_002,tecnologia,computador,redes sociais,0,1,24.7,33.3,0
evt_000780,2026-04-22 16:13:00,user_001257,sess_001758,page_050,notícias,computador,orgânico,0,1,17.2,55.2,0
evt_000781,2026-04-08 05:23:00,user_000410,sess_000277,page_088,tecnologia,celular,referência,0,1,155.5,60.8,1
evt_000782,2026-03-08 08:44:00,user_001649,sess_000794,page_058,estilo de vida,celular,orgânico,1,1,30.6,74.0,1
evt_000783,2026-03-08 07:34:00,user_001878,sess_001397,page_118,finanças,celular,orgânico,0,1,5.8,79.4,0
evt_000784,2026-03-29 16:34:00,user_002955,sess_000482,page_035,estilo de vida,computador,referência,0,1,75.8,85.9,0
evt_000785,2026-04-05 07:05:00,user_000957,sess_001948,page_077,esportes,tablet,orgânico,1,1,154.7,58.5,1
evt_000786,2026-03-02 22:37:00,user_000594,sess_001299,page_018,tecnologia,computador,referência,0,1,159.5,32.0,0
evt_000787,2026-04-11 03:58:00,user_000400,sess_000057,page_030,tecnologia,celular,direto,1,1,45.9,56.5,0
evt_000788,2026-04-02 16:05:00,user_001132,sess_000495,page_025,tecnologia,tablet,referência,1,1,86.6,25.6,0
evt_000789,2026-03-01 17:42:00,user_001803,sess_001481,page_104,esportes,celular,direto,1,1,33.8,25.5,1
evt_000790,2026-03-06 17:46:00,user_000200,sess_001726,page_029,estilo de vida,tablet,orgânico,0,1,222.4,45.3,0
evt_000791,2026-03-28 06:13:00,user_002277,sess_001853,page_094,notícias,computador,direto,0,1,35.9,62.7,1
evt_000792,2026-04-13 08:31:00,user_001380,sess_001702,page_049,finanças,celular,referência,1,1,24.8,44.6,0
evt_000793,2026-04-19 12:34:00,user_002379,sess_000150,page_079,notícias,computador,direto,1,1,101.4,84.6,1
evt_000794,2026-03-26 21:04:00,user_001391,sess_001459,page_122,notícias,computador,referência,0,1,112.4,62.4,0
evt_000795,2026-03-18 17:19:00,user_000467,sess_000221,page_121,estilo de vida,celular,newsletter,1,1,46.0,82.8,1
evt_000796,2026-04-28 02:22:00,user_000065,sess_000154,page_002,entretenimento,celular,direto,0,1,87.3,92.8,1
evt_000797,2026-03-28 12:18:00,user_001671,sess_001384,page_110,notícias,tablet,newsletter,0,1,52.1,77.7,1
evt_000798,2026-03-19 22:09:00,user_001618,sess_000956,page_133,estilo de vida,celular,orgânico,1,1,3.5,48.4,0
evt_000799,2026-03-27 12:55:00,user_002441,sess_001296,page_093,estilo de vida,celular,newsletter,0,1,30.9,37.0,0
evt_000800,2026-03-01 17:24:00,user_002631,sess_001703,page_027,entretenimento,celular,referência,0,1,14.5,39.1,0
evt_000801,2026-03-19 02:46:00,user_000484,sess_000138,page_093,estilo de vida,celular,orgânico,0,1,58.7,60.7,1
evt_000802,2026-03-31 22:23:00,user_000944,sess_001055,page_089,notícias,computador,redes sociais,1,1,67.6,49.2,0
evt_000803,2026-04-25 02:33:00,user_000623,sess_001669,page_093,notícias,celular,redes sociais,0,1,49.4,37.3,1
evt_000804,2026-04-14 07:02:00,user_000321,sess_000881,page_060,estilo de vida,celular,referência,0,1,6.2,69.8,1
evt_000805,2026-04-16 21:03:00,user_000008,sess_001047,page_073,notícias,celular,orgânico,0,1,43.1,68.2,1
evt_000806,2026-04-02 16:39:00,user_000247,sess_000996,page_091,entretenimento,celular,redes sociais,0,1,88.7,39.6,0
evt_000807,2026-03-07 15:14:00,user_001574,sess_001814,page_065,entretenimento,celular,redes sociais,1,1,134.2,46.8,0
evt_000808,2026-03-24 10:56:00,user_000456,sess_000100,page_108,entretenimento,tablet,orgânico,1,1,55.0,28.5,0
evt_000809,2026-04-29 19:43:00,user_000584,sess_001756,page_099,esportes,celular,newsletter,1,1,8.9,59.7,0
evt_000810,2026-03-03 15:36:00,user_000354,sess_001632,page_043,tecnologia,celular,redes sociais,0,1,37.3,48.8,0
evt_000811,2026-04-22 18:02:00,user_002173,sess_001625,page_085,estilo de vida,celular,redes sociais,0,1,76.2,77.6,0
evt_000812,2026-04-11 01:40:00,user_001907,sess_000825,page_106,notícias,celular,referência,0,1,26.6,57.6,0
evt_000813,2026-03-18 00:49:00,user_002886,sess_001032,page_069,esportes,celular,orgânico,1,1,141.0,42.6,1
evt_000814,2026-04-16 16:18:00,user_000335,sess_000738,page_100,notícias,tablet,orgânico,0,1,48.2,58.1,1
evt_000815,2026-04-20 05:07:00,user_000627,sess_000504,page_018,esportes,celular,orgânico,1,1,130.0,51.8,1
evt_000816,2026-03-03 14:14:00,user_001367,sess_001750,page_054,entretenimento,celular,newsletter,1,1,32.5,42.5,0
evt_000817,2026-03-07 09:14:00,user_001947,sess_001012,page_098,tecnologia,computador,referência,0,1,20.8,54.6,0
evt_000818,2026-04-09 22:40:00,user_000391,sess_001446,page_125,esportes,celular,redes sociais,0,1,34.9,31.0,1
evt_000819,2026-04-29 22:42:00,user_000636,sess_000202,page_090,finanças,celular,orgânico,0,1,84.6,68.4,0
evt_000820,2026-03-02 10:30:00,user_001265,sess_001578,page_093,notícias,tablet,redes sociais,1,1,70.8,61.9,1
evt_000821,2026-04-09 22:35:00,user_000055,sess_001318,page_048,esportes,tablet,redes sociais,1,1,101.2,78.8,0
evt_000822,2026-03-09 04:35:00,user_001186,sess_001995,page_098,notícias,celular,redes sociais,1,1,110.1,60.7,0
evt_000823,2026-04-09 00:10:00,user_002275,sess_000268,page_050,estilo de vida,celular,orgânico,0,1,43.7,37.6,1
evt_000824,2026-04-07 09:34:00,user_001580,sess_001080,page_008,estilo de vida,computador,orgânico,0,1,119.1,1.0,0
evt_000825,2026-03-06 10:14:00,user_001302,sess_001022,page_035,tecnologia,celular,referência,0,1,12.4,35.4,0
evt_000826,2026-04-10 20:14:00,user_001464,sess_001077,page_085,entretenimento,computador,direto,0,1,122.9,63.9,0
evt_000827,2026-04-23 19:43:00,user_002840,sess_000109,page_134,notícias,celular,orgânico,0,1,65.0,81.9,1
evt_000828,2026-04-21 19:21:00,user_001561,sess_000946,page_069,tecnologia,computador,newsletter,0,1,148.5,59.5,0
evt_000829,2026-03-02 17:45:00,user_001603,sess_000599,page_120,notícias,tablet,redes sociais,1,1,53.0,41.1,0
evt_000830,2026-03-15 18:07:00,user_002792,sess_001235,page_109,esportes,celular,direto,0,1,70.5,62.4,0
evt_000831,2026-03-15 10:47:00,user_000473,sess_000464,page_078,finanças,computador,orgânico,1,1,90.9,17.3,1
evt_000832,2026-03-28 04:44:00,user_000288,sess_000870,page_112,notícias,celular,newsletter,0,1,59.7,58.4,0
evt_000833,2026-03-09 13:57:00,user_001349,sess_001240,page_056,notícias,celular,orgânico,1,1,34.4,69.6,0
evt_000834,2026-04-21 06:15:00,user_000956,sess_000129,page_062,esportes,celular,newsletter,0,1,123.3,41.9,0
evt_000835,2026-04-16 14:32:00,user_000609,sess_001573,page_103,notícias,celular,direto,0,1,46.4,77.4,1
evt_000836,2026-04-18 12:01:00,user_000359,sess_001431,page_089,entretenimento,celular,orgânico,1,1,82.5,86.1,0
evt_000837,2026-03-12 21:24:00,user_002634,sess_000115,page_074,esportes,computador,orgânico,0,1,23.3,69.2,0
evt_000838,2026-03-01 20:59:00,user_001843,sess_000130,page_061,finanças,celular,referência,0,1,56.4,73.4,1
evt_000839,2026-04-24 15:19:00,user_002073,sess_001700,page_136,entretenimento,tablet,orgânico,1,1,112.8,1.0,1
evt_000840,2026-03-18 08:01:00,user_000355,sess_000567,page_010,estilo de vida,celular,orgânico,1,1,88.2,64.0,0
evt_000841,2026-04-09 09:01:00,user_001024,sess_001721,page_008,finanças,computador,direto,1,1,66.6,85.3,0
evt_000842,2026-04-24 13:35:00,user_001862,sess_000999,page_067,entretenimento,celular,orgânico,0,1,14.3,55.5,0
evt_000843,2026-03-03 04:04:00,user_001583,sess_000685,page_005,esportes,computador,redes sociais,1,1,73.9,74.3,1
evt_000844,2026-03-01 07:52:00,user_002084,sess_000547,page_048,notícias,tablet,redes sociais,0,1,29.3,60.8,0
evt_000845,2026-03-01 07:49:00,user_002008,sess_001318,page_080,finanças,computador,orgânico,0,1,59.9,66.9,0
evt_000846,2026-03-10 09:06:00,user_001240,sess_000220,page_057,finanças,computador,orgânico,1,1,100.7,75.6,0
evt_000847,2026-03-04 02:23:00,user_002348,sess_000805,page_029,tecnologia,computador,orgânico,0,1,13.7,54.2,0
evt_000848,2026-04-19 04:46:00,user_000779,sess_000692,page_040,notícias,celular,newsletter,0,1,76.3,42.7,1
evt_000849,2026-04-06 08:31:00,user_000241,sess_000309,page_084,estilo de vida,celular,orgânico,1,1,82.8,52.9,1
evt_000850,2026-04-28 19:16:00,user_002740,sess_000706,page_133,tecnologia,celular,direto,0,1,24.5,50.9,0
evt_000851,2026-04-18 02:08:00,user_000068,sess_001057,page_109,entretenimento,computador,direto,1,1,58.4,65.6,1
evt_000852,2026-04-27 18:59:00,user_000851,sess_001355,page_077,notícias,celular,direto,0,1,51.1,40.1,0
evt_000853,2026-03-15 07:30:00,user_000344,sess_000173,page_020,esportes,celular,orgânico,0,1,17.6,81.2,0
evt_000854,2026-03-18 06:25:00,user_000696,sess_001744,page_034,entretenimento,computador,orgânico,1,1,35.4,64.5,0
evt_000855,2026-04-20 23:08:00,user_001185,sess_001757,page_062,estilo de vida,celular,redes sociais,1,1,40.6,82.0,0
evt_000856,2026-03-15 16:37:00,user_000389,sess_001384,page_035,notícias,celular,direto,0,1,105.1,53.0,1
evt_000857,2026-03-04 10:24:00,user_001400,sess_001848,page_096,notícias,celular,direto,0,1,84.1,31.5,1
evt_000858,2026-04-10 03:32:00,user_002782,sess_000856,page_051,tecnologia,computador,orgânico,0,1,81.0,33.4,0
evt_000859,2026-04-18 01:23:00,user_000410,sess_001643,page_116,estilo de vida,celular,direto,1,1,79.6,45.0,0
evt_000860,2026-04-28 02:12:00,user_002779,sess_001454,page_038,estilo de vida,computador,orgânico,0,1,102.1,36.8,0
evt_000861,2026-04-25 16:01:00,user_001234,sess_001125,page_069,entretenimento,celular,redes sociais,0,1,21.8,26.6,1
evt_000862,2026-03-08 05:07:00,user_001777,sess_000359,page_100,esportes,celular,redes sociais,1,1,31.1,61.7,0
evt_000863,2026-04-16 07:50:00,user_001325,sess_001115,page_029,notícias,celular,orgânico,0,1,106.0,64.8,1
evt_000864,2026-04-20 18:25:00,user_000950,sess_001802,page_106,estilo de vida,computador,newsletter,0,1,50.6,53.5,0
evt_000865,2026-04-11 21:17:00,user_000328,sess_001969,page_082,entretenimento,computador,direto,0,1,56.8,86.1,1
evt_000866,2026-04-19 04:30:00,user_001780,sess_000896,page_091,esportes,computador,orgânico,1,1,21.1,57.4,0
evt_000867,2026-04-20 06:41:00,user_002750,sess_000496,page_064,estilo de vida,celular,orgânico,1,1,23.7,51.4,0
evt_000868,2026-03-27 19:01:00,user_001562,sess_001495,page_130,notícias,computador,direto,0,1,113.9,52.1,0
evt_000869,2026-03-03 09:49:00,user_001797,sess_000152,page_108,notícias,celular,referência,1,1,131.0,73.0,1
evt_000870,2026-03-28 08:55:00,user_001931,sess_000303,page_027,entretenimento,computador,orgânico,0,1,46.8,30.7,0
evt_000871,2026-03-13 02:33:00,user_001166,sess_001124,page_078,notícias,celular,orgânico,0,1,272.4,21.3,1
evt_000872,2026-03-07 19:46:00,user_000362,sess_001980,page_126,notícias,celular,direto,1,1,50.2,62.2,1
evt_000873,2026-03-08 11:53:00,user_001521,sess_000658,page_039,tecnologia,computador,redes sociais,0,1,118.9,62.2,0
evt_000874,2026-04-11 20:13:00,user_002606,sess_000887,page_075,esportes,celular,orgânico,1,1,66.3,69.8,1
evt_000875,2026-03-31 06:31:00,user_000943,sess_000645,page_105,esportes,celular,redes sociais,0,1,43.1,57.5,1
evt_000876,2026-04-02 09:22:00,user_002614,sess_000881,page_038,tecnologia,celular,redes sociais,1,1,80.2,93.2,1
evt_000877,2026-04-14 17:04:00,user_002563,sess_000015,page_072,notícias,celular,orgânico,0,1,20.4,74.5,0
evt_000878,2026-04-02 21:30:00,user_000735,sess_001189,page_077,estilo de vida,computador,orgânico,1,1,130.8,12.0,0
evt_000879,2026-04-07 19:13:00,user_001725,sess_001192,page_025,esportes,computador,orgânico,0,1,38.9,30.6,0
evt_000880,2026-03-06 03:52:00,user_002242,sess_000631,page_025,notícias,celular,orgânico,0,1,55.3,20.6,1
evt_000881,2026-04-21 01:37:00,user_001485,sess_000528,page_079,estilo de vida,celular,newsletter,1,1,34.1,59.6,0
evt_000882,2026-03-27 22:14:00,user_002098,sess_001523,page_025,esportes,computador,orgânico,0,1,62.7,61.8,1
evt_000883,2026-03-10 07:30:00,user_002732,sess_000376,page_132,tecnologia,computador,orgânico,0,1,41.3,92.2,0
evt_000884,2026-04-18 19:11:00,user_001882,sess_000095,page_073,entretenimento,celular,referência,1,1,47.9,43.2,0
evt_000885,2026-04-14 01:51:00,user_002514,sess_000081,page_099,tecnologia,celular,newsletter,1,1,40.2,40.0,0
evt_000886,2026-03-04 04:21:00,user_002403,sess_001763,page_056,esportes,tablet,referência,0,1,9.1,63.1,1
evt_000887,2026-03-12 13:58:00,user_002438,sess_000729,page_042,esportes,computador,orgânico,1,1,68.4,37.4,1
evt_000888,2026-03-01 22:40:00,user_002557,sess_000204,page_068,entretenimento,celular,direto,1,1,32.9,52.9,1
evt_000889,2026-03-17 05:53:00,user_000677,sess_001758,page_099,finanças,celular,direto,1,1,94.5,84.5,0
evt_000890,2026-03-06 23:58:00,user_000056,sess_000298,page_056,tecnologia,celular,direto,0,1,30.8,73.5,0
evt_000891,2026-04-12 14:15:00,user_000460,sess_000674,page_040,tecnologia,computador,orgânico,1,1,43.6,79.3,1
evt_000892,2026-04-01 08:28:00,user_000749,sess_000042,page_021,esportes,computador,orgânico,0,1,76.0,31.9,0
evt_000893,2026-04-28 19:29:00,user_002070,sess_001358,page_076,notícias,computador,orgânico,1,1,73.8,69.2,0
evt_000894,2026-04-14 23:10:00,user_001530,sess_001398,page_095,estilo de vida,celular,direto,0,1,3.0,58.2,1
evt_000895,2026-04-06 16:37:00,user_001406,sess_001513,page_074,estilo de vida,computador,orgânico,1,1,26.9,100.0,0
evt_000896,2026-03-31 13:24:00,user_000028,sess_000526,page_036,esportes,computador,redes sociais,0,1,47.1,72.4,0
evt_000897,2026-03-04 06:28:00,user_002051,sess_000656,page_035,estilo de vida,computador,direto,1,1,9.8,58.2,0
evt_000898,2026-03-05 05:05:00,user_001093,sess_001876,page_053,tecnologia,celular,referência,0,1,14.7,78.6,0
evt_000899,2026-04-06 23:29:00,user_002282,sess_001643,page_049,esportes,computador,newsletter,0,1,74.1,69.7,0
evt_000900,2026-03-01 06:18:00,user_000339,sess_000075,page_029,esportes,celular,direto,0,1,64.1,73.2,0
evt_000901,2026-03-03 12:59:00,user_000886,sess_001384,page_131,tecnologia,celular,orgânico,0,1,123.7,68.2,1
evt_000902,2026-03-14 03:33:00,user_000165,sess_001625,page_046,tecnologia,celular,referência,1,1,94.6,50.5,0
evt_000903,2026-04-23 01:10:00,user_000854,sess_001118,page_035,entretenimento,celular,orgânico,0,1,27.8,50.3,0
evt_000904,2026-03-28 12:51:00,user_002770,sess_001280,page_085,notícias,celular,orgânico,0,1,115.2,72.1,0
evt_000905,2026-04-12 13:47:00,user_001473,sess_000002,page_112,entretenimento,computador,redes sociais,0,1,96.0,45.6,1
evt_000906,2026-03-25 16:38:00,user_001319,sess_000061,page_065,tecnologia,computador,direto,0,1,42.5,61.6,0
evt_000907,2026-03-11 09:18:00,user_000821,sess_000071,page_093,tecnologia,computador,orgânico,0,1,51.8,68.2,0
evt_000908,2026-03-23 06:27:00,user_000795,sess_000318,page_014,esportes,computador,orgânico,0,1,60.9,46.7,0
evt_000909,2026-03-06 12:04:00,user_002002,sess_001981,page_075,notícias,computador,orgânico,0,1,51.4,67.1,0
evt_000910,2026-04-16 05:09:00,user_002955,sess_001269,page_010,finanças,celular,redes sociais,1,1,69.1,66.8,1
evt_000911,2026-03-12 00:17:00,user_002240,sess_001564,page_020,esportes,computador,direto,0,1,10.8,50.6,1
evt_000912,2026-03-23 13:58:00,user_002211,sess_000591,page_083,esportes,celular,redes sociais,1,1,33.7,73.6,0
evt_000913,2026-04-28 19:14:00,user_001416,sess_001875,page_029,entretenimento,computador,redes sociais,0,1,15.9,33.0,0
evt_000914,2026-04-05 12:25:00,user_000296,sess_000398,page_006,notícias,tablet,referência,1,1,29.7,32.9,0
evt_000915,2026-03-28 12:19:00,user_002171,sess_001804,page_025,entretenimento,celular,redes sociais,1,1,66.8,59.1,1
evt_000916,2026-04-02 13:56:00,user_002426,sess_000062,page_108,finanças,computador,redes sociais,0,1,65.0,43.8,0
evt_000917,2026-04-17 01:04:00,user_001531,sess_000041,page_082,tecnologia,computador,redes sociais,0,1,64.6,84.0,1
evt_000918,2026-03-16 06:27:00,user_000275,sess_000158,page_054,esportes,tablet,direto,0,1,125.7,51.6,1
evt_000919,2026-04-08 04:25:00,user_002138,sess_001583,page_136,estilo de vida,tablet,direto,0,1,59.6,30.3,0
evt_000920,2026-04-22 08:40:00,user_002763,sess_000515,page_054,estilo de vida,computador,orgânico,0,1,45.8,55.0,1
evt_000921,2026-04-04 08:16:00,user_000675,sess_000902,page_122,entretenimento,computador,referência,0,1,52.2,93.8,0
evt_000922,2026-03-27 19:01:00,user_000479,sess_000943,page_048,notícias,tablet,redes sociais,1,1,5.9,40.5,0
evt_000923,2026-03-09 16:59:00,user_002216,sess_001579,page_004,notícias,celular,referência,0,1,70.1,45.8,0
evt_000924,2026-03-15 21:32:00,user_000996,sess_000698,page_016,entretenimento,celular,redes sociais,0,1,29.4,69.3,1
evt_000925,2026-04-26 18:16:00,user_002145,sess_000014,page_039,notícias,computador,redes sociais,1,1,103.6,86.3,1
evt_000926,2026-04-02 11:24:00,user_002109,sess_000773,page_026,estilo de vida,celular,orgânico,0,1,16.1,38.2,0
evt_000927,2026-03-19 01:56:00,user_000800,sess_000577,page_022,notícias,celular,redes sociais,0,1,74.2,43.0,0
evt_000928,2026-03-26 02:27:00,user_000127,sess_001462,page_054,notícias,celular,redes sociais,0,1,79.8,27.2,1
evt_000929,2026-04-04 16:20:00,user_001668,sess_001502,page_136,estilo de vida,celular,referência,0,1,155.0,57.8,1
evt_000930,2026-04-02 06:04:00,user_001223,sess_000184,page_028,estilo de vida,computador,referência,0,1,63.9,63.1,0
evt_000931,2026-04-11 23:40:00,user_002566,sess_001586,page_033,estilo de vida,celular,redes sociais,1,1,114.9,76.3,0
evt_000932,2026-03-16 10:47:00,user_001074,sess_000141,page_139,finanças,celular,referência,1,1,26.7,74.7,0
evt_000933,2026-04-08 22:53:00,user_000749,sess_001239,page_028,tecnologia,celular,referência,1,1,72.6,60.2,0
evt_000934,2026-03-27 13:27:00,user_002580,sess_000779,page_116,entretenimento,tablet,newsletter,0,1,72.8,63.3,0
evt_000935,2026-04-26 10:27:00,user_002208,sess_000603,page_087,esportes,celular,orgânico,0,1,175.1,70.1,0
evt_000936,2026-03-10 11:24:00,user_001855,sess_000966,page_129,esportes,computador,orgânico,0,1,91.7,34.5,0
evt_000937,2026-03-09 21:45:00,user_002861,sess_000621,page_078,esportes,computador,newsletter,0,1,125.3,63.2,1
evt_000938,2026-03-28 16:47:00,user_002349,sess_001587,page_083,tecnologia,celular,redes sociais,0,1,37.1,24.9,0
evt_000939,2026-03-31 12:01:00,user_002598,sess_001933,page_032,esportes,computador,redes sociais,0,1,59.2,81.0,1
evt_000940,2026-04-11 10:51:00,user_002397,sess_001631,page_080,estilo de vida,celular,redes sociais,1,1,47.7,94.2,0
evt_000941,2026-03-25 05:48:00,user_001205,sess_000878,page_094,finanças,computador,orgânico,1,1,156.3,54.4,1
evt_000942,2026-04-24 19:45:00,user_000188,sess_001007,page_138,estilo de vida,computador,orgânico,0,1,15.0,64.4,0
evt_000943,2026-03-29 10:48:00,user_001822,sess_000894,page_014,tecnologia,computador,orgânico,0,1,83.7,74.3,1
evt_000944,2026-03-08 18:14:00,user_002294,sess_001587,page_022,finanças,celular,redes sociais,0,1,29.0,97.3,0
evt_000945,2026-03-08 03:40:00,user_002975,sess_001105,page_003,finanças,computador,redes sociais,1,1,119.7,63.5,1
evt_000946,2026-04-28 09:42:00,user_002045,sess_000936,page_110,esportes,celular,redes sociais,0,1,60.5,44.0,0
evt_000947,2026-03-09 01:05:00,user_001705,sess_000819,page_012,finanças,computador,orgânico,0,1,41.1,75.5,0
evt_000948,2026-04-26 20:54:00,user_001727,sess_000750,page_128,esportes,tablet,orgânico,0,1,61.5,84.5,0
evt_000949,2026-03-17 16:25:00,user_000345,sess_001105,page_051,tecnologia,celular,redes sociais,1,1,11.6,59.7,1
evt_000950,2026-03-06 14:30:00,user_000023,sess_001378,page_041,esportes,celular,orgânico,1,1,107.3,85.1,0
evt_000951,2026-03-19 06:46:00,user_000137,sess_000865,page_136,notícias,celular,referência,0,1,116.4,78.3,1
evt_000952,2026-04-06 21:09:00,user_002714,sess_001613,page_101,esportes,celular,redes sociais,0,1,89.1,72.8,0
evt_000953,2026-03-26 16:10:00,user_002371,sess_001653,page_077,finanças,celular,orgânico,1,1,87.0,65.5,1
evt_000954,2026-04-17 03:14:00,user_000781,sess_000858,page_124,entretenimento,computador,redes sociais,1,1,40.8,53.2,0
evt_000955,2026-04-06 15:49:00,user_001271,sess_001818,page_105,esportes,computador,direto,0,1,18.8,92.5,0
evt_000956,2026-03-25 01:07:00,user_001451,sess_000346,page_089,esportes,celular,orgânico,0,1,70.1,40.7,0
evt_000957,2026-04-08 01:51:00,user_000741,sess_001864,page_045,finanças,celular,direto,0,1,23.4,76.4,0
evt_000958,2026-04-28 06:54:00,user_001268,sess_000588,page_138,entretenimento,celular,orgânico,0,1,18.3,67.0,0
evt_000959,2026-03-25 17:00:00,user_001043,sess_001129,page_100,tecnologia,celular,orgânico,1,1,65.2,65.0,0
evt_000960,2026-03-10 04:57:00,user_002084,sess_000567,page_132,notícias,computador,orgânico,1,1,80.5,36.4,1
evt_000961,2026-03-25 12:38:00,user_002272,sess_000884,page_135,estilo de vida,computador,redes sociais,0,1,61.0,59.6,1
evt_000962,2026-04-20 09:45:00,user_000296,sess_000680,page_077,tecnologia,celular,direto,0,1,129.9,47.4,0
evt_000963,2026-03-14 01:23:00,user_001396,sess_001410,page_050,tecnologia,celular,referência,0,1,90.9,76.7,0
evt_000964,2026-04-26 22:45:00,user_002973,sess_000163,page_132,finanças,celular,redes sociais,0,1,7.7,71.1,1
evt_000965,2026-04-05 07:09:00,user_002605,sess_001676,page_139,tecnologia,celular,orgânico,1,1,21.8,87.7,0
evt_000966,2026-04-06 02:15:00,user_002381,sess_001807,page_017,estilo de vida,computador,direto,1,1,143.0,86.8,0
evt_000967,2026-03-20 00:32:00,user_002205,sess_001126,page_089,notícias,computador,redes sociais,0,1,67.5,50.1,0
evt_000968,2026-04-25 05:27:00,user_000013,sess_001095,page_084,notícias,computador,redes sociais,0,1,64.1,86.8,1
evt_000969,2026-03-03 03:55:00,user_002922,sess_001400,page_105,esportes,computador,redes sociais,1,1,10.7,45.7,1
evt_000970,2026-03-18 22:05:00,user_002205,sess_000398,page_136,notícias,celular,redes sociais,0,1,79.3,84.8,1
evt_000971,2026-03-26 02:29:00,user_002665,sess_001499,page_036,esportes,celular,direto,0,1,39.5,34.6,1
evt_000972,2026-03-29 15:16:00,user_002726,sess_000438,page_136,tecnologia,celular,redes sociais,0,1,31.9,87.8,1
evt_000973,2026-03-29 10:45:00,user_000764,sess_001353,page_090,tecnologia,celular,referência,1,1,26.5,44.0,1
evt_000974,2026-03-09 21:00:00,user_000042,sess_000611,page_012,notícias,computador,direto,0,1,31.0,51.3,1
evt_000975,2026-03-14 12:51:00,user_001977,sess_001492,page_072,notícias,celular,redes sociais,0,1,52.5,54.6,0
evt_000976,2026-03-06 17:08:00,user_001377,sess_001582,page_019,estilo de vida,computador,orgânico,0,1,27.4,46.1,1
evt_000977,2026-04-04 08:20:00,user_000062,sess_000418,page_133,finanças,computador,orgânico,1,1,66.5,93.3,0
evt_000978,2026-03-22 01:15:00,user_000813,sess_001235,page_107,notícias,celular,orgânico,1,1,25.6,23.9,0
evt_000979,2026-04-03 22:42:00,user_002973,sess_000997,page_126,tecnologia,computador,orgânico,0,1,100.1,68.3,1
evt_000980,2026-04-05 09:11:00,user_001090,sess_000588,page_084,notícias,computador,orgânico,0,1,126.0,70.1,0
evt_000981,2026-04-12 02:52:00,user_000783,sess_001176,page_056,notícias,celular,direto,1,1,46.8,37.1,1
evt_000982,2026-04-02 19:43:00,user_001964,sess_001985,page_060,tecnologia,celular,orgânico,0,1,76.4,49.0,0
evt_000983,2026-04-08 21:02:00,user_001994,sess_000005,page_132,estilo de vida,computador,orgânico,0,1,5.5,38.1,1
evt_000984,2026-04-05 05:29:00,user_000996,sess_001913,page_022,esportes,celular,redes sociais,0,1,21.2,51.6,0
evt_000985,2026-04-09 03:30:00,user_002547,sess_001712,page_123,estilo de vida,computador,direto,0,1,20.2,76.2,0
evt_000986,2026-04-06 23:58:00,user_001741,sess_001059,page_059,entretenimento,celular,orgânico,0,1,21.1,50.4,0
evt_000987,2026-03-19 23:20:00,user_000482,sess_001220,page_083,notícias,celular,referência,0,1,19.3,63.8,0
evt_000988,2026-03-15 18:38:00,user_000975,sess_000739,page_093,estilo de vida,celular,referência,0,1,82.1,56.0,0
evt_000989,2026-04-17 05:54:00,user_002543,sess_000259,page_012,notícias,celular,referência,1,1,7.4,98.2,1
evt_000990,2026-03-21 13:29:00,user_000268,sess_001143,page_021,finanças,computador,direto,0,1,206.4,68.6,1
evt_000991,2026-04-02 22:46:00,user_000037,sess_001632,page_023,finanças,computador,referência,1,1,67.8,48.9,0
evt_000992,2026-03-12 19:38:00,user_001969,sess_000462,page_109,esportes,celular,orgânico,0,1,87.8,62.8,1
evt_000993,2026-03-26 21:14:00,user_001326,sess_001434,page_011,notícias,computador,direto,0,1,23.0,72.0,1
evt_000994,2026-04-01 18:42:00,user_000759,sess_001496,page_085,tecnologia,computador,orgânico,1,1,42.9,47.2,1
evt_000995,2026-04-07 13:27:00,user_001416,sess_001516,page_016,esportes,celular,orgânico,1,1,91.5,83.8,0
evt_000996,2026-04-01 13:58:00,user_000551,sess_000680,page_107,entretenimento,computador,newsletter,0,1,102.2,25.6,0
evt_000997,2026-03-22 15:20:00,user_001122,sess_000784,page_136,esportes,celular,redes sociais,0,1,66.2,49.5,1
evt_000998,2026-04-27 16:57:00,user_000702,sess_000833,page_058,tecnologia,celular,orgânico,0,1,33.1,58.4,1
evt_000999,2026-03-31 18:20:00,user_001759,sess_001708,page_030,estilo de vida,celular,orgânico,1,1,109.4,77.6,1
evt_001000,2026-04-18 11:57:00,user_002021,sess_001800,page_062,esportes,celular,redes sociais,0,1,27.4,86.3,0
evt_001001,2026-04-14 04:51:00,user_002744,sess_000828,page_097,tecnologia,celular,referência,0,1,33.9,85.8,0
evt_001002,2026-04-03 11:58:00,user_000204,sess_001939,page_102,tecnologia,celular,referência,1,1,18.6,61.2,1
evt_001003,2026-04-23 04:25:00,user_000981,sess_001141,page_089,finanças,celular,orgânico,0,1,74.7,88.7,1
evt_001004,2026-03-08 16:42:00,user_000794,sess_000770,page_081,finanças,celular,orgânico,0,1,37.8,79.3,1
evt_001005,2026-04-25 06:19:00,user_001738,sess_000002,page_088,estilo de vida,celular,orgânico,0,1,55.5,60.6,0
evt_001006,2026-04-21 00:19:00,user_001599,sess_001222,page_031,estilo de vida,celular,direto,0,1,27.7,48.0,0
evt_001007,2026-03-31 05:13:00,user_002632,sess_001290,page_029,finanças,celular,redes sociais,0,1,57.0,70.7,0
evt_001008,2026-04-14 00:05:00,user_002757,sess_001936,page_130,tecnologia,tablet,direto,0,1,98.3,83.3,1
evt_001009,2026-04-01 05:11:00,user_002319,sess_001436,page_081,esportes,celular,redes sociais,0,1,34.9,59.8,0
evt_001010,2026-03-17 03:01:00,user_000597,sess_000060,page_120,finanças,tablet,orgânico,0,1,67.9,58.4,0
evt_001011,2026-04-17 23:48:00,user_000123,sess_001134,page_087,estilo de vida,computador,orgânico,1,1,53.4,81.1,0
evt_001012,2026-03-15 18:07:00,user_002697,sess_001485,page_064,entretenimento,computador,orgânico,1,1,77.4,49.2,0
evt_001013,2026-03-19 20:48:00,user_002828,sess_000993,page_080,esportes,computador,direto,1,1,82.4,69.2,1
evt_001014,2026-04-01 03:46:00,user_000751,sess_000859,page_097,esportes,celular,redes sociais,0,1,16.2,65.8,0
evt_001015,2026-04-20 05:49:00,user_000140,sess_001620,page_026,notícias,computador,newsletter,0,1,93.9,76.1,0
evt_001016,2026-03-24 00:51:00,user_002042,sess_001223,page_065,estilo de vida,computador,orgânico,1,1,52.7,74.1,0
evt_001017,2026-03-30 15:33:00,user_001766,sess_001363,page_101,finanças,computador,newsletter,0,1,85.3,79.3,0
evt_001018,2026-03-03 11:59:00,user_002666,sess_000928,page_013,esportes,celular,orgânico,0,1,4.8,51.5,1
evt_001019,2026-03-07 22:50:00,user_001726,sess_000556,page_011,notícias,computador,orgânico,0,1,76.8,47.7,0
evt_001020,2026-03-04 08:33:00,user_002281,sess_001038,page_023,entretenimento,celular,orgânico,0,1,30.6,64.5,0
evt_001021,2026-03-05 07:45:00,user_002359,sess_001918,page_083,finanças,celular,orgânico,0,1,62.2,70.8,1
evt_001022,2026-04-22 02:40:00,user_000030,sess_001205,page_034,estilo de vida,celular,orgânico,1,1,72.0,100.0,0
evt_001023,2026-04-20 12:28:00,user_000446,sess_001414,page_061,notícias,celular,orgânico,0,1,168.7,65.2,1
evt_001024,2026-04-19 07:30:00,user_002340,sess_000249,page_019,notícias,computador,redes sociais,0,1,58.9,59.9,0
evt_001025,2026-03-04 08:01:00,user_000538,sess_001975,page_035,notícias,tablet,direto,1,1,55.1,46.8,0
evt_001026,2026-03-05 15:48:00,user_000619,sess_000490,page_003,esportes,celular,direto,0,1,21.7,37.7,0
evt_001027,2026-03-17 20:04:00,user_002256,sess_001942,page_113,finanças,computador,referência,1,1,48.1,35.9,0
evt_001028,2026-04-03 22:01:00,user_000614,sess_000892,page_065,esportes,computador,direto,0,1,24.1,36.6,1
evt_001029,2026-03-21 01:08:00,user_000449,sess_001837,page_025,esportes,celular,newsletter,1,1,83.0,52.3,0
evt_001030,2026-03-30 06:05:00,user_000041,sess_001783,page_074,notícias,celular,orgânico,1,1,74.6,77.4,0
evt_001031,2026-03-11 09:06:00,user_001408,sess_001510,page_130,esportes,celular,newsletter,1,1,91.5,66.5,0
evt_001032,2026-04-13 20:19:00,user_001910,sess_001832,page_115,notícias,celular,redes sociais,0,1,40.9,38.5,0
evt_001033,2026-03-19 20:00:00,user_002195,sess_001219,page_123,notícias,tablet,redes sociais,1,1,15.0,46.0,0
evt_001034,2026-03-04 23:49:00,user_002716,sess_001697,page_057,notícias,celular,redes sociais,0,1,41.9,55.9,1
evt_001035,2026-04-14 13:28:00,user_001954,sess_000345,page_051,estilo de vida,computador,orgânico,0,1,58.1,51.2,1
evt_001036,2026-04-24 04:00:00,user_002269,sess_000141,page_044,entretenimento,computador,orgânico,0,1,145.7,41.0,1
evt_001037,2026-03-01 21:08:00,user_000632,sess_001087,page_043,estilo de vida,computador,redes sociais,1,1,152.7,8.8,0
evt_001038,2026-03-27 04:48:00,user_001021,sess_001619,page_128,notícias,computador,direto,0,1,29.9,36.8,1
evt_001039,2026-04-19 15:07:00,user_000912,sess_001530,page_020,entretenimento,computador,referência,1,1,51.4,37.9,0
evt_001040,2026-04-12 08:52:00,user_000196,sess_001056,page_119,entretenimento,celular,orgânico,1,1,17.0,80.9,1
evt_001041,2026-04-21 09:25:00,user_002906,sess_001042,page_128,finanças,celular,orgânico,0,1,12.5,94.0,1
evt_001042,2026-03-25 21:54:00,user_000724,sess_001220,page_118,notícias,computador,redes sociais,0,1,100.7,20.5,1
evt_001043,2026-03-23 08:03:00,user_001346,sess_001736,page_088,tecnologia,celular,orgânico,0,1,12.4,73.1,1
evt_001044,2026-04-12 13:12:00,user_001071,sess_001683,page_119,entretenimento,tablet,orgânico,0,1,98.3,82.4,1
evt_001045,2026-03-10 05:12:00,user_000134,sess_000220,page_005,tecnologia,computador,orgânico,0,1,97.1,42.6,0
evt_001046,2026-03-15 08:46:00,user_002710,sess_001191,page_114,estilo de vida,computador,direto,0,1,29.1,25.5,0
evt_001047,2026-04-06 01:12:00,user_000659,sess_000762,page_072,estilo de vida,celular,orgânico,0,1,25.3,90.8,0
evt_001048,2026-04-10 02:34:00,user_000302,sess_001599,page_134,entretenimento,celular,orgânico,0,1,43.6,54.3,1
evt_001049,2026-03-08 04:19:00,user_001027,sess_001012,page_012,notícias,celular,orgânico,0,1,55.2,83.5,1
evt_001050,2026-03-31 11:58:00,user_000432,sess_001982,page_130,notícias,computador,redes sociais,0,1,55.1,59.7,0
evt_001051,2026-03-22 21:29:00,user_002998,sess_000865,page_080,tecnologia,celular,orgânico,0,1,37.0,87.5,0
evt_001052,2026-03-31 02:30:00,user_000567,sess_001358,page_015,notícias,celular,redes sociais,0,1,9.1,67.3,0
evt_001053,2026-04-27 12:08:00,user_000908,sess_000218,page_071,esportes,computador,referência,0,1,60.1,50.8,0
evt_001054,2026-03-05 14:19:00,user_000814,sess_001864,page_006,esportes,celular,orgânico,1,1,114.9,48.4,1
evt_001055,2026-04-29 17:28:00,user_000080,sess_000307,page_012,esportes,celular,orgânico,0,1,48.7,46.4,0
evt_001056,2026-03-27 23:23:00,user_000039,sess_000757,page_074,notícias,computador,orgânico,1,1,38.6,54.0,0
evt_001057,2026-04-16 07:49:00,user_001539,sess_001675,page_114,estilo de vida,tablet,newsletter,0,1,134.2,56.7,0
evt_001058,2026-03-26 11:14:00,user_000698,sess_001934,page_016,finanças,computador,redes sociais,1,1,28.1,73.4,0
evt_001059,2026-03-19 15:47:00,user_000251,sess_000969,page_037,estilo de vida,celular,referência,0,1,54.5,50.1,0
evt_001060,2026-04-16 05:39:00,user_000874,sess_000969,page_055,esportes,celular,referência,1,1,116.4,93.2,0
evt_001061,2026-04-11 06:14:00,user_000822,sess_000098,page_076,entretenimento,computador,newsletter,0,1,62.6,90.3,0
evt_001062,2026-03-09 15:26:00,user_001272,sess_001957,page_001,estilo de vida,celular,referência,0,1,125.0,63.8,1
evt_001063,2026-04-12 07:47:00,user_002977,sess_000033,page_089,entretenimento,computador,orgânico,1,1,40.0,95.1,0
evt_001064,2026-04-15 04:25:00,user_000921,sess_000053,page_070,esportes,computador,redes sociais,0,1,114.8,87.3,1
evt_001065,2026-03-24 06:29:00,user_002114,sess_000947,page_134,notícias,computador,newsletter,0,1,66.8,52.2,0
evt_001066,2026-04-25 12:56:00,user_002305,sess_000008,page_042,tecnologia,celular,direto,1,1,85.1,67.7,0
evt_001067,2026-04-08 10:52:00,user_000152,sess_000329,page_069,tecnologia,tablet,direto,0,1,36.0,57.0,1
evt_001068,2026-03-21 00:25:00,user_001504,sess_001255,page_012,notícias,computador,referência,0,1,62.2,87.1,1
evt_001069,2026-03-01 15:26:00,user_001346,sess_001410,page_128,estilo de vida,celular,redes sociais,0,1,47.1,40.9,0
evt_001070,2026-04-10 11:56:00,user_001523,sess_000597,page_116,estilo de vida,tablet,direto,0,1,46.7,29.9,1
evt_001071,2026-03-13 13:02:00,user_000515,sess_001590,page_050,notícias,celular,redes sociais,1,1,70.9,57.9,0
evt_001072,2026-04-15 09:23:00,user_001395,sess_001215,page_065,estilo de vida,computador,orgânico,0,1,45.0,41.2,0
evt_001073,2026-04-01 12:07:00,user_000369,sess_000457,page_120,esportes,computador,orgânico,1,1,24.8,41.7,0
evt_001074,2026-03-29 00:05:00,user_002837,sess_001425,page_042,notícias,celular,direto,0,1,11.5,54.6,0
evt_001075,2026-03-10 19:48:00,user_001761,sess_001184,page_033,tecnologia,computador,newsletter,0,1,34.8,49.4,0
evt_001076,2026-04-12 16:34:00,user_000104,sess_001624,page_034,finanças,celular,referência,0,1,76.9,60.4,0
evt_001077,2026-03-10 22:54:00,user_001517,sess_000309,page_099,tecnologia,celular,orgânico,1,1,74.7,54.0,1
evt_001078,2026-03-26 01:33:00,user_002779,sess_000462,page_030,tecnologia,celular,referência,0,1,93.1,63.8,0
evt_001079,2026-04-20 04:16:00,user_002228,sess_000607,page_013,entretenimento,computador,orgânico,0,1,20.8,45.2,0
evt_001080,2026-04-25 05:19:00,user_000819,sess_000683,page_023,finanças,celular,redes sociais,1,1,42.6,55.0,1
evt_001081,2026-04-29 08:21:00,user_002677,sess_001777,page_138,finanças,celular,newsletter,1,1,20.8,83.7,0
evt_001082,2026-04-27 11:32:00,user_000557,sess_001465,page_122,esportes,celular,newsletter,1,1,39.2,81.9,0
evt_001083,2026-04-03 08:35:00,user_000740,sess_001088,page_133,estilo de vida,computador,redes sociais,0,1,44.3,94.0,1
evt_001084,2026-03-13 00:41:00,user_000465,sess_001081,page_039,finanças,computador,direto,1,1,88.6,67.0,0
evt_001085,2026-04-20 08:15:00,user_002769,sess_001771,page_062,tecnologia,computador,orgânico,1,1,73.6,80.8,1
evt_001086,2026-04-18 02:20:00,user_002151,sess_000894,page_069,esportes,computador,direto,0,1,44.6,52.1,0
evt_001087,2026-04-29 10:03:00,user_001554,sess_000451,page_073,notícias,celular,orgânico,0,1,13.3,67.5,0
evt_001088,2026-04-09 01:21:00,user_002004,sess_000274,page_004,tecnologia,celular,orgânico,0,1,29.7,60.3,0
evt_001089,2026-03-09 11:53:00,user_000777,sess_000660,page_084,tecnologia,computador,referência,0,1,43.4,93.1,0
evt_001090,2026-03-31 04:10:00,user_000212,sess_001306,page_006,esportes,celular,orgânico,1,1,146.0,45.8,0
evt_001091,2026-03-27 21:28:00,user_002537,sess_000942,page_039,estilo de vida,celular,direto,0,1,68.5,41.8,0
evt_001092,2026-04-20 13:50:00,user_002892,sess_000844,page_041,finanças,celular,redes sociais,0,1,27.0,67.1,0
evt_001093,2026-03-24 13:18:00,user_000107,sess_000960,page_094,tecnologia,celular,orgânico,0,1,24.5,19.6,0
evt_001094,2026-03-20 17:10:00,user_000156,sess_001949,page_125,esportes,celular,orgânico,0,1,49.4,59.5,0
evt_001095,2026-03-05 19:16:00,user_001678,sess_001995,page_098,finanças,celular,orgânico,1,1,33.2,17.1,1
evt_001096,2026-04-20 03:03:00,user_000130,sess_000323,page_061,notícias,computador,orgânico,1,1,26.3,40.6,0
evt_001097,2026-04-15 07:40:00,user_002165,sess_000229,page_073,notícias,celular,direto,0,1,33.2,58.0,0
evt_001098,2026-03-03 11:22:00,user_002836,sess_000489,page_072,tecnologia,computador,redes sociais,0,1,43.4,25.1,1
evt_001099,2026-03-27 00:38:00,user_000840,sess_001704,page_021,esportes,celular,redes sociais,1,1,105.8,63.2,1
evt_001100,2026-03-29 18:47:00,user_000883,sess_000919,page_134,notícias,tablet,referência,0,1,89.4,14.4,0
evt_001101,2026-03-29 03:49:00,user_002590,sess_001727,page_128,notícias,computador,direto,1,1,76.4,56.6,0
evt_001102,2026-04-25 03:15:00,user_001069,sess_001293,page_034,finanças,computador,direto,1,1,92.4,80.8,1
evt_001103,2026-03-10 00:58:00,user_000721,sess_001106,page_016,tecnologia,computador,redes sociais,0,1,75.0,81.4,0
evt_001104,2026-03-19 09:08:00,user_000253,sess_000563,page_023,esportes,tablet,direto,0,1,102.3,88.6,0
evt_001105,2026-03-11 20:32:00,user_002519,sess_000688,page_088,tecnologia,celular,orgânico,0,1,27.8,40.4,1
evt_001106,2026-03-15 15:28:00,user_002777,sess_000296,page_005,tecnologia,celular,orgânico,0,1,19.0,49.9,1
evt_001107,2026-04-24 10:13:00,user_000236,sess_001038,page_015,esportes,computador,orgânico,0,1,60.2,44.2,0
evt_001108,2026-04-26 10:38:00,user_002409,sess_000561,page_091,tecnologia,computador,direto,0,1,85.2,75.1,0
evt_001109,2026-03-03 16:17:00,user_000480,sess_000585,page_021,notícias,computador,redes sociais,0,1,54.4,62.2,0
evt_001110,2026-04-07 22:12:00,user_000417,sess_000080,page_010,finanças,celular,newsletter,0,1,29.2,65.8,0
evt_001111,2026-03-14 23:18:00,user_001143,sess_001598,page_003,notícias,computador,orgânico,0,1,76.9,56.7,0
evt_001112,2026-03-12 13:17:00,user_001310,sess_001878,page_099,notícias,tablet,orgânico,1,1,60.8,69.4,0
evt_001113,2026-03-18 12:33:00,user_002562,sess_000997,page_051,notícias,celular,orgânico,0,1,36.4,40.9,0
evt_001114,2026-03-12 15:55:00,user_002099,sess_001072,page_040,notícias,tablet,referência,1,1,37.4,73.9,0
evt_001115,2026-03-30 09:53:00,user_000434,sess_001851,page_089,tecnologia,computador,redes sociais,0,1,10.3,64.6,0
evt_001116,2026-04-29 17:40:00,user_001752,sess_001023,page_024,estilo de vida,celular,direto,1,1,18.5,78.9,1
evt_001117,2026-04-05 04:28:00,user_002626,sess_001245,page_073,entretenimento,computador,redes sociais,1,1,17.1,50.8,0
evt_001118,2026-04-13 09:28:00,user_001986,sess_000856,page_068,finanças,celular,orgânico,0,1,15.0,67.0,0
evt_001119,2026-03-30 14:20:00,user_000689,sess_001029,page_094,estilo de vida,celular,direto,0,1,82.7,79.9,0
evt_001120,2026-03-01 20:01:00,user_000387,sess_001044,page_087,notícias,computador,referência,1,1,7.4,35.0,0
evt_001121,2026-03-06 01:07:00,user_001358,sess_001422,page_094,estilo de vida,tablet,redes sociais,0,1,5.9,82.3,0
evt_001122,2026-03-17 03:10:00,user_001417,sess_001208,page_030,esportes,computador,orgânico,0,1,178.5,52.8,0
evt_001123,2026-03-15 14:52:00,user_001058,sess_001008,page_020,entretenimento,computador,direto,0,1,40.0,73.7,0
evt_001124,2026-04-20 10:26:00,user_000328,sess_000152,page_075,entretenimento,celular,direto,0,1,20.6,74.3,1
evt_001125,2026-04-20 14:46:00,user_000355,sess_001809,page_008,notícias,celular,referência,0,1,186.9,54.5,1
evt_001126,2026-04-21 05:56:00,user_001587,sess_001776,page_064,estilo de vida,computador,orgânico,0,1,27.0,58.7,0
evt_001127,2026-04-08 06:07:00,user_002832,sess_000369,page_087,estilo de vida,tablet,referência,1,1,86.2,31.0,0
evt_001128,2026-04-03 08:53:00,user_001794,sess_000587,page_115,estilo de vida,computador,referência,0,1,41.3,22.2,0
evt_001129,2026-04-08 22:46:00,user_001315,sess_001946,page_091,notícias,celular,orgânico,1,1,13.8,60.1,1
evt_001130,2026-03-25 09:48:00,user_002793,sess_000642,page_139,estilo de vida,computador,direto,0,1,4.3,81.5,0
evt_001131,2026-04-10 05:05:00,user_002071,sess_001624,page_078,tecnologia,computador,orgânico,1,1,44.5,54.4,0
evt_001132,2026-04-17 15:59:00,user_002154,sess_001571,page_063,esportes,celular,orgânico,1,1,25.9,16.4,1
evt_001133,2026-04-15 18:34:00,user_001726,sess_001721,page_035,finanças,celular,direto,0,1,44.7,56.5,0
evt_001134,2026-04-06 19:54:00,user_002288,sess_000032,page_094,notícias,celular,orgânico,1,1,87.7,48.1,0
evt_001135,2026-03-04 11:40:00,user_001505,sess_000966,page_113,entretenimento,computador,orgânico,0,1,63.5,50.9,1
evt_001136,2026-04-13 11:55:00,user_001866,sess_001131,page_045,notícias,computador,direto,1,1,112.8,37.6,1
evt_001137,2026-03-22 23:54:00,user_001850,sess_001674,page_011,notícias,tablet,newsletter,1,1,14.0,43.5,0
evt_001138,2026-04-14 14:52:00,user_002258,sess_000449,page_002,esportes,computador,orgânico,0,1,42.0,28.1,1
evt_001139,2026-04-02 08:55:00,user_002695,sess_000614,page_088,tecnologia,celular,orgânico,1,1,150.0,99.2,1
evt_001140,2026-04-22 20:54:00,user_000883,sess_000360,page_093,tecnologia,computador,orgânico,1,1,11.8,91.5,1
evt_001141,2026-03-21 07:22:00,user_002098,sess_001524,page_017,notícias,computador,orgânico,1,1,28.7,38.8,0
evt_001142,2026-04-25 21:12:00,user_000095,sess_001997,page_004,notícias,computador,newsletter,0,1,48.2,59.0,0
evt_001143,2026-04-20 16:02:00,user_001597,sess_000281,page_091,tecnologia,computador,redes sociais,0,1,4.3,46.1,0
evt_001144,2026-03-20 20:47:00,user_002696,sess_000466,page_056,finanças,celular,direto,0,1,98.8,62.9,0
evt_001145,2026-03-29 22:54:00,user_001935,sess_000614,page_059,notícias,computador,redes sociais,0,1,163.1,66.0,1
evt_001146,2026-04-01 21:08:00,user_000803,sess_001778,page_037,entretenimento,celular,newsletter,0,1,40.7,61.8,0
evt_001147,2026-04-16 02:49:00,user_001819,sess_000892,page_100,notícias,computador,redes sociais,1,1,58.6,77.6,0
evt_001148,2026-04-11 08:23:00,user_001073,sess_000564,page_104,finanças,celular,newsletter,0,1,41.6,55.8,0
evt_001149,2026-04-21 02:54:00,user_001299,sess_000645,page_008,esportes,celular,direto,1,1,80.2,58.3,0
evt_001150,2026-03-23 04:36:00,user_000685,sess_001196,page_013,tecnologia,computador,newsletter,1,1,56.4,8.6,1
evt_001151,2026-03-31 06:53:00,user_001874,sess_000774,page_078,tecnologia,computador,redes sociais,0,1,150.8,61.2,0
evt_001152,2026-03-26 20:26:00,user_000595,sess_000281,page_084,esportes,computador,referência,0,1,49.9,16.3,1
evt_001153,2026-04-24 13:45:00,user_001331,sess_001640,page_021,estilo de vida,computador,orgânico,1,1,91.0,32.7,0
evt_001154,2026-03-19 07:10:00,user_002817,sess_000845,page_022,entretenimento,computador,direto,1,1,52.5,83.4,0
evt_001155,2026-04-05 05:27:00,user_002273,sess_000514,page_095,tecnologia,computador,redes sociais,1,1,18.6,83.7,1
evt_001156,2026-03-08 05:02:00,user_001243,sess_001457,page_064,finanças,computador,redes sociais,0,1,95.8,45.9,1
evt_001157,2026-04-21 00:23:00,user_002906,sess_001490,page_017,finanças,celular,redes sociais,0,1,15.3,100.0,1
evt_001158,2026-03-24 01:16:00,user_000042,sess_000310,page_085,entretenimento,celular,orgânico,1,1,75.4,72.5,1
evt_001159,2026-03-21 10:27:00,user_002879,sess_000148,page_011,notícias,computador,referência,0,1,48.0,67.6,0
evt_001160,2026-04-04 23:24:00,user_001057,sess_000091,page_033,notícias,celular,redes sociais,0,1,47.0,34.8,1
evt_001161,2026-03-30 22:17:00,user_002462,sess_001531,page_100,notícias,computador,orgânico,0,1,91.6,94.4,1
evt_001162,2026-04-20 21:05:00,user_002842,sess_001251,page_031,tecnologia,tablet,direto,0,1,107.1,72.6,1
evt_001163,2026-04-01 21:13:00,user_001805,sess_001584,page_009,notícias,computador,direto,1,1,75.7,42.1,0
evt_001164,2026-04-01 00:28:00,user_001831,sess_001253,page_134,esportes,computador,orgânico,0,1,122.7,11.6,1
evt_001165,2026-03-07 07:10:00,user_002248,sess_000803,page_032,estilo de vida,celular,orgânico,0,1,39.6,34.7,0
evt_001166,2026-03-02 07:35:00,user_000720,sess_001179,page_072,notícias,computador,redes sociais,1,1,41.1,61.1,0
evt_001167,2026-03-24 21:54:00,user_000534,sess_001445,page_115,esportes,computador,referência,1,1,11.9,53.7,0
evt_001168,2026-04-29 21:25:00,user_001031,sess_000798,page_138,finanças,celular,orgânico,0,1,41.3,95.9,0
evt_001169,2026-04-25 00:57:00,user_001437,sess_001830,page_113,esportes,celular,orgânico,1,1,34.8,36.6,1
evt_001170,2026-04-07 17:43:00,user_002228,sess_001799,page_048,entretenimento,celular,direto,0,1,49.7,64.1,0
evt_001171,2026-04-07 20:23:00,user_000772,sess_001601,page_119,notícias,computador,orgânico,1,1,56.0,78.9,0
evt_001172,2026-03-24 11:45:00,user_001694,sess_001984,page_002,tecnologia,computador,referência,0,1,54.1,31.7,1
evt_001173,2026-03-11 15:36:00,user_000011,sess_000781,page_046,finanças,computador,direto,0,1,33.6,78.2,1
evt_001174,2026-03-01 12:18:00,user_000093,sess_000229,page_028,notícias,celular,referência,0,1,53.3,57.7,1
evt_001175,2026-03-21 07:57:00,user_002900,sess_000968,page_074,notícias,computador,orgânico,0,1,54.8,47.0,0
evt_001176,2026-03-19 23:42:00,user_002551,sess_001492,page_124,finanças,celular,orgânico,1,1,96.5,22.1,0
evt_001177,2026-03-12 11:54:00,user_002591,sess_001558,page_108,esportes,tablet,redes sociais,1,1,16.3,67.1,1
evt_001178,2026-03-16 13:12:00,user_000986,sess_000777,page_139,esportes,tablet,orgânico,0,1,37.5,44.5,1
evt_001179,2026-03-02 11:44:00,user_001541,sess_000585,page_020,entretenimento,computador,orgânico,0,1,27.0,50.4,1
evt_001180,2026-04-06 11:27:00,user_002024,sess_000891,page_105,finanças,celular,redes sociais,0,1,99.3,94.0,0
evt_001181,2026-04-25 15:32:00,user_000763,sess_001607,page_101,entretenimento,celular,redes sociais,0,1,10.0,57.4,0
evt_001182,2026-04-11 10:45:00,user_002233,sess_000122,page_064,notícias,celular,orgânico,0,1,104.9,62.9,0
evt_001183,2026-03-27 21:25:00,user_002079,sess_000656,page_014,notícias,tablet,orgânico,1,1,22.0,97.0,1
evt_001184,2026-03-26 05:11:00,user_001222,sess_000460,page_015,estilo de vida,celular,orgânico,0,1,108.2,61.4,1
evt_001185,2026-03-19 10:51:00,user_001304,sess_001612,page_127,esportes,celular,direto,1,1,27.9,42.1,0
evt_001186,2026-03-09 13:03:00,user_000922,sess_000939,page_042,notícias,computador,orgânico,0,1,74.8,83.4,0
evt_001187,2026-04-05 21:48:00,user_002410,sess_000174,page_089,notícias,celular,direto,0,1,26.3,59.4,1
evt_001188,2026-04-03 23:47:00,user_002960,sess_000524,page_132,notícias,celular,direto,0,1,61.3,47.7,1
evt_001189,2026-03-01 10:31:00,user_002998,sess_000089,page_069,tecnologia,celular,direto,1,1,58.8,40.1,1
evt_001190,2026-03-25 22:21:00,user_002314,sess_000951,page_030,esportes,celular,referência,1,1,30.3,52.3,0
evt_001191,2026-03-17 16:21:00,user_001047,sess_001995,page_068,entretenimento,computador,newsletter,0,1,48.1,77.0,0
evt_001192,2026-03-11 05:12:00,user_002343,sess_001134,page_032,notícias,celular,orgânico,1,1,34.5,46.8,1
evt_001193,2026-04-12 04:22:00,user_000733,sess_001739,page_026,esportes,tablet,orgânico,0,1,24.8,61.4,0
evt_001194,2026-04-01 13:11:00,user_002689,sess_001485,page_113,esportes,computador,direto,0,1,217.1,41.2,1
evt_001195,2026-04-08 00:37:00,user_000802,sess_001765,page_049,finanças,celular,direto,0,1,4.2,94.5,0
evt_001196,2026-04-12 19:24:00,user_001209,sess_000622,page_096,entretenimento,celular,orgânico,1,1,64.5,30.4,1
evt_001197,2026-04-28 21:48:00,user_000280,sess_001902,page_102,tecnologia,celular,newsletter,0,1,37.7,38.4,0
evt_001198,2026-04-18 03:58:00,user_000244,sess_000478,page_077,notícias,computador,referência,0,1,36.8,44.8,0
evt_001199,2026-04-07 05:18:00,user_001182,sess_000877,page_076,finanças,celular,referência,0,1,39.1,38.8,0
evt_001200,2026-04-22 17:47:00,user_001651,sess_001362,page_026,tecnologia,celular,orgânico,0,1,56.9,68.5,1
evt_001201,2026-03-29 15:36:00,user_000053,sess_000574,page_074,notícias,computador,redes sociais,1,1,161.0,71.6,0
evt_001202,2026-04-29 02:03:00,user_002538,sess_000529,page_105,finanças,tablet,redes sociais,0,1,63.7,78.9,1
evt_001203,2026-04-15 16:27:00,user_000344,sess_000260,page_028,esportes,celular,orgânico,0,1,33.6,71.8,1
evt_001204,2026-04-09 01:16:00,user_002995,sess_000009,page_033,finanças,computador,orgânico,1,1,34.7,36.2,0
evt_001205,2026-04-24 04:47:00,user_000815,sess_001002,page_096,finanças,computador,orgânico,1,1,12.8,71.1,1
evt_001206,2026-03-31 21:42:00,user_001137,sess_001973,page_137,esportes,computador,referência,0,1,28.4,85.6,0
evt_001207,2026-04-13 05:48:00,user_000480,sess_000440,page_055,entretenimento,computador,redes sociais,1,1,64.2,51.2,1
evt_001208,2026-03-18 02:00:00,user_002473,sess_000880,page_116,finanças,computador,redes sociais,0,1,75.0,87.6,0
evt_001209,2026-04-27 19:01:00,user_002196,sess_001871,page_026,entretenimento,computador,orgânico,0,1,188.8,54.8,0
evt_001210,2026-04-07 09:38:00,user_000236,sess_001544,page_080,tecnologia,tablet,newsletter,0,1,68.5,55.5,1
evt_001211,2026-04-16 22:05:00,user_000317,sess_000009,page_132,esportes,celular,newsletter,1,1,37.3,33.8,0
evt_001212,2026-03-28 15:27:00,user_001827,sess_001001,page_062,finanças,celular,direto,0,1,52.1,56.5,1
evt_001213,2026-04-22 00:11:00,user_002598,sess_000287,page_071,esportes,celular,orgânico,1,1,101.4,83.7,1
evt_001214,2026-03-05 10:48:00,user_000330,sess_000494,page_022,tecnologia,celular,orgânico,1,1,84.8,45.3,0
evt_001215,2026-03-07 20:18:00,user_000664,sess_000493,page_074,notícias,celular,redes sociais,1,1,38.1,95.9,1
evt_001216,2026-03-31 10:14:00,user_001636,sess_001225,page_082,entretenimento,computador,referência,0,1,38.0,54.7,0
evt_001217,2026-04-13 22:40:00,user_000326,sess_000398,page_137,estilo de vida,celular,newsletter,0,1,110.7,85.0,1
evt_001218,2026-04-18 13:16:00,user_000914,sess_000504,page_028,estilo de vida,celular,orgânico,1,1,42.1,58.2,0
evt_001219,2026-03-27 09:43:00,user_000031,sess_000452,page_051,finanças,tablet,orgânico,1,1,27.6,19.7,0
evt_001220,2026-04-08 23:31:00,user_001497,sess_000714,page_090,estilo de vida,celular,orgânico,0,1,76.6,43.5,1
evt_001221,2026-04-03 04:28:00,user_002145,sess_001312,page_132,estilo de vida,celular,orgânico,0,1,97.3,43.6,0
evt_001222,2026-04-27 16:35:00,user_001236,sess_000800,page_034,estilo de vida,celular,direto,0,1,29.9,44.2,1
evt_001223,2026-04-09 05:54:00,user_000770,sess_000655,page_097,notícias,computador,redes sociais,1,1,103.0,32.9,0
evt_001224,2026-03-26 00:15:00,user_001273,sess_001035,page_123,estilo de vida,computador,referência,1,1,140.5,38.3,0
evt_001225,2026-04-28 04:32:00,user_001528,sess_001230,page_089,esportes,celular,orgânico,1,1,82.6,70.2,0
evt_001226,2026-03-07 10:26:00,user_000497,sess_000031,page_060,estilo de vida,computador,orgânico,0,1,10.4,100.0,0
evt_001227,2026-04-29 01:47:00,user_000335,sess_001780,page_033,estilo de vida,computador,redes sociais,0,1,48.7,62.1,0
evt_001228,2026-03-10 05:46:00,user_000546,sess_001832,page_041,notícias,computador,referência,1,1,121.1,51.0,0
evt_001229,2026-03-18 07:02:00,user_002955,sess_001205,page_008,tecnologia,celular,referência,0,1,99.0,8.6,1
evt_001230,2026-04-19 06:55:00,user_002169,sess_001149,page_022,finanças,celular,referência,0,1,3.0,100.0,1
evt_001231,2026-04-14 00:36:00,user_000377,sess_001389,page_061,estilo de vida,celular,redes sociais,0,1,62.2,79.3,0
evt_001232,2026-04-28 05:18:00,user_000904,sess_000882,page_020,estilo de vida,celular,orgânico,0,1,66.8,48.9,1
evt_001233,2026-04-14 23:58:00,user_001236,sess_000731,page_002,estilo de vida,tablet,direto,1,1,98.8,64.2,0
evt_001234,2026-04-08 05:17:00,user_000544,sess_000706,page_097,tecnologia,celular,newsletter,1,1,25.5,48.6,0
evt_001235,2026-03-21 18:56:00,user_002555,sess_000320,page_010,notícias,celular,orgânico,0,1,77.7,34.5,1
evt_001236,2026-03-01 06:47:00,user_002821,sess_001682,page_020,notícias,celular,orgânico,1,1,89.2,50.1,1
evt_001237,2026-03-08 10:22:00,user_000735,sess_000641,page_083,estilo de vida,computador,orgânico,1,1,45.1,75.2,0
evt_001238,2026-03-18 20:47:00,user_000050,sess_000569,page_129,esportes,celular,direto,0,1,43.5,65.3,1
evt_001239,2026-03-03 10:57:00,user_000801,sess_001928,page_101,notícias,celular,redes sociais,1,1,115.6,53.7,1
evt_001240,2026-03-31 11:46:00,user_001748,sess_001013,page_005,notícias,tablet,orgânico,0,1,44.1,71.0,1
evt_001241,2026-04-16 15:22:00,user_002425,sess_001244,page_024,esportes,computador,orgânico,0,1,33.3,51.6,0
evt_001242,2026-04-27 19:05:00,user_001019,sess_000491,page_103,entretenimento,computador,direto,0,1,16.7,82.9,0
evt_001243,2026-03-30 09:10:00,user_000820,sess_000555,page_102,notícias,computador,redes sociais,0,1,60.6,37.0,0
evt_001244,2026-04-22 12:00:00,user_000747,sess_001456,page_055,esportes,computador,orgânico,0,1,39.8,50.8,0
evt_001245,2026-04-29 03:10:00,user_000009,sess_000902,page_133,entretenimento,tablet,redes sociais,0,1,40.5,73.9,0
evt_001246,2026-04-21 14:09:00,user_000043,sess_000296,page_124,entretenimento,celular,orgânico,1,1,55.6,72.4,0
evt_001247,2026-03-28 21:33:00,user_001284,sess_001671,page_104,esportes,computador,orgânico,0,1,106.3,44.5,0
evt_001248,2026-03-20 12:22:00,user_001853,sess_000806,page_105,entretenimento,celular,orgânico,0,1,96.0,40.5,1
evt_001249,2026-04-28 16:12:00,user_000038,sess_001337,page_110,notícias,celular,orgânico,0,1,85.7,68.3,0
evt_001250,2026-03-15 12:21:00,user_000601,sess_000683,page_021,tecnologia,computador,orgânico,0,1,34.8,86.7,0
evt_001251,2026-03-25 16:40:00,user_002729,sess_001121,page_098,notícias,computador,orgânico,0,1,73.8,76.0,0
evt_001252,2026-03-05 10:36:00,user_002970,sess_001551,page_131,finanças,computador,orgânico,1,1,13.6,42.4,0
evt_001253,2026-04-17 14:54:00,user_001925,sess_001770,page_032,esportes,celular,direto,0,1,63.1,44.5,0
evt_001254,2026-04-08 23:45:00,user_001565,sess_000415,page_003,tecnologia,celular,referência,0,1,31.4,36.3,1
evt_001255,2026-03-06 02:08:00,user_001749,sess_001345,page_051,notícias,computador,orgânico,0,1,59.2,86.3,0
evt_001256,2026-03-14 07:34:00,user_001112,sess_001829,page_038,finanças,celular,direto,0,1,39.5,64.8,1
evt_001257,2026-04-03 07:51:00,user_000605,sess_001285,page_132,estilo de vida,celular,orgânico,1,1,51.3,51.9,1
evt_001258,2026-04-02 10:11:00,user_001128,sess_000287,page_062,notícias,computador,referência,0,1,7.8,63.5,1
evt_001259,2026-04-18 02:57:00,user_002100,sess_000380,page_092,entretenimento,celular,orgânico,1,1,203.1,67.5,1
evt_001260,2026-03-16 23:10:00,user_001988,sess_000406,page_137,esportes,computador,orgânico,1,1,59.9,50.1,0
evt_001261,2026-04-25 11:34:00,user_002032,sess_000213,page_110,notícias,computador,redes sociais,1,1,104.9,63.6,1
evt_001262,2026-03-27 16:02:00,user_001826,sess_001507,page_105,esportes,celular,orgânico,0,1,68.5,60.0,0
evt_001263,2026-04-19 08:31:00,user_000182,sess_001930,page_135,esportes,computador,orgânico,0,1,7.7,90.8,1
evt_001264,2026-03-15 07:16:00,user_001879,sess_001034,page_096,notícias,celular,orgânico,1,1,61.8,58.7,1
evt_001265,2026-03-03 05:14:00,user_002642,sess_001198,page_033,finanças,celular,direto,0,1,10.5,74.1,0
evt_001266,2026-03-04 07:16:00,user_001947,sess_001547,page_102,estilo de vida,computador,orgânico,1,1,34.2,45.4,0
evt_001267,2026-03-23 08:41:00,user_001738,sess_000831,page_045,finanças,tablet,orgânico,1,1,52.1,53.7,0
evt_001268,2026-04-27 04:32:00,user_000672,sess_000945,page_046,finanças,computador,referência,0,1,42.1,75.2,0
evt_001269,2026-03-03 22:07:00,user_002377,sess_001178,page_090,tecnologia,celular,orgânico,0,1,17.0,39.8,1
evt_001270,2026-03-23 03:19:00,user_001355,sess_000609,page_044,esportes,celular,orgânico,0,1,17.0,64.7,0
evt_001271,2026-03-07 13:21:00,user_000789,sess_000124,page_004,estilo de vida,celular,redes sociais,1,1,93.8,53.2,0
evt_001272,2026-04-25 21:27:00,user_001470,sess_001135,page_139,entretenimento,tablet,orgânico,1,1,106.6,70.3,1
evt_001273,2026-04-10 12:26:00,user_000367,sess_001644,page_080,esportes,computador,referência,1,1,77.5,18.9,0
evt_001274,2026-04-15 18:16:00,user_002779,sess_000147,page_094,estilo de vida,computador,orgânico,0,1,111.9,86.9,0
evt_001275,2026-04-12 19:05:00,user_002107,sess_000434,page_113,entretenimento,celular,orgânico,1,1,203.0,25.0,0
evt_001276,2026-04-09 10:07:00,user_000980,sess_000526,page_089,finanças,celular,referência,1,1,64.0,100.0,1
evt_001277,2026-04-16 10:09:00,user_002381,sess_001609,page_085,entretenimento,celular,referência,0,1,95.7,59.5,0
evt_001278,2026-03-01 11:41:00,user_000163,sess_001009,page_111,esportes,celular,direto,0,1,47.3,68.3,0
evt_001279,2026-04-21 22:15:00,user_001158,sess_001069,page_042,estilo de vida,computador,orgânico,0,1,25.2,57.1,0
evt_001280,2026-04-14 09:24:00,user_001954,sess_001290,page_116,esportes,celular,redes sociais,0,1,11.5,59.6,1
evt_001281,2026-04-14 08:46:00,user_000072,sess_000553,page_101,notícias,celular,newsletter,0,1,139.5,38.9,0
evt_001282,2026-03-24 14:32:00,user_002126,sess_001427,page_026,entretenimento,celular,redes sociais,1,1,26.8,70.5,0
evt_001283,2026-04-18 01:15:00,user_002454,sess_000061,page_021,esportes,computador,newsletter,0,1,3.0,66.9,0
evt_001284,2026-03-23 21:49:00,user_001782,sess_000228,page_123,entretenimento,tablet,direto,0,1,33.7,66.5,1
evt_001285,2026-03-03 22:30:00,user_000619,sess_001631,page_125,estilo de vida,celular,referência,1,1,50.1,87.9,1
evt_001286,2026-04-24 11:15:00,user_002247,sess_001316,page_139,entretenimento,computador,orgânico,0,1,201.8,30.0,0
evt_001287,2026-03-15 01:43:00,user_001017,sess_000353,page_015,entretenimento,computador,newsletter,1,1,62.8,59.6,0
evt_001288,2026-03-07 02:44:00,user_002207,sess_000878,page_125,estilo de vida,celular,referência,0,1,39.1,28.2,0
evt_001289,2026-04-07 07:31:00,user_001885,sess_000104,page_121,entretenimento,tablet,direto,0,1,98.0,81.4,0
evt_001290,2026-03-15 00:27:00,user_000281,sess_001344,page_107,tecnologia,celular,newsletter,1,1,52.2,72.6,0
evt_001291,2026-04-21 11:42:00,user_000300,sess_001511,page_070,finanças,celular,direto,0,1,46.4,61.3,1
evt_001292,2026-03-27 15:00:00,user_000046,sess_000557,page_071,estilo de vida,computador,redes sociais,0,1,77.2,75.8,0
evt_001293,2026-03-01 06:28:00,user_000216,sess_000700,page_060,notícias,computador,direto,0,1,41.5,68.0,0
evt_001294,2026-04-27 02:28:00,user_000899,sess_000474,page_005,notícias,celular,referência,1,1,146.6,28.3,0
evt_001295,2026-03-31 21:03:00,user_000078,sess_000779,page_070,esportes,computador,direto,0,1,140.9,71.1,1
evt_001296,2026-03-16 18:41:00,user_002815,sess_000545,page_033,finanças,computador,redes sociais,0,1,102.7,48.9,0
evt_001297,2026-04-10 15:17:00,user_002750,sess_000494,page_028,esportes,celular,redes sociais,0,1,28.8,61.2,0
evt_001298,2026-04-01 20:04:00,user_000518,sess_000860,page_008,finanças,computador,referência,1,1,44.8,84.8,1
evt_001299,2026-03-02 18:38:00,user_000934,sess_001718,page_064,estilo de vida,computador,orgânico,0,1,89.0,59.0,1
evt_001300,2026-04-15 13:53:00,user_002226,sess_001525,page_007,estilo de vida,computador,direto,0,1,44.1,56.7,1
evt_001301,2026-03-25 01:57:00,user_001982,sess_000595,page_119,entretenimento,computador,redes sociais,1,1,40.7,86.4,0
evt_001302,2026-04-11 23:44:00,user_001745,sess_001885,page_124,entretenimento,computador,referência,0,1,65.9,61.5,0
evt_001303,2026-04-23 17:42:00,user_002967,sess_000421,page_112,entretenimento,computador,orgânico,0,1,27.2,52.8,0
evt_001304,2026-04-06 15:16:00,user_001889,sess_001821,page_042,estilo de vida,tablet,redes sociais,1,1,48.2,26.4,0
evt_001305,2026-04-10 07:07:00,user_002008,sess_000619,page_023,notícias,celular,orgânico,0,1,35.5,58.5,0
evt_001306,2026-03-16 06:41:00,user_001506,sess_001080,page_071,entretenimento,celular,direto,1,1,20.2,72.0,0
evt_001307,2026-03-15 06:13:00,user_001575,sess_000407,page_094,notícias,computador,direto,0,1,72.1,87.9,1
evt_001308,2026-03-25 21:36:00,user_000873,sess_001524,page_003,notícias,computador,direto,1,1,22.8,26.7,0
evt_001309,2026-04-21 04:00:00,user_001563,sess_000635,page_120,esportes,celular,redes sociais,1,1,15.7,67.0,1
evt_001310,2026-04-01 10:50:00,user_002754,sess_001745,page_061,estilo de vida,celular,orgânico,1,1,12.2,71.8,0
evt_001311,2026-03-21 21:09:00,user_001131,sess_000166,page_114,estilo de vida,celular,direto,1,1,74.4,49.5,0
evt_001312,2026-04-16 18:38:00,user_000400,sess_001004,page_011,notícias,computador,referência,0,1,21.8,91.2,1
evt_001313,2026-04-21 04:48:00,user_001799,sess_000317,page_060,tecnologia,celular,direto,0,1,27.0,41.2,1
evt_001314,2026-04-24 03:38:00,user_002355,sess_001778,page_064,notícias,celular,orgânico,0,1,99.7,94.6,0
evt_001315,2026-03-18 22:28:00,user_002876,sess_000834,page_007,esportes,computador,redes sociais,0,1,10.4,60.8,0
evt_001316,2026-04-12 13:52:00,user_001626,sess_001349,page_099,esportes,celular,direto,1,1,40.3,73.4,1
evt_001317,2026-04-05 10:03:00,user_002364,sess_001759,page_130,esportes,computador,redes sociais,1,1,28.9,49.9,0
evt_001318,2026-03-27 22:31:00,user_000752,sess_001071,page_076,tecnologia,celular,redes sociais,0,1,92.8,27.3,1
evt_001319,2026-03-24 19:35:00,user_001273,sess_000115,page_056,notícias,computador,referência,0,1,37.7,55.9,0
evt_001320,2026-03-07 20:57:00,user_001257,sess_000442,page_089,notícias,celular,referência,0,1,27.4,70.9,1
evt_001321,2026-03-17 11:44:00,user_000998,sess_000426,page_051,notícias,celular,orgânico,0,1,43.4,47.2,0
evt_001322,2026-04-02 23:31:00,user_002148,sess_001828,page_051,tecnologia,computador,redes sociais,0,1,53.5,52.4,0
evt_001323,2026-04-23 04:38:00,user_002650,sess_001816,page_106,entretenimento,tablet,direto,0,1,12.8,59.7,0
evt_001324,2026-04-21 23:31:00,user_000980,sess_000954,page_083,estilo de vida,computador,referência,1,1,28.2,27.6,0
evt_001325,2026-03-12 06:08:00,user_000408,sess_001780,page_037,estilo de vida,celular,orgânico,1,1,93.7,52.3,0
evt_001326,2026-04-10 18:13:00,user_002476,sess_000492,page_057,entretenimento,celular,orgânico,1,1,39.5,62.2,0
evt_001327,2026-03-06 02:07:00,user_002548,sess_001359,page_117,esportes,tablet,redes sociais,0,1,105.7,47.4,1
evt_001328,2026-04-10 12:01:00,user_002804,sess_000784,page_074,notícias,celular,redes sociais,1,1,137.4,82.8,0
evt_001329,2026-03-21 12:22:00,user_000765,sess_000481,page_011,finanças,celular,orgânico,0,1,107.2,70.5,0
evt_001330,2026-03-27 23:46:00,user_002157,sess_000500,page_120,esportes,computador,newsletter,0,1,113.8,15.4,0
evt_001331,2026-04-13 01:24:00,user_002147,sess_000840,page_103,finanças,celular,orgânico,0,1,53.0,55.8,1
evt_001332,2026-03-26 11:50:00,user_002370,sess_000679,page_038,finanças,celular,orgânico,0,1,22.3,52.1,0
evt_001333,2026-04-18 10:42:00,user_002418,sess_000423,page_135,esportes,celular,orgânico,0,1,98.8,40.9,1
evt_001334,2026-04-02 00:21:00,user_002857,sess_000668,page_133,finanças,celular,orgânico,1,1,121.2,96.7,1
evt_001335,2026-04-29 22:11:00,user_001431,sess_000258,page_139,esportes,celular,orgânico,0,1,69.0,70.5,0
evt_001336,2026-04-08 07:04:00,user_000228,sess_001939,page_053,notícias,computador,orgânico,1,1,34.6,50.4,0
evt_001337,2026-03-18 18:45:00,user_000577,sess_000760,page_129,tecnologia,computador,orgânico,0,1,34.7,48.6,1
evt_001338,2026-04-16 12:24:00,user_002659,sess_000215,page_113,tecnologia,celular,redes sociais,1,1,117.0,51.6,0
evt_001339,2026-03-25 11:26:00,user_002534,sess_001152,page_122,notícias,celular,redes sociais,0,1,18.5,46.3,0
evt_001340,2026-04-02 01:12:00,user_000034,sess_001766,page_077,notícias,celular,redes sociais,0,1,7.7,44.0,0
evt_001341,2026-03-09 05:01:00,user_001103,sess_000720,page_039,notícias,celular,newsletter,1,1,72.9,68.1,0
evt_001342,2026-03-08 03:51:00,user_000736,sess_001690,page_032,notícias,computador,newsletter,1,1,49.4,16.7,0
evt_001343,2026-04-04 11:48:00,user_000962,sess_001222,page_135,notícias,computador,redes sociais,0,1,95.4,68.4,0
evt_001344,2026-03-12 04:50:00,user_001916,sess_001478,page_070,notícias,computador,orgânico,0,1,56.5,27.5,0
evt_001345,2026-04-29 20:30:00,user_001530,sess_000593,page_129,tecnologia,computador,direto,1,1,74.0,68.2,1
evt_001346,2026-04-21 08:10:00,user_001443,sess_000074,page_078,tecnologia,celular,orgânico,0,1,96.9,79.3,1
evt_001347,2026-04-12 01:16:00,user_001305,sess_000692,page_075,tecnologia,celular,direto,1,1,88.9,37.2,1
evt_001348,2026-04-14 01:58:00,user_001925,sess_001848,page_011,estilo de vida,tablet,redes sociais,0,1,60.3,43.4,1
evt_001349,2026-04-05 17:06:00,user_002049,sess_001581,page_056,tecnologia,computador,orgânico,0,1,146.7,77.5,0
evt_001350,2026-03-04 14:49:00,user_000131,sess_001568,page_078,tecnologia,celular,redes sociais,1,1,124.3,51.7,0
evt_001351,2026-03-24 13:00:00,user_000412,sess_001756,page_016,entretenimento,celular,referência,0,1,109.7,42.4,0
evt_001352,2026-03-30 17:57:00,user_001024,sess_000747,page_023,tecnologia,computador,redes sociais,0,1,47.0,43.5,0
evt_001353,2026-04-24 22:01:00,user_001307,sess_000644,page_083,tecnologia,celular,direto,0,1,42.8,100.0,0
evt_001354,2026-03-14 04:04:00,user_002988,sess_001850,page_035,tecnologia,tablet,direto,1,1,18.3,48.1,0
evt_001355,2026-03-30 19:33:00,user_002675,sess_001143,page_098,estilo de vida,computador,redes sociais,0,1,75.7,68.1,0
evt_001356,2026-03-21 15:27:00,user_001946,sess_000596,page_064,notícias,celular,orgânico,0,1,50.4,71.0,1
evt_001357,2026-03-09 01:29:00,user_000109,sess_000557,page_057,notícias,computador,redes sociais,1,1,149.4,89.3,0
evt_001358,2026-03-07 04:20:00,user_000302,sess_001754,page_017,finanças,computador,orgânico,0,1,133.8,100.0,0
evt_001359,2026-03-22 22:08:00,user_001372,sess_000107,page_057,notícias,computador,redes sociais,0,1,23.3,20.4,0
evt_001360,2026-03-05 22:41:00,user_001761,sess_000124,page_076,notícias,computador,orgânico,0,1,12.7,87.0,1
evt_001361,2026-03-05 00:43:00,user_001981,sess_001475,page_080,notícias,celular,referência,0,1,28.3,60.8,1
evt_001362,2026-03-22 01:15:00,user_000426,sess_000003,page_038,esportes,computador,direto,1,1,156.6,37.5,1
evt_001363,2026-03-13 02:50:00,user_002663,sess_000342,page_004,entretenimento,celular,orgânico,1,1,202.4,77.6,1
evt_001364,2026-04-03 06:55:00,user_001480,sess_001981,page_130,esportes,celular,direto,1,1,88.6,40.0,1
evt_001365,2026-03-02 01:26:00,user_001781,sess_000851,page_134,esportes,celular,direto,1,1,93.8,83.9,0
evt_001366,2026-03-19 02:36:00,user_000118,sess_001455,page_126,finanças,computador,direto,1,1,18.0,58.4,0
evt_001367,2026-03-28 04:43:00,user_002473,sess_000974,page_041,esportes,computador,orgânico,0,1,56.4,79.5,1
evt_001368,2026-04-27 18:55:00,user_001629,sess_000182,page_084,estilo de vida,celular,redes sociais,0,1,155.7,72.8,0
evt_001369,2026-04-08 01:44:00,user_000668,sess_000369,page_020,estilo de vida,computador,redes sociais,0,1,30.5,33.8,1
evt_001370,2026-04-22 20:14:00,user_000957,sess_001522,page_126,notícias,computador,orgânico,1,1,82.6,29.8,0
evt_001371,2026-03-21 14:20:00,user_001059,sess_000190,page_001,finanças,celular,redes sociais,0,1,93.8,69.4,0
evt_001372,2026-03-27 23:34:00,user_000082,sess_001189,page_066,notícias,celular,orgânico,1,1,28.8,48.3,1
evt_001373,2026-03-26 05:20:00,user_002826,sess_000696,page_120,estilo de vida,computador,referência,0,1,77.0,71.2,1
evt_001374,2026-04-23 05:50:00,user_002409,sess_000741,page_101,entretenimento,computador,newsletter,0,1,10.8,53.3,1
evt_001375,2026-04-27 13:15:00,user_002658,sess_001904,page_120,entretenimento,celular,orgânico,1,1,39.5,40.6,1
evt_001376,2026-04-27 17:45:00,user_001061,sess_001212,page_069,notícias,tablet,orgânico,0,1,43.8,64.9,0
evt_001377,2026-04-15 02:49:00,user_001674,sess_001230,page_014,tecnologia,celular,orgânico,0,1,43.4,16.5,1
evt_001378,2026-03-31 04:28:00,user_001375,sess_000701,page_002,tecnologia,celular,referência,0,1,43.6,31.4,1
evt_001379,2026-04-02 10:50:00,user_001426,sess_000763,page_022,tecnologia,celular,orgânico,1,1,120.5,37.3,1
evt_001380,2026-04-28 19:56:00,user_001767,sess_001371,page_008,esportes,computador,direto,1,1,37.1,10.1,0
evt_001381,2026-03-18 01:44:00,user_001353,sess_000078,page_063,finanças,celular,referência,0,1,265.5,73.3,1
evt_001382,2026-03-21 19:15:00,user_002319,sess_000475,page_008,esportes,computador,orgânico,0,1,41.5,40.9,1
evt_001383,2026-04-23 19:40:00,user_000177,sess_001200,page_026,notícias,celular,direto,0,1,18.6,62.7,0
evt_001384,2026-03-24 04:18:00,user_000578,sess_001247,page_059,estilo de vida,computador,redes sociais,0,1,33.2,72.9,1
evt_001385,2026-03-15 02:32:00,user_002677,sess_000185,page_103,finanças,celular,orgânico,0,1,102.8,91.3,0
evt_001386,2026-04-03 15:04:00,user_002647,sess_001575,page_094,esportes,celular,referência,0,1,57.4,74.0,1
evt_001387,2026-03-20 12:29:00,user_002454,sess_001085,page_009,tecnologia,celular,redes sociais,0,1,66.6,26.0,0
evt_001388,2026-04-23 10:51:00,user_001106,sess_000476,page_126,finanças,celular,orgânico,1,1,39.0,47.9,0
evt_001389,2026-04-24 13:03:00,user_001369,sess_001504,page_077,entretenimento,celular,direto,1,1,15.9,23.2,1
evt_001390,2026-03-19 08:39:00,user_000076,sess_001981,page_049,tecnologia,celular,direto,0,1,6.7,39.6,1
evt_001391,2026-04-01 18:32:00,user_000839,sess_000847,page_054,tecnologia,celular,direto,0,1,29.7,87.3,0
evt_001392,2026-04-29 00:56:00,user_002179,sess_000567,page_118,tecnologia,celular,orgânico,0,1,44.9,64.0,0
evt_001393,2026-04-14 12:56:00,user_001029,sess_000599,page_065,notícias,celular,direto,0,1,42.4,77.9,1
evt_001394,2026-03-13 22:30:00,user_001441,sess_001185,page_035,notícias,celular,orgânico,1,1,35.6,31.3,0
evt_001395,2026-04-05 10:40:00,user_000370,sess_000095,page_060,entretenimento,computador,redes sociais,0,1,49.6,53.9,1
evt_001396,2026-04-07 04:38:00,user_001489,sess_000967,page_010,notícias,celular,orgânico,1,1,99.6,69.9,0
evt_001397,2026-04-09 04:57:00,user_002165,sess_000050,page_022,esportes,computador,redes sociais,0,1,35.0,37.8,0
evt_001398,2026-03-02 12:00:00,user_001716,sess_000078,page_044,estilo de vida,celular,referência,0,1,80.1,53.5,0
evt_001399,2026-03-18 23:06:00,user_001670,sess_000860,page_031,notícias,computador,orgânico,1,1,47.9,76.9,1
evt_001400,2026-04-21 06:38:00,user_002743,sess_001491,page_049,esportes,celular,orgânico,0,1,168.4,78.0,1
evt_001401,2026-03-15 11:34:00,user_000703,sess_001766,page_010,finanças,computador,direto,0,1,71.1,76.6,1
evt_001402,2026-03-18 23:33:00,user_000899,sess_000176,page_085,esportes,celular,orgânico,1,1,18.4,57.2,0
evt_001403,2026-03-20 08:23:00,user_001869,sess_000488,page_017,estilo de vida,computador,orgânico,0,1,38.9,60.2,1
evt_001404,2026-03-11 15:26:00,user_001441,sess_000843,page_031,notícias,celular,redes sociais,0,1,57.7,35.7,0
evt_001405,2026-03-10 07:50:00,user_002937,sess_001148,page_136,finanças,computador,redes sociais,1,1,80.9,100.0,0
evt_001406,2026-03-21 19:42:00,user_000179,sess_001974,page_001,notícias,celular,orgânico,0,1,59.0,32.3,0
evt_001407,2026-04-22 11:00:00,user_000368,sess_001368,page_039,estilo de vida,computador,direto,1,1,21.2,83.9,0
evt_001408,2026-03-01 02:12:00,user_001026,sess_001077,page_070,notícias,celular,orgânico,0,1,37.5,19.5,0
evt_001409,2026-03-17 23:52:00,user_001375,sess_000122,page_043,notícias,computador,referência,0,1,57.3,52.5,0
evt_001410,2026-03-04 15:18:00,user_002671,sess_000162,page_045,tecnologia,celular,direto,0,1,91.4,65.5,0
evt_001411,2026-04-03 16:32:00,user_001482,sess_000307,page_018,esportes,computador,orgânico,0,1,155.1,43.4,0
evt_001412,2026-03-16 00:51:00,user_001312,sess_001321,page_059,tecnologia,computador,direto,1,1,83.7,27.9,1
evt_001413,2026-04-17 12:26:00,user_000501,sess_000663,page_105,esportes,computador,direto,1,1,98.2,41.5,0
evt_001414,2026-04-05 02:25:00,user_001303,sess_000482,page_082,esportes,celular,newsletter,0,1,27.9,53.0,0
evt_001415,2026-04-17 00:42:00,user_001595,sess_001340,page_129,esportes,computador,direto,0,1,99.2,61.3,1
evt_001416,2026-04-08 02:16:00,user_001751,sess_001630,page_098,entretenimento,tablet,orgânico,1,1,88.6,55.6,0
evt_001417,2026-03-27 07:16:00,user_001818,sess_000878,page_110,esportes,computador,direto,1,1,60.5,60.5,0
evt_001418,2026-04-21 15:47:00,user_001289,sess_001763,page_061,esportes,celular,direto,0,1,118.7,64.6,0
evt_001419,2026-03-29 13:48:00,user_000472,sess_001468,page_086,finanças,computador,direto,0,1,60.8,79.4,1
evt_001420,2026-04-26 23:54:00,user_000459,sess_001432,page_081,esportes,computador,redes sociais,0,1,57.3,48.7,0
evt_001421,2026-04-29 16:22:00,user_000465,sess_001735,page_114,tecnologia,celular,referência,0,1,52.5,64.8,1
evt_001422,2026-04-05 08:11:00,user_001856,sess_000368,page_070,entretenimento,celular,orgânico,0,1,97.2,34.5,0
evt_001423,2026-04-10 11:25:00,user_002569,sess_001516,page_057,finanças,celular,newsletter,0,1,33.3,33.8,0
evt_001424,2026-03-16 08:09:00,user_002649,sess_001915,page_010,finanças,celular,orgânico,0,1,64.6,56.7,1
evt_001425,2026-04-18 21:04:00,user_000934,sess_001984,page_120,esportes,computador,orgânico,0,1,112.1,100.0,1
evt_001426,2026-04-10 07:05:00,user_000239,sess_001156,page_061,entretenimento,tablet,orgânico,1,1,21.3,57.7,0
evt_001427,2026-04-24 03:40:00,user_001891,sess_001508,page_111,finanças,celular,newsletter,1,1,46.2,82.8,0
evt_001428,2026-03-17 00:29:00,user_000116,sess_001777,page_095,notícias,celular,direto,1,1,33.5,81.7,1
evt_001429,2026-04-17 06:07:00,user_001880,sess_001704,page_001,entretenimento,celular,redes sociais,1,1,40.9,51.8,1
evt_001430,2026-03-29 05:11:00,user_001149,sess_001795,page_091,entretenimento,computador,referência,0,1,24.1,87.7,0
evt_001431,2026-03-12 02:39:00,user_002517,sess_001664,page_068,finanças,celular,orgânico,0,1,21.6,75.9,1
evt_001432,2026-03-11 06:31:00,user_001876,sess_000763,page_034,esportes,tablet,orgânico,0,1,34.2,79.8,1
evt_001433,2026-04-03 17:31:00,user_002219,sess_001460,page_037,estilo de vida,computador,orgânico,1,1,16.6,61.9,0
evt_001434,2026-03-20 04:00:00,user_001217,sess_000821,page_089,tecnologia,celular,redes sociais,0,1,38.0,63.1,0
evt_001435,2026-03-07 02:43:00,user_002521,sess_001603,page_012,finanças,celular,redes sociais,1,1,136.4,94.5,1
evt_001436,2026-03-26 15:05:00,user_001575,sess_001620,page_085,esportes,computador,orgânico,1,1,8.1,48.3,1
evt_001437,2026-04-09 04:12:00,user_001876,sess_001869,page_118,esportes,computador,orgânico,0,1,65.3,64.6,0
evt_001438,2026-03-20 03:17:00,user_001082,sess_001177,page_013,esportes,celular,orgânico,0,1,22.0,59.9,0
evt_001439,2026-04-27 07:42:00,user_001348,sess_000950,page_002,notícias,tablet,orgânico,0,1,36.8,60.8,0
evt_001440,2026-04-16 18:32:00,user_002520,sess_000331,page_009,tecnologia,celular,redes sociais,0,1,25.0,72.0,0
evt_001441,2026-03-31 18:20:00,user_001181,sess_001276,page_102,notícias,tablet,redes sociais,0,1,18.9,64.8,0
evt_001442,2026-04-26 01:54:00,user_000065,sess_001133,page_118,esportes,computador,orgânico,0,1,45.8,56.8,1
evt_001443,2026-03-26 23:28:00,user_001137,sess_001030,page_138,tecnologia,computador,orgânico,0,1,26.1,92.0,1
evt_001444,2026-03-09 09:07:00,user_001176,sess_001352,page_005,finanças,computador,direto,0,1,87.8,74.1,1
evt_001445,2026-03-03 03:36:00,user_001255,sess_001702,page_068,esportes,celular,direto,0,1,32.5,45.6,0
evt_001446,2026-04-26 06:45:00,user_000212,sess_000298,page_007,entretenimento,celular,redes sociais,0,1,213.4,58.6,0
evt_001447,2026-04-27 14:04:00,user_000388,sess_000863,page_052,notícias,computador,redes sociais,1,1,39.9,58.5,0
evt_001448,2026-04-14 08:31:00,user_000972,sess_001444,page_043,entretenimento,celular,newsletter,1,1,69.4,47.3,1
evt_001449,2026-03-07 04:19:00,user_001272,sess_001639,page_085,notícias,celular,direto,0,1,98.4,49.4,1
evt_001450,2026-03-18 14:51:00,user_000088,sess_001556,page_127,finanças,celular,orgânico,1,1,44.0,64.0,0
evt_001451,2026-03-03 11:09:00,user_001168,sess_001598,page_112,estilo de vida,celular,referência,1,1,84.3,68.4,0
evt_001452,2026-03-04 01:47:00,user_000961,sess_001710,page_009,esportes,celular,redes sociais,0,1,31.2,35.7,0
evt_001453,2026-03-15 18:20:00,user_000104,sess_001923,page_034,finanças,tablet,redes sociais,0,1,36.6,77.7,0
evt_001454,2026-04-04 07:53:00,user_000751,sess_001216,page_039,notícias,celular,direto,0,1,70.9,54.1,0
evt_001455,2026-03-04 22:21:00,user_000826,sess_000498,page_035,estilo de vida,tablet,redes sociais,0,1,49.4,36.5,1
evt_001456,2026-04-29 01:49:00,user_000431,sess_001127,page_050,notícias,tablet,referência,1,1,110.0,68.6,0
evt_001457,2026-03-28 07:22:00,user_002255,sess_001419,page_085,tecnologia,celular,orgânico,1,1,47.5,64.5,0
evt_001458,2026-03-16 19:56:00,user_000218,sess_000202,page_103,estilo de vida,computador,redes sociais,0,1,172.3,69.7,0
evt_001459,2026-03-31 23:09:00,user_001734,sess_001514,page_131,finanças,celular,orgânico,0,1,78.1,88.4,0
evt_001460,2026-04-17 09:49:00,user_001996,sess_001088,page_098,notícias,computador,direto,0,1,143.4,94.9,0
evt_001461,2026-03-19 18:06:00,user_002418,sess_001872,page_042,finanças,computador,orgânico,0,1,21.9,67.9,0
evt_001462,2026-03-03 20:25:00,user_001637,sess_000424,page_026,estilo de vida,celular,redes sociais,1,1,37.2,52.9,1
evt_001463,2026-03-04 01:22:00,user_001628,sess_001813,page_053,esportes,computador,referência,0,1,40.9,55.9,0
evt_001464,2026-04-21 02:51:00,user_002282,sess_000896,page_112,estilo de vida,celular,orgânico,0,1,46.8,51.3,0
evt_001465,2026-03-07 16:42:00,user_002562,sess_001147,page_139,notícias,celular,orgânico,0,1,52.1,47.4,1
evt_001466,2026-04-08 03:12:00,user_000633,sess_001320,page_055,notícias,computador,redes sociais,0,1,255.8,58.7,1
evt_001467,2026-03-24 01:41:00,user_002388,sess_001158,page_025,tecnologia,tablet,redes sociais,0,1,98.5,27.8,0
evt_001468,2026-04-16 15:37:00,user_001387,sess_001807,page_001,notícias,celular,orgânico,0,1,20.9,75.1,1
evt_001469,2026-03-04 15:09:00,user_000295,sess_000335,page_011,esportes,celular,orgânico,0,1,139.8,65.5,1
evt_001470,2026-04-23 20:49:00,user_001837,sess_001460,page_089,estilo de vida,computador,orgânico,1,1,38.6,88.7,0
evt_001471,2026-04-11 21:23:00,user_002931,sess_001949,page_082,tecnologia,tablet,orgânico,1,1,49.3,41.2,1
evt_001472,2026-03-27 22:57:00,user_000422,sess_000441,page_090,notícias,computador,direto,0,1,36.6,87.1,0
evt_001473,2026-03-13 10:06:00,user_000045,sess_000510,page_004,notícias,celular,orgânico,1,1,75.3,77.4,1
evt_001474,2026-04-28 15:05:00,user_002749,sess_000950,page_061,finanças,computador,redes sociais,0,1,18.9,47.4,1
evt_001475,2026-03-19 02:58:00,user_001790,sess_001449,page_026,estilo de vida,computador,orgânico,0,1,191.6,36.5,0
evt_001476,2026-03-30 10:20:00,user_000658,sess_001918,page_047,finanças,computador,newsletter,1,1,30.2,73.1,0
evt_001477,2026-03-24 15:32:00,user_002377,sess_001591,page_087,estilo de vida,celular,direto,0,1,50.1,70.1,0
evt_001478,2026-03-14 19:59:00,user_001181,sess_001588,page_039,tecnologia,celular,redes sociais,0,1,32.3,74.2,0
evt_001479,2026-03-25 23:55:00,user_000996,sess_000882,page_092,entretenimento,celular,direto,1,1,14.2,45.8,0
evt_001480,2026-03-10 02:08:00,user_000870,sess_001291,page_041,esportes,celular,orgânico,0,1,10.3,100.0,1
evt_001481,2026-03-01 02:23:00,user_001796,sess_000423,page_071,notícias,computador,orgânico,1,1,93.9,36.0,0
evt_001482,2026-03-18 09:35:00,user_000404,sess_000926,page_064,esportes,tablet,redes sociais,0,1,69.3,81.8,0
evt_001483,2026-03-07 17:22:00,user_001087,sess_000378,page_054,notícias,computador,redes sociais,0,1,38.3,23.7,0
evt_001484,2026-03-25 21:16:00,user_000915,sess_000055,page_018,esportes,tablet,orgânico,0,1,68.3,42.8,0
evt_001485,2026-04-21 18:22:00,user_000182,sess_001713,page_081,entretenimento,celular,redes sociais,0,1,27.8,76.1,1
evt_001486,2026-03-10 18:05:00,user_002289,sess_001609,page_138,esportes,computador,direto,0,1,35.8,93.4,0
evt_001487,2026-03-01 01:46:00,user_000026,sess_001022,page_090,notícias,computador,referência,1,1,24.9,80.8,1
evt_001488,2026-03-07 15:58:00,user_002879,sess_000029,page_104,finanças,celular,referência,0,1,17.6,63.2,0
evt_001489,2026-03-31 11:45:00,user_000285,sess_000181,page_112,entretenimento,tablet,redes sociais,0,1,24.1,35.4,0
evt_001490,2026-03-17 11:46:00,user_001075,sess_000224,page_006,notícias,celular,direto,1,1,23.2,83.9,0
evt_001491,2026-03-30 08:52:00,user_000296,sess_001434,page_111,tecnologia,celular,redes sociais,1,1,66.2,54.9,0
evt_001492,2026-03-02 18:07:00,user_001101,sess_000407,page_034,tecnologia,tablet,orgânico,0,1,49.8,87.4,0
evt_001493,2026-03-20 23:39:00,user_001833,sess_000501,page_093,finanças,computador,direto,1,1,41.6,89.4,1
evt_001494,2026-03-25 14:35:00,user_000263,sess_001722,page_137,estilo de vida,celular,orgânico,0,1,59.4,69.0,1
evt_001495,2026-03-26 21:06:00,user_001578,sess_001752,page_125,finanças,celular,referência,0,1,29.6,50.3,1
evt_001496,2026-04-03 01:40:00,user_002315,sess_001526,page_058,esportes,computador,orgânico,0,1,19.9,43.5,1
evt_001497,2026-04-16 20:02:00,user_001366,sess_000619,page_117,finanças,celular,orgânico,0,1,27.9,78.6,0
evt_001498,2026-03-29 00:48:00,user_000338,sess_001160,page_086,notícias,computador,orgânico,1,1,56.2,61.7,0
evt_001499,2026-04-20 11:20:00,user_002076,sess_000401,page_019,tecnologia,celular,referência,1,1,29.9,96.4,1
evt_001500,2026-04-01 18:49:00,user_000560,sess_001715,page_034,tecnologia,celular,orgânico,1,1,49.4,71.0,0
evt_001501,2026-03-16 14:54:00,user_000051,sess_000170,page_133,esportes,celular,redes sociais,0,1,43.8,69.3,0
evt_001502,2026-03-14 17:47:00,user_001310,sess_001489,page_128,estilo de vida,celular,orgânico,0,1,36.7,89.9,0
evt_001503,2026-03-20 08:23:00,user_000813,sess_001023,page_124,esportes,celular,direto,1,1,13.4,46.1,0
evt_001504,2026-04-05 20:20:00,user_000086,sess_001515,page_054,notícias,computador,redes sociais,1,1,32.3,69.4,1
evt_001505,2026-03-15 13:10:00,user_002332,sess_000902,page_045,estilo de vida,celular,newsletter,1,1,60.9,41.9,0
evt_001506,2026-04-24 20:24:00,user_001799,sess_000317,page_113,notícias,computador,orgânico,0,1,91.9,76.9,0
evt_001507,2026-03-29 19:00:00,user_002730,sess_001502,page_003,tecnologia,celular,orgânico,0,1,88.0,90.6,1
evt_001508,2026-04-21 19:06:00,user_001441,sess_001262,page_125,esportes,celular,orgânico,0,1,82.8,62.9,1
evt_001509,2026-04-10 23:53:00,user_001315,sess_000929,page_084,tecnologia,celular,redes sociais,0,1,17.5,25.3,0
evt_001510,2026-03-21 00:01:00,user_002528,sess_000746,page_088,esportes,computador,referência,0,1,111.7,79.3,1
evt_001511,2026-03-14 16:41:00,user_000245,sess_000688,page_061,esportes,computador,orgânico,1,1,25.7,89.3,0
evt_001512,2026-04-14 15:16:00,user_001085,sess_000962,page_137,tecnologia,celular,newsletter,0,1,34.5,44.2,0
evt_001513,2026-03-20 20:15:00,user_002396,sess_000524,page_105,finanças,computador,orgânico,0,1,55.0,53.7,1
evt_001514,2026-03-15 19:29:00,user_000878,sess_000565,page_008,notícias,computador,referência,1,1,105.2,78.7,0
evt_001515,2026-04-25 19:45:00,user_002655,sess_000557,page_073,tecnologia,computador,direto,1,1,23.6,40.6,1
evt_001516,2026-03-29 22:59:00,user_000852,sess_000026,page_120,esportes,celular,referência,0,1,250.6,36.8,0
evt_001517,2026-03-03 21:56:00,user_001241,sess_001855,page_011,notícias,celular,redes sociais,1,1,45.6,41.1,1
evt_001518,2026-03-30 16:27:00,user_002692,sess_000473,page_103,finanças,celular,direto,0,1,44.9,58.2,0
evt_001519,2026-03-28 15:30:00,user_000730,sess_000330,page_035,estilo de vida,celular,orgânico,0,1,51.6,74.1,1
evt_001520,2026-04-21 20:06:00,user_002904,sess_000303,page_071,estilo de vida,celular,orgânico,0,1,89.8,62.3,1
evt_001521,2026-04-12 16:38:00,user_000132,sess_001976,page_123,tecnologia,computador,direto,1,1,81.6,78.2,0
evt_001522,2026-03-12 11:33:00,user_000798,sess_000954,page_069,estilo de vida,tablet,orgânico,1,1,20.8,70.6,1
evt_001523,2026-03-10 00:39:00,user_001773,sess_000654,page_006,esportes,celular,direto,1,1,70.5,86.2,1
evt_001524,2026-04-06 05:10:00,user_001782,sess_000808,page_003,esportes,celular,orgânico,1,1,71.8,80.1,0
evt_001525,2026-03-03 20:13:00,user_002729,sess_000177,page_103,notícias,celular,orgânico,0,1,118.2,37.0,1
evt_001526,2026-03-20 03:22:00,user_002879,sess_000628,page_130,tecnologia,computador,direto,0,1,9.0,52.2,1
evt_001527,2026-03-09 07:00:00,user_002033,sess_000498,page_041,notícias,celular,orgânico,1,1,126.7,84.7,0
evt_001528,2026-03-02 05:36:00,user_001979,sess_001606,page_131,estilo de vida,computador,direto,1,1,108.7,67.3,0
evt_001529,2026-04-25 03:06:00,user_000952,sess_000117,page_063,estilo de vida,tablet,referência,0,1,101.5,48.7,1
evt_001530,2026-03-06 09:20:00,user_002417,sess_000851,page_009,tecnologia,celular,orgânico,0,1,143.3,51.7,1
evt_001531,2026-03-01 13:20:00,user_001929,sess_001580,page_074,notícias,computador,orgânico,0,1,111.3,76.5,0
evt_001532,2026-04-25 23:21:00,user_000073,sess_001667,page_136,notícias,celular,orgânico,0,1,75.4,51.8,0
evt_001533,2026-03-12 07:11:00,user_002496,sess_001025,page_035,entretenimento,celular,redes sociais,1,1,45.8,81.8,0
evt_001534,2026-04-18 23:50:00,user_001079,sess_000445,page_134,estilo de vida,computador,direto,0,1,20.2,54.9,0
evt_001535,2026-03-02 21:02:00,user_001428,sess_000674,page_091,finanças,computador,newsletter,1,1,25.6,96.8,0
evt_001536,2026-03-10 05:07:00,user_001458,sess_000445,page_056,tecnologia,tablet,orgânico,1,1,131.0,82.3,0
evt_001537,2026-03-07 15:18:00,user_002459,sess_001324,page_097,entretenimento,computador,orgânico,1,1,39.9,47.5,0
evt_001538,2026-04-12 09:01:00,user_000804,sess_000585,page_056,esportes,computador,orgânico,1,1,45.4,74.3,0
evt_001539,2026-04-07 05:00:00,user_001176,sess_001261,page_012,entretenimento,computador,orgânico,0,1,67.7,31.3,0
evt_001540,2026-03-29 12:43:00,user_000118,sess_001311,page_122,notícias,celular,redes sociais,1,1,40.4,59.8,1
evt_001541,2026-03-15 11:57:00,user_001046,sess_001879,page_052,entretenimento,celular,referência,0,1,66.0,58.2,1
evt_001542,2026-03-06 07:57:00,user_000266,sess_000741,page_079,notícias,celular,orgânico,0,1,44.0,24.5,0
evt_001543,2026-04-04 03:39:00,user_001749,sess_001922,page_104,esportes,tablet,direto,0,1,56.7,23.1,0
evt_001544,2026-03-14 20:13:00,user_002679,sess_000802,page_012,notícias,computador,redes sociais,0,1,66.5,82.2,1
evt_001545,2026-04-05 09:52:00,user_001394,sess_001361,page_101,tecnologia,computador,referência,1,1,32.1,57.5,0
evt_001546,2026-04-11 05:57:00,user_002736,sess_001323,page_051,entretenimento,computador,referência,0,1,67.5,61.3,1
evt_001547,2026-04-20 23:11:00,user_002931,sess_001635,page_076,esportes,celular,referência,0,1,40.1,52.2,1
evt_001548,2026-03-30 15:20:00,user_000162,sess_000938,page_064,esportes,computador,redes sociais,1,1,153.5,83.3,0
evt_001549,2026-03-01 06:49:00,user_001549,sess_001585,page_109,esportes,computador,orgânico,0,1,8.5,28.1,0
evt_001550,2026-03-17 20:09:00,user_001585,sess_000711,page_027,notícias,celular,orgânico,0,1,111.9,74.9,1
evt_001551,2026-04-21 04:51:00,user_001156,sess_000983,page_015,tecnologia,computador,orgânico,1,1,40.7,97.6,0
evt_001552,2026-04-01 23:52:00,user_002491,sess_000999,page_058,notícias,tablet,redes sociais,0,1,86.9,42.0,0
evt_001553,2026-04-07 03:31:00,user_001185,sess_001409,page_017,entretenimento,tablet,newsletter,0,1,44.4,38.7,1
evt_001554,2026-03-28 11:15:00,user_000166,sess_001237,page_034,entretenimento,celular,redes sociais,0,1,76.1,65.8,0
evt_001555,2026-03-10 18:21:00,user_001644,sess_000157,page_092,notícias,celular,redes sociais,1,1,67.5,71.0,0
evt_001556,2026-04-23 19:15:00,user_000606,sess_001618,page_114,finanças,celular,orgânico,1,1,44.5,40.4,0
evt_001557,2026-04-16 09:01:00,user_001065,sess_001516,page_097,entretenimento,computador,direto,0,1,26.9,50.9,0
evt_001558,2026-04-29 17:03:00,user_001506,sess_000209,page_045,tecnologia,celular,orgânico,1,1,12.3,88.4,1
evt_001559,2026-04-21 07:54:00,user_002168,sess_001923,page_114,tecnologia,computador,orgânico,1,1,70.2,96.3,1
evt_001560,2026-03-18 11:13:00,user_000835,sess_001321,page_057,notícias,celular,orgânico,0,1,91.1,54.8,0
evt_001561,2026-03-16 06:08:00,user_001142,sess_000170,page_026,notícias,celular,referência,0,1,13.1,60.7,0
evt_001562,2026-03-15 21:48:00,user_000204,sess_000983,page_106,tecnologia,celular,orgânico,1,1,51.5,64.4,0
evt_001563,2026-04-25 03:03:00,user_001153,sess_001672,page_072,esportes,computador,newsletter,1,1,20.6,2.4,0
evt_001564,2026-04-03 09:59:00,user_001741,sess_000560,page_052,estilo de vida,celular,redes sociais,1,1,82.5,43.0,1
evt_001565,2026-03-28 06:25:00,user_001851,sess_001866,page_092,tecnologia,tablet,direto,1,1,8.8,57.0,0
evt_001566,2026-04-28 02:17:00,user_000880,sess_000837,page_101,finanças,computador,referência,1,1,27.0,100.0,1
evt_001567,2026-04-06 04:55:00,user_000183,sess_000453,page_032,notícias,computador,referência,0,1,40.3,66.5,1
evt_001568,2026-04-24 13:34:00,user_001732,sess_000713,page_017,esportes,computador,orgânico,1,1,57.8,87.2,0
evt_001569,2026-04-29 01:53:00,user_001966,sess_001050,page_072,entretenimento,tablet,orgânico,0,1,50.8,54.2,1
evt_001570,2026-03-05 18:24:00,user_000256,sess_001376,page_008,esportes,celular,orgânico,0,1,113.1,67.0,0
evt_001571,2026-03-22 16:36:00,user_001515,sess_001855,page_089,notícias,computador,redes sociais,0,1,128.4,38.8,0
evt_001572,2026-04-14 01:09:00,user_000286,sess_000390,page_062,entretenimento,celular,orgânico,0,1,92.7,28.4,1
evt_001573,2026-04-18 18:56:00,user_001359,sess_001920,page_030,estilo de vida,celular,direto,1,1,41.5,35.3,1
evt_001574,2026-03-09 21:49:00,user_001922,sess_001055,page_084,estilo de vida,computador,orgânico,0,1,54.3,49.0,1
evt_001575,2026-03-20 02:29:00,user_002158,sess_000256,page_053,tecnologia,celular,newsletter,1,1,36.5,55.9,0
evt_001576,2026-04-02 21:22:00,user_002141,sess_001853,page_054,finanças,celular,referência,0,1,44.8,53.0,0
evt_001577,2026-04-17 22:52:00,user_002275,sess_000698,page_031,entretenimento,computador,direto,1,1,124.2,10.6,1
evt_001578,2026-03-07 18:40:00,user_000724,sess_001241,page_094,tecnologia,tablet,direto,1,1,148.5,70.9,0
evt_001579,2026-04-06 01:03:00,user_002538,sess_001396,page_126,esportes,computador,orgânico,1,1,101.2,39.8,1
evt_001580,2026-03-18 18:52:00,user_001049,sess_000027,page_086,esportes,computador,orgânico,1,1,66.3,57.0,0
evt_001581,2026-03-13 23:33:00,user_001125,sess_000443,page_033,esportes,celular,redes sociais,0,1,55.3,41.5,1
evt_001582,2026-03-31 22:10:00,user_002362,sess_001373,page_116,estilo de vida,computador,referência,0,1,62.1,76.2,0
evt_001583,2026-03-25 20:11:00,user_000981,sess_000650,page_017,estilo de vida,celular,orgânico,0,1,56.9,21.0,0
evt_001584,2026-04-08 03:25:00,user_000225,sess_000019,page_041,finanças,computador,redes sociais,0,1,101.8,82.1,0
evt_001585,2026-03-20 01:23:00,user_002143,sess_000047,page_005,entretenimento,computador,direto,0,1,70.7,46.7,1
evt_001586,2026-04-19 09:31:00,user_001986,sess_001653,page_118,finanças,tablet,orgânico,1,1,49.2,57.0,0
evt_001587,2026-03-05 16:28:00,user_001745,sess_000307,page_007,tecnologia,computador,newsletter,1,1,87.3,56.3,0
evt_001588,2026-04-21 17:06:00,user_000430,sess_000201,page_076,estilo de vida,computador,newsletter,0,1,52.3,54.0,0
evt_001589,2026-03-02 18:57:00,user_001895,sess_001125,page_027,finanças,computador,orgânico,0,1,32.2,91.3,0
evt_001590,2026-04-14 03:41:00,user_000596,sess_000238,page_030,notícias,celular,redes sociais,0,1,28.4,68.4,1
evt_001591,2026-03-21 18:55:00,user_001667,sess_001306,page_085,estilo de vida,computador,orgânico,1,1,13.2,82.0,0
evt_001592,2026-03-24 00:00:00,user_001524,sess_001088,page_112,estilo de vida,computador,redes sociais,0,1,204.5,65.3,0
evt_001593,2026-03-02 03:24:00,user_002318,sess_001298,page_003,notícias,celular,referência,0,1,74.1,52.6,1
evt_001594,2026-04-12 03:01:00,user_002929,sess_000983,page_023,tecnologia,computador,orgânico,1,1,64.2,52.9,0
evt_001595,2026-03-10 22:18:00,user_000570,sess_001556,page_040,finanças,celular,newsletter,0,1,20.1,31.3,0
evt_001596,2026-04-09 13:11:00,user_000345,sess_001289,page_132,esportes,celular,newsletter,1,1,23.9,93.3,0
evt_001597,2026-04-13 12:15:00,user_001667,sess_000831,page_009,tecnologia,celular,direto,0,1,63.8,52.6,0
evt_001598,2026-04-20 17:08:00,user_002856,sess_000031,page_025,esportes,computador,orgânico,0,1,46.2,19.6,0
evt_001599,2026-04-12 11:39:00,user_000475,sess_000547,page_057,estilo de vida,tablet,orgânico,0,1,20.1,34.7,1
evt_001600,2026-03-19 02:09:00,user_001462,sess_000263,page_046,estilo de vida,computador,redes sociais,1,1,25.6,23.8,1
evt_001601,2026-04-14 07:33:00,user_001222,sess_000032,page_007,notícias,computador,orgânico,0,1,36.0,40.7,0
evt_001602,2026-04-19 13:22:00,user_000954,sess_000547,page_076,finanças,celular,orgânico,0,1,63.3,74.3,1
evt_001603,2026-03-20 00:42:00,user_001992,sess_000414,page_085,esportes,computador,orgânico,1,1,33.6,13.9,0
evt_001604,2026-03-08 10:48:00,user_000887,sess_000154,page_025,notícias,computador,direto,1,1,39.0,81.5,1
evt_001605,2026-04-23 09:37:00,user_001479,sess_000625,page_096,estilo de vida,celular,orgânico,1,1,9.5,42.6,0
evt_001606,2026-03-09 21:02:00,user_002536,sess_001013,page_008,notícias,computador,orgânico,0,1,63.3,50.8,0
evt_001607,2026-04-05 15:06:00,user_001139,sess_000357,page_102,entretenimento,computador,direto,1,1,32.2,53.7,0
evt_001608,2026-03-15 04:14:00,user_000064,sess_000546,page_037,esportes,celular,orgânico,1,1,123.7,33.2,0
evt_001609,2026-03-08 13:28:00,user_002655,sess_000041,page_032,esportes,celular,orgânico,0,1,117.8,69.5,1
evt_001610,2026-04-16 14:02:00,user_000824,sess_000101,page_028,entretenimento,celular,orgânico,0,1,65.9,27.0,1
evt_001611,2026-03-09 14:57:00,user_002318,sess_000315,page_121,finanças,celular,orgânico,0,1,81.4,94.0,0
evt_001612,2026-04-10 05:07:00,user_002288,sess_000906,page_070,estilo de vida,computador,orgânico,0,1,134.2,33.9,1
evt_001613,2026-04-11 14:03:00,user_001579,sess_001332,page_096,estilo de vida,computador,orgânico,0,1,85.7,54.4,0
evt_001614,2026-03-04 14:43:00,user_000264,sess_001576,page_029,entretenimento,computador,redes sociais,0,1,57.7,41.4,0
evt_001615,2026-03-11 09:02:00,user_002850,sess_001259,page_008,notícias,computador,orgânico,0,1,27.9,77.0,0
evt_001616,2026-04-17 15:53:00,user_002042,sess_001234,page_006,notícias,computador,orgânico,0,1,70.6,32.4,0
evt_001617,2026-03-31 10:30:00,user_001273,sess_001871,page_062,entretenimento,celular,direto,1,1,26.1,83.2,0
evt_001618,2026-03-08 06:44:00,user_002561,sess_000512,page_046,notícias,computador,direto,1,1,133.5,98.1,0
evt_001619,2026-04-29 12:09:00,user_002364,sess_001596,page_107,tecnologia,celular,orgânico,1,1,25.3,27.4,1
evt_001620,2026-03-16 21:34:00,user_002281,sess_001873,page_110,estilo de vida,computador,newsletter,1,1,45.7,17.3,0
evt_001621,2026-03-01 05:46:00,user_000504,sess_001135,page_044,estilo de vida,computador,direto,1,1,19.1,49.7,0
evt_001622,2026-04-25 10:47:00,user_001898,sess_001681,page_061,tecnologia,computador,redes sociais,0,1,11.2,58.1,1
evt_001623,2026-03-01 23:52:00,user_000858,sess_000275,page_054,entretenimento,celular,redes sociais,1,1,123.6,50.7,1
evt_001624,2026-04-03 04:50:00,user_000236,sess_001757,page_094,notícias,celular,orgânico,1,1,47.2,49.6,1
evt_001625,2026-04-29 14:02:00,user_001014,sess_001128,page_088,estilo de vida,celular,redes sociais,0,1,157.2,69.0,0
evt_001626,2026-04-04 16:02:00,user_000312,sess_000443,page_091,tecnologia,tablet,redes sociais,1,1,81.2,62.4,0
evt_001627,2026-04-05 01:52:00,user_000318,sess_000124,page_008,esportes,computador,newsletter,0,1,23.5,23.3,0
evt_001628,2026-03-24 06:58:00,user_002181,sess_001440,page_047,entretenimento,computador,newsletter,0,1,211.6,40.8,0
evt_001629,2026-03-08 14:45:00,user_001505,sess_000862,page_135,finanças,celular,orgânico,0,1,50.0,89.9,1
evt_001630,2026-04-04 08:40:00,user_001194,sess_000620,page_048,notícias,celular,newsletter,1,1,123.4,58.6,1
evt_001631,2026-04-23 20:06:00,user_000577,sess_000781,page_025,tecnologia,computador,direto,1,1,55.0,54.7,0
evt_001632,2026-03-06 11:11:00,user_002313,sess_001982,page_028,entretenimento,computador,direto,1,1,29.1,30.2,0
evt_001633,2026-04-22 19:44:00,user_001902,sess_000856,page_004,notícias,celular,referência,1,1,66.6,70.5,1
evt_001634,2026-03-25 21:40:00,user_001757,sess_000158,page_109,tecnologia,computador,orgânico,0,1,125.5,55.5,0
evt_001635,2026-04-02 04:07:00,user_000571,sess_000560,page_001,notícias,celular,orgânico,1,1,61.5,55.5,0
evt_001636,2026-03-10 22:10:00,user_000371,sess_000291,page_083,notícias,computador,referência,1,1,49.2,75.4,0
evt_001637,2026-04-07 07:22:00,user_000371,sess_001371,page_056,esportes,tablet,orgânico,0,1,72.3,34.8,0
evt_001638,2026-03-11 22:35:00,user_000076,sess_001600,page_014,tecnologia,celular,direto,0,1,102.2,79.3,0
evt_001639,2026-03-17 09:23:00,user_002907,sess_001682,page_123,notícias,celular,referência,0,1,98.8,61.9,1
evt_001640,2026-04-13 07:07:00,user_001103,sess_001266,page_104,notícias,computador,referência,0,1,70.6,79.0,1
evt_001641,2026-03-04 00:44:00,user_001975,sess_001537,page_114,tecnologia,celular,orgânico,1,1,70.2,50.2,0
evt_001642,2026-03-27 19:56:00,user_002946,sess_000835,page_131,finanças,celular,direto,0,1,40.3,89.5,0
evt_001643,2026-04-05 16:10:00,user_002809,sess_001255,page_127,notícias,computador,orgânico,1,1,50.2,1.0,0
evt_001644,2026-03-08 22:07:00,user_000962,sess_000214,page_098,esportes,celular,referência,0,1,46.1,28.3,0
evt_001645,2026-03-18 16:26:00,user_001470,sess_001077,page_075,tecnologia,computador,redes sociais,1,1,84.9,37.4,1
evt_001646,2026-03-21 14:38:00,user_001389,sess_001115,page_097,estilo de vida,celular,direto,0,1,99.9,40.7,0
evt_001647,2026-04-09 19:36:00,user_000101,sess_000063,page_063,tecnologia,celular,referência,1,1,39.4,77.9,1
evt_001648,2026-04-28 14:27:00,user_002305,sess_001097,page_026,notícias,celular,redes sociais,0,1,68.8,17.0,1
evt_001649,2026-04-20 04:11:00,user_001723,sess_001446,page_054,finanças,celular,redes sociais,0,1,17.6,81.8,1
evt_001650,2026-03-12 09:15:00,user_001114,sess_000735,page_065,tecnologia,computador,redes sociais,0,1,65.1,55.5,0
evt_001651,2026-03-02 02:09:00,user_001675,sess_001090,page_007,esportes,celular,redes sociais,1,1,4.9,33.3,1
evt_001652,2026-03-04 02:45:00,user_002206,sess_000572,page_118,notícias,celular,direto,1,1,25.8,91.0,0
evt_001653,2026-04-05 17:49:00,user_000045,sess_000542,page_127,esportes,computador,referência,1,1,19.0,28.8,0
evt_001654,2026-03-10 09:00:00,user_001938,sess_000259,page_059,esportes,celular,orgânico,1,1,6.5,73.9,0
evt_001655,2026-03-14 21:02:00,user_002583,sess_000656,page_069,notícias,computador,orgânico,0,1,36.4,82.2,1
evt_001656,2026-04-20 20:14:00,user_002179,sess_001606,page_117,entretenimento,computador,redes sociais,0,1,101.8,18.5,0
evt_001657,2026-04-22 10:23:00,user_001860,sess_001871,page_064,finanças,celular,orgânico,1,1,11.5,43.0,1
evt_001658,2026-04-20 08:12:00,user_000272,sess_001271,page_096,estilo de vida,computador,direto,0,1,71.7,82.9,1
evt_001659,2026-03-16 05:16:00,user_002234,sess_001249,page_072,notícias,computador,redes sociais,0,1,112.7,59.4,0
evt_001660,2026-04-07 04:20:00,user_002252,sess_001228,page_038,estilo de vida,computador,orgânico,1,1,124.9,69.3,1
evt_001661,2026-04-06 15:30:00,user_001482,sess_000952,page_111,estilo de vida,celular,direto,0,1,37.0,57.4,1
evt_001662,2026-03-12 02:45:00,user_001748,sess_000846,page_027,entretenimento,computador,orgânico,1,1,35.3,71.6,1
evt_001663,2026-04-03 05:05:00,user_001855,sess_001242,page_032,finanças,computador,direto,1,1,27.3,39.9,1
evt_001664,2026-04-01 12:22:00,user_000364,sess_001569,page_097,tecnologia,computador,orgânico,0,1,108.5,70.9,0
evt_001665,2026-03-24 18:28:00,user_000773,sess_000828,page_099,esportes,computador,orgânico,0,1,54.7,52.7,0
evt_001666,2026-04-15 02:23:00,user_002377,sess_001132,page_133,estilo de vida,computador,orgânico,0,1,29.8,51.9,0
evt_001667,2026-04-10 15:46:00,user_002921,sess_000940,page_099,entretenimento,celular,redes sociais,0,1,22.5,28.9,0
evt_001668,2026-04-01 23:01:00,user_000811,sess_000571,page_004,estilo de vida,celular,direto,1,1,65.8,25.0,0
evt_001669,2026-04-13 13:06:00,user_001202,sess_000581,page_119,tecnologia,celular,redes sociais,1,1,27.7,53.2,0
evt_001670,2026-04-15 18:52:00,user_002745,sess_000158,page_058,entretenimento,celular,orgânico,1,1,68.4,80.6,0
evt_001671,2026-04-04 00:23:00,user_000487,sess_000880,page_002,entretenimento,computador,redes sociais,0,1,48.1,60.1,0
evt_001672,2026-03-17 01:27:00,user_000784,sess_001425,page_081,notícias,computador,redes sociais,1,1,183.3,36.6,1
evt_001673,2026-04-15 12:07:00,user_000168,sess_001371,page_024,notícias,celular,direto,0,1,32.7,52.6,1
evt_001674,2026-04-13 01:21:00,user_000705,sess_001971,page_058,estilo de vida,computador,orgânico,1,1,60.0,50.6,1
evt_001675,2026-04-29 00:07:00,user_001908,sess_000080,page_066,entretenimento,celular,direto,1,1,61.5,39.6,0
evt_001676,2026-03-09 23:41:00,user_001045,sess_001521,page_011,finanças,computador,direto,0,1,63.4,72.5,0
evt_001677,2026-03-26 03:45:00,user_002950,sess_001590,page_119,esportes,celular,direto,1,1,27.4,36.8,0
evt_001678,2026-04-25 10:53:00,user_002674,sess_000873,page_071,finanças,computador,redes sociais,0,1,18.4,50.4,0
evt_001679,2026-03-31 20:59:00,user_002687,sess_000566,page_135,notícias,celular,orgânico,0,1,54.3,34.2,0
evt_001680,2026-04-26 13:22:00,user_002179,sess_000714,page_065,notícias,tablet,orgânico,0,1,100.9,41.0,0
evt_001681,2026-03-01 17:57:00,user_002106,sess_001365,page_083,notícias,computador,referência,0,1,59.7,86.9,0
evt_001682,2026-03-03 02:38:00,user_001529,sess_001724,page_113,notícias,computador,redes sociais,1,1,31.2,42.1,0
evt_001683,2026-04-17 18:16:00,user_002971,sess_001285,page_030,tecnologia,computador,redes sociais,1,1,135.2,46.6,1
evt_001684,2026-03-22 12:08:00,user_000287,sess_001028,page_127,esportes,computador,redes sociais,1,1,37.7,72.2,1
evt_001685,2026-04-01 05:07:00,user_002168,sess_001305,page_026,notícias,celular,orgânico,0,1,74.1,77.0,0
evt_001686,2026-03-26 16:20:00,user_000421,sess_000142,page_139,finanças,tablet,orgânico,0,1,27.7,54.1,0
evt_001687,2026-03-25 11:27:00,user_001018,sess_001216,page_089,esportes,celular,redes sociais,0,1,84.1,81.4,1
evt_001688,2026-04-26 08:50:00,user_000767,sess_000085,page_073,esportes,celular,orgânico,1,1,31.9,36.6,0
evt_001689,2026-03-06 15:27:00,user_001804,sess_001918,page_030,esportes,celular,newsletter,0,1,23.3,69.9,1
evt_001690,2026-04-16 07:59:00,user_002361,sess_001778,page_080,notícias,computador,orgânico,0,1,75.2,54.8,0
evt_001691,2026-04-23 09:06:00,user_000240,sess_001017,page_077,estilo de vida,tablet,direto,0,1,34.0,65.0,0
evt_001692,2026-04-09 10:40:00,user_001805,sess_000748,page_137,notícias,celular,orgânico,0,1,49.7,68.4,1
evt_001693,2026-03-24 16:48:00,user_000665,sess_001464,page_117,notícias,computador,referência,1,1,30.4,55.0,1
evt_001694,2026-03-10 14:25:00,user_000231,sess_001275,page_068,notícias,tablet,referência,0,1,21.5,66.8,0
evt_001695,2026-04-10 22:55:00,user_001253,sess_001411,page_055,esportes,celular,orgânico,0,1,46.5,72.0,0
evt_001696,2026-03-29 03:04:00,user_001744,sess_001031,page_054,notícias,computador,redes sociais,0,1,43.3,24.0,0
evt_001697,2026-03-09 23:05:00,user_000606,sess_000473,page_053,esportes,celular,newsletter,0,1,61.3,38.9,0
evt_001698,2026-03-22 13:53:00,user_001170,sess_000147,page_002,esportes,computador,redes sociais,0,1,55.0,74.7,1
evt_001699,2026-04-27 16:37:00,user_002860,sess_000567,page_006,notícias,computador,orgânico,1,1,69.1,18.0,1
evt_001700,2026-03-16 22:09:00,user_001040,sess_001058,page_105,entretenimento,computador,direto,0,1,15.3,33.8,1
evt_001701,2026-03-11 16:57:00,user_002986,sess_000848,page_036,esportes,celular,orgânico,0,1,34.2,87.3,1
evt_001702,2026-04-10 22:02:00,user_002502,sess_001013,page_058,notícias,computador,orgânico,0,1,70.8,49.0,1
evt_001703,2026-03-12 23:20:00,user_001113,sess_000556,page_098,finanças,computador,referência,0,1,97.8,68.5,0
evt_001704,2026-04-25 04:40:00,user_001730,sess_001875,page_085,notícias,computador,newsletter,1,1,117.5,64.7,0
evt_001705,2026-04-21 12:56:00,user_002127,sess_000734,page_051,tecnologia,computador,orgânico,0,1,96.4,65.6,0
evt_001706,2026-04-29 00:17:00,user_001394,sess_001692,page_105,notícias,celular,orgânico,1,1,26.8,46.3,1
evt_001707,2026-04-24 18:07:00,user_001223,sess_000782,page_023,finanças,celular,orgânico,0,1,56.5,57.5,1
evt_001708,2026-03-15 15:01:00,user_000989,sess_000887,page_066,entretenimento,computador,referência,1,1,27.7,99.6,0
evt_001709,2026-03-13 17:29:00,user_000419,sess_001208,page_015,notícias,computador,referência,0,1,62.1,30.1,1
evt_001710,2026-03-21 13:24:00,user_000075,sess_000527,page_074,notícias,computador,referência,0,1,60.5,42.7,0
evt_001711,2026-03-29 04:30:00,user_001011,sess_000440,page_014,estilo de vida,celular,orgânico,1,1,7.0,33.3,1
evt_001712,2026-04-22 19:11:00,user_002387,sess_000759,page_131,entretenimento,celular,orgânico,1,1,96.2,52.6,1
evt_001713,2026-04-14 00:13:00,user_000700,sess_001608,page_092,esportes,computador,redes sociais,0,1,58.7,38.0,0
evt_001714,2026-04-08 15:59:00,user_000540,sess_000290,page_035,estilo de vida,computador,orgânico,0,1,25.9,81.9,0
evt_001715,2026-04-22 16:50:00,user_000984,sess_000875,page_086,notícias,computador,orgânico,0,1,8.2,88.3,1
evt_001716,2026-04-08 18:04:00,user_001797,sess_001344,page_049,estilo de vida,celular,orgânico,0,1,179.3,55.8,0
evt_001717,2026-03-23 17:50:00,user_000645,sess_001412,page_073,esportes,computador,direto,0,1,63.9,36.1,0
evt_001718,2026-03-25 18:43:00,user_000661,sess_000869,page_024,estilo de vida,celular,direto,0,1,58.2,93.0,1
evt_001719,2026-04-01 00:30:00,user_000337,sess_000163,page_070,notícias,celular,direto,0,1,67.2,41.3,0
evt_001720,2026-03-06 07:49:00,user_000997,sess_000032,page_015,finanças,computador,orgânico,0,1,54.4,68.9,0
evt_001721,2026-04-14 12:04:00,user_000653,sess_000940,page_022,esportes,computador,direto,0,1,20.5,63.8,0
evt_001722,2026-04-09 03:59:00,user_002493,sess_001620,page_082,estilo de vida,tablet,redes sociais,0,1,44.9,36.8,0
evt_001723,2026-04-13 20:50:00,user_002717,sess_000057,page_070,tecnologia,computador,orgânico,1,1,32.5,48.0,1
evt_001724,2026-04-02 00:52:00,user_001112,sess_001775,page_041,tecnologia,celular,redes sociais,0,1,99.5,93.5,1
evt_001725,2026-04-16 23:27:00,user_000256,sess_001352,page_009,entretenimento,celular,direto,1,1,77.9,61.9,1
evt_001726,2026-04-26 23:38:00,user_000263,sess_000017,page_059,finanças,computador,orgânico,0,1,82.9,74.3,0
evt_001727,2026-04-04 04:42:00,user_000974,sess_000688,page_129,estilo de vida,celular,referência,0,1,9.2,72.7,1
evt_001728,2026-03-27 15:54:00,user_001390,sess_000441,page_099,notícias,computador,redes sociais,1,1,122.0,65.0,0
evt_001729,2026-03-07 06:38:00,user_001585,sess_001898,page_009,entretenimento,computador,direto,1,1,18.8,76.6,1
evt_001730,2026-04-16 17:17:00,user_000913,sess_001110,page_131,estilo de vida,celular,referência,1,1,176.6,67.3,1
evt_001731,2026-04-24 05:43:00,user_001064,sess_000648,page_059,finanças,tablet,direto,0,1,30.5,61.8,0
evt_001732,2026-04-11 23:15:00,user_000851,sess_000556,page_081,finanças,computador,redes sociais,0,1,61.6,100.0,0
evt_001733,2026-04-21 22:25:00,user_001553,sess_001128,page_001,tecnologia,celular,orgânico,1,1,35.9,44.7,1
evt_001734,2026-04-21 16:07:00,user_002091,sess_000011,page_044,tecnologia,computador,redes sociais,0,1,3.0,48.9,0
evt_001735,2026-04-17 21:15:00,user_000131,sess_000515,page_110,tecnologia,celular,referência,0,1,17.2,84.3,0
evt_001736,2026-03-31 04:08:00,user_001436,sess_000331,page_046,finanças,computador,newsletter,1,1,102.5,80.4,1
evt_001737,2026-03-06 23:48:00,user_001946,sess_001240,page_024,esportes,celular,direto,0,1,51.5,48.5,1
evt_001738,2026-03-01 04:40:00,user_002017,sess_001338,page_013,entretenimento,tablet,direto,0,1,84.1,47.0,0
evt_001739,2026-03-13 06:19:00,user_001690,sess_000934,page_129,estilo de vida,celular,direto,0,1,3.7,56.8,0
evt_001740,2026-03-26 20:40:00,user_001575,sess_000280,page_113,estilo de vida,computador,direto,0,1,24.3,63.1,1
evt_001741,2026-04-14 14:47:00,user_002043,sess_000741,page_007,estilo de vida,tablet,orgânico,0,1,70.4,56.9,1
evt_001742,2026-03-28 08:21:00,user_001135,sess_001685,page_129,estilo de vida,computador,redes sociais,0,1,29.2,46.5,0
evt_001743,2026-03-02 09:19:00,user_001702,sess_000408,page_115,tecnologia,celular,redes sociais,1,1,157.2,70.5,1
evt_001744,2026-03-13 14:53:00,user_000959,sess_000327,page_051,estilo de vida,celular,redes sociais,1,1,273.9,58.2,0
evt_001745,2026-04-28 18:05:00,user_001314,sess_000223,page_092,entretenimento,celular,redes sociais,0,1,45.6,74.6,1
evt_001746,2026-04-29 06:45:00,user_000373,sess_001633,page_036,tecnologia,computador,newsletter,1,1,47.4,60.0,0
evt_001747,2026-03-23 15:05:00,user_001051,sess_000240,page_035,finanças,celular,referência,1,1,36.2,34.8,0
evt_001748,2026-04-18 07:10:00,user_000427,sess_001163,page_100,notícias,celular,referência,1,1,83.5,66.9,0
evt_001749,2026-04-13 03:48:00,user_000680,sess_001998,page_029,estilo de vida,celular,referência,0,1,54.0,76.7,0
evt_001750,2026-04-25 21:01:00,user_001258,sess_001283,page_050,estilo de vida,tablet,direto,0,1,167.2,65.2,0
evt_001751,2026-04-23 06:06:00,user_001500,sess_000825,page_050,finanças,computador,direto,1,1,28.4,33.6,0
evt_001752,2026-04-07 17:23:00,user_002826,sess_000414,page_021,entretenimento,computador,orgânico,0,1,68.2,63.1,0
evt_001753,2026-03-24 16:16:00,user_000079,sess_000004,page_116,notícias,celular,referência,1,1,97.0,48.0,0
evt_001754,2026-04-07 14:23:00,user_002695,sess_000311,page_094,esportes,computador,orgânico,0,1,76.6,58.6,0
evt_001755,2026-03-20 03:33:00,user_000985,sess_001905,page_120,tecnologia,celular,direto,1,1,166.5,67.4,0
evt_001756,2026-03-21 21:15:00,user_002172,sess_000288,page_073,entretenimento,computador,orgânico,1,1,84.3,52.6,0
evt_001757,2026-04-06 12:35:00,user_002033,sess_000040,page_025,finanças,celular,redes sociais,1,1,34.4,78.1,0
evt_001758,2026-04-04 06:48:00,user_002912,sess_001632,page_039,notícias,celular,orgânico,1,1,152.9,67.1,1
evt_001759,2026-04-04 20:37:00,user_000327,sess_000837,page_050,finanças,celular,direto,1,1,44.8,72.6,1
evt_001760,2026-03-24 01:55:00,user_002901,sess_000714,page_131,finanças,celular,referência,1,1,22.2,58.4,0
evt_001761,2026-03-25 13:09:00,user_000189,sess_001435,page_034,finanças,computador,orgânico,0,1,108.4,85.5,0
evt_001762,2026-03-01 14:40:00,user_002632,sess_001046,page_097,esportes,computador,orgânico,0,1,20.2,87.0,1
evt_001763,2026-04-06 02:33:00,user_001956,sess_001829,page_018,esportes,celular,newsletter,1,1,40.7,57.4,0
evt_001764,2026-04-04 13:07:00,user_001446,sess_000935,page_133,estilo de vida,tablet,orgânico,0,1,71.3,48.1,0
evt_001765,2026-04-26 02:56:00,user_001193,sess_001426,page_090,estilo de vida,celular,direto,1,1,8.7,49.7,1
evt_001766,2026-03-31 06:09:00,user_000281,sess_001757,page_060,estilo de vida,celular,referência,0,1,30.7,73.7,0
evt_001767,2026-03-29 01:24:00,user_002405,sess_000927,page_049,esportes,computador,direto,0,1,15.1,59.8,0
evt_001768,2026-03-05 01:27:00,user_002184,sess_000569,page_050,esportes,celular,orgânico,0,1,54.6,53.1,1
evt_001769,2026-03-12 19:18:00,user_002811,sess_001948,page_032,esportes,celular,direto,0,1,44.2,43.1,0
evt_001770,2026-03-21 06:46:00,user_002191,sess_000454,page_084,entretenimento,computador,newsletter,1,1,88.6,65.7,0
evt_001771,2026-03-23 15:10:00,user_002871,sess_000079,page_121,esportes,computador,orgânico,0,1,151.0,70.2,1
evt_001772,2026-03-22 18:16:00,user_002660,sess_001156,page_034,estilo de vida,celular,direto,1,1,41.2,56.4,0
evt_001773,2026-03-24 15:30:00,user_001277,sess_001973,page_105,finanças,celular,orgânico,0,1,91.5,71.4,1
evt_001774,2026-04-16 03:14:00,user_002111,sess_000173,page_079,entretenimento,computador,newsletter,1,1,20.8,67.8,0
evt_001775,2026-03-08 20:47:00,user_000793,sess_001698,page_108,esportes,celular,orgânico,1,1,112.7,76.3,1
evt_001776,2026-03-20 22:27:00,user_002385,sess_001661,page_107,finanças,computador,orgânico,1,1,160.6,48.4,1
evt_001777,2026-03-10 18:32:00,user_001826,sess_001857,page_006,tecnologia,celular,orgânico,0,1,46.2,43.6,0
evt_001778,2026-03-19 11:13:00,user_001321,sess_000843,page_003,notícias,celular,newsletter,0,1,31.2,49.8,1
evt_001779,2026-04-11 01:46:00,user_001884,sess_000510,page_128,estilo de vida,celular,redes sociais,0,1,37.2,58.5,0
evt_001780,2026-03-03 19:20:00,user_000832,sess_001024,page_022,esportes,celular,orgânico,0,1,25.8,48.6,0
evt_001781,2026-03-21 08:50:00,user_001867,sess_000285,page_080,entretenimento,celular,orgânico,0,1,78.9,52.3,1
evt_001782,2026-03-02 10:06:00,user_001424,sess_001685,page_105,tecnologia,celular,referência,0,1,64.6,72.3,0
evt_001783,2026-04-27 07:03:00,user_000966,sess_001326,page_071,notícias,celular,orgânico,1,1,23.0,28.9,0
evt_001784,2026-04-13 15:15:00,user_002926,sess_000967,page_001,tecnologia,celular,direto,0,1,51.8,42.0,0
evt_001785,2026-03-15 14:46:00,user_000192,sess_001032,page_002,tecnologia,celular,redes sociais,0,1,50.1,44.2,1
evt_001786,2026-03-12 21:24:00,user_002273,sess_001424,page_094,estilo de vida,celular,direto,1,1,31.0,82.8,1
evt_001787,2026-03-06 22:27:00,user_000630,sess_001046,page_125,esportes,computador,direto,1,1,103.0,59.4,0
evt_001788,2026-03-29 08:56:00,user_000668,sess_001679,page_048,notícias,celular,referência,0,1,59.3,62.4,0
evt_001789,2026-04-15 05:02:00,user_000464,sess_001849,page_076,estilo de vida,computador,orgânico,1,1,70.1,41.1,0
evt_001790,2026-04-05 01:15:00,user_000308,sess_001899,page_130,finanças,celular,redes sociais,0,1,79.5,56.0,0
evt_001791,2026-04-22 20:41:00,user_000372,sess_001240,page_115,tecnologia,computador,orgânico,1,1,93.9,6.4,1
evt_001792,2026-03-21 15:05:00,user_002498,sess_001485,page_076,esportes,computador,redes sociais,0,1,164.6,58.9,0
evt_001793,2026-03-17 16:28:00,user_002778,sess_000622,page_092,estilo de vida,computador,redes sociais,0,1,71.2,44.3,0
evt_001794,2026-03-29 16:23:00,user_001754,sess_000077,page_134,esportes,celular,redes sociais,0,1,56.5,25.4,1
evt_001795,2026-03-13 03:00:00,user_000042,sess_000800,page_111,estilo de vida,tablet,newsletter,1,1,121.1,63.7,0
evt_001796,2026-04-28 12:55:00,user_002593,sess_001743,page_058,notícias,computador,newsletter,0,1,53.6,39.0,0
evt_001797,2026-03-12 03:30:00,user_001805,sess_000267,page_097,esportes,computador,orgânico,0,1,135.6,59.6,1
evt_001798,2026-03-29 17:34:00,user_001563,sess_001091,page_046,notícias,celular,direto,1,1,26.2,63.3,1
evt_001799,2026-04-01 07:41:00,user_002842,sess_000385,page_129,estilo de vida,celular,direto,1,1,98.1,100.0,0
evt_001800,2026-03-04 10:08:00,user_001229,sess_000859,page_014,esportes,computador,newsletter,0,1,31.5,49.8,0
evt_001801,2026-03-29 02:31:00,user_001080,sess_000287,page_032,tecnologia,celular,orgânico,0,1,24.6,61.4,1
evt_001802,2026-03-28 06:46:00,user_002339,sess_001469,page_049,notícias,celular,redes sociais,0,1,29.9,56.6,1
evt_001803,2026-03-16 13:35:00,user_001581,sess_001620,page_029,estilo de vida,computador,redes sociais,0,1,12.6,42.3,1
evt_001804,2026-03-08 16:16:00,user_002150,sess_001516,page_083,estilo de vida,celular,orgânico,0,1,9.1,61.6,0
evt_001805,2026-03-03 17:02:00,user_002087,sess_001410,page_100,notícias,computador,redes sociais,0,1,14.3,73.0,1
evt_001806,2026-03-01 12:21:00,user_002518,sess_000471,page_124,notícias,tablet,orgânico,0,1,28.3,68.5,0
evt_001807,2026-03-29 21:20:00,user_000952,sess_001061,page_070,esportes,celular,orgânico,0,1,63.0,71.4,0
evt_001808,2026-03-06 09:22:00,user_000217,sess_000210,page_087,estilo de vida,celular,direto,0,1,27.8,41.7,1
evt_001809,2026-04-27 13:26:00,user_001433,sess_000749,page_084,entretenimento,tablet,orgânico,0,1,169.6,59.1,0
evt_001810,2026-03-15 16:26:00,user_001943,sess_001012,page_001,notícias,computador,orgânico,0,1,10.1,25.7,0
evt_001811,2026-04-09 03:37:00,user_002451,sess_001337,page_099,tecnologia,celular,redes sociais,0,1,106.0,23.1,1
evt_001812,2026-04-10 09:49:00,user_000801,sess_000194,page_004,estilo de vida,celular,direto,1,1,73.6,91.6,1
evt_001813,2026-03-30 17:31:00,user_002236,sess_001625,page_077,estilo de vida,celular,direto,0,1,30.9,59.8,1
evt_001814,2026-04-23 00:24:00,user_002496,sess_000918,page_139,finanças,celular,newsletter,0,1,45.6,78.2,0
evt_001815,2026-03-07 15:23:00,user_002425,sess_001762,page_110,entretenimento,computador,redes sociais,0,1,143.6,70.3,1
evt_001816,2026-03-15 01:00:00,user_002424,sess_001055,page_071,finanças,computador,orgânico,1,1,48.7,65.0,0
evt_001817,2026-03-16 03:30:00,user_002962,sess_001094,page_045,tecnologia,computador,orgânico,0,1,22.8,84.3,1
evt_001818,2026-03-09 02:59:00,user_001983,sess_001385,page_117,esportes,celular,redes sociais,0,1,26.4,54.8,1
evt_001819,2026-03-18 16:28:00,user_001111,sess_001639,page_120,tecnologia,computador,orgânico,0,1,42.8,14.5,1
evt_001820,2026-03-19 18:16:00,user_001310,sess_000316,page_052,entretenimento,celular,referência,0,1,172.1,61.1,1
evt_001821,2026-04-15 21:19:00,user_002241,sess_001023,page_015,entretenimento,computador,redes sociais,0,1,29.8,76.3,0
evt_001822,2026-03-19 02:20:00,user_000710,sess_000060,page_081,esportes,celular,redes sociais,1,1,117.0,29.4,0
evt_001823,2026-04-22 14:27:00,user_001808,sess_000949,page_089,tecnologia,computador,referência,0,1,35.2,52.0,0
evt_001824,2026-04-16 08:39:00,user_001718,sess_001627,page_130,notícias,celular,direto,0,1,26.7,79.8,1
evt_001825,2026-04-24 02:21:00,user_002000,sess_001730,page_124,estilo de vida,computador,direto,1,1,46.9,75.4,0
evt_001826,2026-03-07 07:31:00,user_001264,sess_000567,page_032,esportes,computador,redes sociais,0,1,9.7,55.0,0
evt_001827,2026-04-29 01:46:00,user_002219,sess_000773,page_036,estilo de vida,computador,orgânico,0,1,76.7,42.2,0
evt_001828,2026-04-06 20:06:00,user_000215,sess_001103,page_139,finanças,tablet,redes sociais,1,1,50.8,65.4,0
evt_001829,2026-04-28 22:36:00,user_002249,sess_000792,page_046,notícias,celular,orgânico,1,1,63.8,62.4,0
evt_001830,2026-03-22 06:58:00,user_002435,sess_000356,page_064,esportes,celular,redes sociais,0,1,126.4,72.4,1
evt_001831,2026-04-27 04:19:00,user_002657,sess_000610,page_043,notícias,tablet,referência,0,1,42.9,54.7,1
evt_001832,2026-04-05 07:35:00,user_002768,sess_000808,page_055,finanças,celular,redes sociais,0,1,46.6,96.6,1
evt_001833,2026-03-05 07:25:00,user_001048,sess_001037,page_079,tecnologia,celular,orgânico,1,1,85.5,62.2,1
evt_001834,2026-03-25 14:34:00,user_000140,sess_001841,page_041,tecnologia,celular,orgânico,0,1,20.1,50.5,0
evt_001835,2026-03-09 06:25:00,user_001960,sess_001090,page_058,tecnologia,computador,referência,0,1,10.2,46.4,0
evt_001836,2026-04-26 11:26:00,user_000271,sess_000774,page_050,tecnologia,computador,orgânico,1,1,17.1,40.4,0
evt_001837,2026-03-19 06:25:00,user_000841,sess_001321,page_016,esportes,celular,redes sociais,0,1,21.9,78.0,1
evt_001838,2026-03-14 08:12:00,user_002107,sess_001546,page_110,finanças,celular,direto,0,1,111.9,61.5,0
evt_001839,2026-04-03 04:10:00,user_001784,sess_000861,page_124,finanças,computador,orgânico,0,1,48.1,8.4,0
evt_001840,2026-03-26 12:13:00,user_001820,sess_000979,page_069,notícias,celular,direto,0,1,56.3,49.7,0
evt_001841,2026-03-06 19:38:00,user_002253,sess_000436,page_029,estilo de vida,computador,orgânico,0,1,62.9,82.1,1
evt_001842,2026-04-18 23:45:00,user_000495,sess_001729,page_090,tecnologia,celular,direto,0,1,117.2,48.3,1
evt_001843,2026-04-20 17:56:00,user_002373,sess_001733,page_075,estilo de vida,celular,orgânico,0,1,52.4,30.5,0
evt_001844,2026-04-14 13:51:00,user_001760,sess_000350,page_077,tecnologia,computador,orgânico,0,1,17.8,48.0,0
evt_001845,2026-04-07 00:07:00,user_001260,sess_000692,page_083,notícias,computador,orgânico,0,1,55.4,69.3,0
evt_001846,2026-03-25 03:40:00,user_001391,sess_000544,page_100,tecnologia,celular,referência,0,1,167.7,52.6,1
evt_001847,2026-04-02 13:00:00,user_001526,sess_001845,page_006,notícias,celular,redes sociais,1,1,38.0,38.7,1
evt_001848,2026-04-01 06:14:00,user_001651,sess_000131,page_014,entretenimento,celular,referência,0,1,129.7,69.1,0
evt_001849,2026-03-10 22:02:00,user_001002,sess_000415,page_014,esportes,celular,redes sociais,0,1,66.5,80.4,0
evt_001850,2026-03-05 21:48:00,user_000669,sess_000630,page_022,finanças,computador,referência,0,1,131.3,94.6,0
evt_001851,2026-03-16 04:41:00,user_000507,sess_001120,page_136,finanças,computador,redes sociais,1,1,31.6,69.5,0
evt_001852,2026-03-28 06:14:00,user_001022,sess_000498,page_102,esportes,celular,redes sociais,0,1,27.3,53.9,0
evt_001853,2026-03-10 14:50:00,user_000782,sess_001073,page_093,esportes,celular,direto,0,1,5.2,66.1,0
evt_001854,2026-03-07 09:36:00,user_001548,sess_001494,page_098,notícias,computador,orgânico,0,1,39.8,82.5,0
evt_001855,2026-04-21 02:47:00,user_002736,sess_001657,page_005,estilo de vida,computador,referência,0,1,23.4,78.2,1
evt_001856,2026-03-23 11:59:00,user_000325,sess_000199,page_030,entretenimento,computador,referência,0,1,34.0,56.0,0
evt_001857,2026-04-05 01:17:00,user_000927,sess_000278,page_111,esportes,computador,orgânico,0,1,69.5,38.4,0
evt_001858,2026-04-01 10:36:00,user_000148,sess_000191,page_065,finanças,celular,referência,0,1,5.0,70.3,0
evt_001859,2026-04-14 02:35:00,user_002924,sess_001819,page_071,tecnologia,tablet,orgânico,1,1,73.6,57.2,0
evt_001860,2026-04-14 09:19:00,user_002102,sess_001304,page_105,finanças,computador,direto,1,1,33.2,74.6,1
evt_001861,2026-03-18 18:17:00,user_000725,sess_001063,page_011,tecnologia,celular,referência,0,1,106.3,35.6,1
evt_001862,2026-04-20 20:59:00,user_001243,sess_001582,page_112,finanças,computador,orgânico,0,1,107.6,52.4,0
evt_001863,2026-03-23 06:36:00,user_002169,sess_001172,page_095,finanças,computador,orgânico,1,1,41.4,83.1,1
evt_001864,2026-04-20 02:41:00,user_002873,sess_000471,page_057,notícias,computador,direto,1,1,30.3,61.2,0
evt_001865,2026-03-25 06:59:00,user_001722,sess_001020,page_070,notícias,computador,redes sociais,0,1,54.5,34.0,1
evt_001866,2026-03-07 15:49:00,user_000813,sess_001406,page_011,estilo de vida,computador,redes sociais,0,1,104.9,83.7,0
evt_001867,2026-04-15 14:25:00,user_002090,sess_000073,page_029,tecnologia,celular,direto,0,1,88.3,51.6,0
evt_001868,2026-03-02 19:25:00,user_002057,sess_001213,page_035,notícias,celular,orgânico,0,1,177.2,65.1,1
evt_001869,2026-04-16 08:11:00,user_001932,sess_000994,page_123,entretenimento,celular,orgânico,0,1,28.0,47.8,0
evt_001870,2026-03-03 14:09:00,user_000138,sess_000139,page_016,esportes,celular,newsletter,1,1,31.1,63.0,0
evt_001871,2026-03-13 09:48:00,user_002120,sess_000527,page_041,finanças,computador,direto,0,1,110.4,91.7,0
evt_001872,2026-04-06 04:50:00,user_000059,sess_000897,page_019,entretenimento,computador,direto,1,1,41.9,83.8,1
evt_001873,2026-04-26 11:48:00,user_002716,sess_000686,page_040,entretenimento,computador,orgânico,0,1,22.0,88.5,0
evt_001874,2026-03-25 12:12:00,user_002645,sess_000580,page_002,finanças,computador,newsletter,0,1,30.3,56.0,0
evt_001875,2026-03-08 05:44:00,user_001690,sess_001298,page_038,esportes,computador,orgânico,1,1,59.0,70.5,1
evt_001876,2026-03-14 23:23:00,user_001938,sess_000809,page_101,notícias,tablet,orgânico,1,1,161.7,24.1,0
evt_001877,2026-04-23 18:24:00,user_000204,sess_000995,page_107,esportes,tablet,orgânico,0,1,150.1,64.1,0
evt_001878,2026-04-13 14:29:00,user_002623,sess_001596,page_053,tecnologia,celular,direto,0,1,102.9,94.6,1
evt_001879,2026-03-07 00:34:00,user_000813,sess_000187,page_099,esportes,celular,orgânico,0,1,38.8,33.4,0
evt_001880,2026-03-24 02:15:00,user_000787,sess_000720,page_086,estilo de vida,celular,orgânico,0,1,37.4,40.9,0
evt_001881,2026-03-16 20:56:00,user_002124,sess_000147,page_126,notícias,celular,redes sociais,1,1,158.0,54.7,0
evt_001882,2026-03-11 16:04:00,user_002816,sess_001854,page_112,finanças,celular,direto,0,1,33.7,60.7,1
evt_001883,2026-04-20 18:55:00,user_001482,sess_000372,page_032,esportes,computador,orgânico,1,1,112.0,74.1,1
evt_001884,2026-04-07 01:30:00,user_001523,sess_001639,page_082,finanças,tablet,direto,1,1,68.6,80.8,0
evt_001885,2026-03-11 18:28:00,user_001646,sess_000382,page_110,estilo de vida,celular,orgânico,0,1,31.2,17.0,1
evt_001886,2026-04-09 01:00:00,user_000874,sess_000648,page_043,entretenimento,computador,orgânico,0,1,79.6,36.8,0
evt_001887,2026-03-25 19:32:00,user_001790,sess_001216,page_080,entretenimento,celular,orgânico,0,1,71.8,54.6,1
evt_001888,2026-03-04 16:31:00,user_002882,sess_001662,page_056,estilo de vida,celular,newsletter,0,1,8.1,46.3,0
evt_001889,2026-03-27 23:47:00,user_001148,sess_000356,page_043,notícias,tablet,direto,1,1,44.2,65.0,0
evt_001890,2026-03-12 02:44:00,user_002319,sess_000427,page_028,entretenimento,computador,orgânico,0,1,58.0,65.9,0
evt_001891,2026-03-15 17:10:00,user_002321,sess_001763,page_005,entretenimento,celular,orgânico,1,1,64.9,12.8,0
evt_001892,2026-04-22 17:45:00,user_002552,sess_000644,page_105,entretenimento,computador,orgânico,1,1,29.5,51.5,0
evt_001893,2026-04-12 14:45:00,user_002170,sess_000420,page_114,finanças,computador,redes sociais,0,1,45.2,48.8,1
evt_001894,2026-03-09 01:05:00,user_002764,sess_001487,page_091,notícias,computador,direto,0,1,37.6,60.2,1
evt_001895,2026-04-21 01:55:00,user_002143,sess_000183,page_034,tecnologia,computador,orgânico,1,1,39.4,71.2,1
evt_001896,2026-04-04 11:00:00,user_002928,sess_001734,page_003,esportes,computador,newsletter,1,1,143.8,53.7,1
evt_001897,2026-04-22 11:23:00,user_002146,sess_001751,page_088,esportes,celular,orgânico,0,1,135.5,32.3,0
evt_001898,2026-04-14 19:47:00,user_002510,sess_001713,page_028,esportes,celular,orgânico,0,1,17.3,84.3,0
evt_001899,2026-03-21 08:37:00,user_002671,sess_000591,page_077,estilo de vida,celular,orgânico,1,1,51.4,42.2,0
evt_001900,2026-04-02 02:12:00,user_002950,sess_000229,page_135,esportes,computador,orgânico,0,1,90.6,47.5,1
evt_001901,2026-04-01 20:25:00,user_001786,sess_000851,page_001,estilo de vida,celular,referência,0,1,28.2,19.9,1
evt_001902,2026-04-13 04:42:00,user_002130,sess_000669,page_081,estilo de vida,celular,redes sociais,0,1,50.8,68.6,0
evt_001903,2026-03-15 21:42:00,user_002901,sess_001918,page_139,finanças,celular,direto,1,1,20.9,66.3,1
evt_001904,2026-03-20 23:38:00,user_001141,sess_001263,page_047,notícias,celular,orgânico,0,1,18.0,67.8,0
evt_001905,2026-03-15 16:30:00,user_000358,sess_001888,page_114,entretenimento,computador,orgânico,1,1,53.1,41.8,0
evt_001906,2026-03-18 18:26:00,user_002652,sess_001502,page_116,finanças,computador,redes sociais,1,1,17.6,79.0,1
evt_001907,2026-03-10 16:12:00,user_001896,sess_001430,page_068,finanças,tablet,redes sociais,0,1,61.5,94.3,0
evt_001908,2026-03-03 04:37:00,user_001286,sess_000224,page_043,finanças,computador,orgânico,1,1,56.2,20.2,1
evt_001909,2026-04-26 09:37:00,user_002151,sess_000138,page_095,esportes,computador,orgânico,0,1,69.8,66.9,0
evt_001910,2026-03-05 11:00:00,user_000098,sess_000093,page_087,estilo de vida,computador,newsletter,0,1,16.5,28.7,0
evt_001911,2026-04-23 06:42:00,user_001432,sess_001187,page_067,notícias,celular,direto,0,1,11.0,67.0,1
evt_001912,2026-03-01 04:25:00,user_000797,sess_000404,page_027,entretenimento,celular,orgânico,0,1,191.8,79.4,0
evt_001913,2026-04-16 15:23:00,user_000865,sess_001978,page_104,notícias,celular,direto,1,1,46.8,37.3,0
evt_001914,2026-03-20 16:54:00,user_002907,sess_000266,page_030,entretenimento,celular,orgânico,1,1,77.2,41.8,0
evt_001915,2026-04-01 01:25:00,user_001650,sess_001893,page_019,estilo de vida,computador,direto,1,1,54.3,60.7,0
evt_001916,2026-03-17 22:23:00,user_000422,sess_001335,page_010,notícias,computador,newsletter,1,1,44.1,57.7,0
evt_001917,2026-03-30 10:28:00,user_001094,sess_000212,page_063,estilo de vida,tablet,orgânico,0,1,55.6,30.6,0
evt_001918,2026-03-28 02:14:00,user_000728,sess_000117,page_017,esportes,celular,newsletter,1,1,28.4,46.6,1
evt_001919,2026-04-01 18:50:00,user_002727,sess_000792,page_047,entretenimento,celular,orgânico,0,1,50.5,42.6,0
evt_001920,2026-03-24 14:19:00,user_000874,sess_000678,page_034,tecnologia,celular,orgânico,0,1,98.7,53.4,1
evt_001921,2026-04-02 04:39:00,user_001071,sess_000631,page_064,finanças,computador,direto,0,1,44.5,100.0,0
evt_001922,2026-04-19 12:39:00,user_001003,sess_001057,page_109,finanças,tablet,direto,1,1,153.0,69.1,1
evt_001923,2026-03-27 01:46:00,user_000527,sess_000260,page_063,entretenimento,computador,orgânico,0,1,71.5,36.5,0
evt_001924,2026-03-22 16:22:00,user_002340,sess_000259,page_078,estilo de vida,celular,orgânico,1,1,23.7,63.4,0
evt_001925,2026-03-08 21:43:00,user_001729,sess_001389,page_020,finanças,computador,orgânico,0,1,79.1,60.9,0
evt_001926,2026-03-22 13:59:00,user_001311,sess_001980,page_016,esportes,celular,orgânico,0,1,107.6,86.8,0
evt_001927,2026-03-08 12:57:00,user_001188,sess_000548,page_136,esportes,celular,orgânico,1,1,37.0,49.1,0
evt_001928,2026-03-11 22:48:00,user_002000,sess_001863,page_087,tecnologia,computador,orgânico,1,1,63.2,51.9,0
evt_001929,2026-04-27 03:14:00,user_000288,sess_000690,page_003,estilo de vida,tablet,newsletter,1,1,16.5,80.2,1
evt_001930,2026-03-06 08:45:00,user_002795,sess_000672,page_079,tecnologia,computador,direto,1,1,59.2,41.0,1
evt_001931,2026-03-29 22:07:00,user_001694,sess_000181,page_002,estilo de vida,celular,newsletter,0,1,35.6,34.2,0
evt_001932,2026-04-20 01:23:00,user_000683,sess_000847,page_011,estilo de vida,computador,orgânico,0,1,17.9,63.4,0
evt_001933,2026-04-27 04:36:00,user_001614,sess_000996,page_052,finanças,celular,orgânico,0,1,37.4,69.4,1
evt_001934,2026-03-09 19:16:00,user_002556,sess_001327,page_092,tecnologia,celular,redes sociais,0,1,61.7,31.4,1
evt_001935,2026-03-10 19:33:00,user_000520,sess_000317,page_087,finanças,celular,redes sociais,1,1,174.6,26.2,1
evt_001936,2026-03-23 08:32:00,user_001572,sess_000378,page_110,tecnologia,celular,direto,1,1,95.3,64.4,0
evt_001937,2026-04-03 06:21:00,user_001793,sess_000864,page_025,esportes,celular,orgânico,0,1,129.6,64.3,1
evt_001938,2026-04-27 14:07:00,user_002430,sess_000140,page_027,estilo de vida,tablet,referência,1,1,109.1,68.8,0
evt_001939,2026-03-13 11:06:00,user_001702,sess_000287,page_075,entretenimento,celular,redes sociais,1,1,83.6,78.2,0
evt_001940,2026-03-10 20:43:00,user_002209,sess_001258,page_121,tecnologia,computador,orgânico,0,1,40.9,60.0,0
evt_001941,2026-03-16 04:35:00,user_002321,sess_001907,page_101,esportes,celular,redes sociais,1,1,65.6,54.9,1
evt_001942,2026-04-22 11:01:00,user_002673,sess_001146,page_094,tecnologia,computador,orgânico,1,1,22.6,72.4,0
evt_001943,2026-03-02 19:16:00,user_001085,sess_000290,page_014,notícias,computador,orgânico,0,1,64.6,60.0,0
evt_001944,2026-03-23 19:23:00,user_002111,sess_001981,page_123,notícias,celular,newsletter,0,1,65.1,28.1,1
evt_001945,2026-03-08 03:17:00,user_000747,sess_001044,page_137,tecnologia,celular,redes sociais,0,1,46.9,62.7,0
evt_001946,2026-03-10 10:11:00,user_002533,sess_001433,page_081,tecnologia,celular,orgânico,1,1,47.3,71.0,0
evt_001947,2026-04-25 00:15:00,user_002853,sess_000394,page_047,notícias,celular,orgânico,1,1,43.7,39.8,0
evt_001948,2026-03-01 02:23:00,user_000883,sess_001157,page_093,entretenimento,celular,orgânico,0,1,76.1,92.2,0
evt_001949,2026-03-20 07:00:00,user_001684,sess_000153,page_090,finanças,tablet,newsletter,0,1,65.1,59.7,0
evt_001950,2026-04-24 22:12:00,user_002467,sess_001251,page_130,entretenimento,computador,referência,1,1,120.5,79.5,0
evt_001951,2026-04-06 11:42:00,user_000082,sess_000405,page_016,tecnologia,computador,redes sociais,0,1,137.3,38.3,0
evt_001952,2026-03-05 07:19:00,user_002115,sess_001819,page_072,entretenimento,computador,newsletter,1,1,58.4,74.5,0
evt_001953,2026-03-28 21:37:00,user_002462,sess_000110,page_099,tecnologia,computador,orgânico,0,1,39.8,85.5,0
evt_001954,2026-04-28 06:09:00,user_002613,sess_001305,page_049,entretenimento,tablet,referência,0,1,41.3,42.0,0
evt_001955,2026-03-25 00:38:00,user_000591,sess_000279,page_117,estilo de vida,computador,redes sociais,0,1,21.9,63.8,1
evt_001956,2026-04-01 17:13:00,user_002271,sess_001374,page_009,esportes,computador,referência,1,1,33.0,53.3,0
evt_001957,2026-04-01 21:54:00,user_002358,sess_000987,page_015,esportes,celular,referência,0,1,91.5,37.5,0
evt_001958,2026-04-09 15:02:00,user_000009,sess_001934,page_110,tecnologia,computador,redes sociais,0,1,78.5,60.2,1
evt_001959,2026-03-12 05:37:00,user_002115,sess_001303,page_018,notícias,celular,orgânico,0,1,45.3,51.5,0
evt_001960,2026-04-20 09:08:00,user_001879,sess_000744,page_059,entretenimento,tablet,orgânico,1,1,115.9,52.7,1
evt_001961,2026-04-29 07:35:00,user_002906,sess_000175,page_040,notícias,celular,orgânico,0,1,52.7,34.6,1
evt_001962,2026-03-09 13:16:00,user_000129,sess_001191,page_096,entretenimento,computador,orgânico,0,1,73.3,75.1,1
evt_001963,2026-04-19 02:21:00,user_002896,sess_000882,page_002,finanças,celular,orgânico,0,1,28.1,57.6,0
evt_001964,2026-04-19 00:20:00,user_001714,sess_000105,page_050,tecnologia,celular,redes sociais,1,1,82.8,52.1,0
evt_001965,2026-04-14 11:55:00,user_000823,sess_001162,page_138,entretenimento,computador,orgânico,0,1,12.3,37.1,0
evt_001966,2026-03-23 06:03:00,user_001163,sess_000420,page_052,finanças,celular,referência,1,1,49.5,87.6,0
evt_001967,2026-03-29 03:00:00,user_002299,sess_000469,page_084,estilo de vida,celular,orgânico,0,1,43.4,31.8,0
evt_001968,2026-04-20 08:27:00,user_002988,sess_000018,page_138,esportes,celular,orgânico,0,1,61.0,25.9,0
evt_001969,2026-03-10 04:08:00,user_000951,sess_000744,page_085,tecnologia,computador,orgânico,0,1,172.1,60.8,1
evt_001970,2026-04-19 17:23:00,user_002951,sess_000437,page_105,tecnologia,celular,newsletter,1,1,34.0,48.1,1
evt_001971,2026-04-25 05:45:00,user_001887,sess_000144,page_134,esportes,celular,redes sociais,1,1,73.2,70.5,1
evt_001972,2026-04-10 21:53:00,user_000576,sess_000869,page_086,notícias,celular,orgânico,1,1,81.9,89.0,0
evt_001973,2026-03-21 11:35:00,user_001793,sess_000441,page_116,finanças,computador,orgânico,0,1,85.0,91.7,0
evt_001974,2026-04-03 13:10:00,user_002405,sess_000269,page_071,notícias,computador,orgânico,0,1,45.0,77.1,0
evt_001975,2026-03-04 00:09:00,user_000164,sess_000934,page_114,tecnologia,celular,newsletter,0,1,19.8,39.8,1
evt_001976,2026-04-25 21:47:00,user_000237,sess_000127,page_090,esportes,celular,redes sociais,0,1,63.6,78.9,0
evt_001977,2026-03-21 13:03:00,user_000016,sess_001980,page_048,entretenimento,tablet,orgânico,0,1,39.6,48.9,1
evt_001978,2026-03-04 10:13:00,user_001711,sess_000942,page_078,entretenimento,celular,orgânico,0,1,66.8,35.2,0
evt_001979,2026-04-17 16:01:00,user_000174,sess_001992,page_047,entretenimento,computador,orgânico,0,1,33.1,68.9,0
evt_001980,2026-04-09 10:53:00,user_002796,sess_001762,page_056,estilo de vida,celular,redes sociais,1,1,72.8,49.4,1
evt_001981,2026-04-07 08:42:00,user_000384,sess_001959,page_041,esportes,celular,redes sociais,0,1,129.2,54.8,0
evt_001982,2026-03-04 05:53:00,user_000215,sess_001085,page_069,tecnologia,celular,direto,1,1,29.6,71.5,0
evt_001983,2026-04-15 01:12:00,user_000773,sess_000846,page_049,tecnologia,celular,orgânico,0,1,71.1,73.6,0
evt_001984,2026-04-08 05:44:00,user_002289,sess_001440,page_088,entretenimento,computador,orgânico,0,1,51.1,51.9,1
evt_001985,2026-04-17 14:50:00,user_002720,sess_000162,page_052,esportes,computador,redes sociais,1,1,84.2,60.7,0
evt_001986,2026-04-19 15:21:00,user_000753,sess_001680,page_069,notícias,computador,direto,0,1,25.9,76.5,0
evt_001987,2026-03-13 17:12:00,user_001556,sess_000647,page_020,entretenimento,computador,redes sociais,0,1,10.6,43.5,0
evt_001988,2026-03-13 15:19:00,user_002321,sess_000015,page_054,tecnologia,celular,direto,1,1,40.5,26.3,0
evt_001989,2026-04-25 10:14:00,user_002390,sess_000476,page_050,esportes,computador,referência,0,1,79.5,48.2,0
evt_001990,2026-04-01 20:40:00,user_000459,sess_000485,page_134,tecnologia,celular,referência,1,1,45.1,51.5,0
evt_001991,2026-03-27 06:42:00,user_002515,sess_000029,page_063,notícias,computador,orgânico,0,1,18.7,55.4,0
evt_001992,2026-03-18 05:34:00,user_002601,sess_001337,page_003,estilo de vida,celular,referência,1,1,66.5,100.0,0
evt_001993,2026-04-08 08:10:00,user_002205,sess_000191,page_043,esportes,celular,direto,1,1,41.6,43.5,0
evt_001994,2026-04-15 05:42:00,user_001582,sess_001693,page_102,esportes,computador,direto,1,1,40.4,54.7,0
evt_001995,2026-03-01 03:19:00,user_001174,sess_000906,page_023,esportes,celular,redes sociais,1,1,59.0,40.7,0
evt_001996,2026-04-03 03:47:00,user_002668,sess_001436,page_023,esportes,tablet,orgânico,0,1,127.7,62.7,1
evt_001997,2026-04-29 14:27:00,user_002591,sess_000679,page_052,finanças,tablet,redes sociais,1,1,19.5,76.4,0
evt_001998,2026-03-17 20:07:00,user_001555,sess_000264,page_050,esportes,computador,direto,0,1,48.7,72.9,0
evt_001999,2026-03-17 20:29:00,user_002226,sess_000361,page_067,finanças,celular,newsletter,0,1,98.0,71.0,0
evt_002000,2026-04-22 16:30:00,user_001200,sess_001292,page_005,estilo de vida,computador,redes sociais,1,1,132.6,59.9,0
evt_002001,2026-03-04 17:22:00,user_002229,sess_001432,page_101,tecnologia,celular,newsletter,1,1,112.3,9.5,0
evt_002002,2026-03-24 20:25:00,user_000268,sess_000535,page_030,estilo de vida,computador,orgânico,0,1,23.4,72.3,1
evt_002003,2026-03-28 11:53:00,user_002704,sess_000714,page_099,esportes,tablet,newsletter,0,1,44.5,85.5,0
evt_002004,2026-04-17 20:56:00,user_001547,sess_001890,page_079,notícias,celular,redes sociais,1,1,40.2,42.3,0
evt_002005,2026-03-08 17:48:00,user_001796,sess_001703,page_029,tecnologia,computador,direto,1,1,20.8,40.7,0
evt_002006,2026-03-27 01:02:00,user_000568,sess_000826,page_066,entretenimento,tablet,redes sociais,0,1,55.6,36.1,1
evt_002007,2026-03-10 03:21:00,user_001586,sess_000482,page_006,entretenimento,celular,newsletter,0,1,31.1,70.4,0
evt_002008,2026-04-17 06:11:00,user_000010,sess_000603,page_098,entretenimento,computador,orgânico,1,1,31.7,35.4,0
evt_002009,2026-04-07 22:29:00,user_002670,sess_001077,page_043,estilo de vida,celular,redes sociais,1,1,272.5,55.5,0
evt_002010,2026-03-30 19:18:00,user_002246,sess_001133,page_054,entretenimento,celular,referência,0,1,39.3,28.3,0
evt_002011,2026-03-24 13:48:00,user_001363,sess_000369,page_022,finanças,computador,orgânico,0,1,76.5,74.3,0
evt_002012,2026-03-10 04:34:00,user_002507,sess_000132,page_051,tecnologia,computador,redes sociais,1,1,32.0,49.3,1
evt_002013,2026-04-25 07:28:00,user_002434,sess_000991,page_056,entretenimento,computador,redes sociais,1,1,25.4,62.3,0
evt_002014,2026-04-08 20:37:00,user_000358,sess_001595,page_032,tecnologia,computador,referência,0,1,34.7,40.9,1
evt_002015,2026-03-20 03:35:00,user_000162,sess_000305,page_137,finanças,celular,referência,0,1,43.6,51.7,0
evt_002016,2026-03-25 20:04:00,user_000761,sess_000817,page_039,esportes,computador,orgânico,0,1,63.9,46.5,0
evt_002017,2026-04-13 13:41:00,user_000004,sess_000323,page_026,esportes,celular,direto,1,1,64.6,41.0,1
evt_002018,2026-04-13 04:10:00,user_001719,sess_000485,page_077,esportes,tablet,redes sociais,1,1,47.9,40.0,0
evt_002019,2026-03-28 15:58:00,user_001585,sess_001224,page_045,tecnologia,tablet,direto,0,1,9.1,32.4,1
evt_002020,2026-03-19 04:10:00,user_001614,sess_000573,page_064,tecnologia,celular,orgânico,1,1,104.8,67.4,0
evt_002021,2026-04-09 14:19:00,user_000221,sess_000528,page_101,esportes,celular,orgânico,0,1,17.9,64.0,0
evt_002022,2026-04-09 11:51:00,user_002754,sess_001991,page_011,tecnologia,tablet,redes sociais,0,1,92.0,49.6,0
evt_002023,2026-04-05 23:33:00,user_002929,sess_000345,page_071,esportes,celular,orgânico,1,1,58.6,73.1,1
evt_002024,2026-03-05 08:54:00,user_001772,sess_000379,page_004,estilo de vida,celular,direto,1,1,82.5,87.6,1
evt_002025,2026-03-29 08:48:00,user_000017,sess_001859,page_007,esportes,computador,orgânico,0,1,126.0,43.8,0
evt_002026,2026-04-06 20:02:00,user_001188,sess_001100,page_013,finanças,computador,newsletter,1,1,118.4,70.2,0
evt_002027,2026-04-27 00:05:00,user_002154,sess_000086,page_023,tecnologia,celular,referência,0,1,56.9,62.2,1
evt_002028,2026-04-01 12:48:00,user_002246,sess_000850,page_049,tecnologia,computador,direto,0,1,86.5,45.2,1
evt_002029,2026-03-21 13:30:00,user_000730,sess_001130,page_130,tecnologia,computador,referência,0,1,50.0,32.0,0
evt_002030,2026-04-03 08:20:00,user_002468,sess_000507,page_126,esportes,computador,newsletter,0,1,49.6,100.0,1
evt_002031,2026-03-11 15:13:00,user_002902,sess_001096,page_015,estilo de vida,celular,direto,0,1,44.4,64.9,1
evt_002032,2026-03-06 10:36:00,user_001526,sess_001297,page_138,esportes,computador,direto,0,1,104.9,58.6,0
evt_002033,2026-04-10 16:27:00,user_001145,sess_000501,page_089,finanças,computador,redes sociais,0,1,77.5,72.5,0
evt_002034,2026-04-29 04:06:00,user_001578,sess_001624,page_077,estilo de vida,celular,referência,0,1,78.7,100.0,0
evt_002035,2026-04-20 18:15:00,user_000082,sess_000906,page_111,estilo de vida,computador,direto,0,1,40.8,53.6,0
evt_002036,2026-04-05 00:28:00,user_001570,sess_001926,page_068,entretenimento,celular,redes sociais,0,1,97.0,59.0,0
evt_002037,2026-03-03 09:57:00,user_000081,sess_000176,page_037,esportes,computador,redes sociais,0,1,98.4,59.2,1
evt_002038,2026-04-29 06:40:00,user_000105,sess_000649,page_074,tecnologia,celular,orgânico,0,1,15.4,79.8,0
evt_002039,2026-03-27 23:28:00,user_001660,sess_001442,page_101,esportes,celular,direto,1,1,169.2,63.4,1
evt_002040,2026-03-18 09:06:00,user_001532,sess_001789,page_095,estilo de vida,computador,referência,0,1,38.9,27.0,1
evt_002041,2026-04-23 13:10:00,user_002960,sess_000444,page_024,tecnologia,celular,orgânico,0,1,79.4,22.7,1
evt_002042,2026-04-14 18:49:00,user_001523,sess_001960,page_131,tecnologia,celular,orgânico,0,1,27.7,78.7,1
evt_002043,2026-04-14 23:27:00,user_002939,sess_000387,page_040,tecnologia,tablet,newsletter,0,1,41.4,63.0,0
evt_002044,2026-03-17 15:57:00,user_002421,sess_000832,page_114,tecnologia,celular,orgânico,1,1,124.6,51.3,1
evt_002045,2026-04-29 12:12:00,user_001012,sess_000630,page_044,esportes,celular,direto,0,1,26.5,42.2,0
evt_002046,2026-03-28 04:07:00,user_002778,sess_000849,page_009,entretenimento,computador,redes sociais,1,1,69.6,92.9,0
evt_002047,2026-04-01 21:14:00,user_001448,sess_001804,page_139,entretenimento,computador,redes sociais,1,1,48.3,62.6,1
evt_002048,2026-04-15 01:22:00,user_001785,sess_001465,page_082,finanças,computador,orgânico,1,1,12.5,76.4,1
evt_002049,2026-04-09 14:23:00,user_000302,sess_001593,page_030,notícias,celular,orgânico,1,1,85.2,74.3,1
evt_002050,2026-03-11 08:05:00,user_000638,sess_000508,page_001,esportes,tablet,redes sociais,1,1,106.0,66.6,0
evt_002051,2026-03-19 03:34:00,user_001567,sess_001893,page_018,tecnologia,computador,orgânico,0,1,55.6,49.1,1
evt_002052,2026-03-22 16:06:00,user_000814,sess_000871,page_024,entretenimento,celular,direto,0,1,97.5,54.0,0
evt_002053,2026-04-26 20:27:00,user_001799,sess_001304,page_129,tecnologia,tablet,newsletter,1,1,43.3,70.9,0
evt_002054,2026-04-12 20:53:00,user_000240,sess_001395,page_025,esportes,computador,referência,0,1,41.9,75.8,0
evt_002055,2026-03-22 23:31:00,user_000753,sess_001326,page_023,notícias,computador,redes sociais,0,1,101.4,79.2,0
evt_002056,2026-04-14 02:00:00,user_001995,sess_001203,page_117,finanças,computador,redes sociais,0,1,43.0,50.1,0
evt_002057,2026-04-14 07:27:00,user_001836,sess_000960,page_123,esportes,computador,orgânico,0,1,120.7,61.7,1
evt_002058,2026-03-24 15:40:00,user_002950,sess_001295,page_030,notícias,celular,direto,1,1,152.6,41.9,0
evt_002059,2026-03-25 04:31:00,user_002699,sess_001810,page_091,notícias,celular,redes sociais,1,1,52.4,55.6,0
evt_002060,2026-04-23 15:46:00,user_002432,sess_000780,page_075,notícias,celular,referência,0,1,88.2,52.9,1
evt_002061,2026-04-03 17:01:00,user_000003,sess_001022,page_081,notícias,computador,direto,1,1,129.7,57.8,0
evt_002062,2026-03-09 23:18:00,user_001807,sess_000360,page_044,tecnologia,celular,orgânico,0,1,16.2,76.5,0
evt_002063,2026-04-13 04:29:00,user_000687,sess_000710,page_105,esportes,computador,redes sociais,0,1,38.9,41.0,0
evt_002064,2026-04-05 08:58:00,user_000801,sess_001544,page_123,finanças,celular,direto,0,1,75.3,100.0,0
evt_002065,2026-03-31 12:51:00,user_000630,sess_001281,page_101,estilo de vida,computador,referência,0,1,72.3,83.0,0
evt_002066,2026-04-13 12:09:00,user_001368,sess_000423,page_126,entretenimento,celular,orgânico,0,1,80.7,25.7,1
evt_002067,2026-04-24 10:12:00,user_000372,sess_001092,page_016,tecnologia,celular,direto,1,1,52.2,64.2,0
evt_002068,2026-03-20 19:49:00,user_001595,sess_001624,page_092,estilo de vida,computador,orgânico,0,1,52.5,34.7,0
evt_002069,2026-03-26 03:47:00,user_000499,sess_000248,page_139,tecnologia,celular,referência,0,1,99.0,64.9,0
evt_002070,2026-03-12 08:52:00,user_001501,sess_000124,page_075,tecnologia,celular,redes sociais,0,1,84.9,29.3,1
evt_002071,2026-04-08 19:47:00,user_001878,sess_000786,page_131,estilo de vida,celular,direto,1,1,4.7,81.0,1
evt_002072,2026-03-25 03:54:00,user_000539,sess_001313,page_049,finanças,tablet,orgânico,0,1,91.0,89.9,0
evt_002073,2026-03-21 13:00:00,user_000308,sess_000627,page_125,estilo de vida,computador,newsletter,1,1,52.6,48.4,0
evt_002074,2026-04-11 18:59:00,user_002418,sess_001642,page_131,finanças,celular,direto,1,1,69.3,69.2,1
evt_002075,2026-03-25 11:44:00,user_002215,sess_001693,page_087,esportes,computador,orgânico,0,1,10.1,32.2,0
evt_002076,2026-03-28 20:41:00,user_000785,sess_001065,page_098,esportes,celular,redes sociais,0,1,80.1,46.6,0
evt_002077,2026-03-27 09:40:00,user_002661,sess_000758,page_073,esportes,computador,orgânico,1,1,207.8,54.4,1
evt_002078,2026-03-16 12:17:00,user_000664,sess_000084,page_045,finanças,celular,referência,0,1,10.4,34.2,1
evt_002079,2026-03-08 13:09:00,user_002779,sess_001643,page_075,estilo de vida,celular,direto,1,1,103.6,90.2,0
evt_002080,2026-04-19 15:12:00,user_000340,sess_001790,page_134,finanças,computador,redes sociais,1,1,92.1,68.3,1
evt_002081,2026-03-06 12:04:00,user_001980,sess_000885,page_003,notícias,celular,orgânico,0,1,26.1,82.5,1
evt_002082,2026-03-20 11:49:00,user_000058,sess_001033,page_029,esportes,computador,referência,1,1,33.7,53.9,0
evt_002083,2026-04-10 01:11:00,user_000592,sess_001507,page_070,esportes,tablet,referência,0,1,46.8,43.6,0
evt_002084,2026-03-08 21:03:00,user_001214,sess_001391,page_048,tecnologia,celular,redes sociais,0,1,51.4,59.5,1
evt_002085,2026-04-09 07:56:00,user_000256,sess_000271,page_087,esportes,computador,direto,0,1,77.2,76.6,0
evt_002086,2026-04-13 23:36:00,user_001371,sess_001344,page_051,notícias,computador,orgânico,0,1,25.5,44.0,0
evt_002087,2026-04-09 18:35:00,user_000696,sess_001849,page_092,notícias,celular,orgânico,0,1,45.1,62.7,0
evt_002088,2026-03-19 07:14:00,user_000297,sess_001501,page_015,finanças,celular,newsletter,0,1,95.8,53.7,1
evt_002089,2026-03-02 04:27:00,user_002885,sess_000961,page_047,notícias,computador,direto,1,1,9.9,14.8,0
evt_002090,2026-04-23 05:47:00,user_002945,sess_001046,page_097,finanças,tablet,orgânico,0,1,96.0,58.3,1
evt_002091,2026-03-20 14:13:00,user_002887,sess_000520,page_066,estilo de vida,celular,redes sociais,0,1,26.5,60.1,0
evt_002092,2026-04-18 07:12:00,user_000463,sess_001321,page_100,entretenimento,tablet,orgânico,1,1,105.6,57.5,0
evt_002093,2026-03-12 20:50:00,user_001146,sess_000483,page_089,estilo de vida,computador,orgânico,0,1,28.9,51.8,0
evt_002094,2026-03-10 17:52:00,user_000982,sess_000684,page_046,notícias,celular,newsletter,1,1,29.5,59.3,0
evt_002095,2026-04-16 16:32:00,user_000978,sess_000530,page_060,esportes,computador,orgânico,1,1,52.1,44.6,0
evt_002096,2026-04-26 09:12:00,user_001250,sess_000671,page_135,tecnologia,computador,orgânico,0,1,61.7,67.4,1
evt_002097,2026-04-21 15:18:00,user_001530,sess_000734,page_134,esportes,computador,referência,0,1,48.4,48.5,1
evt_002098,2026-04-15 01:47:00,user_001455,sess_000166,page_005,entretenimento,computador,orgânico,0,1,37.1,73.8,0
evt_002099,2026-03-15 19:13:00,user_000875,sess_001435,page_099,finanças,celular,orgânico,0,1,87.0,37.7,1
evt_002100,2026-04-24 19:01:00,user_002939,sess_000882,page_069,notícias,computador,direto,1,1,26.5,59.1,1
evt_002101,2026-04-10 01:42:00,user_002939,sess_001899,page_001,esportes,computador,orgânico,0,1,84.5,67.2,0
evt_002102,2026-03-11 07:55:00,user_000994,sess_000362,page_089,entretenimento,celular,redes sociais,0,1,39.7,82.3,0
evt_002103,2026-03-08 18:16:00,user_000664,sess_001338,page_004,entretenimento,celular,redes sociais,1,1,81.0,46.7,0
evt_002104,2026-04-22 06:28:00,user_001598,sess_000359,page_045,tecnologia,celular,newsletter,0,1,24.3,80.7,0
evt_002105,2026-03-17 12:13:00,user_001108,sess_001094,page_096,esportes,celular,referência,0,1,59.8,66.0,0
evt_002106,2026-04-15 22:53:00,user_002961,sess_000982,page_113,tecnologia,computador,orgânico,0,1,21.5,91.8,0
evt_002107,2026-03-09 07:39:00,user_001288,sess_000897,page_058,esportes,celular,redes sociais,0,1,40.4,27.9,0
evt_002108,2026-03-17 19:58:00,user_000120,sess_001309,page_113,esportes,celular,direto,1,1,73.3,62.0,0
evt_002109,2026-03-18 00:16:00,user_000376,sess_001656,page_117,estilo de vida,computador,orgânico,0,1,46.8,56.5,1
evt_002110,2026-03-17 20:47:00,user_000224,sess_000634,page_063,entretenimento,computador,orgânico,0,1,133.9,60.5,0
evt_002111,2026-04-10 11:37:00,user_001149,sess_001699,page_025,finanças,tablet,redes sociais,1,1,38.1,82.6,0
evt_002112,2026-04-24 20:43:00,user_000950,sess_000370,page_092,finanças,computador,redes sociais,1,1,79.9,93.1,0
evt_002113,2026-04-24 14:52:00,user_002570,sess_000586,page_002,esportes,computador,referência,1,1,27.7,63.8,0
evt_002114,2026-04-14 11:49:00,user_002671,sess_000622,page_125,finanças,computador,orgânico,0,1,133.0,33.1,0
evt_002115,2026-03-13 03:37:00,user_000421,sess_001906,page_054,notícias,celular,orgânico,1,1,108.7,49.6,1
evt_002116,2026-04-27 15:14:00,user_002833,sess_000238,page_106,tecnologia,celular,referência,0,1,62.9,100.0,1
evt_002117,2026-04-02 12:35:00,user_001752,sess_000790,page_103,notícias,tablet,referência,1,1,56.5,38.1,0
evt_002118,2026-04-02 18:11:00,user_000921,sess_000849,page_066,estilo de vida,celular,redes sociais,1,1,48.0,60.8,0
evt_002119,2026-04-12 02:00:00,user_001220,sess_001600,page_136,esportes,celular,direto,1,1,76.8,71.7,0
evt_002120,2026-04-16 03:29:00,user_001324,sess_000972,page_111,finanças,computador,referência,1,1,97.4,85.1,0
evt_002121,2026-04-27 04:12:00,user_000512,sess_001933,page_123,esportes,computador,orgânico,1,1,16.3,45.1,0
evt_002122,2026-04-04 22:37:00,user_002602,sess_001480,page_014,finanças,celular,direto,0,1,65.7,94.0,1
evt_002123,2026-04-06 14:29:00,user_000037,sess_001407,page_068,estilo de vida,tablet,direto,1,1,8.5,81.6,0
evt_002124,2026-04-14 17:33:00,user_000210,sess_001506,page_133,estilo de vida,celular,orgânico,0,1,73.6,65.9,1
evt_002125,2026-03-16 07:21:00,user_000820,sess_000323,page_113,entretenimento,tablet,newsletter,0,1,68.4,38.8,0
evt_002126,2026-03-19 11:06:00,user_000431,sess_000898,page_064,esportes,celular,newsletter,1,1,17.3,45.9,1
evt_002127,2026-04-07 12:41:00,user_000186,sess_001172,page_010,estilo de vida,celular,redes sociais,1,1,24.1,43.9,0
evt_002128,2026-03-04 20:20:00,user_001150,sess_000417,page_040,entretenimento,celular,orgânico,1,1,42.7,52.2,0
evt_002129,2026-03-20 05:30:00,user_001130,sess_000238,page_080,esportes,celular,referência,0,1,27.8,84.6,1
evt_002130,2026-04-13 01:54:00,user_000377,sess_000272,page_090,tecnologia,computador,redes sociais,1,1,13.7,62.9,0
evt_002131,2026-04-28 13:37:00,user_002430,sess_001578,page_129,entretenimento,computador,orgânico,0,1,25.9,69.5,0
evt_002132,2026-04-01 04:04:00,user_002647,sess_001314,page_013,tecnologia,computador,direto,0,1,94.8,60.2,1
evt_002133,2026-03-24 23:32:00,user_002159,sess_000563,page_056,estilo de vida,computador,direto,0,1,70.2,87.5,0
evt_002134,2026-03-27 10:08:00,user_001567,sess_001474,page_038,tecnologia,computador,orgânico,0,1,62.0,25.8,1
evt_002135,2026-04-11 03:00:00,user_002842,sess_001390,page_134,finanças,celular,orgânico,0,1,59.4,1.0,1
evt_002136,2026-04-02 16:02:00,user_001052,sess_001633,page_024,estilo de vida,celular,referência,1,1,42.5,56.0,0
evt_002137,2026-03-02 09:26:00,user_001281,sess_001820,page_031,entretenimento,celular,newsletter,1,1,17.3,56.5,0
evt_002138,2026-04-02 08:30:00,user_000046,sess_001764,page_042,esportes,celular,redes sociais,0,1,51.8,55.9,1
evt_002139,2026-03-25 00:05:00,user_002123,sess_000362,page_015,tecnologia,celular,orgânico,0,1,9.1,43.0,0
evt_002140,2026-04-12 01:09:00,user_000278,sess_001538,page_090,finanças,celular,orgânico,0,1,45.7,38.7,1
evt_002141,2026-04-22 12:09:00,user_001996,sess_000786,page_073,notícias,celular,redes sociais,0,1,29.4,54.6,1
evt_002142,2026-04-27 17:55:00,user_002347,sess_000806,page_078,estilo de vida,computador,orgânico,1,1,24.9,49.4,1
evt_002143,2026-04-06 14:43:00,user_000651,sess_001294,page_127,tecnologia,celular,redes sociais,1,1,80.3,61.5,1
evt_002144,2026-03-22 18:05:00,user_001836,sess_001204,page_061,estilo de vida,celular,orgânico,0,1,42.6,70.6,0
evt_002145,2026-03-27 15:16:00,user_000911,sess_000839,page_044,tecnologia,computador,referência,0,1,211.4,80.2,0
evt_002146,2026-03-11 14:06:00,user_001195,sess_001998,page_053,esportes,celular,referência,1,1,75.1,73.3,1
evt_002147,2026-04-26 03:44:00,user_001589,sess_000350,page_112,entretenimento,computador,direto,1,1,105.8,56.4,0
evt_002148,2026-04-20 20:07:00,user_000749,sess_000194,page_074,estilo de vida,celular,orgânico,1,1,100.9,66.0,0
evt_002149,2026-04-21 05:44:00,user_002390,sess_000059,page_024,tecnologia,celular,direto,0,1,43.9,33.4,0
evt_002150,2026-03-20 16:29:00,user_001184,sess_001628,page_096,esportes,celular,orgânico,0,1,58.6,40.1,1
evt_002151,2026-03-20 07:59:00,user_001385,sess_000813,page_104,finanças,celular,orgânico,0,1,53.5,99.1,1
evt_002152,2026-04-21 09:31:00,user_002444,sess_000875,page_035,entretenimento,celular,direto,0,1,19.2,77.8,1
evt_002153,2026-04-02 16:08:00,user_000683,sess_001298,page_078,notícias,computador,referência,0,1,101.8,27.7,1
evt_002154,2026-04-12 06:42:00,user_001357,sess_000871,page_079,finanças,celular,referência,0,1,43.9,51.0,0
evt_002155,2026-03-30 09:20:00,user_002980,sess_001148,page_025,tecnologia,celular,orgânico,0,1,36.3,94.0,1
evt_002156,2026-03-27 13:35:00,user_001199,sess_000117,page_002,tecnologia,computador,direto,0,1,24.2,41.6,0
evt_002157,2026-04-07 22:22:00,user_000347,sess_000313,page_100,tecnologia,computador,orgânico,0,1,148.5,20.1,0
evt_002158,2026-04-18 18:41:00,user_000853,sess_001864,page_086,tecnologia,tablet,direto,0,1,52.8,46.8,0
evt_002159,2026-03-21 01:07:00,user_002867,sess_000901,page_100,entretenimento,computador,orgânico,1,1,69.3,47.3,0
evt_002160,2026-04-18 13:10:00,user_002277,sess_000335,page_053,finanças,celular,direto,0,1,45.1,88.1,0
evt_002161,2026-03-15 15:39:00,user_002427,sess_000739,page_072,estilo de vida,computador,newsletter,1,1,53.2,74.5,0
evt_002162,2026-03-25 04:04:00,user_000761,sess_000670,page_137,tecnologia,computador,orgânico,1,1,28.5,48.0,0
evt_002163,2026-04-24 18:14:00,user_002516,sess_000549,page_032,tecnologia,celular,referência,1,1,30.2,56.4,1
evt_002164,2026-04-27 06:24:00,user_001180,sess_000587,page_091,notícias,celular,direto,0,1,34.1,63.6,1
evt_002165,2026-04-25 10:22:00,user_002384,sess_001458,page_019,esportes,celular,redes sociais,1,1,128.2,72.4,1
evt_002166,2026-03-19 23:06:00,user_002642,sess_000214,page_010,estilo de vida,computador,redes sociais,0,1,136.3,50.5,0
evt_002167,2026-04-20 14:23:00,user_000625,sess_000619,page_134,tecnologia,celular,orgânico,0,1,69.1,63.8,1
evt_002168,2026-04-26 03:57:00,user_002815,sess_000936,page_019,estilo de vida,celular,orgânico,0,1,67.6,86.6,1
evt_002169,2026-04-28 16:36:00,user_001898,sess_001080,page_092,tecnologia,computador,orgânico,0,1,34.2,55.1,0
evt_002170,2026-03-02 06:06:00,user_002192,sess_001761,page_072,tecnologia,celular,direto,0,1,81.0,60.8,0
evt_002171,2026-04-14 16:47:00,user_002270,sess_001846,page_113,esportes,computador,orgânico,0,1,69.6,70.2,0
evt_002172,2026-04-29 19:18:00,user_000506,sess_000595,page_076,estilo de vida,computador,redes sociais,0,1,71.2,46.6,0
evt_002173,2026-04-15 21:07:00,user_002237,sess_001079,page_097,estilo de vida,computador,referência,0,1,17.4,40.3,1
evt_002174,2026-03-14 23:46:00,user_000639,sess_000045,page_125,esportes,computador,direto,1,1,155.9,65.9,1
evt_002175,2026-04-15 18:07:00,user_000815,sess_001234,page_116,finanças,celular,orgânico,1,1,47.3,77.6,0
evt_002176,2026-03-07 07:33:00,user_000350,sess_000306,page_101,estilo de vida,tablet,direto,1,1,36.2,56.4,0
evt_002177,2026-03-29 20:04:00,user_000544,sess_000147,page_023,tecnologia,computador,orgânico,1,1,49.8,45.3,0
evt_002178,2026-04-07 13:46:00,user_002936,sess_001343,page_024,finanças,computador,direto,1,1,33.1,56.7,1
evt_002179,2026-03-28 09:17:00,user_000985,sess_000357,page_070,notícias,tablet,orgânico,0,1,53.6,63.2,1
evt_002180,2026-04-11 23:45:00,user_001161,sess_000955,page_092,finanças,computador,orgânico,0,1,60.1,42.5,0
evt_002181,2026-03-15 09:55:00,user_001440,sess_000202,page_093,tecnologia,computador,newsletter,0,1,82.5,78.9,0
evt_002182,2026-04-06 08:57:00,user_002139,sess_001491,page_110,estilo de vida,celular,orgânico,0,1,28.1,89.3,1
evt_002183,2026-04-08 16:32:00,user_001721,sess_001529,page_015,esportes,computador,orgânico,1,1,37.2,28.0,0
evt_002184,2026-04-08 00:39:00,user_001608,sess_001150,page_025,entretenimento,celular,orgânico,0,1,43.0,69.1,0
evt_002185,2026-03-18 08:37:00,user_002511,sess_001672,page_021,notícias,tablet,orgânico,0,1,34.8,73.9,1
evt_002186,2026-03-19 07:44:00,user_001488,sess_000874,page_076,esportes,celular,referência,0,1,133.9,75.5,0
evt_002187,2026-03-16 11:14:00,user_002307,sess_000373,page_089,finanças,celular,orgânico,1,1,45.3,33.0,1
evt_002188,2026-03-28 16:57:00,user_002732,sess_000303,page_017,tecnologia,computador,orgânico,1,1,109.7,51.5,0
evt_002189,2026-04-05 03:47:00,user_002028,sess_000439,page_121,tecnologia,computador,referência,1,1,69.9,46.6,1
evt_002190,2026-03-22 18:03:00,user_000106,sess_000401,page_043,notícias,celular,orgânico,1,1,82.1,53.1,1
evt_002191,2026-03-25 14:22:00,user_000791,sess_000647,page_092,tecnologia,tablet,orgânico,1,1,30.3,33.3,1
evt_002192,2026-03-18 04:25:00,user_001853,sess_000429,page_105,tecnologia,celular,orgânico,0,1,95.3,92.5,1
evt_002193,2026-03-14 03:09:00,user_001437,sess_001182,page_006,entretenimento,computador,referência,1,1,55.9,66.7,1
evt_002194,2026-04-09 10:42:00,user_000855,sess_000297,page_121,entretenimento,celular,redes sociais,0,1,24.0,37.7,1
evt_002195,2026-04-18 23:07:00,user_001006,sess_001243,page_135,tecnologia,computador,redes sociais,1,1,24.6,47.0,0
evt_002196,2026-03-18 10:36:00,user_000236,sess_000668,page_134,notícias,celular,redes sociais,0,1,12.3,86.0,1
evt_002197,2026-04-21 15:13:00,user_000705,sess_001373,page_020,esportes,celular,redes sociais,0,1,77.3,56.0,0
evt_002198,2026-04-04 06:12:00,user_002348,sess_001026,page_055,entretenimento,celular,direto,0,1,43.5,83.6,1
evt_002199,2026-03-11 01:29:00,user_000031,sess_001810,page_033,estilo de vida,celular,referência,0,1,71.5,71.5,0
evt_002200,2026-03-22 23:02:00,user_002510,sess_000880,page_063,finanças,celular,direto,1,1,106.3,38.9,0
evt_002201,2026-03-01 10:48:00,user_001019,sess_000590,page_136,entretenimento,celular,referência,1,1,14.1,38.2,0
evt_002202,2026-03-03 08:24:00,user_002423,sess_001178,page_107,entretenimento,computador,orgânico,0,1,42.3,34.5,0
evt_002203,2026-03-21 04:01:00,user_000769,sess_001317,page_108,tecnologia,computador,redes sociais,0,1,17.1,67.3,0
evt_002204,2026-03-28 06:25:00,user_002486,sess_000879,page_059,entretenimento,celular,redes sociais,1,1,35.9,96.1,1
evt_002205,2026-04-17 20:24:00,user_001716,sess_001119,page_131,notícias,computador,orgânico,0,1,20.1,61.5,1
evt_002206,2026-03-09 01:23:00,user_002554,sess_000942,page_128,tecnologia,computador,orgânico,0,1,134.9,55.9,0
evt_002207,2026-04-20 08:24:00,user_000187,sess_000612,page_113,entretenimento,computador,orgânico,1,1,40.7,68.7,1
evt_002208,2026-03-15 01:42:00,user_002392,sess_000627,page_114,notícias,computador,orgânico,1,1,156.1,56.5,0
evt_002209,2026-03-09 07:11:00,user_000812,sess_001814,page_091,esportes,celular,referência,0,1,71.8,51.3,1
evt_002210,2026-04-11 23:50:00,user_001077,sess_001350,page_014,tecnologia,tablet,orgânico,0,1,73.2,61.9,0
evt_002211,2026-04-16 11:02:00,user_000135,sess_000191,page_040,finanças,celular,redes sociais,1,1,28.1,81.2,1
evt_002212,2026-04-06 07:04:00,user_002862,sess_001924,page_107,notícias,celular,orgânico,1,1,34.3,47.8,0
evt_002213,2026-03-07 22:36:00,user_001924,sess_001424,page_046,esportes,computador,redes sociais,1,1,42.5,38.0,0
evt_002214,2026-03-07 22:05:00,user_002942,sess_000101,page_024,esportes,celular,orgânico,0,1,74.3,77.0,1
evt_002215,2026-03-24 09:41:00,user_001705,sess_001456,page_132,esportes,celular,orgânico,1,1,8.7,13.6,1
evt_002216,2026-03-28 00:51:00,user_000475,sess_001179,page_068,entretenimento,celular,redes sociais,1,1,16.7,31.5,1
evt_002217,2026-04-29 21:59:00,user_001013,sess_001830,page_120,estilo de vida,celular,orgânico,0,1,67.8,58.2,0
evt_002218,2026-03-18 04:31:00,user_001320,sess_000979,page_040,tecnologia,celular,orgânico,1,1,15.8,75.8,1
evt_002219,2026-03-12 13:19:00,user_000442,sess_001037,page_050,notícias,computador,direto,0,1,64.3,62.0,1
evt_002220,2026-04-26 18:05:00,user_002794,sess_000630,page_048,finanças,celular,newsletter,0,1,131.4,54.5,0
evt_002221,2026-03-10 05:42:00,user_002873,sess_000643,page_052,esportes,celular,redes sociais,1,1,31.2,74.1,1
evt_002222,2026-03-02 14:01:00,user_001690,sess_001236,page_061,tecnologia,computador,redes sociais,1,1,89.1,42.3,1
evt_002223,2026-03-26 08:49:00,user_001753,sess_001655,page_042,entretenimento,tablet,redes sociais,1,1,62.3,71.3,0
evt_002224,2026-03-25 01:33:00,user_002110,sess_001781,page_114,finanças,computador,redes sociais,0,1,21.2,57.0,0
evt_002225,2026-04-07 04:19:00,user_002037,sess_001541,page_046,entretenimento,computador,redes sociais,0,1,7.2,34.2,0
evt_002226,2026-04-22 15:56:00,user_000188,sess_001219,page_062,notícias,celular,redes sociais,1,1,49.2,72.2,0
evt_002227,2026-04-25 23:22:00,user_001594,sess_001001,page_120,esportes,celular,redes sociais,1,1,137.9,89.6,1
evt_002228,2026-03-18 09:04:00,user_002331,sess_000679,page_061,tecnologia,computador,direto,1,1,57.6,50.0,0
evt_002229,2026-04-28 20:22:00,user_002419,sess_001535,page_002,esportes,computador,orgânico,1,1,117.7,77.9,1
evt_002230,2026-04-07 23:01:00,user_001788,sess_000636,page_001,entretenimento,computador,orgânico,0,1,163.3,18.3,0
evt_002231,2026-03-05 04:16:00,user_002689,sess_000536,page_061,notícias,computador,direto,1,1,65.1,30.6,1
evt_002232,2026-04-26 07:21:00,user_001759,sess_001735,page_091,tecnologia,celular,direto,1,1,92.8,38.2,0
evt_002233,2026-03-09 06:42:00,user_001148,sess_001179,page_132,notícias,computador,direto,0,1,18.7,54.4,0
evt_002234,2026-04-05 07:34:00,user_001328,sess_000709,page_019,notícias,celular,orgânico,0,1,83.5,67.3,0
evt_002235,2026-04-17 10:39:00,user_002070,sess_001730,page_076,finanças,celular,direto,0,1,105.5,41.2,1
evt_002236,2026-03-15 23:11:00,user_002659,sess_001925,page_041,entretenimento,celular,newsletter,0,1,43.2,38.9,1
evt_002237,2026-03-17 05:42:00,user_000690,sess_000636,page_063,estilo de vida,tablet,orgânico,0,1,47.5,73.8,1
evt_002238,2026-03-29 13:41:00,user_000881,sess_001043,page_062,estilo de vida,computador,redes sociais,1,1,115.4,40.5,0
evt_002239,2026-04-23 02:10:00,user_001955,sess_000967,page_044,notícias,computador,orgânico,0,1,36.4,85.0,0
evt_002240,2026-03-14 09:59:00,user_002290,sess_001403,page_003,notícias,computador,direto,1,1,66.1,42.8,1
evt_002241,2026-04-09 19:22:00,user_001198,sess_001902,page_011,notícias,computador,orgânico,0,1,55.9,80.5,0
evt_002242,2026-03-28 03:43:00,user_001929,sess_001097,page_073,tecnologia,celular,direto,0,1,151.8,73.6,1
evt_002243,2026-03-07 17:03:00,user_000021,sess_001596,page_032,esportes,computador,orgânico,1,1,84.7,58.9,0
evt_002244,2026-04-12 15:39:00,user_000875,sess_001191,page_046,esportes,celular,orgânico,0,1,47.2,61.7,1
evt_002245,2026-04-19 22:50:00,user_002866,sess_001774,page_013,estilo de vida,tablet,orgânico,0,1,56.8,59.9,0
evt_002246,2026-04-04 12:54:00,user_001729,sess_000809,page_007,estilo de vida,computador,orgânico,1,1,8.2,79.9,1
evt_002247,2026-03-11 13:57:00,user_002605,sess_000771,page_018,finanças,computador,referência,1,1,116.3,21.7,1
evt_002248,2026-03-10 08:14:00,user_000653,sess_000845,page_053,notícias,celular,orgânico,0,1,72.8,50.5,0
evt_002249,2026-03-26 09:50:00,user_000873,sess_001993,page_023,finanças,celular,orgânico,1,1,40.7,69.1,0
evt_002250,2026-03-31 09:14:00,user_002924,sess_001223,page_033,tecnologia,computador,referência,1,1,74.1,81.5,0
evt_002251,2026-04-03 03:08:00,user_002993,sess_000305,page_042,esportes,celular,orgânico,0,1,84.7,45.9,0
evt_002252,2026-03-15 14:51:00,user_002630,sess_000082,page_041,tecnologia,computador,redes sociais,0,1,61.0,15.6,0
evt_002253,2026-03-31 01:06:00,user_000952,sess_001038,page_002,notícias,celular,orgânico,0,1,62.9,7.0,1
evt_002254,2026-03-18 16:54:00,user_002404,sess_001611,page_017,entretenimento,celular,referência,0,1,13.2,58.8,0
evt_002255,2026-04-11 04:04:00,user_001377,sess_000959,page_133,entretenimento,computador,redes sociais,0,1,75.8,31.1,0
evt_002256,2026-04-17 18:55:00,user_002531,sess_001120,page_093,notícias,computador,orgânico,0,1,76.7,52.7,1
evt_002257,2026-04-09 03:52:00,user_002553,sess_001597,page_018,finanças,celular,direto,0,1,108.9,39.8,0
evt_002258,2026-03-01 01:47:00,user_001305,sess_001033,page_040,finanças,celular,orgânico,1,1,95.8,58.1,1
evt_002259,2026-04-29 12:32:00,user_000914,sess_001817,page_054,tecnologia,celular,orgânico,1,1,40.7,96.4,1
evt_002260,2026-03-02 10:13:00,user_002924,sess_001276,page_126,estilo de vida,celular,redes sociais,0,1,67.8,82.7,0
evt_002261,2026-04-29 23:10:00,user_001352,sess_001462,page_123,estilo de vida,celular,redes sociais,1,1,67.8,57.0,0
evt_002262,2026-03-02 21:45:00,user_001295,sess_001563,page_108,notícias,celular,redes sociais,0,1,86.9,51.8,1
evt_002263,2026-03-31 23:42:00,user_001997,sess_001254,page_015,notícias,celular,orgânico,1,1,42.5,39.5,1
evt_002264,2026-03-07 08:35:00,user_002810,sess_000101,page_069,estilo de vida,computador,direto,0,1,74.1,68.5,0
evt_002265,2026-03-06 17:05:00,user_000392,sess_000855,page_068,estilo de vida,computador,orgânico,0,1,109.3,50.2,0
evt_002266,2026-04-11 00:05:00,user_002953,sess_000283,page_089,tecnologia,celular,direto,0,1,58.5,84.3,0
evt_002267,2026-04-13 16:05:00,user_001267,sess_001021,page_118,tecnologia,computador,orgânico,0,1,57.4,59.6,1
evt_002268,2026-03-08 02:15:00,user_000077,sess_000287,page_045,estilo de vida,computador,redes sociais,0,1,25.7,60.5,0
evt_002269,2026-04-28 14:23:00,user_000928,sess_001019,page_078,finanças,computador,redes sociais,0,1,90.3,31.9,1
evt_002270,2026-03-20 05:27:00,user_001388,sess_000688,page_037,entretenimento,tablet,direto,1,1,49.9,45.9,0
evt_002271,2026-03-20 02:23:00,user_002030,sess_000041,page_030,tecnologia,celular,direto,0,1,43.2,94.6,0
evt_002272,2026-03-18 19:38:00,user_001699,sess_000250,page_044,entretenimento,celular,redes sociais,0,1,56.8,26.5,0
evt_002273,2026-03-28 16:08:00,user_000408,sess_001006,page_103,entretenimento,tablet,referência,0,1,29.9,52.2,0
evt_002274,2026-03-11 16:04:00,user_001465,sess_000158,page_061,finanças,celular,newsletter,0,1,94.8,60.7,0
evt_002275,2026-03-26 11:40:00,user_000698,sess_001712,page_095,tecnologia,celular,newsletter,1,1,80.5,62.3,1
evt_002276,2026-03-13 14:22:00,user_000809,sess_001517,page_097,estilo de vida,celular,orgânico,1,1,60.0,64.9,1
evt_002277,2026-03-04 02:02:00,user_002134,sess_001418,page_051,notícias,celular,orgânico,0,1,40.6,46.2,0
evt_002278,2026-03-23 02:58:00,user_002410,sess_000345,page_133,estilo de vida,celular,direto,0,1,63.3,74.4,1
evt_002279,2026-04-10 08:03:00,user_000469,sess_001591,page_007,finanças,celular,orgânico,0,1,64.4,52.6,0
evt_002280,2026-04-15 18:50:00,user_001807,sess_001269,page_125,finanças,celular,direto,0,1,135.2,76.5,0
evt_002281,2026-03-22 04:48:00,user_001266,sess_000781,page_002,notícias,celular,orgânico,0,1,139.5,26.0,0
evt_002282,2026-03-20 10:11:00,user_001010,sess_000001,page_054,tecnologia,celular,direto,0,1,35.4,41.5,0
evt_002283,2026-04-17 05:56:00,user_002138,sess_001058,page_115,estilo de vida,computador,orgânico,0,1,38.1,26.6,0
evt_002284,2026-04-10 20:54:00,user_000747,sess_001592,page_096,finanças,computador,referência,1,1,106.1,70.3,0
evt_002285,2026-04-19 22:15:00,user_002296,sess_000067,page_045,notícias,computador,direto,0,1,36.4,63.1,1
evt_002286,2026-04-24 08:47:00,user_001202,sess_000106,page_124,estilo de vida,computador,orgânico,0,1,87.5,48.8,0
evt_002287,2026-04-19 06:34:00,user_000285,sess_000766,page_020,notícias,celular,redes sociais,0,1,82.4,62.2,1
evt_002288,2026-04-26 04:32:00,user_002376,sess_001023,page_094,esportes,computador,redes sociais,1,1,37.1,33.1,0
evt_002289,2026-03-25 23:59:00,user_002556,sess_000949,page_073,esportes,tablet,referência,0,1,63.1,81.5,1
evt_002290,2026-03-24 16:19:00,user_001689,sess_000852,page_029,entretenimento,computador,redes sociais,1,1,18.8,74.7,0
evt_002291,2026-03-20 07:01:00,user_002172,sess_000511,page_128,finanças,computador,redes sociais,0,1,73.8,46.0,0
evt_002292,2026-03-15 02:43:00,user_000443,sess_000120,page_107,estilo de vida,celular,orgânico,0,1,70.6,32.9,0
evt_002293,2026-04-14 22:18:00,user_001018,sess_000063,page_002,entretenimento,computador,direto,0,1,59.6,47.0,1
evt_002294,2026-04-12 20:48:00,user_001050,sess_000198,page_013,finanças,computador,orgânico,1,1,42.9,69.4,0
evt_002295,2026-04-18 02:00:00,user_002291,sess_001381,page_008,entretenimento,computador,newsletter,0,1,10.3,59.2,0
evt_002296,2026-03-11 01:02:00,user_001056,sess_001572,page_058,notícias,celular,redes sociais,1,1,115.0,35.6,1
evt_002297,2026-03-30 11:24:00,user_002185,sess_000870,page_058,esportes,computador,referência,0,1,27.9,48.4,1
evt_002298,2026-03-14 07:37:00,user_000921,sess_000155,page_101,notícias,celular,direto,0,1,68.5,63.5,0
evt_002299,2026-04-23 13:57:00,user_001803,sess_000831,page_094,estilo de vida,computador,orgânico,1,1,44.3,48.8,0
evt_002300,2026-03-17 01:04:00,user_000630,sess_001971,page_003,entretenimento,computador,orgânico,1,1,44.1,58.9,0
evt_002301,2026-03-09 15:13:00,user_001675,sess_000500,page_067,estilo de vida,computador,orgânico,0,1,79.4,76.7,0
evt_002302,2026-04-04 04:36:00,user_000243,sess_000982,page_110,estilo de vida,computador,orgânico,1,1,140.2,44.4,0
evt_002303,2026-04-22 17:51:00,user_002204,sess_001076,page_125,esportes,celular,orgânico,0,1,8.0,74.9,1
evt_002304,2026-04-24 22:39:00,user_000088,sess_000660,page_041,entretenimento,celular,referência,0,1,56.5,56.2,0
evt_002305,2026-03-06 18:22:00,user_002997,sess_000876,page_007,finanças,celular,redes sociais,1,1,103.9,62.6,0
evt_002306,2026-03-20 13:17:00,user_002517,sess_000944,page_022,esportes,celular,redes sociais,0,1,25.7,30.1,1
evt_002307,2026-03-10 05:04:00,user_001736,sess_000948,page_048,entretenimento,computador,redes sociais,1,1,134.6,72.8,0
evt_002308,2026-03-19 11:19:00,user_002728,sess_001435,page_062,finanças,celular,orgânico,1,1,16.9,100.0,1
evt_002309,2026-04-02 00:43:00,user_002426,sess_001162,page_049,esportes,celular,redes sociais,1,1,41.3,36.7,0
evt_002310,2026-03-17 20:01:00,user_000429,sess_000107,page_013,notícias,celular,orgânico,0,1,23.5,38.8,1
evt_002311,2026-03-05 01:13:00,user_002233,sess_000013,page_048,notícias,celular,referência,0,1,33.1,88.6,1
evt_002312,2026-03-31 14:26:00,user_001132,sess_000821,page_041,tecnologia,computador,direto,0,1,122.8,70.6,0
evt_002313,2026-03-04 04:02:00,user_002567,sess_001815,page_068,finanças,celular,orgânico,1,1,23.7,52.2,0
evt_002314,2026-03-14 14:26:00,user_002591,sess_000074,page_012,entretenimento,celular,direto,0,1,59.3,91.5,1
evt_002315,2026-03-01 00:44:00,user_002863,sess_000143,page_110,notícias,celular,redes sociais,1,1,34.6,48.8,1
evt_002316,2026-03-06 05:01:00,user_001353,sess_001358,page_058,estilo de vida,computador,orgânico,0,1,77.8,58.5,0
evt_002317,2026-03-27 04:17:00,user_000580,sess_000902,page_045,tecnologia,computador,orgânico,0,1,51.9,64.7,0
evt_002318,2026-04-21 01:01:00,user_000376,sess_000462,page_127,estilo de vida,tablet,orgânico,0,1,52.1,73.2,0
evt_002319,2026-04-16 11:27:00,user_000497,sess_000415,page_104,finanças,celular,referência,1,1,31.1,74.8,0
evt_002320,2026-03-06 22:18:00,user_002975,sess_001330,page_020,estilo de vida,computador,referência,0,1,123.9,99.3,1
evt_002321,2026-03-03 02:10:00,user_001759,sess_001048,page_021,estilo de vida,computador,redes sociais,0,1,70.0,85.5,1
evt_002322,2026-03-21 06:50:00,user_001056,sess_001276,page_001,tecnologia,celular,orgânico,0,1,66.4,89.4,1
evt_002323,2026-04-09 03:15:00,user_001348,sess_000561,page_078,esportes,computador,orgânico,0,1,81.5,44.8,0
evt_002324,2026-04-14 19:17:00,user_000519,sess_001053,page_050,finanças,computador,redes sociais,0,1,34.5,72.5,1
evt_002325,2026-04-19 09:18:00,user_001712,sess_001720,page_053,estilo de vida,tablet,orgânico,0,1,98.0,91.7,1
evt_002326,2026-03-21 12:46:00,user_001277,sess_000633,page_071,esportes,computador,redes sociais,0,1,72.3,50.1,1
evt_002327,2026-03-11 01:55:00,user_002394,sess_000793,page_075,notícias,computador,orgânico,0,1,77.4,50.2,0
evt_002328,2026-03-02 13:56:00,user_000064,sess_000328,page_001,entretenimento,celular,orgânico,0,1,3.0,76.4,1
evt_002329,2026-03-09 19:29:00,user_002795,sess_001277,page_015,notícias,computador,redes sociais,1,1,48.8,67.4,0
evt_002330,2026-03-04 21:49:00,user_000182,sess_000065,page_110,esportes,computador,orgânico,1,1,43.5,57.6,0
evt_002331,2026-04-21 15:33:00,user_001252,sess_000498,page_133,estilo de vida,celular,direto,0,1,65.1,63.5,0
evt_002332,2026-03-17 02:30:00,user_001022,sess_001426,page_117,notícias,celular,direto,0,1,117.8,21.6,1
evt_002333,2026-04-19 09:17:00,user_002154,sess_000039,page_126,notícias,celular,redes sociais,1,1,35.2,51.3,0
evt_002334,2026-04-03 04:32:00,user_001974,sess_001978,page_065,notícias,celular,newsletter,1,1,64.7,41.0,0
evt_002335,2026-04-02 08:04:00,user_000591,sess_000808,page_115,notícias,celular,direto,0,1,76.1,90.1,1
evt_002336,2026-03-28 06:54:00,user_001472,sess_000798,page_123,finanças,celular,direto,1,1,59.0,62.4,0
evt_002337,2026-04-19 03:38:00,user_001604,sess_001073,page_125,tecnologia,celular,direto,0,1,39.1,59.7,0
evt_002338,2026-03-03 14:34:00,user_001392,sess_001278,page_021,esportes,celular,referência,0,1,19.1,80.0,0
evt_002339,2026-03-06 13:34:00,user_000066,sess_000919,page_021,finanças,computador,orgânico,0,1,10.5,97.0,1
evt_002340,2026-03-26 09:40:00,user_000535,sess_001768,page_056,estilo de vida,celular,redes sociais,0,1,41.1,63.3,0
evt_002341,2026-03-24 16:03:00,user_001511,sess_001924,page_071,esportes,computador,orgânico,1,1,38.9,41.0,0
evt_002342,2026-04-02 17:39:00,user_000782,sess_000401,page_134,finanças,computador,redes sociais,1,1,59.6,55.0,1
evt_002343,2026-04-14 06:25:00,user_001636,sess_001413,page_045,esportes,tablet,orgânico,0,1,121.3,63.9,1
evt_002344,2026-04-05 06:03:00,user_000491,sess_000602,page_116,esportes,computador,newsletter,0,1,45.8,64.5,0
evt_002345,2026-03-16 10:43:00,user_002206,sess_001991,page_124,esportes,computador,redes sociais,1,1,13.9,41.8,1
evt_002346,2026-03-20 15:17:00,user_000566,sess_000507,page_135,notícias,computador,orgânico,1,1,59.2,16.8,1
evt_002347,2026-04-15 03:21:00,user_001948,sess_000590,page_027,entretenimento,celular,redes sociais,0,1,8.2,25.6,0
evt_002348,2026-03-13 02:06:00,user_002510,sess_001428,page_034,entretenimento,celular,direto,0,1,10.0,34.3,1
evt_002349,2026-03-31 06:01:00,user_001075,sess_001578,page_031,tecnologia,computador,referência,1,1,25.0,53.6,0
evt_002350,2026-04-02 07:51:00,user_000419,sess_000258,page_103,notícias,celular,direto,0,1,27.1,51.6,0
evt_002351,2026-04-15 00:22:00,user_000018,sess_001111,page_096,tecnologia,celular,orgânico,0,1,43.0,24.7,0
evt_002352,2026-04-12 20:40:00,user_001082,sess_000692,page_057,estilo de vida,tablet,referência,0,1,82.9,53.1,0
evt_002353,2026-03-28 21:08:00,user_000347,sess_001223,page_013,notícias,celular,referência,1,1,36.1,91.3,0
evt_002354,2026-03-19 13:11:00,user_002645,sess_001113,page_073,entretenimento,computador,referência,1,1,57.0,65.1,0
evt_002355,2026-03-23 01:46:00,user_002919,sess_001971,page_102,tecnologia,celular,direto,1,1,94.7,98.0,0
evt_002356,2026-03-25 16:41:00,user_002941,sess_001867,page_066,notícias,computador,orgânico,0,1,175.0,58.1,0
evt_002357,2026-03-14 03:37:00,user_002767,sess_001308,page_038,entretenimento,celular,newsletter,1,1,31.3,57.5,0
evt_002358,2026-04-07 12:35:00,user_001760,sess_001359,page_083,notícias,computador,orgânico,0,1,39.0,63.7,1
evt_002359,2026-03-13 12:03:00,user_000975,sess_001797,page_092,finanças,computador,orgânico,0,1,59.6,100.0,1
evt_002360,2026-04-08 22:05:00,user_001340,sess_000367,page_083,notícias,tablet,direto,1,1,55.4,89.5,1
evt_002361,2026-04-15 02:08:00,user_000777,sess_001451,page_122,notícias,celular,redes sociais,1,1,49.9,73.2,0
evt_002362,2026-04-27 17:02:00,user_002520,sess_001544,page_044,entretenimento,celular,direto,1,1,37.4,66.6,1
evt_002363,2026-03-08 03:13:00,user_001309,sess_000255,page_085,estilo de vida,tablet,direto,1,1,14.9,40.8,1
evt_002364,2026-04-15 14:00:00,user_001155,sess_001762,page_119,esportes,computador,orgânico,1,1,50.4,31.2,1
evt_002365,2026-03-06 03:48:00,user_002070,sess_001399,page_030,tecnologia,computador,direto,1,1,36.1,49.1,0
evt_002366,2026-03-21 05:38:00,user_001121,sess_000694,page_040,entretenimento,celular,referência,0,1,41.2,88.6,1
evt_002367,2026-03-11 13:51:00,user_001071,sess_000969,page_007,entretenimento,computador,referência,0,1,59.3,93.7,1
evt_002368,2026-03-10 17:41:00,user_000682,sess_000979,page_053,entretenimento,celular,orgânico,0,1,120.8,25.8,0
evt_002369,2026-03-11 12:29:00,user_000202,sess_001837,page_007,entretenimento,computador,orgânico,0,1,19.9,85.0,1
evt_002370,2026-03-03 15:16:00,user_000114,sess_001938,page_104,estilo de vida,computador,orgânico,0,1,45.5,94.5,0
evt_002371,2026-04-19 09:16:00,user_001208,sess_001613,page_013,esportes,computador,direto,0,1,19.0,83.0,0
evt_002372,2026-03-04 16:01:00,user_002985,sess_001304,page_097,entretenimento,computador,direto,1,1,98.7,48.9,0
evt_002373,2026-03-24 21:50:00,user_000782,sess_000209,page_081,notícias,computador,redes sociais,1,1,92.1,74.4,0
evt_002374,2026-04-11 22:47:00,user_001923,sess_001829,page_138,notícias,computador,orgânico,0,1,124.2,27.2,0
evt_002375,2026-04-29 10:09:00,user_000975,sess_000268,page_049,finanças,computador,direto,0,1,69.2,38.0,0
evt_002376,2026-04-21 05:20:00,user_000908,sess_000334,page_048,esportes,celular,direto,1,1,3.2,100.0,0
evt_002377,2026-03-09 05:35:00,user_000489,sess_000140,page_034,estilo de vida,celular,redes sociais,0,1,64.8,48.9,0
evt_002378,2026-04-29 06:20:00,user_001690,sess_001895,page_075,entretenimento,computador,orgânico,1,1,178.1,35.2,1
evt_002379,2026-04-09 05:05:00,user_001976,sess_000986,page_031,finanças,computador,redes sociais,1,1,39.2,58.9,0
evt_002380,2026-03-11 18:34:00,user_001051,sess_000472,page_016,estilo de vida,computador,referência,1,1,31.6,95.4,0
evt_002381,2026-03-27 22:10:00,user_001580,sess_000162,page_132,finanças,computador,redes sociais,0,1,36.9,89.3,1
evt_002382,2026-04-25 01:45:00,user_001428,sess_000824,page_095,tecnologia,celular,direto,1,1,76.4,44.8,0
evt_002383,2026-03-24 13:48:00,user_000813,sess_001447,page_017,notícias,computador,orgânico,0,1,27.1,56.8,0
evt_002384,2026-03-12 00:26:00,user_002075,sess_001989,page_086,notícias,tablet,orgânico,0,1,95.0,68.1,1
evt_002385,2026-04-22 12:07:00,user_001662,sess_001105,page_043,estilo de vida,computador,orgânico,0,1,7.9,71.7,1
evt_002386,2026-04-27 04:17:00,user_000198,sess_001214,page_026,finanças,celular,orgânico,0,1,126.1,76.4,1
evt_002387,2026-04-28 12:51:00,user_001478,sess_001671,page_066,finanças,celular,orgânico,0,1,40.0,47.3,1
evt_002388,2026-04-27 08:13:00,user_001168,sess_001803,page_110,esportes,computador,redes sociais,1,1,89.0,53.7,0
evt_002389,2026-04-22 08:55:00,user_002388,sess_000560,page_001,notícias,computador,orgânico,0,1,37.3,36.1,1
evt_002390,2026-03-28 06:27:00,user_000920,sess_001983,page_050,estilo de vida,computador,referência,0,1,33.9,77.4,1
evt_002391,2026-03-12 12:54:00,user_002867,sess_001038,page_129,finanças,celular,orgânico,1,1,45.5,64.4,0
evt_002392,2026-04-07 00:42:00,user_001845,sess_001860,page_055,finanças,celular,orgânico,0,1,86.8,73.0,0
evt_002393,2026-03-14 05:56:00,user_000392,sess_000235,page_014,entretenimento,computador,orgânico,0,1,35.1,45.0,0
evt_002394,2026-03-29 09:20:00,user_001210,sess_000195,page_060,tecnologia,celular,orgânico,0,1,78.4,71.1,0
evt_002395,2026-04-09 08:44:00,user_002651,sess_001769,page_095,notícias,celular,direto,0,1,64.4,71.8,0
evt_002396,2026-04-26 19:04:00,user_000764,sess_001345,page_139,estilo de vida,celular,direto,0,1,125.8,29.8,1
evt_002397,2026-03-18 08:16:00,user_002114,sess_000350,page_088,notícias,computador,redes sociais,0,1,86.4,74.2,0
evt_002398,2026-03-16 02:45:00,user_002350,sess_001789,page_008,notícias,celular,referência,1,1,17.0,35.2,1
evt_002399,2026-04-14 02:00:00,user_002077,sess_000205,page_113,tecnologia,computador,orgânico,1,1,48.8,44.7,0
evt_002400,2026-03-01 09:18:00,user_000272,sess_001364,page_109,notícias,computador,redes sociais,0,1,77.0,76.7,0
evt_002401,2026-04-03 23:38:00,user_001123,sess_000410,page_091,esportes,celular,orgânico,0,1,24.9,45.4,0
evt_002402,2026-04-14 18:07:00,user_001045,sess_000142,page_125,entretenimento,tablet,orgânico,0,1,71.0,60.8,0
evt_002403,2026-04-03 01:18:00,user_001032,sess_001612,page_107,tecnologia,computador,orgânico,0,1,105.9,56.5,0
evt_002404,2026-03-24 00:53:00,user_002637,sess_001694,page_033,entretenimento,computador,direto,0,1,31.9,29.6,1
evt_002405,2026-04-19 17:06:00,user_000017,sess_000212,page_059,entretenimento,tablet,referência,0,1,75.0,86.7,0
evt_002406,2026-03-23 06:17:00,user_001617,sess_000187,page_071,esportes,celular,orgânico,0,1,286.5,86.9,1
evt_002407,2026-04-12 15:10:00,user_002946,sess_001229,page_068,estilo de vida,celular,orgânico,0,1,55.7,67.7,0
evt_002408,2026-03-28 20:21:00,user_002626,sess_000058,page_089,esportes,computador,referência,0,1,71.1,52.4,0
evt_002409,2026-03-02 14:16:00,user_001819,sess_001492,page_098,estilo de vida,celular,direto,0,1,61.7,60.4,1
evt_002410,2026-04-01 19:56:00,user_002993,sess_001831,page_015,esportes,tablet,direto,0,1,39.7,85.2,0
evt_002411,2026-03-03 23:13:00,user_001207,sess_001502,page_080,notícias,computador,redes sociais,0,1,36.2,48.1,0
evt_002412,2026-04-25 20:34:00,user_001834,sess_000462,page_006,notícias,celular,orgânico,1,1,32.6,49.9,0
evt_002413,2026-04-06 02:14:00,user_001631,sess_000380,page_072,tecnologia,celular,direto,0,1,18.8,54.1,1
evt_002414,2026-03-23 07:43:00,user_000142,sess_001361,page_059,notícias,tablet,orgânico,0,1,27.3,14.9,0
evt_002415,2026-03-30 04:06:00,user_000122,sess_000124,page_029,estilo de vida,celular,redes sociais,0,1,107.0,72.5,0
evt_002416,2026-04-07 03:37:00,user_002690,sess_001075,page_138,tecnologia,computador,orgânico,1,1,118.1,62.4,1
evt_002417,2026-03-16 14:39:00,user_000521,sess_000898,page_036,tecnologia,celular,direto,0,1,65.4,75.2,0
evt_002418,2026-03-18 07:17:00,user_001065,sess_001489,page_008,finanças,tablet,redes sociais,0,1,44.2,57.2,1
evt_002419,2026-03-26 02:51:00,user_001870,sess_000405,page_050,notícias,tablet,orgânico,1,1,20.0,29.6,1
evt_002420,2026-03-16 12:20:00,user_001727,sess_001524,page_106,entretenimento,computador,redes sociais,1,1,66.6,61.4,0
evt_002421,2026-04-15 11:23:00,user_001543,sess_001398,page_002,estilo de vida,computador,orgânico,0,1,101.2,35.4,1
evt_002422,2026-03-07 05:29:00,user_002937,sess_000478,page_069,finanças,celular,direto,1,1,121.9,78.1,1
evt_002423,2026-04-19 14:19:00,user_002361,sess_000714,page_059,entretenimento,celular,referência,0,1,155.5,71.8,1
evt_002424,2026-03-21 21:52:00,user_002825,sess_000132,page_121,notícias,computador,orgânico,1,1,29.7,100.0,1
evt_002425,2026-04-03 16:09:00,user_001976,sess_000899,page_001,finanças,computador,orgânico,0,1,139.1,94.8,0
evt_002426,2026-03-10 11:10:00,user_002937,sess_000521,page_003,notícias,computador,referência,0,1,56.1,64.1,0
evt_002427,2026-03-24 02:55:00,user_001804,sess_000227,page_079,notícias,computador,referência,0,1,69.2,53.6,0
evt_002428,2026-04-15 06:37:00,user_001625,sess_001120,page_025,esportes,computador,direto,1,1,64.0,76.3,1
evt_002429,2026-03-17 05:48:00,user_002445,sess_001135,page_098,estilo de vida,tablet,orgânico,1,1,38.1,64.8,0
evt_002430,2026-03-08 22:28:00,user_002606,sess_000172,page_039,esportes,celular,orgânico,0,1,76.1,49.3,0
evt_002431,2026-04-01 07:33:00,user_000205,sess_000371,page_079,estilo de vida,computador,newsletter,0,1,21.7,17.4,1
evt_002432,2026-03-10 17:59:00,user_002731,sess_000166,page_006,tecnologia,celular,redes sociais,0,1,129.5,100.0,1
evt_002433,2026-03-19 21:14:00,user_002072,sess_001358,page_097,entretenimento,celular,orgânico,0,1,58.1,80.1,0
evt_002434,2026-03-28 00:39:00,user_002693,sess_000676,page_073,notícias,celular,direto,0,1,4.1,71.6,1
evt_002435,2026-04-03 20:17:00,user_002147,sess_000143,page_001,tecnologia,celular,direto,1,1,220.6,59.9,0
evt_002436,2026-04-08 08:42:00,user_002780,sess_000383,page_037,notícias,computador,orgânico,1,1,63.7,96.7,0
evt_002437,2026-04-10 14:22:00,user_000826,sess_001951,page_009,estilo de vida,tablet,newsletter,1,1,23.6,76.5,0
evt_002438,2026-04-20 15:46:00,user_000563,sess_000512,page_007,esportes,computador,redes sociais,0,1,94.6,30.8,0
evt_002439,2026-03-04 23:09:00,user_000587,sess_001369,page_098,tecnologia,celular,orgânico,0,1,25.5,53.6,1
evt_002440,2026-03-22 17:44:00,user_000757,sess_000937,page_060,notícias,tablet,orgânico,1,1,32.2,73.8,0
evt_002441,2026-03-01 01:32:00,user_000642,sess_000364,page_112,estilo de vida,celular,redes sociais,1,1,45.0,82.8,0
evt_002442,2026-03-01 13:35:00,user_001325,sess_000615,page_036,notícias,computador,redes sociais,0,1,21.0,52.8,0
evt_002443,2026-03-13 17:40:00,user_000595,sess_000029,page_100,notícias,computador,orgânico,0,1,64.6,89.2,0
evt_002444,2026-04-05 21:19:00,user_000475,sess_001494,page_086,estilo de vida,computador,redes sociais,0,1,27.4,32.1,1
evt_002445,2026-04-23 16:05:00,user_001571,sess_000669,page_093,esportes,computador,redes sociais,1,1,111.1,53.5,0
evt_002446,2026-04-16 09:53:00,user_002380,sess_000998,page_116,tecnologia,computador,redes sociais,0,1,31.6,54.3,0
evt_002447,2026-04-08 18:39:00,user_000407,sess_000306,page_099,estilo de vida,computador,newsletter,0,1,10.9,77.7,0
evt_002448,2026-04-16 16:33:00,user_001534,sess_001648,page_104,estilo de vida,celular,orgânico,0,1,57.5,84.7,1
evt_002449,2026-03-11 07:37:00,user_001978,sess_000437,page_103,tecnologia,computador,referência,0,1,39.7,84.2,1
evt_002450,2026-04-20 09:21:00,user_002117,sess_001133,page_063,tecnologia,celular,orgânico,1,1,65.5,30.8,0
evt_002451,2026-04-23 09:58:00,user_000316,sess_001745,page_101,entretenimento,celular,orgânico,0,1,103.1,61.5,0
evt_002452,2026-03-06 16:52:00,user_002201,sess_001426,page_118,notícias,computador,orgânico,0,1,21.1,28.0,1
evt_002453,2026-03-29 04:44:00,user_000081,sess_001206,page_103,estilo de vida,celular,newsletter,1,1,141.6,59.4,1
evt_002454,2026-04-19 19:15:00,user_000711,sess_001776,page_085,tecnologia,celular,orgânico,0,1,89.6,92.0,1
evt_002455,2026-03-29 13:34:00,user_000958,sess_000353,page_011,notícias,celular,orgânico,0,1,21.3,99.1,0
evt_002456,2026-04-20 10:16:00,user_002559,sess_001927,page_061,esportes,celular,orgânico,0,1,17.5,68.2,1
evt_002457,2026-04-26 03:10:00,user_000576,sess_001113,page_009,esportes,celular,direto,0,1,91.7,64.5,0
evt_002458,2026-03-29 11:31:00,user_002347,sess_000820,page_015,estilo de vida,celular,orgânico,0,1,137.4,55.2,0
evt_002459,2026-03-04 13:39:00,user_002965,sess_000512,page_051,esportes,celular,orgânico,1,1,45.0,58.2,0
evt_002460,2026-03-21 09:40:00,user_002879,sess_001490,page_065,estilo de vida,celular,redes sociais,1,1,7.7,87.7,1
evt_002461,2026-03-13 21:51:00,user_000909,sess_001952,page_074,estilo de vida,celular,referência,0,1,87.9,41.3,0
evt_002462,2026-03-29 10:43:00,user_000288,sess_001380,page_126,estilo de vida,computador,referência,0,1,130.8,53.2,0
evt_002463,2026-04-05 03:30:00,user_000666,sess_000066,page_107,esportes,computador,newsletter,0,1,18.6,58.9,0
evt_002464,2026-03-28 20:00:00,user_002306,sess_000938,page_059,tecnologia,celular,orgânico,1,1,26.8,44.3,1
evt_002465,2026-03-12 17:30:00,user_000591,sess_001464,page_047,estilo de vida,celular,orgânico,0,1,58.5,68.6,0
evt_002466,2026-03-19 01:40:00,user_001937,sess_000795,page_100,notícias,celular,orgânico,1,1,80.2,89.4,1
evt_002467,2026-04-10 18:31:00,user_001122,sess_001546,page_039,notícias,computador,referência,0,1,69.4,71.0,0
evt_002468,2026-03-02 14:51:00,user_002300,sess_001414,page_123,esportes,computador,direto,0,1,15.2,44.3,0
evt_002469,2026-03-13 20:17:00,user_001817,sess_000135,page_109,entretenimento,celular,direto,0,1,48.7,43.3,1
evt_002470,2026-04-23 12:58:00,user_001756,sess_001116,page_095,esportes,celular,redes sociais,1,1,32.4,32.8,1
evt_002471,2026-03-06 22:47:00,user_002346,sess_000344,page_035,notícias,computador,redes sociais,0,1,143.3,56.0,0
evt_002472,2026-03-25 21:14:00,user_002864,sess_000973,page_087,notícias,tablet,redes sociais,0,1,65.9,41.5,1
evt_002473,2026-03-13 10:03:00,user_001094,sess_000769,page_115,notícias,celular,orgânico,0,1,26.7,63.0,0
evt_002474,2026-03-07 06:41:00,user_001587,sess_001613,page_011,finanças,celular,redes sociais,0,1,32.4,52.1,0
evt_002475,2026-03-26 08:44:00,user_001878,sess_001736,page_025,tecnologia,celular,orgânico,1,1,27.8,30.0,0
evt_002476,2026-04-01 06:52:00,user_002469,sess_000923,page_072,finanças,computador,orgânico,0,1,12.9,27.3,0
evt_002477,2026-03-11 13:38:00,user_001446,sess_001074,page_050,tecnologia,computador,orgânico,1,1,21.2,70.6,1
evt_002478,2026-03-05 16:01:00,user_001124,sess_001252,page_099,notícias,computador,newsletter,0,1,37.6,30.2,0
evt_002479,2026-03-09 01:57:00,user_002539,sess_001310,page_056,finanças,computador,newsletter,1,1,40.7,75.9,1
evt_002480,2026-04-09 02:13:00,user_002859,sess_001271,page_139,tecnologia,computador,direto,1,1,67.2,45.0,0
evt_002481,2026-04-21 14:48:00,user_001707,sess_001566,page_042,estilo de vida,celular,referência,0,1,44.5,63.2,1
evt_002482,2026-03-11 19:37:00,user_000311,sess_001963,page_051,tecnologia,celular,orgânico,0,1,85.7,57.0,1
evt_002483,2026-03-20 05:22:00,user_000870,sess_001656,page_001,esportes,computador,orgânico,0,1,44.2,61.0,0
evt_002484,2026-03-21 15:05:00,user_001389,sess_000270,page_035,finanças,celular,orgânico,0,1,72.7,85.1,1
evt_002485,2026-03-22 15:29:00,user_002111,sess_000953,page_033,estilo de vida,celular,orgânico,0,1,29.2,43.8,1
evt_002486,2026-03-15 15:47:00,user_002009,sess_000923,page_107,notícias,celular,direto,0,1,102.1,87.7,1
evt_002487,2026-03-04 07:35:00,user_002460,sess_001018,page_047,tecnologia,tablet,orgânico,0,1,72.9,73.3,1
evt_002488,2026-04-01 12:13:00,user_000090,sess_001057,page_029,esportes,computador,newsletter,1,1,34.0,51.2,0
evt_002489,2026-03-22 10:36:00,user_001396,sess_001436,page_044,notícias,computador,direto,0,1,53.0,53.3,1
evt_002490,2026-03-21 12:51:00,user_002103,sess_000842,page_079,tecnologia,celular,orgânico,0,1,33.2,60.3,0
evt_002491,2026-03-16 21:19:00,user_002961,sess_000527,page_110,tecnologia,computador,referência,1,1,46.6,49.4,0
evt_002492,2026-04-25 18:14:00,user_000427,sess_000915,page_137,entretenimento,celular,referência,0,1,27.2,23.2,0
evt_002493,2026-04-06 15:05:00,user_002637,sess_001709,page_007,entretenimento,computador,redes sociais,1,1,114.3,38.4,0
evt_002494,2026-03-26 02:54:00,user_000024,sess_000623,page_117,esportes,celular,orgânico,0,1,128.1,38.3,0
evt_002495,2026-03-13 07:45:00,user_000591,sess_000042,page_055,estilo de vida,celular,redes sociais,0,1,95.9,54.0,1
evt_002496,2026-04-18 01:37:00,user_002541,sess_001952,page_113,entretenimento,celular,redes sociais,0,1,35.9,33.6,1
evt_002497,2026-04-23 07:14:00,user_002360,sess_000392,page_006,esportes,computador,direto,0,1,39.6,74.5,0
evt_002498,2026-03-02 22:32:00,user_002918,sess_001206,page_088,finanças,celular,orgânico,0,1,9.0,68.5,0
evt_002499,2026-04-25 18:43:00,user_001803,sess_001600,page_130,entretenimento,celular,referência,0,1,22.0,49.6,1
evt_002500,2026-04-11 23:09:00,user_001848,sess_000549,page_006,notícias,celular,orgânico,0,1,151.1,41.6,1
evt_002501,2026-03-06 23:45:00,user_001604,sess_000681,page_110,entretenimento,tablet,newsletter,0,1,143.1,58.3,0
evt_002502,2026-04-15 04:32:00,user_001535,sess_000561,page_016,finanças,celular,orgânico,1,1,116.3,84.7,0
evt_002503,2026-03-07 10:39:00,user_001542,sess_000300,page_137,entretenimento,celular,referência,1,1,122.2,20.3,0
evt_002504,2026-03-04 01:14:00,user_000878,sess_000306,page_104,estilo de vida,celular,orgânico,1,1,19.3,27.9,1
evt_002505,2026-03-07 22:04:00,user_002560,sess_000374,page_127,estilo de vida,celular,direto,0,1,89.8,37.3,0
evt_002506,2026-03-28 14:09:00,user_001070,sess_000916,page_125,tecnologia,tablet,referência,0,1,82.6,31.7,0
evt_002507,2026-04-07 04:10:00,user_001833,sess_001061,page_044,notícias,celular,orgânico,0,1,94.0,29.0,0
evt_002508,2026-03-25 10:32:00,user_002008,sess_000032,page_058,estilo de vida,computador,orgânico,0,1,168.9,58.1,0
evt_002509,2026-03-08 07:38:00,user_001613,sess_001692,page_097,entretenimento,computador,newsletter,1,1,9.2,57.2,0
evt_002510,2026-03-12 22:48:00,user_001834,sess_001352,page_025,entretenimento,celular,newsletter,0,1,10.0,50.4,0
evt_002511,2026-04-21 03:25:00,user_000147,sess_000142,page_043,entretenimento,tablet,direto,1,1,23.6,61.9,1
evt_002512,2026-04-27 18:10:00,user_000948,sess_001685,page_014,estilo de vida,computador,orgânico,1,1,17.5,56.3,0
evt_002513,2026-04-15 06:09:00,user_001345,sess_000061,page_124,estilo de vida,tablet,orgânico,1,1,45.4,42.7,1
evt_002514,2026-03-07 04:54:00,user_001183,sess_001121,page_035,estilo de vida,computador,redes sociais,1,1,67.2,49.3,1
evt_002515,2026-04-19 04:31:00,user_002724,sess_000930,page_058,estilo de vida,computador,direto,1,1,79.7,62.2,0
evt_002516,2026-04-11 12:27:00,user_002691,sess_001004,page_063,estilo de vida,tablet,orgânico,1,1,12.6,33.6,0
evt_002517,2026-04-01 13:31:00,user_002135,sess_001912,page_053,notícias,tablet,orgânico,1,1,31.9,63.9,0
evt_002518,2026-03-09 14:15:00,user_001057,sess_001854,page_109,notícias,celular,referência,0,1,65.8,1.0,1
evt_002519,2026-04-29 19:12:00,user_000153,sess_000558,page_128,estilo de vida,tablet,direto,1,1,51.0,57.3,1
evt_002520,2026-03-27 13:21:00,user_002265,sess_001159,page_080,esportes,celular,direto,1,1,42.4,64.3,1
evt_002521,2026-03-03 15:36:00,user_002652,sess_001918,page_117,esportes,celular,newsletter,0,1,109.6,38.6,0
evt_002522,2026-03-13 14:21:00,user_001469,sess_001457,page_016,notícias,celular,redes sociais,0,1,33.6,79.3,1
evt_002523,2026-03-25 01:49:00,user_002480,sess_001775,page_135,tecnologia,computador,orgânico,1,1,146.1,80.9,0
evt_002524,2026-03-04 17:45:00,user_002792,sess_000870,page_017,entretenimento,computador,referência,0,1,24.9,62.2,1
evt_002525,2026-03-20 10:28:00,user_001640,sess_000566,page_010,estilo de vida,computador,newsletter,1,1,26.8,90.4,0
evt_002526,2026-03-29 02:30:00,user_000629,sess_001021,page_004,entretenimento,computador,orgânico,0,1,70.2,42.0,1
evt_002527,2026-04-26 22:02:00,user_000068,sess_001634,page_034,entretenimento,computador,orgânico,0,1,37.3,75.6,0
evt_002528,2026-03-06 04:22:00,user_002271,sess_001857,page_117,notícias,computador,orgânico,0,1,38.4,86.2,0
evt_002529,2026-04-04 14:40:00,user_001687,sess_001372,page_042,notícias,computador,orgânico,0,1,32.0,35.2,0
evt_002530,2026-04-24 22:41:00,user_000461,sess_001413,page_110,notícias,celular,orgânico,0,1,65.0,59.5,0
evt_002531,2026-04-18 08:54:00,user_000164,sess_001024,page_059,notícias,computador,orgânico,0,1,10.4,28.4,1
evt_002532,2026-04-25 11:54:00,user_002908,sess_000639,page_015,estilo de vida,computador,direto,0,1,25.1,74.7,1
evt_002533,2026-03-11 05:17:00,user_000961,sess_000846,page_066,esportes,computador,orgânico,1,1,40.1,91.3,0
evt_002534,2026-04-18 01:56:00,user_000981,sess_000995,page_033,entretenimento,computador,referência,0,1,73.8,47.1,1
evt_002535,2026-04-28 17:13:00,user_001887,sess_001631,page_041,estilo de vida,celular,redes sociais,0,1,34.6,57.3,0
evt_002536,2026-03-20 13:29:00,user_001093,sess_001111,page_072,esportes,celular,orgânico,0,1,172.8,47.8,0
evt_002537,2026-03-30 22:02:00,user_002738,sess_001586,page_110,entretenimento,celular,referência,1,1,82.2,100.0,1
evt_002538,2026-04-01 20:24:00,user_002043,sess_000055,page_082,entretenimento,celular,direto,1,1,72.6,39.8,0
evt_002539,2026-03-30 14:53:00,user_001074,sess_001514,page_032,tecnologia,tablet,direto,0,1,52.3,39.8,0
evt_002540,2026-03-18 09:17:00,user_000800,sess_001014,page_100,tecnologia,celular,referência,0,1,61.2,69.2,0
evt_002541,2026-04-28 06:04:00,user_002580,sess_001996,page_097,entretenimento,computador,referência,1,1,44.4,56.2,0
evt_002542,2026-04-27 09:21:00,user_001775,sess_000943,page_033,estilo de vida,computador,direto,0,1,80.4,100.0,1
evt_002543,2026-03-23 20:15:00,user_002755,sess_000957,page_119,entretenimento,celular,direto,1,1,97.9,97.7,0
evt_002544,2026-04-18 07:37:00,user_001035,sess_000255,page_118,notícias,celular,orgânico,0,1,56.1,70.3,1
evt_002545,2026-03-24 20:26:00,user_000064,sess_001614,page_084,estilo de vida,celular,direto,0,1,173.2,76.6,0
evt_002546,2026-04-17 16:31:00,user_002697,sess_001403,page_042,finanças,computador,redes sociais,1,1,33.9,80.6,1
evt_002547,2026-04-05 02:02:00,user_000719,sess_001725,page_050,notícias,tablet,newsletter,1,1,144.3,78.9,0
evt_002548,2026-03-29 05:02:00,user_002536,sess_000186,page_062,notícias,celular,redes sociais,0,1,81.4,68.5,1
evt_002549,2026-03-08 16:23:00,user_002129,sess_000423,page_027,notícias,tablet,orgânico,1,1,44.3,37.8,0
evt_002550,2026-04-09 06:36:00,user_000696,sess_001754,page_043,esportes,celular,redes sociais,1,1,37.8,41.5,0
evt_002551,2026-03-20 06:21:00,user_002270,sess_000085,page_019,notícias,computador,redes sociais,0,1,10.8,77.4,1
evt_002552,2026-03-14 00:16:00,user_000245,sess_001016,page_022,finanças,computador,redes sociais,0,1,109.0,56.0,0
evt_002553,2026-03-12 14:13:00,user_001177,sess_000810,page_104,tecnologia,computador,redes sociais,1,1,141.2,84.8,1
evt_002554,2026-04-28 21:54:00,user_001070,sess_001878,page_018,estilo de vida,computador,newsletter,0,1,67.7,72.5,1
evt_002555,2026-03-07 04:43:00,user_001970,sess_001713,page_066,estilo de vida,celular,orgânico,1,1,32.4,34.3,1
evt_002556,2026-04-17 21:52:00,user_001604,sess_001793,page_060,notícias,computador,newsletter,0,1,22.1,35.0,0
evt_002557,2026-04-21 23:14:00,user_001836,sess_000578,page_007,tecnologia,computador,direto,0,1,70.9,31.9,0
evt_002558,2026-03-02 20:42:00,user_001429,sess_001175,page_116,notícias,computador,orgânico,0,1,67.3,73.7,1
evt_002559,2026-04-05 08:38:00,user_002219,sess_001400,page_137,esportes,celular,orgânico,0,1,49.4,81.3,1
evt_002560,2026-04-04 15:27:00,user_000481,sess_001934,page_089,finanças,computador,referência,0,1,54.6,58.2,0
evt_002561,2026-03-22 12:29:00,user_002156,sess_000015,page_094,entretenimento,computador,referência,0,1,85.6,57.9,0
evt_002562,2026-04-10 00:04:00,user_000151,sess_001954,page_033,entretenimento,celular,orgânico,1,1,60.7,64.4,0
evt_002563,2026-03-25 12:29:00,user_000258,sess_000711,page_118,tecnologia,computador,redes sociais,0,1,56.5,75.5,0
evt_002564,2026-03-27 09:09:00,user_002171,sess_000257,page_110,tecnologia,tablet,orgânico,1,1,75.7,51.0,0
evt_002565,2026-03-26 21:23:00,user_000475,sess_001231,page_061,finanças,computador,direto,0,1,154.6,74.7,0
evt_002566,2026-04-18 00:58:00,user_002310,sess_001563,page_099,estilo de vida,celular,orgânico,0,1,19.0,56.5,1
evt_002567,2026-04-07 23:44:00,user_000399,sess_000260,page_133,notícias,celular,orgânico,0,1,50.7,26.8,0
evt_002568,2026-03-23 17:49:00,user_000440,sess_000082,page_084,esportes,computador,orgânico,1,1,19.0,85.4,0
evt_002569,2026-04-25 14:32:00,user_002797,sess_001793,page_028,entretenimento,celular,redes sociais,1,1,13.7,64.3,0
evt_002570,2026-04-18 02:57:00,user_000532,sess_001867,page_046,entretenimento,computador,orgânico,0,1,64.9,54.2,1
evt_002571,2026-04-25 23:12:00,user_002740,sess_000313,page_026,esportes,computador,direto,1,1,93.2,42.9,1
evt_002572,2026-04-13 19:55:00,user_001045,sess_001808,page_047,esportes,celular,referência,0,1,34.2,43.8,0
evt_002573,2026-03-24 11:44:00,user_002392,sess_001819,page_124,esportes,tablet,direto,0,1,54.8,29.1,1
evt_002574,2026-04-16 09:02:00,user_002818,sess_001994,page_027,finanças,computador,referência,0,1,71.2,43.5,0
evt_002575,2026-03-20 18:08:00,user_000351,sess_000433,page_124,esportes,celular,direto,0,1,131.1,39.2,0
evt_002576,2026-03-17 06:08:00,user_000992,sess_001157,page_040,estilo de vida,computador,orgânico,1,1,12.2,46.9,0
evt_002577,2026-03-28 01:30:00,user_001723,sess_001988,page_070,notícias,computador,orgânico,1,1,66.7,84.4,0
evt_002578,2026-04-28 03:47:00,user_002596,sess_001805,page_074,notícias,computador,direto,0,1,108.2,69.9,1
evt_002579,2026-04-04 01:49:00,user_000562,sess_001209,page_018,esportes,celular,direto,0,1,71.7,39.6,0
evt_002580,2026-03-24 00:31:00,user_000561,sess_000395,page_026,tecnologia,celular,newsletter,0,1,22.3,26.1,0
evt_002581,2026-03-28 17:01:00,user_001105,sess_000169,page_043,esportes,celular,orgânico,0,1,34.7,39.7,0
evt_002582,2026-03-18 11:21:00,user_000614,sess_000519,page_009,finanças,tablet,orgânico,1,1,48.5,94.9,0
evt_002583,2026-04-09 12:36:00,user_000802,sess_000131,page_105,estilo de vida,celular,referência,0,1,5.8,71.3,1
evt_002584,2026-03-22 00:36:00,user_000390,sess_000391,page_076,tecnologia,computador,referência,0,1,135.3,54.4,1
evt_002585,2026-04-03 06:20:00,user_002486,sess_000150,page_118,esportes,computador,redes sociais,0,1,14.4,57.7,0
evt_002586,2026-03-23 04:32:00,user_002390,sess_001524,page_120,tecnologia,celular,redes sociais,0,1,31.6,80.9,1
evt_002587,2026-03-20 05:49:00,user_000434,sess_001180,page_049,esportes,computador,referência,0,1,59.8,57.6,0
evt_002588,2026-04-28 05:08:00,user_001610,sess_001036,page_114,estilo de vida,computador,redes sociais,1,1,23.3,100.0,0
evt_002589,2026-03-21 17:51:00,user_001938,sess_001619,page_009,finanças,computador,direto,1,1,38.5,67.6,0
evt_002590,2026-03-05 05:32:00,user_001883,sess_000822,page_060,entretenimento,computador,newsletter,1,1,119.2,39.4,1
evt_002591,2026-03-23 17:10:00,user_002951,sess_000806,page_093,entretenimento,celular,orgânico,0,1,146.6,17.6,1
evt_002592,2026-04-01 22:17:00,user_001924,sess_000414,page_065,tecnologia,celular,orgânico,1,1,37.2,66.8,1
evt_002593,2026-03-06 16:16:00,user_002061,sess_000890,page_103,entretenimento,celular,newsletter,0,1,46.0,53.8,0
evt_002594,2026-03-19 08:11:00,user_000099,sess_000349,page_120,notícias,tablet,redes sociais,0,1,14.9,39.3,0
evt_002595,2026-03-10 23:07:00,user_000238,sess_001178,page_059,estilo de vida,celular,orgânico,1,1,26.2,71.8,1
evt_002596,2026-03-31 00:56:00,user_001857,sess_001994,page_039,notícias,computador,redes sociais,1,1,68.5,63.4,0
evt_002597,2026-04-13 09:17:00,user_002723,sess_001066,page_082,esportes,celular,redes sociais,0,1,59.0,48.8,0
evt_002598,2026-04-28 02:36:00,user_001197,sess_000598,page_121,finanças,computador,orgânico,1,1,84.0,72.1,0
evt_002599,2026-03-24 08:17:00,user_001929,sess_001376,page_138,tecnologia,tablet,direto,0,1,43.4,55.3,0
evt_002600,2026-04-21 19:05:00,user_000631,sess_001640,page_114,tecnologia,celular,orgânico,0,1,89.8,76.5,0
evt_002601,2026-03-13 20:56:00,user_001369,sess_000944,page_035,tecnologia,computador,orgânico,1,1,68.0,59.8,1
evt_002602,2026-04-16 19:54:00,user_002254,sess_000501,page_029,estilo de vida,celular,orgânico,1,1,21.2,50.4,0
evt_002603,2026-04-03 18:14:00,user_001979,sess_001428,page_080,entretenimento,celular,redes sociais,0,1,60.7,82.9,0
evt_002604,2026-04-15 11:46:00,user_000343,sess_000375,page_056,entretenimento,tablet,referência,0,1,109.7,36.6,1
evt_002605,2026-04-15 07:58:00,user_002637,sess_001994,page_085,tecnologia,computador,redes sociais,0,1,6.2,29.8,1
evt_002606,2026-04-01 22:42:00,user_002781,sess_000636,page_129,esportes,computador,referência,0,1,45.9,46.0,1
evt_002607,2026-03-16 10:41:00,user_001431,sess_000701,page_077,finanças,tablet,orgânico,1,1,25.0,30.3,1
evt_002608,2026-04-01 13:42:00,user_001022,sess_001454,page_050,tecnologia,celular,orgânico,0,1,65.0,27.3,1
evt_002609,2026-04-19 14:34:00,user_001594,sess_000025,page_121,entretenimento,computador,redes sociais,1,1,38.1,53.2,0
evt_002610,2026-04-28 05:44:00,user_002404,sess_000406,page_062,notícias,celular,referência,1,1,71.0,59.2,0
evt_002611,2026-04-25 15:36:00,user_001357,sess_000252,page_085,esportes,celular,redes sociais,1,1,91.9,52.7,1
evt_002612,2026-03-11 21:18:00,user_000091,sess_000782,page_019,esportes,computador,direto,0,1,41.7,68.1,1
evt_002613,2026-04-05 20:14:00,user_000218,sess_001107,page_071,esportes,computador,orgânico,1,1,64.1,48.6,1
evt_002614,2026-03-07 06:37:00,user_002434,sess_000360,page_060,tecnologia,computador,newsletter,1,1,116.7,20.0,1
evt_002615,2026-04-10 03:17:00,user_002361,sess_000689,page_018,notícias,computador,referência,1,1,63.1,72.9,1
evt_002616,2026-04-29 12:57:00,user_002316,sess_001544,page_030,esportes,computador,referência,0,1,17.1,56.3,0
evt_002617,2026-03-04 03:42:00,user_000380,sess_001880,page_098,tecnologia,computador,orgânico,0,1,18.7,71.9,1
evt_002618,2026-04-09 09:27:00,user_000512,sess_000029,page_026,finanças,celular,orgânico,1,1,38.5,78.5,1
evt_002619,2026-04-26 17:32:00,user_001184,sess_001255,page_019,notícias,celular,redes sociais,1,1,51.6,79.6,1
evt_002620,2026-04-20 19:56:00,user_000693,sess_000052,page_008,estilo de vida,celular,redes sociais,0,1,78.4,40.3,1
evt_002621,2026-03-24 13:10:00,user_001161,sess_001041,page_004,finanças,computador,direto,1,1,42.7,42.2,0
evt_002622,2026-03-07 05:38:00,user_001675,sess_001759,page_061,entretenimento,celular,orgânico,1,1,17.9,56.2,0
evt_002623,2026-04-25 10:24:00,user_000840,sess_001596,page_068,tecnologia,computador,redes sociais,1,1,99.2,55.0,0
evt_002624,2026-04-25 06:42:00,user_000371,sess_000466,page_087,entretenimento,tablet,orgânico,1,1,65.2,83.0,0
evt_002625,2026-04-04 17:43:00,user_001208,sess_000517,page_080,notícias,computador,redes sociais,1,1,20.7,68.2,1
evt_002626,2026-04-28 17:36:00,user_002168,sess_001567,page_075,tecnologia,celular,orgânico,1,1,7.4,61.0,1
evt_002627,2026-03-01 06:39:00,user_001854,sess_001639,page_139,estilo de vida,celular,referência,0,1,68.3,33.7,0
evt_002628,2026-04-06 23:55:00,user_000965,sess_000562,page_035,tecnologia,celular,orgânico,1,1,47.8,43.9,0
evt_002629,2026-03-03 07:30:00,user_000934,sess_000007,page_100,finanças,celular,redes sociais,0,1,67.4,33.7,0
evt_002630,2026-04-26 03:23:00,user_001751,sess_000889,page_012,notícias,celular,orgânico,0,1,30.5,41.6,0
evt_002631,2026-04-10 19:48:00,user_000518,sess_001239,page_118,notícias,celular,orgânico,0,1,87.7,61.7,1
evt_002632,2026-04-24 19:20:00,user_002501,sess_000888,page_051,tecnologia,computador,redes sociais,0,1,24.5,67.0,0
evt_002633,2026-04-03 18:14:00,user_002608,sess_001869,page_049,tecnologia,celular,orgânico,0,1,55.9,70.8,1
evt_002634,2026-03-05 23:53:00,user_000077,sess_001627,page_019,notícias,computador,redes sociais,1,1,101.3,73.3,0
evt_002635,2026-03-02 14:12:00,user_002912,sess_001575,page_071,estilo de vida,computador,orgânico,0,1,67.6,69.4,0
evt_002636,2026-03-21 03:13:00,user_000071,sess_000041,page_056,tecnologia,celular,direto,0,1,14.5,46.0,0
evt_002637,2026-04-14 14:34:00,user_001376,sess_001707,page_136,estilo de vida,celular,referência,0,1,97.3,42.7,0
evt_002638,2026-03-10 01:29:00,user_002002,sess_001510,page_025,esportes,computador,direto,0,1,62.8,84.0,0
evt_002639,2026-04-21 03:05:00,user_000981,sess_000794,page_059,entretenimento,celular,orgânico,0,1,81.2,50.2,0
evt_002640,2026-03-15 08:51:00,user_000611,sess_001179,page_126,estilo de vida,computador,redes sociais,0,1,15.9,51.1,0
evt_002641,2026-03-30 18:50:00,user_000143,sess_001648,page_113,tecnologia,celular,orgânico,1,1,76.7,55.7,0
evt_002642,2026-03-13 04:26:00,user_002182,sess_001812,page_107,estilo de vida,celular,redes sociais,0,1,17.5,28.2,1
evt_002643,2026-03-28 22:41:00,user_000111,sess_001102,page_074,tecnologia,computador,referência,0,1,77.7,54.3,0
evt_002644,2026-03-28 03:07:00,user_001453,sess_000083,page_122,notícias,computador,orgânico,0,1,57.5,26.7,1
evt_002645,2026-03-01 07:52:00,user_001179,sess_001237,page_032,entretenimento,tablet,orgânico,0,1,31.4,70.6,1
evt_002646,2026-04-04 01:38:00,user_002903,sess_001360,page_113,esportes,computador,referência,0,1,53.3,49.2,1
evt_002647,2026-04-17 04:46:00,user_002790,sess_000118,page_081,tecnologia,tablet,redes sociais,1,1,23.5,46.4,0
evt_002648,2026-04-26 04:14:00,user_002452,sess_001634,page_049,entretenimento,celular,orgânico,1,1,30.3,19.6,0
evt_002649,2026-03-20 20:13:00,user_002192,sess_000403,page_031,estilo de vida,computador,newsletter,0,1,42.8,64.4,0
evt_002650,2026-04-22 20:02:00,user_001629,sess_001781,page_073,estilo de vida,celular,orgânico,0,1,66.8,100.0,0
evt_002651,2026-04-22 17:25:00,user_001048,sess_001102,page_001,notícias,celular,direto,0,1,28.7,46.6,0
evt_002652,2026-04-29 07:16:00,user_000500,sess_000644,page_100,finanças,computador,orgânico,0,1,48.3,65.0,1
evt_002653,2026-03-23 09:12:00,user_002904,sess_000118,page_033,estilo de vida,celular,newsletter,1,1,94.2,89.6,1
evt_002654,2026-04-21 01:17:00,user_001155,sess_000036,page_055,notícias,computador,direto,0,1,45.6,100.0,1
evt_002655,2026-04-03 21:42:00,user_001286,sess_001483,page_027,notícias,computador,orgânico,0,1,44.1,33.8,0
evt_002656,2026-03-04 11:54:00,user_000424,sess_000754,page_065,entretenimento,celular,newsletter,1,1,99.3,82.2,1
evt_002657,2026-03-17 05:17:00,user_000831,sess_001680,page_052,esportes,celular,orgânico,1,1,35.3,2.5,0
evt_002658,2026-04-10 07:45:00,user_001904,sess_000461,page_027,esportes,celular,referência,1,1,33.3,1.0,0
evt_002659,2026-03-10 15:14:00,user_001279,sess_001840,page_124,esportes,celular,direto,0,1,104.7,22.2,1
evt_002660,2026-03-27 02:00:00,user_001758,sess_001883,page_106,estilo de vida,celular,orgânico,0,1,61.2,50.6,1
evt_002661,2026-04-16 11:52:00,user_000635,sess_000204,page_054,finanças,computador,redes sociais,1,1,42.1,26.1,0
evt_002662,2026-03-09 23:39:00,user_000247,sess_001294,page_009,tecnologia,tablet,orgânico,0,1,55.9,84.2,0
evt_002663,2026-03-30 19:05:00,user_002657,sess_001879,page_118,finanças,celular,redes sociais,0,1,40.6,66.8,0
evt_002664,2026-03-13 21:23:00,user_001296,sess_000646,page_097,notícias,tablet,redes sociais,0,1,35.4,70.4,0
evt_002665,2026-04-02 04:32:00,user_001084,sess_000136,page_078,finanças,celular,redes sociais,1,1,8.4,59.1,0
evt_002666,2026-03-15 10:37:00,user_000859,sess_001751,page_085,notícias,celular,referência,1,1,63.1,46.1,0
evt_002667,2026-04-27 22:11:00,user_001974,sess_000948,page_002,tecnologia,celular,newsletter,0,1,96.8,56.3,0
evt_002668,2026-03-05 14:26:00,user_001689,sess_000055,page_066,notícias,computador,redes sociais,1,1,50.5,97.0,0
evt_002669,2026-04-27 19:33:00,user_001167,sess_001680,page_027,notícias,computador,direto,0,1,135.4,62.0,0
evt_002670,2026-04-17 12:17:00,user_002792,sess_001358,page_091,finanças,celular,orgânico,0,1,50.1,69.2,1
evt_002671,2026-04-21 08:07:00,user_002705,sess_000141,page_130,notícias,computador,newsletter,0,1,25.7,37.0,0
evt_002672,2026-04-21 02:10:00,user_000596,sess_000518,page_074,finanças,computador,referência,0,1,20.4,45.9,1
evt_002673,2026-03-12 06:09:00,user_001927,sess_000037,page_084,finanças,celular,newsletter,0,1,83.3,52.4,0
evt_002674,2026-04-25 20:46:00,user_002905,sess_001909,page_093,entretenimento,computador,direto,0,1,43.0,70.3,0
evt_002675,2026-04-05 15:45:00,user_001465,sess_000050,page_130,notícias,computador,orgânico,1,1,15.1,64.5,0
evt_002676,2026-04-27 17:30:00,user_000091,sess_001591,page_006,estilo de vida,celular,orgânico,0,1,21.1,18.5,0
evt_002677,2026-04-22 16:31:00,user_000397,sess_001023,page_044,tecnologia,computador,redes sociais,0,1,54.5,67.0,1
evt_002678,2026-04-04 18:38:00,user_002003,sess_001165,page_038,notícias,computador,orgânico,0,1,94.7,72.4,0
evt_002679,2026-03-23 11:13:00,user_002705,sess_001623,page_100,estilo de vida,computador,redes sociais,0,1,30.3,69.8,0
evt_002680,2026-03-08 00:53:00,user_000386,sess_001790,page_063,tecnologia,celular,orgânico,0,1,54.7,69.4,0
evt_002681,2026-03-07 01:35:00,user_001640,sess_000255,page_108,tecnologia,tablet,direto,0,1,98.7,69.9,0
evt_002682,2026-03-24 09:10:00,user_001491,sess_000036,page_066,entretenimento,computador,direto,0,1,174.9,65.3,0
evt_002683,2026-04-18 15:47:00,user_000855,sess_000250,page_136,tecnologia,celular,orgânico,0,1,38.5,31.3,0
evt_002684,2026-03-31 07:41:00,user_001895,sess_001365,page_107,esportes,computador,direto,0,1,35.4,77.4,0
evt_002685,2026-03-29 21:44:00,user_002633,sess_001137,page_003,entretenimento,celular,orgânico,1,1,53.6,92.4,0
evt_002686,2026-03-15 16:00:00,user_000718,sess_000168,page_138,esportes,computador,orgânico,1,1,53.2,83.3,0
evt_002687,2026-04-03 20:43:00,user_000164,sess_000469,page_133,estilo de vida,celular,redes sociais,1,1,87.7,63.5,0
evt_002688,2026-04-08 06:49:00,user_001077,sess_001074,page_007,tecnologia,celular,orgânico,0,1,58.9,56.5,0
evt_002689,2026-04-28 22:17:00,user_000942,sess_001460,page_055,entretenimento,celular,orgânico,1,1,33.3,45.5,0
evt_002690,2026-04-13 18:21:00,user_002181,sess_000687,page_135,entretenimento,computador,orgânico,0,1,32.8,20.5,1
evt_002691,2026-04-06 10:23:00,user_001610,sess_001899,page_117,notícias,celular,orgânico,1,1,40.6,77.3,1
evt_002692,2026-04-24 14:30:00,user_000054,sess_001984,page_066,tecnologia,computador,orgânico,0,1,70.4,28.3,1
evt_002693,2026-03-26 11:58:00,user_001020,sess_001532,page_076,notícias,celular,redes sociais,0,1,14.6,50.8,1
evt_002694,2026-04-26 02:19:00,user_002205,sess_000909,page_005,tecnologia,celular,referência,0,1,75.9,50.4,0
evt_002695,2026-03-23 04:46:00,user_001430,sess_001754,page_079,tecnologia,celular,orgânico,0,1,14.3,83.1,0
evt_002696,2026-03-08 16:00:00,user_001689,sess_001456,page_093,notícias,celular,orgânico,1,1,21.1,71.3,0
evt_002697,2026-03-26 01:22:00,user_000793,sess_001039,page_050,tecnologia,celular,orgânico,0,1,7.7,45.7,1
evt_002698,2026-03-08 17:25:00,user_000958,sess_000888,page_043,finanças,celular,orgânico,1,1,119.9,63.7,1
evt_002699,2026-03-08 02:29:00,user_000391,sess_001664,page_116,estilo de vida,computador,orgânico,1,1,55.9,53.8,0
evt_002700,2026-04-22 20:56:00,user_000245,sess_001114,page_063,entretenimento,computador,redes sociais,0,1,66.4,70.5,1
evt_002701,2026-04-17 16:26:00,user_000111,sess_000366,page_037,estilo de vida,celular,direto,0,1,18.1,37.8,0
evt_002702,2026-03-14 06:32:00,user_001873,sess_001999,page_053,estilo de vida,celular,direto,1,1,56.8,63.9,1
evt_002703,2026-04-20 06:18:00,user_000473,sess_000137,page_069,notícias,celular,referência,0,1,56.1,53.9,0
evt_002704,2026-03-05 03:13:00,user_001721,sess_001390,page_037,notícias,celular,referência,0,1,39.6,100.0,1
evt_002705,2026-03-18 01:31:00,user_002858,sess_001312,page_078,notícias,celular,orgânico,1,1,73.7,42.2,1
evt_002706,2026-04-12 08:47:00,user_002091,sess_001172,page_120,esportes,computador,orgânico,0,1,64.0,82.5,1
evt_002707,2026-03-19 05:28:00,user_001726,sess_000104,page_104,esportes,computador,redes sociais,0,1,45.9,49.5,0
evt_002708,2026-04-13 19:55:00,user_000351,sess_000985,page_033,finanças,tablet,redes sociais,0,1,64.1,64.2,0
evt_002709,2026-04-22 11:02:00,user_001467,sess_001785,page_066,estilo de vida,computador,redes sociais,0,1,56.0,85.1,0
evt_002710,2026-03-04 23:07:00,user_002673,sess_000479,page_076,notícias,computador,redes sociais,0,1,94.8,69.0,1
evt_002711,2026-03-02 10:31:00,user_001153,sess_001383,page_095,estilo de vida,celular,newsletter,1,1,19.5,55.8,0
evt_002712,2026-04-26 09:36:00,user_002478,sess_001717,page_106,entretenimento,computador,redes sociais,0,1,119.6,51.0,0
evt_002713,2026-04-01 05:27:00,user_002125,sess_001904,page_068,notícias,celular,newsletter,1,1,43.9,85.9,0
evt_002714,2026-03-31 09:19:00,user_000801,sess_001032,page_044,estilo de vida,celular,newsletter,1,1,53.8,50.9,1
evt_002715,2026-03-28 19:41:00,user_000424,sess_000628,page_092,notícias,celular,redes sociais,1,1,16.2,50.9,1
evt_002716,2026-03-27 00:24:00,user_000051,sess_001399,page_018,finanças,tablet,orgânico,0,1,25.5,52.4,0
evt_002717,2026-04-11 09:46:00,user_000829,sess_000972,page_094,tecnologia,celular,orgânico,1,1,49.9,94.2,0
evt_002718,2026-04-04 18:50:00,user_000999,sess_001254,page_125,notícias,celular,orgânico,0,1,64.3,32.9,0
evt_002719,2026-03-10 19:17:00,user_001968,sess_001483,page_099,esportes,tablet,referência,0,1,89.0,63.8,1
evt_002720,2026-04-07 14:21:00,user_001718,sess_001420,page_061,entretenimento,computador,newsletter,0,1,13.7,64.7,0
evt_002721,2026-04-10 02:23:00,user_001437,sess_000486,page_115,esportes,computador,orgânico,0,1,30.1,34.1,0
evt_002722,2026-03-07 19:35:00,user_002168,sess_001511,page_074,tecnologia,celular,orgânico,0,1,23.6,52.6,1
evt_002723,2026-03-23 14:29:00,user_002310,sess_001084,page_076,estilo de vida,celular,referência,1,1,38.3,50.6,1
evt_002724,2026-04-17 10:19:00,user_002140,sess_001861,page_119,notícias,computador,redes sociais,0,1,57.2,45.9,1
evt_002725,2026-04-07 02:56:00,user_002691,sess_001319,page_027,tecnologia,computador,direto,0,1,78.0,60.1,0
evt_002726,2026-03-09 04:22:00,user_001079,sess_001783,page_109,finanças,computador,orgânico,0,1,154.9,72.3,0
evt_002727,2026-03-03 09:44:00,user_002470,sess_001957,page_095,notícias,computador,orgânico,0,1,36.2,52.3,0
evt_002728,2026-04-04 20:56:00,user_001262,sess_001989,page_074,entretenimento,computador,orgânico,0,1,47.8,98.2,0
evt_002729,2026-03-28 16:53:00,user_000553,sess_001489,page_011,finanças,tablet,orgânico,1,1,95.0,52.9,1
evt_002730,2026-04-27 15:54:00,user_000438,sess_001194,page_107,tecnologia,celular,orgânico,0,1,38.8,63.2,1
evt_002731,2026-04-01 08:02:00,user_000275,sess_000237,page_031,notícias,celular,orgânico,0,1,136.1,60.4,0
evt_002732,2026-04-25 21:20:00,user_002866,sess_000772,page_125,notícias,celular,redes sociais,1,1,29.7,70.2,1
evt_002733,2026-03-13 20:37:00,user_000509,sess_000951,page_111,tecnologia,computador,direto,0,1,37.2,62.3,1
evt_002734,2026-03-27 20:09:00,user_002505,sess_001561,page_051,estilo de vida,celular,orgânico,1,1,68.3,41.3,1
evt_002735,2026-03-09 09:03:00,user_002350,sess_001177,page_061,esportes,celular,referência,0,1,79.2,71.1,1
evt_002736,2026-04-04 10:53:00,user_001318,sess_000878,page_004,tecnologia,celular,orgânico,0,1,48.0,58.4,0
evt_002737,2026-03-12 07:24:00,user_002741,sess_000294,page_070,finanças,computador,direto,0,1,206.4,85.7,1
evt_002738,2026-03-30 12:51:00,user_002724,sess_001431,page_009,esportes,tablet,orgânico,0,1,62.6,73.7,1
evt_002739,2026-03-21 15:33:00,user_002776,sess_000864,page_138,tecnologia,celular,referência,0,1,32.1,70.1,0
evt_002740,2026-03-12 03:27:00,user_001491,sess_000073,page_089,estilo de vida,computador,orgânico,0,1,45.9,76.7,0
evt_002741,2026-03-06 19:24:00,user_000895,sess_000568,page_033,finanças,tablet,redes sociais,0,1,16.5,54.7,1
evt_002742,2026-03-31 17:21:00,user_000132,sess_001759,page_112,tecnologia,computador,newsletter,0,1,27.1,59.9,0
evt_002743,2026-04-26 20:08:00,user_002521,sess_000238,page_003,estilo de vida,tablet,orgânico,0,1,26.1,80.3,0
evt_002744,2026-03-12 22:11:00,user_002619,sess_000812,page_077,entretenimento,celular,direto,0,1,45.9,62.8,1
evt_002745,2026-03-25 07:11:00,user_001609,sess_001024,page_016,tecnologia,computador,direto,0,1,40.3,42.7,0
evt_002746,2026-03-14 11:26:00,user_000213,sess_000168,page_008,esportes,celular,orgânico,0,1,77.9,37.3,1
evt_002747,2026-04-18 12:54:00,user_002468,sess_000332,page_034,finanças,celular,orgânico,1,1,28.3,81.5,0
evt_002748,2026-03-25 21:27:00,user_000895,sess_001880,page_041,entretenimento,celular,referência,1,1,68.2,47.0,1
evt_002749,2026-04-28 11:09:00,user_001645,sess_001181,page_101,entretenimento,celular,referência,1,1,114.9,57.0,0
evt_002750,2026-03-15 17:02:00,user_001978,sess_000421,page_124,notícias,computador,orgânico,0,1,92.5,86.2,0
evt_002751,2026-03-05 20:15:00,user_000438,sess_000340,page_108,esportes,celular,referência,0,1,32.6,41.2,0
evt_002752,2026-04-04 22:49:00,user_000189,sess_000852,page_103,esportes,celular,referência,0,1,121.1,81.7,1
evt_002753,2026-04-09 02:24:00,user_000238,sess_001447,page_079,entretenimento,computador,redes sociais,1,1,27.6,38.0,0
evt_002754,2026-04-29 10:40:00,user_002877,sess_001461,page_052,entretenimento,computador,direto,0,1,79.0,82.0,0
evt_002755,2026-04-22 06:49:00,user_002871,sess_000391,page_036,tecnologia,celular,orgânico,0,1,52.1,61.4,0
evt_002756,2026-04-23 01:12:00,user_001281,sess_001451,page_132,esportes,celular,redes sociais,0,1,39.8,23.8,1
evt_002757,2026-04-08 01:17:00,user_001277,sess_001792,page_073,entretenimento,celular,newsletter,1,1,37.9,33.7,0
evt_002758,2026-03-22 14:08:00,user_001221,sess_000453,page_079,notícias,celular,direto,0,1,79.8,40.8,1
evt_002759,2026-03-26 17:47:00,user_001052,sess_000053,page_003,finanças,celular,orgânico,1,1,27.8,68.7,1
evt_002760,2026-03-09 00:35:00,user_001631,sess_001917,page_064,esportes,computador,direto,0,1,168.4,80.5,0
evt_002761,2026-03-26 20:44:00,user_001069,sess_001044,page_095,finanças,computador,orgânico,0,1,61.0,73.8,0
evt_002762,2026-03-22 20:47:00,user_001848,sess_001553,page_069,estilo de vida,computador,orgânico,0,1,115.0,40.8,1
evt_002763,2026-03-03 03:41:00,user_001137,sess_000640,page_086,esportes,computador,orgânico,0,1,49.2,86.9,0
evt_002764,2026-03-13 06:26:00,user_001890,sess_000599,page_113,notícias,computador,orgânico,0,1,46.9,56.8,1
evt_002765,2026-04-02 01:49:00,user_002835,sess_000450,page_004,tecnologia,celular,redes sociais,1,1,121.7,39.7,1
evt_002766,2026-03-23 03:51:00,user_000618,sess_000434,page_126,notícias,computador,orgânico,0,1,55.4,55.7,0
evt_002767,2026-04-29 14:42:00,user_000189,sess_000943,page_114,finanças,celular,direto,0,1,120.0,66.2,1
evt_002768,2026-03-29 17:04:00,user_001580,sess_000212,page_059,notícias,tablet,referência,1,1,30.7,40.9,1
evt_002769,2026-04-27 12:32:00,user_000358,sess_001684,page_107,esportes,computador,redes sociais,0,1,52.2,77.0,0
evt_002770,2026-04-09 15:25:00,user_000694,sess_001022,page_010,esportes,computador,orgânico,1,1,7.4,50.8,0
evt_002771,2026-03-03 10:10:00,user_002369,sess_001830,page_043,tecnologia,computador,newsletter,1,1,67.9,41.4,0
evt_002772,2026-03-13 04:57:00,user_001254,sess_001004,page_015,finanças,celular,orgânico,0,1,53.3,78.2,0
evt_002773,2026-04-12 08:20:00,user_001648,sess_000607,page_089,esportes,celular,redes sociais,1,1,27.6,65.9,1
evt_002774,2026-04-02 16:58:00,user_002328,sess_001030,page_120,tecnologia,celular,orgânico,0,1,35.4,73.7,1
evt_002775,2026-03-19 02:32:00,user_000386,sess_000309,page_084,notícias,celular,newsletter,1,1,71.7,73.3,0
evt_002776,2026-04-01 07:48:00,user_001436,sess_001648,page_099,tecnologia,celular,orgânico,0,1,63.8,44.8,1
evt_002777,2026-04-24 04:18:00,user_000104,sess_001440,page_020,esportes,celular,newsletter,0,1,15.4,55.7,0
evt_002778,2026-03-24 07:44:00,user_001497,sess_000295,page_130,entretenimento,celular,newsletter,0,1,86.0,13.0,0
evt_002779,2026-03-03 16:57:00,user_000673,sess_001164,page_027,notícias,tablet,newsletter,0,1,50.6,60.7,0
evt_002780,2026-03-19 15:46:00,user_002733,sess_001076,page_074,estilo de vida,celular,direto,1,1,143.9,62.8,1
evt_002781,2026-04-26 03:39:00,user_000783,sess_000402,page_095,estilo de vida,computador,direto,1,1,116.6,54.0,0
evt_002782,2026-04-15 16:57:00,user_000601,sess_000245,page_120,estilo de vida,celular,newsletter,1,1,35.7,38.8,1
evt_002783,2026-04-20 05:57:00,user_000043,sess_001520,page_130,tecnologia,celular,orgânico,0,1,69.7,79.1,0
evt_002784,2026-04-24 16:42:00,user_000400,sess_000528,page_084,notícias,celular,referência,0,1,104.2,33.8,1
evt_002785,2026-03-08 01:12:00,user_000649,sess_001038,page_081,finanças,celular,orgânico,0,1,27.8,96.1,1
evt_002786,2026-03-17 23:02:00,user_000684,sess_000496,page_058,tecnologia,computador,orgânico,0,1,79.2,27.6,0
evt_002787,2026-03-04 14:08:00,user_002215,sess_001307,page_079,entretenimento,celular,redes sociais,0,1,103.2,52.7,1
evt_002788,2026-03-01 06:49:00,user_002662,sess_000098,page_094,finanças,celular,newsletter,1,1,93.0,20.4,0
evt_002789,2026-04-20 01:58:00,user_002566,sess_000719,page_090,estilo de vida,celular,orgânico,0,1,34.2,42.9,0
evt_002790,2026-04-26 05:12:00,user_002869,sess_001094,page_083,tecnologia,computador,redes sociais,0,1,36.7,62.8,0
evt_002791,2026-03-10 08:17:00,user_002694,sess_000878,page_062,tecnologia,computador,direto,0,1,13.7,64.3,0
evt_002792,2026-04-13 07:55:00,user_001367,sess_001225,page_028,entretenimento,computador,direto,1,1,124.3,53.2,0
evt_002793,2026-04-02 02:15:00,user_001170,sess_000361,page_008,tecnologia,computador,orgânico,1,1,54.9,47.9,1
evt_002794,2026-03-05 03:41:00,user_001948,sess_000884,page_059,finanças,celular,redes sociais,0,1,39.8,100.0,1
evt_002795,2026-04-24 22:40:00,user_000958,sess_001513,page_056,estilo de vida,computador,direto,1,1,44.4,56.3,0
evt_002796,2026-04-22 06:35:00,user_001811,sess_000667,page_085,finanças,celular,referência,1,1,39.2,100.0,0
evt_002797,2026-04-04 01:07:00,user_002999,sess_000314,page_126,notícias,celular,newsletter,1,1,12.8,88.7,0
evt_002798,2026-04-12 11:21:00,user_000595,sess_001695,page_098,tecnologia,celular,orgânico,1,1,71.3,44.6,0
evt_002799,2026-03-24 20:00:00,user_002308,sess_001556,page_112,estilo de vida,celular,orgânico,0,1,36.1,48.3,0
evt_002800,2026-04-17 13:41:00,user_002806,sess_001361,page_081,notícias,celular,direto,0,1,28.5,90.3,1
evt_002801,2026-03-27 16:49:00,user_001612,sess_001596,page_129,estilo de vida,celular,redes sociais,1,1,24.6,30.2,0
evt_002802,2026-04-29 08:24:00,user_001068,sess_001557,page_131,esportes,computador,direto,0,1,8.5,86.0,1
evt_002803,2026-03-04 18:53:00,user_000765,sess_001493,page_022,notícias,celular,referência,1,1,25.2,55.7,1
evt_002804,2026-03-11 07:53:00,user_000504,sess_001019,page_089,estilo de vida,celular,orgânico,0,1,46.0,8.4,0
evt_002805,2026-04-28 03:00:00,user_000964,sess_000039,page_071,tecnologia,computador,referência,1,1,31.9,35.3,0
evt_002806,2026-03-18 07:50:00,user_002239,sess_001194,page_136,finanças,tablet,orgânico,1,1,17.7,61.2,0
evt_002807,2026-03-19 15:20:00,user_001546,sess_000546,page_082,notícias,celular,newsletter,0,1,23.0,47.7,0
evt_002808,2026-04-17 11:26:00,user_000665,sess_001546,page_003,estilo de vida,computador,redes sociais,0,1,55.8,43.6,0
evt_002809,2026-03-12 08:41:00,user_001626,sess_000937,page_030,notícias,celular,referência,0,1,21.4,28.4,0
evt_002810,2026-03-31 19:29:00,user_002427,sess_001810,page_019,entretenimento,computador,orgânico,0,1,13.9,57.3,1
evt_002811,2026-03-18 03:54:00,user_000042,sess_001191,page_028,esportes,celular,redes sociais,0,1,150.9,88.5,0
evt_002812,2026-03-12 21:01:00,user_000062,sess_001101,page_014,entretenimento,computador,orgânico,0,1,30.8,88.1,1
evt_002813,2026-04-27 20:41:00,user_002878,sess_001838,page_109,notícias,computador,direto,0,1,12.4,82.1,0
evt_002814,2026-03-12 23:51:00,user_002245,sess_000950,page_069,notícias,computador,newsletter,0,1,25.9,54.5,0
evt_002815,2026-03-06 15:46:00,user_001727,sess_000751,page_094,finanças,celular,referência,0,1,92.4,90.3,0
evt_002816,2026-04-10 10:28:00,user_002718,sess_000743,page_139,tecnologia,computador,direto,1,1,92.7,26.5,0
evt_002817,2026-04-22 00:54:00,user_001767,sess_001750,page_090,entretenimento,computador,orgânico,1,1,52.6,70.3,1
evt_002818,2026-03-08 15:35:00,user_001562,sess_001512,page_067,finanças,computador,newsletter,0,1,69.0,97.9,0
evt_002819,2026-04-12 11:17:00,user_000635,sess_000327,page_038,esportes,computador,orgânico,1,1,18.5,72.8,0
evt_002820,2026-04-02 10:44:00,user_002432,sess_000985,page_105,notícias,celular,direto,1,1,50.3,25.6,0
evt_002821,2026-04-19 19:13:00,user_002295,sess_000743,page_071,estilo de vida,computador,orgânico,0,1,12.4,40.1,1
evt_002822,2026-03-08 14:48:00,user_000887,sess_001293,page_106,esportes,celular,referência,0,1,118.8,45.0,0
evt_002823,2026-04-28 13:17:00,user_002212,sess_000105,page_004,entretenimento,celular,orgânico,0,1,19.6,36.4,0
evt_002824,2026-04-07 03:31:00,user_002181,sess_001428,page_023,finanças,computador,orgânico,1,1,53.3,59.4,1
evt_002825,2026-04-20 12:42:00,user_000286,sess_001485,page_019,tecnologia,celular,orgânico,0,1,11.6,56.0,1
evt_002826,2026-03-22 17:13:00,user_000482,sess_000453,page_095,tecnologia,celular,redes sociais,1,1,115.5,53.4,1
evt_002827,2026-04-26 14:28:00,user_001785,sess_000302,page_073,notícias,celular,orgânico,0,1,120.2,39.9,0
evt_002828,2026-04-07 13:57:00,user_001871,sess_001255,page_045,finanças,celular,newsletter,0,1,85.2,88.1,1
evt_002829,2026-03-08 14:47:00,user_001974,sess_000514,page_044,entretenimento,computador,direto,1,1,79.7,54.3,0
evt_002830,2026-04-25 08:58:00,user_001120,sess_001883,page_085,finanças,celular,newsletter,1,1,111.7,37.5,1
evt_002831,2026-04-17 17:56:00,user_002506,sess_001550,page_135,estilo de vida,tablet,orgânico,0,1,8.6,49.0,1
evt_002832,2026-03-19 00:17:00,user_001337,sess_001910,page_139,entretenimento,celular,direto,1,1,71.9,46.8,0
evt_002833,2026-04-02 17:46:00,user_000619,sess_001069,page_066,esportes,celular,redes sociais,1,1,40.8,21.5,1
evt_002834,2026-03-24 06:48:00,user_000346,sess_001877,page_094,entretenimento,celular,referência,0,1,75.6,50.3,0
evt_002835,2026-04-02 14:38:00,user_002633,sess_000028,page_012,esportes,tablet,orgânico,1,1,54.3,83.7,0
evt_002836,2026-04-27 22:08:00,user_002121,sess_000580,page_132,estilo de vida,computador,orgânico,0,1,75.5,52.9,0
evt_002837,2026-04-23 22:26:00,user_001384,sess_000005,page_003,esportes,celular,orgânico,0,1,63.3,54.3,1
evt_002838,2026-03-13 22:22:00,user_000628,sess_001355,page_048,finanças,celular,redes sociais,1,1,6.4,77.0,0
evt_002839,2026-04-28 07:23:00,user_000290,sess_001021,page_101,notícias,celular,referência,0,1,52.9,46.1,1
evt_002840,2026-03-27 06:38:00,user_000459,sess_000576,page_135,notícias,celular,orgânico,0,1,164.9,36.1,1
evt_002841,2026-04-12 06:58:00,user_000317,sess_000610,page_024,finanças,celular,direto,0,1,44.8,80.0,1
evt_002842,2026-04-15 20:28:00,user_001588,sess_001287,page_092,esportes,celular,orgânico,1,1,56.6,57.6,1
evt_002843,2026-03-29 23:25:00,user_000594,sess_000361,page_027,estilo de vida,celular,orgânico,1,1,121.4,23.7,1
evt_002844,2026-03-28 09:35:00,user_000384,sess_001029,page_007,notícias,computador,newsletter,0,1,15.8,66.2,0
evt_002845,2026-03-28 09:13:00,user_000848,sess_001227,page_059,notícias,celular,direto,1,1,49.0,64.3,1
evt_002846,2026-04-21 18:04:00,user_002098,sess_000480,page_081,notícias,computador,newsletter,0,1,64.1,23.0,0
evt_002847,2026-03-24 04:19:00,user_001489,sess_000457,page_037,finanças,computador,redes sociais,1,1,33.9,18.1,0
evt_002848,2026-03-17 19:05:00,user_000461,sess_000709,page_136,esportes,computador,direto,1,1,26.3,44.6,1
evt_002849,2026-03-22 16:42:00,user_002246,sess_001184,page_086,notícias,celular,direto,1,1,88.9,100.0,0
evt_002850,2026-03-12 16:37:00,user_001469,sess_000509,page_061,estilo de vida,celular,redes sociais,0,1,106.8,100.0,0
evt_002851,2026-03-24 11:46:00,user_000560,sess_000759,page_068,tecnologia,celular,orgânico,0,1,108.9,88.3,1
evt_002852,2026-03-07 20:16:00,user_002073,sess_001087,page_065,estilo de vida,celular,orgânico,0,1,24.1,42.9,0
evt_002853,2026-03-06 09:14:00,user_002977,sess_000374,page_016,esportes,computador,orgânico,0,1,75.9,41.4,1
evt_002854,2026-04-13 10:20:00,user_001621,sess_001138,page_085,tecnologia,computador,direto,0,1,50.1,32.0,0
evt_002855,2026-03-05 15:30:00,user_000485,sess_000277,page_110,estilo de vida,celular,direto,0,1,52.8,33.3,1
evt_002856,2026-04-04 02:12:00,user_000929,sess_000285,page_059,estilo de vida,celular,direto,0,1,31.3,70.4,0
evt_002857,2026-04-16 19:00:00,user_001798,sess_000474,page_060,notícias,celular,orgânico,1,1,83.9,92.7,1
evt_002858,2026-04-13 11:15:00,user_002998,sess_000573,page_127,esportes,computador,direto,1,1,7.6,53.0,0
evt_002859,2026-03-27 18:20:00,user_002786,sess_000060,page_085,finanças,tablet,orgânico,0,1,84.7,55.0,0
evt_002860,2026-03-12 14:49:00,user_002799,sess_001923,page_042,esportes,celular,referência,1,1,80.2,39.5,1
evt_002861,2026-04-25 20:11:00,user_002497,sess_000616,page_001,estilo de vida,celular,orgânico,0,1,33.5,53.7,0
evt_002862,2026-04-20 02:37:00,user_001724,sess_001609,page_115,esportes,celular,direto,0,1,21.1,40.8,0
evt_002863,2026-04-06 17:35:00,user_001944,sess_001804,page_088,notícias,computador,orgânico,0,1,23.2,29.8,1
evt_002864,2026-03-06 04:56:00,user_002202,sess_001601,page_088,notícias,celular,orgânico,0,1,43.7,61.6,0
evt_002865,2026-03-03 02:39:00,user_002146,sess_001662,page_040,notícias,celular,redes sociais,0,1,24.8,41.9,0
evt_002866,2026-03-19 21:55:00,user_001916,sess_000201,page_026,finanças,celular,redes sociais,0,1,107.1,55.5,0
evt_002867,2026-03-10 10:50:00,user_000403,sess_000744,page_069,notícias,computador,orgânico,0,1,69.7,58.3,0
evt_002868,2026-04-21 14:54:00,user_002639,sess_001492,page_106,estilo de vida,computador,redes sociais,1,1,117.1,16.6,0
evt_002869,2026-03-13 08:22:00,user_000029,sess_001152,page_042,esportes,celular,orgânico,0,1,24.4,27.4,0
evt_002870,2026-03-17 23:01:00,user_001278,sess_000012,page_074,estilo de vida,celular,newsletter,0,1,133.0,60.6,1
evt_002871,2026-04-28 13:03:00,user_001303,sess_001135,page_139,entretenimento,celular,redes sociais,1,1,30.6,34.7,0
evt_002872,2026-04-19 02:17:00,user_002988,sess_001609,page_031,tecnologia,tablet,redes sociais,0,1,33.1,59.0,0
evt_002873,2026-03-14 02:56:00,user_000269,sess_001657,page_033,estilo de vida,computador,redes sociais,0,1,87.8,43.3,1
evt_002874,2026-03-24 00:18:00,user_001427,sess_000768,page_033,finanças,computador,direto,1,1,59.7,71.6,0
evt_002875,2026-03-31 22:41:00,user_001073,sess_000473,page_127,estilo de vida,computador,orgânico,0,1,52.2,26.0,0
evt_002876,2026-04-09 20:32:00,user_000294,sess_000619,page_074,entretenimento,celular,direto,0,1,93.9,41.4,0
evt_002877,2026-04-26 04:05:00,user_000672,sess_000593,page_128,finanças,celular,referência,0,1,5.6,98.1,0
evt_002878,2026-04-22 06:25:00,user_001266,sess_000693,page_132,notícias,celular,redes sociais,0,1,31.7,65.4,1
evt_002879,2026-04-28 15:09:00,user_002749,sess_000604,page_059,tecnologia,celular,orgânico,0,1,12.9,76.5,0
evt_002880,2026-03-03 10:31:00,user_001165,sess_000914,page_008,notícias,celular,orgânico,0,1,44.7,58.2,1
evt_002881,2026-03-15 04:21:00,user_002640,sess_000082,page_043,tecnologia,computador,newsletter,0,1,129.8,32.6,1
evt_002882,2026-04-03 18:43:00,user_002201,sess_000551,page_076,notícias,celular,orgânico,1,1,123.4,43.2,1
evt_002883,2026-03-03 22:43:00,user_002457,sess_000630,page_053,notícias,computador,orgânico,1,1,17.3,44.9,0
evt_002884,2026-03-22 07:41:00,user_002561,sess_000307,page_001,tecnologia,celular,newsletter,0,1,46.3,45.0,0
evt_002885,2026-03-10 05:11:00,user_002142,sess_001755,page_138,estilo de vida,computador,referência,0,1,106.9,84.2,0
evt_002886,2026-04-25 23:24:00,user_002200,sess_001351,page_043,estilo de vida,computador,redes sociais,1,1,35.6,53.4,0
evt_002887,2026-03-04 19:11:00,user_000463,sess_001824,page_087,tecnologia,celular,orgânico,0,1,40.6,30.2,0
evt_002888,2026-03-09 21:42:00,user_002151,sess_001123,page_132,tecnologia,computador,redes sociais,0,1,19.5,44.4,0
evt_002889,2026-03-12 16:58:00,user_000146,sess_000220,page_076,finanças,tablet,referência,1,1,28.4,74.1,0
evt_002890,2026-03-09 21:58:00,user_002212,sess_001809,page_097,entretenimento,computador,orgânico,1,1,39.2,27.7,0
evt_002891,2026-04-04 02:44:00,user_001962,sess_000916,page_005,esportes,tablet,orgânico,0,1,37.5,79.8,1
evt_002892,2026-03-22 20:39:00,user_002271,sess_001369,page_097,notícias,computador,referência,1,1,54.9,87.1,0
evt_002893,2026-04-24 17:55:00,user_001927,sess_000763,page_118,tecnologia,celular,direto,1,1,65.7,41.1,0
evt_002894,2026-03-16 15:34:00,user_001106,sess_000989,page_128,finanças,celular,redes sociais,0,1,127.6,76.5,0
evt_002895,2026-04-02 05:35:00,user_001108,sess_000979,page_012,entretenimento,computador,referência,0,1,45.1,76.9,1
evt_002896,2026-04-09 14:31:00,user_001788,sess_000570,page_032,notícias,computador,redes sociais,1,1,54.2,37.5,0
evt_002897,2026-04-07 13:25:00,user_001418,sess_001109,page_007,notícias,computador,newsletter,1,1,43.0,49.6,0
evt_002898,2026-04-17 18:47:00,user_001022,sess_001467,page_128,notícias,celular,orgânico,0,1,39.6,52.5,0
evt_002899,2026-03-13 02:41:00,user_001467,sess_000041,page_039,estilo de vida,computador,redes sociais,0,1,39.2,65.4,0
evt_002900,2026-03-31 10:44:00,user_001610,sess_000262,page_074,tecnologia,computador,direto,0,1,76.3,87.1,0
evt_002901,2026-04-18 00:50:00,user_000720,sess_001684,page_067,finanças,celular,redes sociais,1,1,31.6,60.6,0
evt_002902,2026-04-21 18:44:00,user_001914,sess_001139,page_096,notícias,celular,orgânico,0,1,88.0,27.3,1
evt_002903,2026-04-07 01:36:00,user_000943,sess_001947,page_125,esportes,celular,direto,0,1,74.9,22.4,0
evt_002904,2026-04-09 02:43:00,user_000803,sess_001209,page_046,esportes,computador,redes sociais,1,1,61.0,42.4,0
evt_002905,2026-04-21 20:21:00,user_001255,sess_001307,page_110,estilo de vida,celular,orgânico,1,1,50.6,52.0,0
evt_002906,2026-04-07 11:48:00,user_000310,sess_001798,page_041,estilo de vida,computador,redes sociais,0,1,99.5,81.6,0
evt_002907,2026-04-26 22:20:00,user_001809,sess_001321,page_028,notícias,celular,direto,0,1,98.0,22.9,1
evt_002908,2026-03-08 15:44:00,user_002200,sess_000659,page_015,finanças,computador,direto,1,1,127.0,62.0,0
evt_002909,2026-03-21 20:58:00,user_002867,sess_001056,page_052,estilo de vida,tablet,redes sociais,0,1,54.5,87.2,0
evt_002910,2026-03-07 17:32:00,user_000851,sess_000471,page_078,esportes,celular,orgânico,0,1,38.3,65.5,0
evt_002911,2026-03-06 10:26:00,user_001615,sess_000669,page_109,finanças,celular,orgânico,1,1,88.6,40.8,0
evt_002912,2026-03-29 07:35:00,user_001511,sess_001360,page_118,estilo de vida,celular,referência,1,1,27.2,61.0,0
evt_002913,2026-03-14 13:20:00,user_002193,sess_000298,page_074,finanças,tablet,referência,1,1,142.6,64.4,1
evt_002914,2026-03-25 10:18:00,user_001874,sess_001344,page_057,notícias,celular,redes sociais,1,1,21.0,82.3,1
evt_002915,2026-03-27 06:29:00,user_002421,sess_001168,page_025,esportes,celular,redes sociais,1,1,58.7,71.8,1
evt_002916,2026-04-07 06:07:00,user_002552,sess_000617,page_128,tecnologia,celular,orgânico,0,1,32.3,62.7,0
evt_002917,2026-04-26 17:47:00,user_000341,sess_000090,page_056,esportes,computador,redes sociais,0,1,90.1,68.3,0
evt_002918,2026-04-20 23:07:00,user_001065,sess_001409,page_107,tecnologia,celular,redes sociais,0,1,54.3,57.8,0
evt_002919,2026-03-23 16:45:00,user_001959,sess_001649,page_088,finanças,celular,redes sociais,0,1,68.6,49.7,0
evt_002920,2026-03-20 12:50:00,user_001631,sess_001460,page_130,finanças,celular,orgânico,0,1,19.5,79.4,0
evt_002921,2026-04-16 05:54:00,user_001446,sess_000842,page_136,tecnologia,celular,orgânico,1,1,87.3,43.5,0
evt_002922,2026-03-08 10:03:00,user_000520,sess_001307,page_099,esportes,celular,newsletter,0,1,78.7,64.1,1
evt_002923,2026-04-02 10:17:00,user_001717,sess_000830,page_092,esportes,celular,redes sociais,0,1,71.8,70.9,0
evt_002924,2026-03-26 09:08:00,user_002221,sess_000717,page_020,notícias,tablet,referência,0,1,59.1,31.8,0
evt_002925,2026-03-11 23:14:00,user_000116,sess_000655,page_003,estilo de vida,celular,direto,1,1,20.1,52.4,0
evt_002926,2026-04-06 23:41:00,user_001775,sess_000422,page_076,finanças,computador,referência,0,1,46.2,96.0,1
evt_002927,2026-03-20 05:51:00,user_002718,sess_001938,page_098,tecnologia,computador,orgânico,0,1,62.7,83.6,0
evt_002928,2026-03-12 03:15:00,user_001721,sess_001332,page_104,finanças,celular,orgânico,1,1,41.6,73.5,0
evt_002929,2026-04-09 04:35:00,user_002858,sess_000350,page_035,finanças,computador,redes sociais,0,1,61.9,61.2,0
evt_002930,2026-03-11 10:50:00,user_001058,sess_001730,page_070,esportes,celular,redes sociais,0,1,67.5,51.4,0
evt_002931,2026-04-10 08:54:00,user_000011,sess_000303,page_120,notícias,celular,orgânico,0,1,8.7,43.4,1
evt_002932,2026-03-10 17:24:00,user_002046,sess_001187,page_014,tecnologia,computador,redes sociais,0,1,27.7,55.4,1
evt_002933,2026-03-27 02:03:00,user_000639,sess_000331,page_054,notícias,tablet,orgânico,1,1,52.1,82.6,1
evt_002934,2026-04-18 11:30:00,user_000030,sess_000723,page_132,entretenimento,celular,orgânico,1,1,105.3,44.2,0
evt_002935,2026-03-14 17:14:00,user_000541,sess_001317,page_028,notícias,tablet,newsletter,0,1,67.9,31.3,0
evt_002936,2026-04-16 01:23:00,user_002802,sess_001998,page_045,finanças,computador,redes sociais,0,1,50.5,84.3,0
evt_002937,2026-04-13 07:32:00,user_002344,sess_001983,page_066,notícias,celular,orgânico,0,1,51.8,49.4,1
evt_002938,2026-04-24 03:49:00,user_000825,sess_001791,page_096,tecnologia,celular,orgânico,0,1,84.3,37.0,0
evt_002939,2026-03-11 03:10:00,user_001794,sess_000471,page_036,notícias,celular,referência,1,1,23.2,57.4,0
evt_002940,2026-04-12 21:46:00,user_001018,sess_000187,page_111,estilo de vida,tablet,newsletter,1,1,65.2,50.0,0
evt_002941,2026-04-26 04:48:00,user_000532,sess_001811,page_033,entretenimento,celular,orgânico,1,1,98.8,57.7,0
evt_002942,2026-04-15 18:44:00,user_002965,sess_001846,page_052,estilo de vida,computador,redes sociais,0,1,11.4,66.5,0
evt_002943,2026-03-12 06:34:00,user_002442,sess_000557,page_080,notícias,celular,direto,0,1,21.8,63.7,1
evt_002944,2026-04-19 07:54:00,user_001091,sess_000039,page_002,tecnologia,celular,orgânico,0,1,33.1,65.6,0
evt_002945,2026-03-07 10:31:00,user_001061,sess_001296,page_107,finanças,computador,redes sociais,1,1,182.5,67.2,1
evt_002946,2026-04-05 07:56:00,user_002446,sess_000153,page_093,notícias,tablet,orgânico,0,1,53.5,20.8,0
evt_002947,2026-03-30 20:36:00,user_001383,sess_000081,page_117,finanças,celular,orgânico,1,1,39.2,66.0,1
evt_002948,2026-04-01 20:45:00,user_001131,sess_001874,page_039,tecnologia,celular,redes sociais,1,1,29.0,30.5,0
evt_002949,2026-04-01 04:09:00,user_001162,sess_000991,page_056,finanças,tablet,orgânico,1,1,32.5,49.9,0
evt_002950,2026-03-02 21:19:00,user_001340,sess_000224,page_125,tecnologia,computador,redes sociais,0,1,77.8,42.2,0
evt_002951,2026-03-31 11:47:00,user_001564,sess_001309,page_010,tecnologia,celular,orgânico,0,1,34.9,67.7,1
evt_002952,2026-04-26 04:54:00,user_000121,sess_000739,page_069,finanças,celular,redes sociais,0,1,31.8,28.5,0
evt_002953,2026-03-27 04:48:00,user_001440,sess_001073,page_068,esportes,celular,newsletter,0,1,33.3,52.3,0
evt_002954,2026-03-17 14:45:00,user_001320,sess_001797,page_063,tecnologia,celular,redes sociais,0,1,98.6,54.4,0
evt_002955,2026-04-29 16:32:00,user_000824,sess_000476,page_061,esportes,computador,redes sociais,1,1,31.8,71.8,1
evt_002956,2026-03-06 22:32:00,user_001066,sess_001293,page_104,notícias,celular,redes sociais,0,1,12.9,58.2,1
evt_002957,2026-03-30 04:14:00,user_001274,sess_001657,page_028,esportes,computador,referência,0,1,63.3,67.2,0
evt_002958,2026-03-31 18:08:00,user_001098,sess_000848,page_124,entretenimento,computador,direto,1,1,35.3,58.6,0
evt_002959,2026-03-29 16:14:00,user_002725,sess_001940,page_125,esportes,tablet,orgânico,0,1,26.6,90.5,0
evt_002960,2026-04-25 07:17:00,user_001586,sess_000897,page_025,esportes,computador,orgânico,0,1,63.2,47.6,0
evt_002961,2026-03-26 07:20:00,user_001509,sess_000918,page_136,notícias,computador,redes sociais,0,1,50.2,100.0,0
evt_002962,2026-04-28 09:33:00,user_000789,sess_001768,page_037,notícias,computador,direto,0,1,20.2,45.2,1
evt_002963,2026-03-05 00:13:00,user_002749,sess_001272,page_008,entretenimento,celular,orgânico,0,1,82.7,71.9,1
evt_002964,2026-04-14 00:52:00,user_000070,sess_001737,page_056,finanças,computador,redes sociais,0,1,82.8,94.9,0
evt_002965,2026-04-05 13:51:00,user_001650,sess_001581,page_111,tecnologia,computador,direto,0,1,40.1,52.7,0
evt_002966,2026-03-15 10:23:00,user_000507,sess_001425,page_118,tecnologia,computador,redes sociais,0,1,76.7,55.0,1
evt_002967,2026-03-14 16:16:00,user_002306,sess_000483,page_090,esportes,celular,direto,0,1,72.8,29.5,1
evt_002968,2026-04-13 04:20:00,user_001135,sess_000798,page_113,tecnologia,computador,orgânico,0,1,66.4,100.0,1
evt_002969,2026-04-08 06:09:00,user_000881,sess_001729,page_037,entretenimento,celular,direto,0,1,58.1,52.4,1
evt_002970,2026-04-06 16:05:00,user_000174,sess_001232,page_123,tecnologia,celular,direto,0,1,46.8,85.1,1
evt_002971,2026-03-04 01:12:00,user_002371,sess_000561,page_089,tecnologia,celular,newsletter,0,1,76.0,42.6,0
evt_002972,2026-04-05 20:57:00,user_001190,sess_000655,page_019,finanças,computador,direto,0,1,32.8,36.9,0
evt_002973,2026-04-28 21:11:00,user_000793,sess_001551,page_018,tecnologia,celular,orgânico,0,1,132.7,44.3,1
evt_002974,2026-03-02 00:56:00,user_002533,sess_000357,page_038,notícias,computador,direto,0,1,76.7,60.7,1
evt_002975,2026-03-29 03:22:00,user_000059,sess_000225,page_010,tecnologia,celular,referência,1,1,71.6,59.5,0
evt_002976,2026-03-30 15:54:00,user_001407,sess_001530,page_040,esportes,celular,redes sociais,0,1,31.0,44.0,0
evt_002977,2026-04-23 19:19:00,user_000483,sess_000577,page_139,estilo de vida,computador,orgânico,1,1,23.8,48.1,0
evt_002978,2026-03-17 23:17:00,user_000381,sess_001531,page_034,entretenimento,computador,orgânico,0,1,33.6,60.1,0
evt_002979,2026-03-29 12:48:00,user_000065,sess_001067,page_089,estilo de vida,computador,direto,0,1,121.0,41.5,1
evt_002980,2026-04-13 00:45:00,user_000561,sess_001995,page_136,notícias,computador,redes sociais,0,1,37.7,47.9,0
evt_002981,2026-03-04 14:52:00,user_002841,sess_001050,page_036,tecnologia,computador,orgânico,1,1,33.3,35.6,0
evt_002982,2026-04-18 01:34:00,user_001337,sess_001735,page_097,entretenimento,computador,redes sociais,1,1,157.1,73.1,0
evt_002983,2026-04-19 07:59:00,user_002999,sess_001701,page_063,estilo de vida,celular,newsletter,1,1,87.4,31.1,0
evt_002984,2026-04-13 04:17:00,user_000802,sess_000424,page_040,tecnologia,computador,orgânico,0,1,47.9,51.3,0
evt_002985,2026-04-08 21:23:00,user_002286,sess_001992,page_133,tecnologia,computador,redes sociais,0,1,43.1,68.2,0
evt_002986,2026-04-14 20:33:00,user_000269,sess_001491,page_092,tecnologia,tablet,newsletter,0,1,46.0,69.7,0
evt_002987,2026-04-16 21:43:00,user_000325,sess_000215,page_061,esportes,celular,newsletter,0,1,131.0,34.8,1
evt_002988,2026-04-24 04:53:00,user_000050,sess_000013,page_113,finanças,celular,orgânico,0,1,43.4,81.3,0
evt_002989,2026-03-26 16:33:00,user_002696,sess_000543,page_126,tecnologia,celular,orgânico,1,1,26.4,67.1,1
evt_002990,2026-03-28 08:43:00,user_002015,sess_000033,page_109,entretenimento,computador,redes sociais,0,1,51.8,71.1,1
evt_002991,2026-04-08 06:37:00,user_002231,sess_000715,page_121,notícias,computador,orgânico,1,1,39.0,55.5,0
evt_002992,2026-03-12 14:02:00,user_002782,sess_001992,page_045,notícias,celular,redes sociais,1,1,85.7,66.8,0
evt_002993,2026-04-21 08:58:00,user_000997,sess_000958,page_048,esportes,celular,redes sociais,0,1,41.5,69.9,0
evt_002994,2026-04-16 05:32:00,user_002167,sess_000048,page_033,tecnologia,celular,direto,1,1,34.6,100.0,0
evt_002995,2026-04-07 20:44:00,user_001507,sess_000988,page_097,entretenimento,celular,direto,0,1,59.7,23.5,0
evt_002996,2026-03-19 02:22:00,user_001628,sess_000438,page_112,estilo de vida,celular,referência,0,1,45.2,66.2,1
evt_002997,2026-03-21 20:39:00,user_001985,sess_001712,page_092,notícias,computador,direto,0,1,19.4,72.5,1
evt_002998,2026-03-27 02:21:00,user_001410,sess_000182,page_084,esportes,computador,redes sociais,0,1,68.1,63.9,0
evt_002999,2026-04-09 18:02:00,user_000073,sess_001541,page_108,tecnologia,tablet,orgânico,1,1,22.1,78.2,0
evt_003000,2026-04-16 16:22:00,user_000226,sess_000892,page_026,esportes,computador,referência,0,1,4.3,77.2,1
evt_003001,2026-04-10 07:28:00,user_001505,sess_000038,page_051,notícias,computador,direto,1,1,37.3,65.2,0
evt_003002,2026-04-25 19:06:00,user_001710,sess_001346,page_099,esportes,celular,orgânico,0,1,74.3,56.0,0
evt_003003,2026-04-27 15:14:00,user_002197,sess_000910,page_008,tecnologia,celular,orgânico,0,1,48.5,16.8,1
evt_003004,2026-04-12 07:03:00,user_001716,sess_001543,page_127,finanças,tablet,direto,0,1,78.0,100.0,0
evt_003005,2026-03-23 06:06:00,user_000565,sess_001236,page_024,notícias,computador,orgânico,1,1,42.8,11.9,1
evt_003006,2026-04-05 22:39:00,user_001101,sess_001574,page_110,esportes,celular,direto,1,1,101.6,71.3,1
evt_003007,2026-03-26 12:07:00,user_001331,sess_000921,page_086,entretenimento,computador,orgânico,0,1,56.0,65.9,0
evt_003008,2026-04-07 17:53:00,user_002951,sess_000016,page_118,finanças,computador,redes sociais,0,1,80.3,40.6,1
evt_003009,2026-04-18 17:27:00,user_001598,sess_000262,page_108,finanças,celular,orgânico,1,1,178.4,100.0,0
evt_003010,2026-03-23 03:50:00,user_001905,sess_000918,page_072,notícias,celular,redes sociais,0,1,125.5,77.2,0
evt_003011,2026-03-31 08:17:00,user_002206,sess_000795,page_106,esportes,computador,referência,1,1,129.2,65.3,1
evt_003012,2026-03-03 17:42:00,user_001087,sess_001588,page_049,tecnologia,computador,orgânico,0,1,84.0,33.3,1
evt_003013,2026-04-14 04:39:00,user_002893,sess_000823,page_082,tecnologia,computador,orgânico,0,1,50.1,90.1,0
evt_003014,2026-03-30 09:23:00,user_002025,sess_001720,page_128,finanças,computador,orgânico,1,1,60.0,99.5,0
evt_003015,2026-03-28 13:58:00,user_002544,sess_000376,page_012,entretenimento,celular,orgânico,0,1,37.6,62.6,1
evt_003016,2026-04-01 22:42:00,user_002247,sess_000770,page_050,esportes,tablet,redes sociais,0,1,90.4,96.3,1
evt_003017,2026-03-13 22:18:00,user_001864,sess_001512,page_003,tecnologia,celular,orgânico,0,1,79.4,63.7,1
evt_003018,2026-04-05 21:04:00,user_000093,sess_000249,page_075,notícias,celular,redes sociais,0,1,19.5,67.2,0
evt_003019,2026-04-14 17:05:00,user_001751,sess_000643,page_109,esportes,celular,direto,0,1,93.9,58.1,0
evt_003020,2026-03-21 23:32:00,user_000389,sess_001503,page_006,tecnologia,celular,referência,1,1,86.4,74.3,0
evt_003021,2026-03-08 20:51:00,user_001809,sess_001178,page_077,entretenimento,computador,orgânico,1,1,68.2,70.4,1
evt_003022,2026-03-24 05:02:00,user_002104,sess_001556,page_058,tecnologia,computador,referência,0,1,50.7,48.4,0
evt_003023,2026-03-12 21:57:00,user_001635,sess_001031,page_109,estilo de vida,celular,newsletter,0,1,52.8,36.1,1
evt_003024,2026-03-23 10:28:00,user_000926,sess_001718,page_031,tecnologia,celular,direto,0,1,38.9,54.8,0
evt_003025,2026-04-07 14:37:00,user_000179,sess_001754,page_023,tecnologia,computador,direto,1,1,44.8,73.3,0
evt_003026,2026-03-07 19:17:00,user_002013,sess_001949,page_014,esportes,celular,redes sociais,1,1,85.5,55.1,0
evt_003027,2026-04-14 20:04:00,user_002095,sess_000244,page_057,finanças,celular,orgânico,0,1,58.7,47.9,0
evt_003028,2026-03-14 11:26:00,user_001434,sess_001182,page_068,estilo de vida,tablet,newsletter,0,1,146.5,57.1,0
evt_003029,2026-04-23 16:21:00,user_002149,sess_000229,page_128,estilo de vida,tablet,newsletter,1,1,54.6,35.0,0
evt_003030,2026-04-13 22:43:00,user_002337,sess_000458,page_065,entretenimento,computador,orgânico,1,1,15.0,47.4,1
evt_003031,2026-03-17 08:31:00,user_001537,sess_000601,page_024,finanças,celular,orgânico,1,1,98.7,30.1,0
evt_003032,2026-04-03 19:02:00,user_000143,sess_001292,page_098,notícias,celular,orgânico,0,1,41.5,60.8,0
evt_003033,2026-03-07 15:26:00,user_002611,sess_000862,page_009,notícias,celular,redes sociais,0,1,154.8,74.1,0
evt_003034,2026-03-06 23:37:00,user_001400,sess_001729,page_048,tecnologia,computador,newsletter,1,1,120.1,59.0,1
evt_003035,2026-04-27 08:42:00,user_002017,sess_000597,page_091,notícias,celular,orgânico,0,1,76.3,66.3,1
evt_003036,2026-04-18 03:30:00,user_002732,sess_001234,page_036,tecnologia,celular,redes sociais,1,1,32.4,61.5,1
evt_003037,2026-03-10 06:22:00,user_001088,sess_001526,page_083,notícias,computador,referência,1,1,58.9,67.8,1
evt_003038,2026-03-17 23:04:00,user_001866,sess_001960,page_064,esportes,computador,orgânico,1,1,69.4,70.2,1
evt_003039,2026-03-12 20:38:00,user_000060,sess_000491,page_133,tecnologia,computador,redes sociais,0,1,8.7,70.7,0
evt_003040,2026-03-24 17:01:00,user_002655,sess_001467,page_040,finanças,computador,redes sociais,0,1,37.7,89.3,0
evt_003041,2026-03-18 11:30:00,user_000178,sess_000170,page_126,tecnologia,celular,orgânico,0,1,14.0,25.9,0
evt_003042,2026-03-20 16:24:00,user_001623,sess_001087,page_087,notícias,computador,redes sociais,0,1,36.8,73.7,1
evt_003043,2026-04-01 18:19:00,user_001056,sess_000828,page_105,finanças,celular,orgânico,1,1,59.6,61.6,0
evt_003044,2026-03-12 08:14:00,user_000108,sess_001917,page_024,estilo de vida,computador,direto,0,1,85.0,48.5,1
evt_003045,2026-04-22 23:16:00,user_001386,sess_001546,page_003,entretenimento,celular,orgânico,1,1,34.3,19.3,1
evt_003046,2026-04-13 15:49:00,user_002806,sess_001854,page_102,notícias,computador,referência,0,1,66.7,26.3,0
evt_003047,2026-04-15 15:11:00,user_000501,sess_001701,page_067,esportes,celular,redes sociais,0,1,87.1,48.0,0
evt_003048,2026-03-11 04:02:00,user_000877,sess_000821,page_043,estilo de vida,computador,newsletter,0,1,47.7,41.4,0
evt_003049,2026-04-12 11:44:00,user_000568,sess_001466,page_125,entretenimento,celular,direto,1,1,28.7,77.9,0
evt_003050,2026-04-20 04:11:00,user_000375,sess_000061,page_046,tecnologia,computador,direto,0,1,59.1,72.7,0
evt_003051,2026-03-11 12:15:00,user_000691,sess_001116,page_061,tecnologia,celular,orgânico,0,1,69.4,88.1,0
evt_003052,2026-04-15 01:50:00,user_001715,sess_000095,page_101,finanças,computador,redes sociais,0,1,22.5,62.9,1
evt_003053,2026-03-22 11:03:00,user_002341,sess_001448,page_134,estilo de vida,computador,direto,0,1,35.0,71.1,0
evt_003054,2026-04-17 06:06:00,user_002071,sess_001933,page_125,tecnologia,celular,direto,0,1,6.4,26.5,0
evt_003055,2026-03-29 16:54:00,user_002314,sess_001363,page_091,tecnologia,computador,direto,0,1,6.4,100.0,0
evt_003056,2026-04-18 03:10:00,user_002147,sess_001680,page_016,tecnologia,tablet,orgânico,0,1,20.5,93.9,1
evt_003057,2026-03-09 20:17:00,user_001149,sess_000469,page_016,tecnologia,celular,orgânico,0,1,119.6,41.4,1
evt_003058,2026-03-24 08:16:00,user_002700,sess_001987,page_097,entretenimento,computador,orgânico,1,1,53.8,90.0,0
evt_003059,2026-03-17 09:44:00,user_000517,sess_001101,page_071,notícias,tablet,orgânico,0,1,27.6,35.0,1
evt_003060,2026-03-15 21:38:00,user_002099,sess_001349,page_019,esportes,computador,direto,0,1,29.5,44.5,0
evt_003061,2026-03-19 11:59:00,user_000333,sess_001541,page_097,entretenimento,celular,redes sociais,0,1,43.8,58.2,0
evt_003062,2026-03-23 22:42:00,user_002296,sess_001279,page_131,estilo de vida,computador,redes sociais,0,1,77.3,40.5,0
evt_003063,2026-03-08 15:16:00,user_000262,sess_000634,page_010,notícias,celular,orgânico,0,1,22.3,70.1,1
evt_003064,2026-04-12 10:11:00,user_000649,sess_001223,page_115,finanças,celular,direto,1,1,3.0,88.7,0
evt_003065,2026-04-03 00:20:00,user_001174,sess_001308,page_048,estilo de vida,computador,orgânico,1,1,17.4,29.6,1
evt_003066,2026-04-19 18:08:00,user_002083,sess_001714,page_056,tecnologia,celular,orgânico,0,1,41.3,60.4,1
evt_003067,2026-04-12 07:14:00,user_000137,sess_000963,page_100,tecnologia,computador,referência,1,1,50.7,38.2,0
evt_003068,2026-03-09 22:37:00,user_000772,sess_001004,page_035,notícias,celular,direto,0,1,120.5,63.5,1
evt_003069,2026-03-05 04:42:00,user_001001,sess_001006,page_022,finanças,computador,orgânico,1,1,25.9,72.0,0
evt_003070,2026-03-26 08:50:00,user_002193,sess_000229,page_134,notícias,computador,orgânico,0,1,63.7,45.3,0
evt_003071,2026-03-29 20:49:00,user_002884,sess_000181,page_049,entretenimento,computador,redes sociais,0,1,156.1,54.7,1
evt_003072,2026-03-15 09:57:00,user_001842,sess_000041,page_024,notícias,celular,redes sociais,0,1,122.8,60.1,1
evt_003073,2026-04-16 22:23:00,user_001523,sess_001332,page_096,estilo de vida,tablet,orgânico,0,1,54.6,44.3,1
evt_003074,2026-04-04 21:28:00,user_001009,sess_000838,page_031,estilo de vida,tablet,redes sociais,0,1,53.1,24.5,1
evt_003075,2026-04-14 21:06:00,user_002468,sess_001731,page_108,estilo de vida,celular,orgânico,0,1,40.7,73.5,1
evt_003076,2026-03-07 12:58:00,user_000322,sess_001404,page_010,estilo de vida,celular,redes sociais,0,1,15.6,73.4,1
evt_003077,2026-04-18 21:42:00,user_000388,sess_000283,page_073,tecnologia,celular,direto,0,1,78.5,72.4,1
evt_003078,2026-03-13 08:46:00,user_000604,sess_000201,page_057,estilo de vida,celular,referência,0,1,87.8,38.1,0
evt_003079,2026-03-27 21:27:00,user_000804,sess_000732,page_134,notícias,computador,orgânico,0,1,66.2,53.3,1
evt_003080,2026-03-27 08:41:00,user_001385,sess_001841,page_073,esportes,celular,orgânico,1,1,64.7,25.4,0
evt_003081,2026-04-19 05:36:00,user_002839,sess_000098,page_129,estilo de vida,computador,orgânico,0,1,25.9,99.7,0
evt_003082,2026-03-17 14:39:00,user_001951,sess_000375,page_035,esportes,celular,orgânico,0,1,40.2,31.4,1
evt_003083,2026-03-15 10:41:00,user_001151,sess_000060,page_066,tecnologia,computador,orgânico,0,1,81.1,83.0,0
evt_003084,2026-03-21 09:03:00,user_000635,sess_000827,page_114,esportes,computador,orgânico,0,1,28.7,42.5,0
evt_003085,2026-03-22 15:34:00,user_001945,sess_001979,page_023,tecnologia,celular,referência,0,1,46.4,64.1,1
evt_003086,2026-03-11 21:37:00,user_000760,sess_001367,page_129,notícias,computador,referência,0,1,6.6,52.9,1
evt_003087,2026-03-11 13:57:00,user_002928,sess_000987,page_108,tecnologia,tablet,direto,0,1,31.5,50.3,0
evt_003088,2026-03-14 21:07:00,user_001433,sess_000289,page_095,notícias,tablet,orgânico,0,1,13.2,66.1,0
evt_003089,2026-03-29 01:10:00,user_001652,sess_000711,page_034,finanças,celular,direto,0,1,43.1,55.0,0
evt_003090,2026-03-21 14:25:00,user_002710,sess_001049,page_114,esportes,celular,redes sociais,1,1,82.7,25.7,0
evt_003091,2026-03-24 12:33:00,user_000916,sess_000550,page_118,estilo de vida,computador,direto,0,1,60.3,54.7,0
evt_003092,2026-04-13 03:26:00,user_001415,sess_001410,page_041,notícias,celular,orgânico,0,1,52.6,80.3,0
evt_003093,2026-03-15 10:56:00,user_001596,sess_001960,page_082,tecnologia,celular,referência,1,1,61.0,58.3,1
evt_003094,2026-04-24 14:14:00,user_000813,sess_000412,page_009,estilo de vida,computador,orgânico,0,1,40.6,39.2,0
evt_003095,2026-04-15 02:33:00,user_000164,sess_000505,page_055,entretenimento,computador,orgânico,0,1,70.2,100.0,1
evt_003096,2026-03-11 11:32:00,user_000851,sess_000253,page_021,tecnologia,computador,orgânico,0,1,19.3,58.2,0
evt_003097,2026-03-19 19:56:00,user_000337,sess_001451,page_078,estilo de vida,celular,orgânico,1,1,69.7,41.0,1
evt_003098,2026-03-12 00:18:00,user_002027,sess_000923,page_077,tecnologia,celular,newsletter,1,1,15.6,100.0,0
evt_003099,2026-03-17 08:50:00,user_000022,sess_000568,page_075,notícias,computador,direto,0,1,25.5,23.4,0
evt_003100,2026-03-22 22:18:00,user_000950,sess_000439,page_095,estilo de vida,computador,referência,1,1,116.1,39.4,0
evt_003101,2026-03-08 20:28:00,user_002652,sess_000141,page_129,esportes,celular,newsletter,1,1,43.4,78.4,0
evt_003102,2026-03-01 20:47:00,user_001706,sess_000952,page_028,tecnologia,computador,redes sociais,0,1,80.7,39.0,1
evt_003103,2026-03-27 07:54:00,user_002014,sess_001366,page_030,notícias,computador,referência,1,1,22.0,72.6,0
evt_003104,2026-04-12 01:25:00,user_002005,sess_000470,page_030,finanças,computador,referência,0,1,84.2,83.2,0
evt_003105,2026-03-19 04:16:00,user_000895,sess_000004,page_130,estilo de vida,celular,orgânico,0,1,79.6,99.4,0
evt_003106,2026-04-21 15:03:00,user_001897,sess_000947,page_013,finanças,computador,orgânico,0,1,153.9,87.3,0
evt_003107,2026-03-23 03:45:00,user_000664,sess_001351,page_005,esportes,computador,redes sociais,0,1,108.3,48.8,0
evt_003108,2026-04-24 01:08:00,user_001906,sess_000690,page_023,finanças,celular,direto,0,1,10.3,51.3,0
evt_003109,2026-03-15 03:50:00,user_002049,sess_000501,page_107,tecnologia,computador,direto,0,1,25.4,36.9,1
evt_003110,2026-04-02 08:38:00,user_002628,sess_000309,page_081,notícias,tablet,orgânico,1,1,56.4,35.7,0
evt_003111,2026-04-15 18:56:00,user_002758,sess_001492,page_128,esportes,celular,referência,0,1,61.2,65.9,0
evt_003112,2026-03-04 13:00:00,user_000072,sess_001723,page_029,entretenimento,celular,direto,0,1,40.4,22.5,0
evt_003113,2026-04-25 19:12:00,user_000898,sess_001539,page_055,entretenimento,celular,orgânico,1,1,83.2,61.2,0
evt_003114,2026-03-22 21:32:00,user_001641,sess_001036,page_078,notícias,computador,direto,0,1,73.8,19.4,0
evt_003115,2026-03-30 21:01:00,user_000965,sess_001448,page_011,finanças,celular,referência,0,1,24.0,71.1,0
evt_003116,2026-04-07 16:57:00,user_001856,sess_000794,page_128,notícias,computador,orgânico,0,1,63.9,47.1,0
evt_003117,2026-04-08 13:55:00,user_002562,sess_000049,page_112,entretenimento,celular,orgânico,0,1,17.7,70.7,0
evt_003118,2026-03-02 10:04:00,user_000774,sess_000735,page_020,finanças,computador,direto,1,1,35.7,12.0,0
evt_003119,2026-04-22 00:43:00,user_002680,sess_001407,page_118,finanças,celular,redes sociais,0,1,65.9,84.9,1
evt_003120,2026-04-07 09:59:00,user_002646,sess_001295,page_063,esportes,computador,orgânico,0,1,73.1,58.2,0
evt_003121,2026-04-29 22:18:00,user_002742,sess_001980,page_047,estilo de vida,celular,referência,0,1,85.7,48.6,0
evt_003122,2026-03-29 06:58:00,user_000221,sess_001994,page_132,notícias,computador,orgânico,0,1,17.7,68.5,0
evt_003123,2026-04-06 19:27:00,user_000880,sess_000486,page_073,tecnologia,computador,orgânico,0,1,56.1,66.9,0
evt_003124,2026-03-27 11:07:00,user_000373,sess_000020,page_032,finanças,celular,referência,0,1,41.6,38.5,0
evt_003125,2026-04-23 09:16:00,user_000361,sess_000549,page_113,estilo de vida,celular,direto,0,1,53.6,61.1,0
evt_003126,2026-04-19 22:38:00,user_000160,sess_001752,page_100,tecnologia,tablet,redes sociais,1,1,60.6,72.6,1
evt_003127,2026-04-24 12:23:00,user_001320,sess_001627,page_027,notícias,computador,orgânico,1,1,63.5,26.1,0
evt_003128,2026-03-31 06:09:00,user_000262,sess_000198,page_095,notícias,computador,orgânico,0,1,70.3,62.1,1
evt_003129,2026-04-17 11:41:00,user_000887,sess_000321,page_088,finanças,celular,orgânico,1,1,25.1,90.1,0
evt_003130,2026-03-22 12:39:00,user_002944,sess_001127,page_039,tecnologia,computador,referência,1,1,128.2,61.4,0
evt_003131,2026-03-28 15:44:00,user_002651,sess_001321,page_060,notícias,celular,orgânico,1,1,103.4,48.6,0
evt_003132,2026-04-15 14:42:00,user_002811,sess_001964,page_117,tecnologia,computador,orgânico,1,1,37.6,30.6,0
evt_003133,2026-03-05 20:51:00,user_000110,sess_001510,page_025,finanças,celular,direto,0,1,60.9,44.0,0
evt_003134,2026-04-12 15:06:00,user_001983,sess_000424,page_101,estilo de vida,celular,referência,0,1,131.6,49.9,1
evt_003135,2026-03-01 22:45:00,user_001902,sess_000075,page_116,estilo de vida,computador,direto,1,1,69.2,73.5,0
evt_003136,2026-04-04 20:08:00,user_000399,sess_001267,page_131,notícias,computador,orgânico,1,1,44.3,69.9,0
evt_003137,2026-03-29 15:10:00,user_002718,sess_001107,page_046,esportes,celular,orgânico,1,1,107.7,50.0,0
evt_003138,2026-03-29 02:53:00,user_001213,sess_001843,page_038,tecnologia,celular,newsletter,1,1,52.7,41.5,1
evt_003139,2026-03-30 15:48:00,user_002930,sess_001152,page_130,finanças,computador,direto,1,1,33.0,53.8,1
evt_003140,2026-03-30 12:23:00,user_000342,sess_001002,page_065,estilo de vida,celular,referência,0,1,62.7,81.1,0
evt_003141,2026-03-25 10:36:00,user_001950,sess_000607,page_080,entretenimento,celular,redes sociais,0,1,39.4,27.5,0
evt_003142,2026-03-28 01:57:00,user_000393,sess_000173,page_072,notícias,celular,direto,1,1,93.6,58.3,0
evt_003143,2026-04-04 02:09:00,user_002849,sess_001752,page_072,finanças,celular,newsletter,0,1,28.5,55.1,1
evt_003144,2026-04-15 19:23:00,user_001823,sess_001652,page_087,esportes,celular,orgânico,1,1,90.4,70.7,0
evt_003145,2026-04-03 03:06:00,user_000227,sess_000326,page_059,notícias,celular,orgânico,0,1,65.0,53.0,0
evt_003146,2026-04-08 13:13:00,user_000645,sess_001408,page_055,entretenimento,computador,orgânico,1,1,5.0,32.0,0
evt_003147,2026-04-20 04:43:00,user_001078,sess_000729,page_056,entretenimento,computador,direto,1,1,67.2,88.7,0
evt_003148,2026-04-29 08:53:00,user_000039,sess_000874,page_092,esportes,computador,orgânico,0,1,42.9,61.5,0
evt_003149,2026-03-07 12:27:00,user_000027,sess_001697,page_114,entretenimento,computador,orgânico,0,1,15.5,60.3,0
evt_003150,2026-04-12 18:36:00,user_002776,sess_001684,page_078,notícias,computador,direto,1,1,21.3,29.1,0
evt_003151,2026-03-14 12:15:00,user_002943,sess_000382,page_095,entretenimento,celular,direto,1,1,144.3,50.5,1
evt_003152,2026-03-12 19:21:00,user_001609,sess_000615,page_058,tecnologia,computador,redes sociais,0,1,90.4,42.3,0
evt_003153,2026-04-17 13:55:00,user_002708,sess_001642,page_108,notícias,celular,newsletter,0,1,13.4,55.2,0
evt_003154,2026-03-05 02:54:00,user_001966,sess_001834,page_055,estilo de vida,computador,orgânico,0,1,65.0,19.4,0
evt_003155,2026-04-20 20:53:00,user_000085,sess_000159,page_059,tecnologia,computador,redes sociais,0,1,86.0,59.5,0
evt_003156,2026-04-16 05:35:00,user_002143,sess_001667,page_008,esportes,computador,redes sociais,0,1,64.6,73.6,0
evt_003157,2026-04-29 16:32:00,user_000055,sess_000978,page_037,esportes,celular,redes sociais,0,1,20.7,46.0,0
evt_003158,2026-04-10 01:50:00,user_002449,sess_001181,page_103,estilo de vida,computador,direto,0,1,72.5,62.4,0
evt_003159,2026-04-22 08:59:00,user_001101,sess_000151,page_013,notícias,computador,direto,0,1,27.4,36.2,1
evt_003160,2026-03-08 02:41:00,user_000424,sess_001361,page_032,notícias,celular,direto,0,1,33.2,90.6,0
evt_003161,2026-04-23 09:27:00,user_000776,sess_001356,page_108,esportes,computador,referência,0,1,14.4,36.6,0
evt_003162,2026-03-10 14:52:00,user_002050,sess_001325,page_122,tecnologia,computador,newsletter,0,1,25.7,53.2,0
evt_003163,2026-03-19 20:39:00,user_002540,sess_001581,page_058,esportes,computador,newsletter,1,1,9.6,40.9,0
evt_003164,2026-03-08 16:35:00,user_001712,sess_001892,page_057,finanças,computador,redes sociais,1,1,92.9,46.3,1
evt_003165,2026-03-25 02:23:00,user_000482,sess_001699,page_071,notícias,computador,direto,0,1,30.3,88.8,1
evt_003166,2026-04-14 22:33:00,user_002700,sess_001489,page_108,notícias,computador,redes sociais,1,1,137.6,86.6,1
evt_003167,2026-03-17 02:02:00,user_002372,sess_001962,page_066,estilo de vida,celular,direto,0,1,95.0,47.3,1
evt_003168,2026-04-19 07:57:00,user_001230,sess_001349,page_025,notícias,celular,orgânico,1,1,93.3,100.0,0
evt_003169,2026-04-06 09:04:00,user_001663,sess_001344,page_060,estilo de vida,tablet,orgânico,0,1,139.9,79.6,0
evt_003170,2026-04-07 17:39:00,user_002891,sess_001084,page_036,finanças,celular,referência,1,1,3.3,85.9,0
evt_003171,2026-04-26 07:52:00,user_001132,sess_001538,page_096,estilo de vida,computador,direto,1,1,76.0,57.7,1
evt_003172,2026-03-26 21:51:00,user_000078,sess_000143,page_020,esportes,computador,orgânico,0,1,112.3,81.4,1
evt_003173,2026-03-21 16:16:00,user_000438,sess_001012,page_085,tecnologia,celular,redes sociais,1,1,94.8,60.1,0
evt_003174,2026-04-29 16:09:00,user_001801,sess_000851,page_019,notícias,computador,orgânico,1,1,66.2,37.9,0
evt_003175,2026-04-03 10:04:00,user_002993,sess_001825,page_136,entretenimento,celular,referência,0,1,16.0,57.2,0
evt_003176,2026-04-06 21:01:00,user_002219,sess_000146,page_089,esportes,celular,orgânico,0,1,18.2,48.8,0
evt_003177,2026-03-18 18:40:00,user_001854,sess_001287,page_020,notícias,celular,redes sociais,1,1,39.7,33.0,0
evt_003178,2026-03-13 22:13:00,user_000969,sess_000369,page_134,estilo de vida,computador,direto,0,1,50.2,77.9,0
evt_003179,2026-03-11 04:30:00,user_001318,sess_001767,page_080,esportes,computador,redes sociais,0,1,29.9,61.2,1
evt_003180,2026-03-14 09:55:00,user_000116,sess_001703,page_085,finanças,computador,orgânico,0,1,176.0,64.3,0
evt_003181,2026-03-12 17:04:00,user_001114,sess_000471,page_009,tecnologia,computador,direto,0,1,140.0,92.8,0
evt_003182,2026-04-14 19:16:00,user_001870,sess_001743,page_027,tecnologia,computador,direto,0,1,35.2,61.2,0
evt_003183,2026-03-04 11:26:00,user_002717,sess_000993,page_113,estilo de vida,celular,orgânico,0,1,20.3,82.6,1
evt_003184,2026-04-07 18:18:00,user_002767,sess_001942,page_065,entretenimento,computador,orgânico,0,1,76.3,36.8,1
evt_003185,2026-04-26 22:58:00,user_002463,sess_001459,page_086,finanças,computador,direto,0,1,48.1,50.2,0
evt_003186,2026-04-15 22:23:00,user_000065,sess_000069,page_138,notícias,computador,orgânico,1,1,85.1,58.0,0
evt_003187,2026-03-25 04:08:00,user_002433,sess_000406,page_060,tecnologia,tablet,orgânico,0,1,107.4,59.9,1
evt_003188,2026-03-04 13:32:00,user_000656,sess_000807,page_053,esportes,computador,redes sociais,0,1,14.0,63.9,0
evt_003189,2026-04-20 01:08:00,user_001848,sess_000423,page_112,notícias,computador,redes sociais,0,1,45.5,78.0,0
evt_003190,2026-03-01 04:32:00,user_002839,sess_000265,page_010,notícias,celular,referência,0,1,30.1,100.0,1
evt_003191,2026-04-10 21:06:00,user_002663,sess_001956,page_064,esportes,computador,newsletter,0,1,166.0,25.7,0
evt_003192,2026-04-10 06:09:00,user_001993,sess_001738,page_119,esportes,computador,direto,0,1,26.2,45.7,0
evt_003193,2026-03-12 12:21:00,user_000898,sess_000869,page_032,esportes,computador,orgânico,0,1,33.3,66.0,1
evt_003194,2026-04-14 09:24:00,user_001563,sess_000430,page_043,estilo de vida,tablet,orgânico,0,1,84.3,97.0,1
evt_003195,2026-03-11 12:39:00,user_002111,sess_000364,page_066,tecnologia,celular,orgânico,0,1,33.2,53.5,0
evt_003196,2026-03-14 12:55:00,user_001543,sess_001831,page_011,entretenimento,celular,direto,0,1,19.4,57.6,0
evt_003197,2026-04-18 17:15:00,user_001213,sess_000663,page_010,notícias,celular,redes sociais,0,1,142.8,49.8,0
evt_003198,2026-04-28 17:56:00,user_001209,sess_000026,page_035,notícias,celular,newsletter,0,1,56.1,68.6,0
evt_003199,2026-03-16 21:11:00,user_001800,sess_000795,page_125,estilo de vida,computador,redes sociais,1,1,27.2,57.4,0
evt_003200,2026-04-25 06:43:00,user_000108,sess_000909,page_031,notícias,celular,orgânico,1,1,17.7,74.3,1
evt_003201,2026-04-24 19:07:00,user_002994,sess_001246,page_102,esportes,celular,redes sociais,1,1,25.3,82.5,0
evt_003202,2026-04-16 03:56:00,user_000307,sess_000678,page_060,estilo de vida,computador,orgânico,0,1,30.0,50.3,0
evt_003203,2026-03-09 09:40:00,user_002953,sess_001846,page_106,tecnologia,celular,orgânico,0,1,46.3,77.1,1
evt_003204,2026-03-18 23:09:00,user_000107,sess_001287,page_046,notícias,computador,orgânico,0,1,106.3,42.9,1
evt_003205,2026-04-10 15:54:00,user_001538,sess_001973,page_122,estilo de vida,computador,orgânico,0,1,70.1,62.4,0
evt_003206,2026-04-29 22:52:00,user_001253,sess_000734,page_052,estilo de vida,computador,orgânico,0,1,105.8,44.5,0
evt_003207,2026-04-18 20:50:00,user_001722,sess_001303,page_111,tecnologia,computador,redes sociais,0,1,76.5,24.7,0
evt_003208,2026-03-26 05:11:00,user_001301,sess_000731,page_116,esportes,tablet,referência,0,1,62.8,76.3,1
evt_003209,2026-03-15 02:46:00,user_002692,sess_001400,page_061,tecnologia,celular,referência,1,1,19.5,37.5,1
evt_003210,2026-04-27 14:53:00,user_000050,sess_001491,page_093,tecnologia,computador,orgânico,0,1,91.6,43.1,0
evt_003211,2026-03-17 13:44:00,user_002956,sess_000644,page_017,esportes,celular,redes sociais,0,1,25.3,50.7,0
evt_003212,2026-03-21 12:47:00,user_002068,sess_001875,page_070,estilo de vida,celular,referência,0,1,94.1,96.0,0
evt_003213,2026-04-27 20:54:00,user_002336,sess_001714,page_052,estilo de vida,computador,newsletter,0,1,146.3,90.5,0
evt_003214,2026-04-03 16:47:00,user_000420,sess_001789,page_133,esportes,celular,referência,1,1,71.9,24.4,1
evt_003215,2026-03-16 21:01:00,user_000196,sess_000436,page_130,finanças,celular,redes sociais,0,1,35.0,41.2,0
evt_003216,2026-03-01 07:41:00,user_001191,sess_001435,page_109,finanças,computador,referência,0,1,13.1,100.0,1
evt_003217,2026-03-26 19:08:00,user_000968,sess_000213,page_132,tecnologia,celular,direto,0,1,78.5,100.0,0
evt_003218,2026-04-29 03:50:00,user_002349,sess_000211,page_136,notícias,celular,orgânico,0,1,53.7,67.6,1
evt_003219,2026-03-26 22:49:00,user_002689,sess_001946,page_107,finanças,celular,orgânico,0,1,12.9,68.7,0
evt_003220,2026-04-11 23:19:00,user_001282,sess_000306,page_083,notícias,celular,newsletter,0,1,58.7,56.8,0
evt_003221,2026-03-16 04:22:00,user_002305,sess_001728,page_029,estilo de vida,tablet,newsletter,1,1,193.5,53.6,0
evt_003222,2026-04-16 12:52:00,user_000179,sess_000862,page_114,estilo de vida,computador,redes sociais,1,1,27.1,33.0,1
evt_003223,2026-04-16 13:08:00,user_002226,sess_000607,page_028,finanças,celular,direto,0,1,22.0,82.5,1
evt_003224,2026-04-06 11:57:00,user_000298,sess_000147,page_026,estilo de vida,celular,orgânico,0,1,99.7,39.1,1
evt_003225,2026-04-16 07:27:00,user_002004,sess_001350,page_123,esportes,computador,direto,0,1,56.2,71.1,1
evt_003226,2026-04-04 17:30:00,user_001147,sess_001442,page_016,esportes,tablet,redes sociais,1,1,22.5,58.7,0
evt_003227,2026-03-23 16:46:00,user_001246,sess_000934,page_020,tecnologia,celular,orgânico,0,1,25.9,79.9,1
evt_003228,2026-04-14 06:32:00,user_000829,sess_001620,page_072,notícias,celular,redes sociais,1,1,63.7,44.3,1
evt_003229,2026-04-20 02:34:00,user_001210,sess_000646,page_082,tecnologia,computador,redes sociais,0,1,18.2,32.5,0
evt_003230,2026-04-20 11:07:00,user_002623,sess_001103,page_007,estilo de vida,computador,newsletter,0,1,69.9,37.8,0
evt_003231,2026-03-13 18:49:00,user_002426,sess_000574,page_053,entretenimento,tablet,referência,1,1,7.5,57.6,1
evt_003232,2026-04-10 14:17:00,user_001021,sess_001164,page_032,esportes,tablet,orgânico,0,1,63.3,54.9,0
evt_003233,2026-03-01 06:12:00,user_000882,sess_000272,page_042,finanças,computador,orgânico,1,1,58.3,40.4,0
evt_003234,2026-04-04 07:40:00,user_001527,sess_000952,page_026,notícias,computador,orgânico,1,1,188.5,47.3,1
evt_003235,2026-04-04 06:28:00,user_002054,sess_001099,page_095,entretenimento,celular,orgânico,0,1,31.6,59.6,1
evt_003236,2026-03-22 19:26:00,user_000547,sess_001113,page_066,estilo de vida,computador,redes sociais,1,1,52.7,72.1,0
evt_003237,2026-04-29 15:28:00,user_002178,sess_000893,page_134,estilo de vida,celular,redes sociais,1,1,16.9,57.5,0
evt_003238,2026-04-22 23:27:00,user_002846,sess_001287,page_002,tecnologia,tablet,orgânico,0,1,65.0,72.0,1
evt_003239,2026-03-03 07:38:00,user_002533,sess_001024,page_109,esportes,computador,newsletter,0,1,158.1,58.8,0
evt_003240,2026-03-13 12:43:00,user_001645,sess_000567,page_127,estilo de vida,celular,direto,0,1,36.3,59.0,1
evt_003241,2026-03-13 11:31:00,user_000960,sess_000431,page_068,tecnologia,celular,orgânico,0,1,35.3,68.0,0
evt_003242,2026-04-23 20:29:00,user_000971,sess_001295,page_098,notícias,computador,direto,0,1,53.0,34.2,1
evt_003243,2026-04-01 03:14:00,user_002225,sess_001877,page_062,entretenimento,computador,orgânico,0,1,29.8,95.7,0
evt_003244,2026-04-13 17:34:00,user_001365,sess_001506,page_083,entretenimento,celular,direto,0,1,73.9,59.6,0
evt_003245,2026-04-18 14:18:00,user_000320,sess_001277,page_127,entretenimento,celular,redes sociais,1,1,21.0,56.2,1
evt_003246,2026-04-16 01:22:00,user_002033,sess_001843,page_074,tecnologia,celular,orgânico,0,1,70.4,63.0,0
evt_003247,2026-03-06 08:13:00,user_000415,sess_001799,page_081,esportes,tablet,redes sociais,1,1,10.4,80.8,0
evt_003248,2026-03-09 10:04:00,user_002960,sess_001013,page_138,estilo de vida,computador,newsletter,1,1,33.7,66.3,1
evt_003249,2026-03-24 17:08:00,user_001252,sess_000219,page_070,notícias,tablet,direto,0,1,29.3,70.7,1
evt_003250,2026-03-21 07:15:00,user_001026,sess_001268,page_025,tecnologia,celular,direto,0,1,46.1,59.8,0
evt_003251,2026-04-14 19:47:00,user_000166,sess_001246,page_095,notícias,computador,referência,0,1,60.5,36.4,0
evt_003252,2026-03-10 08:58:00,user_000504,sess_000555,page_097,tecnologia,computador,referência,1,1,80.4,6.1,0
evt_003253,2026-03-23 07:01:00,user_002843,sess_001699,page_033,esportes,computador,referência,0,1,39.1,74.6,0
evt_003254,2026-03-15 04:40:00,user_001611,sess_001740,page_102,notícias,celular,orgânico,0,1,37.9,78.2,0
evt_003255,2026-03-12 07:55:00,user_002705,sess_000662,page_009,notícias,tablet,orgânico,0,1,71.3,34.0,0
evt_003256,2026-03-11 08:50:00,user_002867,sess_000954,page_045,tecnologia,celular,direto,0,1,39.1,31.7,1
evt_003257,2026-03-12 17:30:00,user_000147,sess_000391,page_119,notícias,computador,newsletter,0,1,27.1,34.6,1
evt_003258,2026-04-03 20:41:00,user_001142,sess_000357,page_086,notícias,computador,redes sociais,0,1,76.3,45.2,1
evt_003259,2026-03-25 14:28:00,user_002515,sess_000530,page_085,notícias,celular,newsletter,1,1,85.3,38.9,1
evt_003260,2026-03-27 02:48:00,user_001487,sess_000732,page_087,esportes,celular,direto,0,1,90.6,59.5,1
evt_003261,2026-03-29 18:21:00,user_001527,sess_000546,page_023,entretenimento,celular,orgânico,0,1,51.5,60.2,0
evt_003262,2026-04-14 11:07:00,user_001710,sess_000304,page_134,finanças,computador,newsletter,1,1,176.1,65.8,0
evt_003263,2026-04-21 17:00:00,user_002106,sess_000894,page_042,esportes,computador,referência,0,1,23.4,46.2,0
evt_003264,2026-04-01 14:04:00,user_002816,sess_001247,page_110,notícias,computador,redes sociais,1,1,40.0,38.4,0
evt_003265,2026-04-08 12:50:00,user_002660,sess_000652,page_138,notícias,celular,direto,1,1,41.2,27.0,0
evt_003266,2026-04-14 07:31:00,user_001875,sess_001067,page_034,esportes,computador,orgânico,0,1,78.0,45.0,1
evt_003267,2026-04-11 10:10:00,user_001731,sess_000543,page_089,notícias,computador,redes sociais,1,1,4.4,69.1,0
evt_003268,2026-03-09 01:20:00,user_001083,sess_001408,page_006,notícias,celular,redes sociais,0,1,16.4,24.0,0
evt_003269,2026-04-28 23:30:00,user_000349,sess_001297,page_089,notícias,computador,redes sociais,0,1,55.4,55.0,1
evt_003270,2026-03-10 21:19:00,user_002127,sess_001920,page_062,esportes,tablet,direto,1,1,34.1,35.2,0
evt_003271,2026-03-25 17:03:00,user_000008,sess_000107,page_011,tecnologia,celular,orgânico,0,1,91.3,30.3,1
evt_003272,2026-04-09 03:44:00,user_002094,sess_001706,page_094,notícias,computador,orgânico,0,1,55.1,75.7,1
evt_003273,2026-03-25 04:49:00,user_001491,sess_000681,page_135,estilo de vida,computador,orgânico,0,1,112.7,81.0,1
evt_003274,2026-03-15 14:06:00,user_002359,sess_000133,page_012,estilo de vida,celular,redes sociais,0,1,8.7,66.4,0
evt_003275,2026-04-25 09:37:00,user_002847,sess_001379,page_125,entretenimento,celular,redes sociais,0,1,56.4,32.6,0
evt_003276,2026-03-05 07:00:00,user_001659,sess_000344,page_118,notícias,celular,redes sociais,0,1,48.0,73.2,0
evt_003277,2026-03-15 18:03:00,user_001718,sess_000352,page_077,tecnologia,tablet,redes sociais,0,1,69.9,71.3,0
evt_003278,2026-04-29 13:54:00,user_001462,sess_001959,page_126,tecnologia,celular,orgânico,0,1,46.2,96.5,0
evt_003279,2026-04-13 18:56:00,user_001119,sess_000442,page_044,entretenimento,celular,direto,1,1,36.8,45.8,1
evt_003280,2026-03-06 05:14:00,user_000267,sess_001094,page_101,tecnologia,computador,direto,1,1,29.8,64.0,1
evt_003281,2026-04-15 06:35:00,user_000093,sess_000402,page_098,notícias,computador,direto,0,1,35.5,38.7,0
evt_003282,2026-04-28 04:05:00,user_002169,sess_000248,page_081,entretenimento,celular,orgânico,0,1,61.3,18.5,0
evt_003283,2026-03-06 20:48:00,user_002745,sess_000002,page_116,tecnologia,computador,direto,0,1,15.4,19.9,1
evt_003284,2026-03-25 20:14:00,user_000162,sess_000033,page_122,notícias,celular,redes sociais,0,1,9.4,57.7,1
evt_003285,2026-03-29 02:15:00,user_000982,sess_000948,page_110,notícias,celular,direto,0,1,12.9,41.8,1
evt_003286,2026-03-08 20:39:00,user_001825,sess_000868,page_082,entretenimento,computador,orgânico,1,1,80.2,67.0,0
evt_003287,2026-03-13 00:48:00,user_002114,sess_000078,page_136,notícias,celular,direto,0,1,39.3,69.6,1
evt_003288,2026-03-11 10:12:00,user_002206,sess_000699,page_078,tecnologia,celular,newsletter,0,1,31.5,57.0,0
evt_003289,2026-03-12 02:56:00,user_002083,sess_000546,page_089,finanças,computador,referência,0,1,38.0,33.7,0
evt_003290,2026-03-25 05:04:00,user_000252,sess_001143,page_027,tecnologia,celular,referência,1,1,88.8,37.0,1
evt_003291,2026-03-28 19:54:00,user_000762,sess_001989,page_045,notícias,celular,orgânico,1,1,8.7,61.4,0
evt_003292,2026-03-15 06:41:00,user_001408,sess_001383,page_126,tecnologia,celular,redes sociais,0,1,89.1,63.5,1
evt_003293,2026-03-18 08:46:00,user_000192,sess_001836,page_070,finanças,computador,orgânico,0,1,21.6,71.7,0
evt_003294,2026-03-12 12:49:00,user_001030,sess_000385,page_072,entretenimento,celular,redes sociais,0,1,97.2,74.1,0
evt_003295,2026-04-17 18:19:00,user_001155,sess_000430,page_114,notícias,celular,direto,0,1,161.1,51.9,1
evt_003296,2026-03-13 16:55:00,user_002934,sess_001501,page_046,notícias,computador,direto,0,1,41.5,60.9,1
evt_003297,2026-04-24 10:57:00,user_000952,sess_000620,page_037,notícias,computador,newsletter,1,1,31.6,67.9,0
evt_003298,2026-04-02 07:57:00,user_002914,sess_001697,page_002,notícias,celular,newsletter,0,1,121.9,76.1,0
evt_003299,2026-04-18 03:55:00,user_002101,sess_000927,page_033,entretenimento,computador,orgânico,1,1,22.4,56.5,1
evt_003300,2026-04-08 04:24:00,user_002077,sess_000402,page_072,notícias,tablet,referência,1,1,45.0,55.8,0
evt_003301,2026-03-16 23:05:00,user_002459,sess_001688,page_101,notícias,computador,referência,0,1,34.7,62.9,1
evt_003302,2026-04-06 01:57:00,user_002527,sess_001101,page_046,tecnologia,celular,direto,1,1,52.1,57.7,1
evt_003303,2026-03-17 10:45:00,user_000668,sess_001605,page_062,esportes,tablet,orgânico,0,1,22.4,51.3,0
evt_003304,2026-03-08 02:43:00,user_001263,sess_000905,page_031,esportes,computador,orgânico,0,1,73.1,44.1,0
evt_003305,2026-03-16 06:48:00,user_001585,sess_000253,page_114,estilo de vida,celular,redes sociais,1,1,53.3,22.4,1
evt_003306,2026-03-17 12:55:00,user_002930,sess_001362,page_073,esportes,computador,orgânico,0,1,52.6,67.4,0
evt_003307,2026-03-09 02:27:00,user_000122,sess_000249,page_020,tecnologia,celular,orgânico,0,1,59.8,66.0,1
evt_003308,2026-03-02 09:59:00,user_001430,sess_001326,page_085,estilo de vida,tablet,orgânico,0,1,21.4,62.0,0
evt_003309,2026-04-26 15:04:00,user_000643,sess_000834,page_047,esportes,tablet,redes sociais,0,1,75.5,65.0,0
evt_003310,2026-03-31 19:19:00,user_000621,sess_001583,page_121,estilo de vida,computador,redes sociais,1,1,13.6,53.4,0
evt_003311,2026-03-25 02:56:00,user_002285,sess_001740,page_038,tecnologia,celular,orgânico,0,1,47.1,94.2,0
evt_003312,2026-04-25 19:07:00,user_000606,sess_000815,page_121,esportes,celular,referência,1,1,112.8,74.5,0
evt_003313,2026-03-14 11:33:00,user_002380,sess_001764,page_098,tecnologia,computador,orgânico,0,1,18.6,95.6,0
evt_003314,2026-03-25 04:08:00,user_002981,sess_000222,page_019,finanças,celular,orgânico,1,1,33.6,51.6,1
evt_003315,2026-04-20 19:12:00,user_002329,sess_000215,page_106,estilo de vida,computador,redes sociais,0,1,40.3,55.7,1
evt_003316,2026-04-07 22:07:00,user_000510,sess_001987,page_101,tecnologia,tablet,redes sociais,1,1,45.7,55.7,1
evt_003317,2026-03-24 22:50:00,user_000428,sess_001149,page_064,notícias,celular,orgânico,0,1,36.7,85.8,0
evt_003318,2026-03-16 08:23:00,user_001311,sess_000901,page_023,finanças,celular,direto,1,1,90.7,23.5,1
evt_003319,2026-03-03 02:34:00,user_001653,sess_000312,page_067,notícias,computador,orgânico,0,1,10.6,69.1,1
evt_003320,2026-03-06 02:28:00,user_002335,sess_000578,page_085,tecnologia,tablet,orgânico,0,1,103.0,61.2,0
evt_003321,2026-03-10 17:11:00,user_001268,sess_001372,page_019,estilo de vida,computador,redes sociais,0,1,36.4,78.9,0
evt_003322,2026-04-17 04:43:00,user_000502,sess_001643,page_048,esportes,celular,orgânico,1,1,79.0,46.8,1
evt_003323,2026-04-08 08:31:00,user_002974,sess_001832,page_098,notícias,celular,newsletter,1,1,75.9,23.3,0
evt_003324,2026-03-27 00:11:00,user_002713,sess_000816,page_077,entretenimento,computador,redes sociais,0,1,37.4,95.9,0
evt_003325,2026-04-16 23:23:00,user_001962,sess_000910,page_138,esportes,computador,orgânico,1,1,30.1,57.8,0
evt_003326,2026-03-10 15:31:00,user_002086,sess_000327,page_031,esportes,computador,direto,1,1,146.1,77.1,1
evt_003327,2026-03-13 15:44:00,user_002805,sess_000167,page_109,notícias,tablet,direto,0,1,143.7,51.9,0
evt_003328,2026-03-24 13:31:00,user_001425,sess_000876,page_060,estilo de vida,celular,redes sociais,0,1,51.6,80.8,0
evt_003329,2026-04-25 01:02:00,user_000436,sess_001158,page_032,esportes,celular,newsletter,0,1,90.2,73.5,0
evt_003330,2026-04-06 20:29:00,user_001818,sess_000209,page_133,tecnologia,celular,redes sociais,1,1,43.4,82.5,1
evt_003331,2026-04-21 01:26:00,user_001353,sess_000817,page_087,estilo de vida,celular,orgânico,0,1,36.3,51.4,1
evt_003332,2026-03-15 21:21:00,user_002399,sess_001283,page_075,notícias,celular,direto,0,1,56.2,85.1,0
evt_003333,2026-04-20 21:40:00,user_002315,sess_001621,page_041,estilo de vida,celular,newsletter,0,1,23.8,68.6,1
evt_003334,2026-03-05 08:22:00,user_001414,sess_001877,page_123,esportes,celular,orgânico,0,1,21.6,21.8,1
evt_003335,2026-03-14 15:49:00,user_001104,sess_000681,page_005,notícias,computador,orgânico,1,1,117.0,85.3,1
evt_003336,2026-04-01 09:09:00,user_001266,sess_000784,page_017,estilo de vida,tablet,redes sociais,0,1,72.6,69.6,0
evt_003337,2026-03-04 00:46:00,user_001897,sess_001749,page_025,notícias,tablet,direto,0,1,27.4,52.1,0
evt_003338,2026-04-21 11:53:00,user_001911,sess_001386,page_091,entretenimento,computador,orgânico,0,1,76.4,55.5,0
evt_003339,2026-04-22 01:05:00,user_001535,sess_000548,page_015,estilo de vida,tablet,newsletter,0,1,37.9,38.0,1
evt_003340,2026-04-02 11:42:00,user_001596,sess_001370,page_111,notícias,celular,orgânico,0,1,42.2,61.1,0
evt_003341,2026-03-19 08:21:00,user_002975,sess_000315,page_028,entretenimento,computador,referência,0,1,30.4,69.2,1
evt_003342,2026-03-06 22:30:00,user_000761,sess_000898,page_095,estilo de vida,computador,referência,0,1,58.2,60.4,0
evt_003343,2026-04-07 03:14:00,user_000522,sess_000613,page_111,notícias,celular,orgânico,1,1,66.7,62.7,0
evt_003344,2026-04-02 06:14:00,user_002397,sess_001985,page_123,finanças,celular,redes sociais,0,1,42.8,55.2,0
evt_003345,2026-04-15 14:21:00,user_002806,sess_000070,page_041,entretenimento,computador,orgânico,1,1,21.5,39.7,0
evt_003346,2026-04-06 03:39:00,user_001826,sess_001713,page_011,finanças,celular,direto,0,1,77.8,66.7,0
evt_003347,2026-03-08 16:44:00,user_001205,sess_000563,page_106,finanças,celular,redes sociais,1,1,30.2,71.3,0
evt_003348,2026-03-08 07:20:00,user_001046,sess_000073,page_063,finanças,celular,direto,1,1,68.7,57.9,0
evt_003349,2026-04-16 20:24:00,user_001404,sess_001320,page_132,esportes,computador,redes sociais,1,1,118.0,67.5,1
evt_003350,2026-03-10 12:59:00,user_000158,sess_001356,page_027,notícias,computador,orgânico,0,1,118.0,75.4,0
evt_003351,2026-04-26 07:27:00,user_001586,sess_000285,page_080,estilo de vida,celular,orgânico,1,1,18.7,77.6,1
evt_003352,2026-03-07 08:33:00,user_000809,sess_000077,page_017,entretenimento,computador,orgânico,1,1,34.1,48.3,1
evt_003353,2026-04-13 16:51:00,user_000796,sess_000223,page_068,tecnologia,celular,redes sociais,0,1,61.9,24.8,1
evt_003354,2026-04-28 12:19:00,user_001681,sess_000818,page_001,notícias,celular,referência,0,1,92.5,66.7,0
evt_003355,2026-03-27 11:21:00,user_002891,sess_000265,page_105,finanças,tablet,direto,0,1,17.0,60.3,0
evt_003356,2026-03-04 09:40:00,user_000618,sess_001406,page_085,notícias,tablet,orgânico,1,1,99.8,58.5,1
evt_003357,2026-04-22 14:24:00,user_002734,sess_000156,page_014,esportes,tablet,newsletter,1,1,66.4,48.4,1
evt_003358,2026-03-12 05:43:00,user_001558,sess_001578,page_070,estilo de vida,celular,orgânico,0,1,105.2,90.7,1
evt_003359,2026-04-01 15:32:00,user_002918,sess_001749,page_060,esportes,computador,newsletter,1,1,18.3,49.7,0
evt_003360,2026-04-29 01:43:00,user_001147,sess_001433,page_094,tecnologia,computador,orgânico,1,1,38.8,95.5,0
evt_003361,2026-04-14 16:28:00,user_002990,sess_001888,page_070,finanças,celular,orgânico,0,1,65.5,81.6,0
evt_003362,2026-03-03 18:41:00,user_001980,sess_001878,page_064,estilo de vida,computador,referência,0,1,47.3,79.1,0
evt_003363,2026-04-19 05:31:00,user_002009,sess_000094,page_116,entretenimento,computador,redes sociais,0,1,42.8,55.4,1
evt_003364,2026-03-10 16:11:00,user_001690,sess_000684,page_073,estilo de vida,computador,referência,1,1,11.8,41.4,0
evt_003365,2026-04-14 23:04:00,user_001355,sess_001520,page_114,entretenimento,computador,direto,0,1,40.4,72.1,0
evt_003366,2026-04-07 06:10:00,user_001575,sess_000679,page_124,tecnologia,celular,orgânico,1,1,19.1,64.9,1
evt_003367,2026-03-18 06:30:00,user_002552,sess_001474,page_118,estilo de vida,tablet,orgânico,0,1,167.4,48.0,1
evt_003368,2026-03-26 09:59:00,user_002377,sess_001548,page_133,esportes,computador,redes sociais,0,1,67.4,72.3,0
evt_003369,2026-03-08 01:41:00,user_000072,sess_001993,page_098,esportes,computador,redes sociais,0,1,240.9,69.8,0
evt_003370,2026-04-29 04:58:00,user_002084,sess_000660,page_079,entretenimento,celular,redes sociais,0,1,34.5,23.6,0
evt_003371,2026-03-15 07:12:00,user_002503,sess_000696,page_074,notícias,computador,orgânico,1,1,46.4,70.4,0
evt_003372,2026-03-19 12:29:00,user_002232,sess_000049,page_029,entretenimento,tablet,orgânico,0,1,119.4,77.3,0
evt_003373,2026-03-31 04:08:00,user_001492,sess_000571,page_116,esportes,celular,redes sociais,1,1,44.5,27.6,0
evt_003374,2026-04-10 08:13:00,user_001007,sess_000561,page_097,tecnologia,computador,orgânico,1,1,128.5,97.1,0
evt_003375,2026-03-31 07:35:00,user_002019,sess_000906,page_122,esportes,celular,redes sociais,0,1,150.4,86.1,0
evt_003376,2026-03-31 07:24:00,user_001991,sess_000842,page_098,entretenimento,celular,orgânico,1,1,55.0,23.7,1
evt_003377,2026-04-04 23:00:00,user_001122,sess_001713,page_067,notícias,celular,referência,0,1,113.2,50.8,0
evt_003378,2026-04-21 11:04:00,user_001219,sess_001547,page_042,esportes,computador,direto,0,1,87.8,40.1,1
evt_003379,2026-03-24 16:56:00,user_001106,sess_001457,page_138,tecnologia,computador,orgânico,0,1,10.9,34.3,0
evt_003380,2026-04-19 22:16:00,user_000135,sess_000011,page_102,esportes,computador,direto,0,1,128.8,64.3,0
evt_003381,2026-04-17 05:07:00,user_000096,sess_000943,page_122,esportes,celular,redes sociais,1,1,78.1,61.0,0
evt_003382,2026-04-27 15:50:00,user_000250,sess_001459,page_082,entretenimento,computador,redes sociais,0,1,54.9,39.8,0
evt_003383,2026-04-24 18:56:00,user_001271,sess_000489,page_071,tecnologia,computador,orgânico,0,1,50.2,42.1,1
evt_003384,2026-04-17 21:22:00,user_001531,sess_000850,page_005,notícias,celular,orgânico,1,1,162.0,58.2,1
evt_003385,2026-03-15 19:17:00,user_001225,sess_001454,page_010,estilo de vida,celular,referência,0,1,51.1,66.2,0
evt_003386,2026-04-16 10:59:00,user_002865,sess_001589,page_099,esportes,computador,orgânico,0,1,71.5,41.5,1
evt_003387,2026-04-14 04:35:00,user_000675,sess_001709,page_032,notícias,tablet,direto,0,1,97.7,59.4,0
evt_003388,2026-03-18 08:52:00,user_001179,sess_000860,page_012,estilo de vida,celular,orgânico,0,1,85.7,69.1,1
evt_003389,2026-04-10 16:16:00,user_000742,sess_000800,page_108,notícias,tablet,redes sociais,0,1,47.2,76.3,0
evt_003390,2026-03-16 04:16:00,user_000899,sess_000766,page_087,finanças,computador,redes sociais,0,1,171.4,71.9,0
evt_003391,2026-04-01 09:15:00,user_001752,sess_001337,page_016,esportes,celular,orgânico,1,1,20.1,61.2,1
evt_003392,2026-04-17 19:19:00,user_000930,sess_000839,page_070,tecnologia,computador,orgânico,1,1,82.3,53.2,0
evt_003393,2026-03-12 07:29:00,user_000953,sess_000801,page_066,estilo de vida,computador,redes sociais,1,1,38.8,49.8,0
evt_003394,2026-03-21 05:12:00,user_002012,sess_000337,page_001,notícias,computador,redes sociais,0,1,63.6,61.6,0
evt_003395,2026-04-17 17:08:00,user_002490,sess_000957,page_085,entretenimento,computador,newsletter,1,1,60.0,59.9,1
evt_003396,2026-03-28 05:27:00,user_000638,sess_000475,page_056,tecnologia,celular,direto,0,1,39.4,66.3,1
evt_003397,2026-04-27 15:18:00,user_000335,sess_001050,page_123,esportes,celular,referência,1,1,109.1,42.7,0
evt_003398,2026-03-01 11:27:00,user_000719,sess_001777,page_017,entretenimento,computador,newsletter,1,1,98.6,70.8,1
evt_003399,2026-04-13 07:26:00,user_001733,sess_001551,page_118,esportes,computador,orgânico,0,1,27.7,27.6,1
evt_003400,2026-04-18 20:26:00,user_002879,sess_000956,page_001,esportes,computador,referência,0,1,177.8,71.7,0
evt_003401,2026-04-25 01:43:00,user_000480,sess_001955,page_107,esportes,celular,newsletter,1,1,47.1,53.8,0
evt_003402,2026-03-10 09:43:00,user_000129,sess_001960,page_109,notícias,computador,redes sociais,1,1,68.9,35.4,0
evt_003403,2026-04-29 01:13:00,user_001585,sess_000889,page_057,estilo de vida,celular,direto,0,1,17.7,35.5,0
evt_003404,2026-03-24 12:52:00,user_002972,sess_001527,page_039,estilo de vida,computador,orgânico,1,1,56.5,69.0,0
evt_003405,2026-03-22 02:57:00,user_001658,sess_000685,page_020,entretenimento,celular,orgânico,0,1,93.5,60.5,0
evt_003406,2026-03-22 07:58:00,user_002773,sess_001757,page_048,esportes,celular,orgânico,0,1,26.0,62.1,0
evt_003407,2026-04-08 07:02:00,user_001927,sess_000747,page_094,notícias,computador,orgânico,0,1,56.4,54.2,0
evt_003408,2026-04-09 13:22:00,user_000095,sess_000517,page_101,esportes,celular,redes sociais,0,1,65.3,49.9,0
evt_003409,2026-03-29 10:27:00,user_001282,sess_000268,page_026,notícias,tablet,direto,0,1,69.9,60.4,0
evt_003410,2026-03-05 06:17:00,user_002310,sess_001685,page_002,entretenimento,celular,orgânico,0,1,7.2,57.3,1
evt_003411,2026-04-29 04:44:00,user_001528,sess_000594,page_079,tecnologia,computador,orgânico,0,1,32.2,42.7,0
evt_003412,2026-03-14 07:49:00,user_000585,sess_001626,page_081,tecnologia,celular,orgânico,1,1,65.5,24.4,0
evt_003413,2026-03-06 15:04:00,user_000543,sess_000173,page_137,tecnologia,computador,newsletter,0,1,80.0,44.0,0
evt_003414,2026-04-05 20:13:00,user_001990,sess_001002,page_106,esportes,tablet,referência,0,1,48.6,61.1,0
evt_003415,2026-03-25 17:49:00,user_001389,sess_000856,page_077,notícias,celular,orgânico,0,1,126.4,74.5,0
evt_003416,2026-04-06 22:25:00,user_001722,sess_000878,page_083,finanças,celular,referência,0,1,67.7,26.0,0
evt_003417,2026-04-22 12:46:00,user_001119,sess_000335,page_090,tecnologia,celular,referência,0,1,54.4,47.9,1
evt_003418,2026-03-06 20:08:00,user_001017,sess_000148,page_063,esportes,computador,referência,0,1,48.8,62.2,0
evt_003419,2026-03-18 01:02:00,user_001998,sess_000693,page_095,notícias,celular,referência,0,1,58.4,60.4,0
evt_003420,2026-03-31 23:51:00,user_000024,sess_000940,page_028,estilo de vida,celular,redes sociais,0,1,21.8,59.0,0
evt_003421,2026-04-17 06:25:00,user_001305,sess_001587,page_116,notícias,computador,orgânico,0,1,55.9,47.4,1
evt_003422,2026-04-06 00:55:00,user_001112,sess_000925,page_120,estilo de vida,computador,referência,0,1,38.2,42.4,0
evt_003423,2026-03-23 23:12:00,user_002338,sess_000492,page_061,notícias,tablet,referência,1,1,60.0,66.9,0
evt_003424,2026-04-06 14:29:00,user_002185,sess_000525,page_064,finanças,computador,orgânico,0,1,39.2,70.5,0
evt_003425,2026-04-28 19:10:00,user_001278,sess_001224,page_070,esportes,celular,redes sociais,0,1,47.8,56.4,0
evt_003426,2026-03-29 19:16:00,user_000788,sess_000871,page_114,entretenimento,computador,redes sociais,0,1,54.3,97.9,1
evt_003427,2026-04-23 00:16:00,user_000708,sess_001802,page_025,tecnologia,celular,redes sociais,0,1,30.7,82.3,1
evt_003428,2026-04-16 19:08:00,user_000634,sess_000880,page_048,notícias,celular,redes sociais,0,1,61.5,67.8,0
evt_003429,2026-03-19 01:54:00,user_000821,sess_001134,page_086,tecnologia,computador,orgânico,0,1,73.5,76.5,1
evt_003430,2026-03-15 23:17:00,user_002281,sess_000128,page_097,tecnologia,computador,redes sociais,1,1,79.0,70.9,0
evt_003431,2026-04-16 05:04:00,user_000136,sess_000388,page_042,estilo de vida,computador,orgânico,0,1,118.7,52.5,0
evt_003432,2026-03-13 10:46:00,user_000079,sess_001700,page_017,entretenimento,celular,orgânico,0,1,44.4,35.7,1
evt_003433,2026-03-21 05:04:00,user_001620,sess_000690,page_071,tecnologia,computador,redes sociais,1,1,79.0,77.3,0
evt_003434,2026-03-15 02:58:00,user_000671,sess_000842,page_089,notícias,computador,orgânico,1,1,95.8,57.7,0
evt_003435,2026-04-06 09:09:00,user_002492,sess_001181,page_107,esportes,celular,redes sociais,0,1,27.2,76.0,0
evt_003436,2026-03-18 15:33:00,user_002256,sess_000116,page_001,esportes,tablet,orgânico,0,1,64.1,74.4,0
evt_003437,2026-04-09 12:12:00,user_002307,sess_001013,page_003,finanças,computador,redes sociais,0,1,106.9,36.0,1
evt_003438,2026-04-26 02:10:00,user_001371,sess_000693,page_054,entretenimento,celular,orgânico,1,1,60.9,70.6,0
evt_003439,2026-04-19 18:37:00,user_001313,sess_000298,page_079,estilo de vida,tablet,orgânico,0,1,112.3,92.7,1
evt_003440,2026-04-26 21:03:00,user_001277,sess_000837,page_001,esportes,celular,direto,0,1,72.3,54.4,0
evt_003441,2026-03-02 11:12:00,user_000589,sess_000894,page_025,entretenimento,tablet,direto,0,1,114.5,65.0,0
evt_003442,2026-03-28 07:51:00,user_001702,sess_000373,page_059,tecnologia,celular,redes sociais,1,1,110.0,78.8,0
evt_003443,2026-03-14 05:01:00,user_002590,sess_001086,page_039,esportes,celular,direto,0,1,106.2,28.7,0
evt_003444,2026-04-25 01:43:00,user_000770,sess_001492,page_099,entretenimento,celular,orgânico,0,1,64.6,17.3,1
evt_003445,2026-04-12 17:09:00,user_000171,sess_000535,page_005,esportes,computador,orgânico,1,1,79.1,54.9,1
evt_003446,2026-03-20 05:07:00,user_001694,sess_001933,page_124,finanças,celular,orgânico,1,1,64.4,34.7,1
evt_003447,2026-04-03 19:28:00,user_001198,sess_001225,page_024,finanças,celular,direto,1,1,24.6,92.9,0
evt_003448,2026-04-06 07:49:00,user_002392,sess_001546,page_062,entretenimento,computador,redes sociais,0,1,25.7,75.2,0
evt_003449,2026-03-30 17:40:00,user_002569,sess_000141,page_138,esportes,celular,direto,0,1,89.3,84.0,1
evt_003450,2026-03-29 11:04:00,user_002851,sess_001535,page_093,esportes,celular,referência,0,1,199.6,57.1,0
evt_003451,2026-03-04 07:30:00,user_001180,sess_000673,page_139,estilo de vida,computador,orgânico,0,1,35.0,80.4,1
evt_003452,2026-03-28 03:32:00,user_002705,sess_001420,page_003,entretenimento,computador,referência,0,1,58.1,59.9,0
evt_003453,2026-03-21 21:31:00,user_000354,sess_001608,page_101,notícias,computador,direto,1,1,61.2,66.0,0
evt_003454,2026-04-19 02:16:00,user_001118,sess_000501,page_011,notícias,computador,redes sociais,1,1,40.8,100.0,0
evt_003455,2026-04-21 21:44:00,user_000798,sess_000519,page_086,entretenimento,celular,redes sociais,0,1,68.0,32.9,1
evt_003456,2026-04-15 00:35:00,user_002769,sess_000119,page_046,tecnologia,computador,redes sociais,0,1,75.5,92.8,0
evt_003457,2026-03-02 20:29:00,user_001800,sess_001210,page_109,esportes,celular,orgânico,0,1,93.3,20.5,1
evt_003458,2026-04-20 11:22:00,user_001098,sess_001548,page_018,esportes,computador,orgânico,1,1,65.8,57.7,1
evt_003459,2026-03-24 18:52:00,user_000456,sess_000820,page_125,finanças,tablet,orgânico,1,1,19.4,77.2,0
evt_003460,2026-03-25 23:34:00,user_002349,sess_000322,page_067,estilo de vida,celular,orgânico,1,1,140.2,48.2,1
evt_003461,2026-04-26 17:00:00,user_001965,sess_000633,page_073,estilo de vida,computador,orgânico,0,1,61.0,63.7,0
evt_003462,2026-04-22 00:54:00,user_002559,sess_000806,page_080,tecnologia,computador,orgânico,0,1,44.0,65.4,1
evt_003463,2026-03-04 01:16:00,user_001315,sess_001832,page_005,notícias,computador,newsletter,1,1,41.1,70.4,0
evt_003464,2026-03-22 14:09:00,user_000450,sess_000248,page_044,tecnologia,computador,orgânico,0,1,22.7,54.0,0
evt_003465,2026-04-14 23:34:00,user_001003,sess_000687,page_099,notícias,celular,newsletter,0,1,51.6,44.4,1
evt_003466,2026-04-02 07:56:00,user_001860,sess_001276,page_134,entretenimento,celular,redes sociais,0,1,43.8,61.8,1
evt_003467,2026-03-16 10:57:00,user_000723,sess_000474,page_137,notícias,celular,orgânico,0,1,104.1,51.6,0
evt_003468,2026-04-01 11:40:00,user_000213,sess_001769,page_075,notícias,celular,orgânico,0,1,28.8,58.6,0
evt_003469,2026-04-21 23:55:00,user_002470,sess_001818,page_036,notícias,celular,orgânico,1,1,34.4,51.8,0
evt_003470,2026-03-14 09:32:00,user_001592,sess_000760,page_067,esportes,computador,orgânico,0,1,74.3,62.0,0
evt_003471,2026-04-14 18:20:00,user_001190,sess_001492,page_065,finanças,celular,orgânico,0,1,47.5,53.9,1
evt_003472,2026-04-14 02:03:00,user_001658,sess_001512,page_056,estilo de vida,celular,referência,0,1,141.8,48.4,1
evt_003473,2026-04-23 03:24:00,user_002215,sess_001363,page_051,entretenimento,celular,orgânico,1,1,35.9,35.8,0
evt_003474,2026-03-18 21:02:00,user_000005,sess_000373,page_121,finanças,computador,redes sociais,1,1,82.9,69.1,1
evt_003475,2026-03-13 22:55:00,user_001321,sess_000100,page_055,finanças,computador,redes sociais,0,1,88.7,48.0,0
evt_003476,2026-04-02 20:37:00,user_000763,sess_000695,page_005,esportes,computador,direto,0,1,19.2,64.2,0
evt_003477,2026-04-01 21:03:00,user_000276,sess_000263,page_101,tecnologia,computador,newsletter,1,1,53.5,78.4,1
evt_003478,2026-03-25 13:43:00,user_000108,sess_000585,page_093,notícias,computador,redes sociais,1,1,21.0,89.3,1
evt_003479,2026-04-16 18:08:00,user_001322,sess_001277,page_053,esportes,celular,orgânico,0,1,40.9,55.8,0
evt_003480,2026-04-17 22:37:00,user_001632,sess_001178,page_088,notícias,computador,newsletter,0,1,9.8,100.0,1
evt_003481,2026-03-15 17:48:00,user_001523,sess_000419,page_131,notícias,tablet,newsletter,1,1,34.5,70.3,1
evt_003482,2026-04-17 17:33:00,user_002349,sess_000036,page_129,estilo de vida,computador,direto,0,1,65.7,60.6,0
evt_003483,2026-03-14 20:16:00,user_001374,sess_000452,page_110,notícias,tablet,direto,0,1,31.5,96.8,0
evt_003484,2026-03-25 10:59:00,user_001770,sess_000910,page_082,notícias,computador,redes sociais,0,1,64.0,40.4,1
evt_003485,2026-03-02 15:08:00,user_002448,sess_001558,page_004,tecnologia,computador,redes sociais,1,1,171.4,57.7,0
evt_003486,2026-03-21 10:10:00,user_001972,sess_000730,page_072,notícias,computador,orgânico,0,1,83.4,52.1,0
evt_003487,2026-04-27 12:15:00,user_002732,sess_000572,page_114,estilo de vida,computador,redes sociais,0,1,104.6,32.2,0
evt_003488,2026-03-27 13:17:00,user_000665,sess_001103,page_118,esportes,computador,referência,0,1,15.9,77.8,0
evt_003489,2026-04-12 14:25:00,user_002360,sess_000144,page_108,entretenimento,celular,orgânico,1,1,16.0,63.9,0
evt_003490,2026-03-07 11:24:00,user_002090,sess_000451,page_138,tecnologia,computador,redes sociais,1,1,35.0,71.4,0
evt_003491,2026-04-08 03:12:00,user_001748,sess_000073,page_072,notícias,computador,direto,0,1,17.8,71.0,0
evt_003492,2026-03-23 07:04:00,user_000012,sess_001051,page_016,entretenimento,computador,orgânico,0,1,7.8,24.2,1
evt_003493,2026-04-14 15:21:00,user_001624,sess_000886,page_070,finanças,celular,redes sociais,1,1,37.7,89.9,1
evt_003494,2026-04-25 16:20:00,user_002575,sess_001165,page_045,esportes,celular,direto,1,1,64.5,43.0,0
evt_003495,2026-04-01 21:31:00,user_001934,sess_001234,page_117,estilo de vida,computador,orgânico,1,1,31.4,77.6,0
evt_003496,2026-03-07 04:04:00,user_000016,sess_000790,page_109,tecnologia,computador,orgânico,0,1,42.9,33.0,0
evt_003497,2026-03-29 13:37:00,user_000864,sess_001737,page_060,esportes,celular,orgânico,0,1,47.3,65.3,0
evt_003498,2026-03-08 09:16:00,user_001708,sess_001836,page_054,esportes,celular,orgânico,1,1,33.6,45.5,0
evt_003499,2026-03-27 23:19:00,user_002435,sess_000222,page_023,notícias,celular,redes sociais,0,1,23.0,62.6,0
evt_003500,2026-03-04 16:03:00,user_001335,sess_001840,page_007,estilo de vida,celular,direto,0,1,63.8,54.9,1
evt_003501,2026-04-08 10:13:00,user_002570,sess_000394,page_044,entretenimento,computador,orgânico,0,1,40.1,63.8,0
evt_003502,2026-03-19 15:02:00,user_002387,sess_000497,page_034,finanças,celular,direto,0,1,26.1,61.5,0
evt_003503,2026-03-13 02:12:00,user_000802,sess_001060,page_037,entretenimento,celular,orgânico,1,1,141.4,48.5,1
evt_003504,2026-03-02 00:55:00,user_000585,sess_000059,page_139,notícias,celular,referência,0,1,53.8,83.1,1
evt_003505,2026-04-23 06:48:00,user_002708,sess_000728,page_095,tecnologia,computador,orgânico,1,1,16.6,83.0,0
evt_003506,2026-04-20 05:33:00,user_001768,sess_000389,page_077,entretenimento,celular,direto,1,1,39.7,96.1,0
evt_003507,2026-04-18 16:55:00,user_002546,sess_000965,page_025,estilo de vida,celular,orgânico,0,1,83.7,59.1,1
evt_003508,2026-03-04 11:43:00,user_002766,sess_001629,page_117,notícias,celular,referência,1,1,40.3,56.5,1
evt_003509,2026-03-21 23:22:00,user_001274,sess_001848,page_090,esportes,celular,redes sociais,0,1,38.9,60.2,0
evt_003510,2026-04-28 06:44:00,user_000138,sess_000425,page_072,notícias,celular,newsletter,1,1,51.3,45.1,1
evt_003511,2026-04-04 17:11:00,user_002727,sess_001090,page_065,estilo de vida,computador,redes sociais,1,1,23.2,34.1,0
evt_003512,2026-03-08 17:02:00,user_001751,sess_000949,page_077,entretenimento,computador,referência,0,1,10.5,48.0,0
evt_003513,2026-03-09 11:04:00,user_000362,sess_000830,page_117,esportes,computador,redes sociais,0,1,105.6,44.1,0
evt_003514,2026-03-16 18:52:00,user_001589,sess_001265,page_101,notícias,celular,orgânico,0,1,63.4,70.1,0
evt_003515,2026-04-28 08:10:00,user_000084,sess_001978,page_068,esportes,celular,direto,0,1,54.7,74.5,0
evt_003516,2026-03-11 04:14:00,user_000870,sess_000811,page_093,estilo de vida,celular,orgânico,1,1,48.7,19.8,0
evt_003517,2026-04-24 04:09:00,user_001044,sess_000131,page_130,estilo de vida,celular,direto,1,1,51.9,43.0,1
evt_003518,2026-04-10 16:20:00,user_001363,sess_001832,page_046,esportes,celular,orgânico,1,1,156.0,66.7,1
evt_003519,2026-04-25 07:31:00,user_001696,sess_001864,page_126,tecnologia,celular,direto,0,1,30.3,61.8,1
evt_003520,2026-04-19 13:27:00,user_002518,sess_000645,page_085,notícias,computador,redes sociais,1,1,102.3,54.8,0
evt_003521,2026-03-20 22:18:00,user_001054,sess_001003,page_026,estilo de vida,computador,redes sociais,0,1,104.7,54.2,0
evt_003522,2026-04-19 16:10:00,user_002206,sess_001725,page_135,finanças,computador,direto,0,1,69.4,73.7,0
evt_003523,2026-03-11 03:33:00,user_002826,sess_001008,page_096,notícias,celular,direto,0,1,103.0,66.9,1
evt_003524,2026-03-18 10:59:00,user_002245,sess_000962,page_054,estilo de vida,computador,direto,1,1,59.4,32.8,1
evt_003525,2026-03-13 16:57:00,user_000764,sess_001844,page_030,estilo de vida,computador,direto,1,1,37.7,23.1,0
evt_003526,2026-03-08 23:45:00,user_002033,sess_001657,page_128,finanças,computador,redes sociais,0,1,66.3,65.2,0
evt_003527,2026-03-06 09:36:00,user_000844,sess_001015,page_115,tecnologia,celular,referência,0,1,221.2,73.5,0
evt_003528,2026-03-12 05:51:00,user_001434,sess_000323,page_007,finanças,tablet,orgânico,1,1,63.3,58.0,0
evt_003529,2026-03-08 04:57:00,user_001904,sess_000877,page_089,esportes,celular,orgânico,0,1,69.4,100.0,1
evt_003530,2026-03-23 19:48:00,user_000880,sess_001353,page_016,entretenimento,computador,direto,1,1,13.1,75.4,1
evt_003531,2026-03-05 06:40:00,user_000012,sess_000545,page_041,entretenimento,celular,redes sociais,0,1,21.3,49.5,1
evt_003532,2026-03-04 16:14:00,user_002511,sess_001075,page_079,notícias,computador,referência,0,1,37.2,24.2,0
evt_003533,2026-04-29 09:20:00,user_002182,sess_001317,page_035,entretenimento,celular,newsletter,0,1,51.3,73.5,0
evt_003534,2026-03-06 06:16:00,user_000370,sess_000170,page_072,tecnologia,computador,referência,0,1,79.4,42.1,1
evt_003535,2026-03-05 10:38:00,user_001133,sess_001139,page_060,notícias,computador,redes sociais,0,1,138.2,47.3,0
evt_003536,2026-03-02 19:21:00,user_000785,sess_001475,page_081,finanças,celular,direto,1,1,23.0,51.4,1
evt_003537,2026-03-08 22:51:00,user_002933,sess_000429,page_112,notícias,celular,orgânico,1,1,50.2,33.3,1
evt_003538,2026-04-01 16:12:00,user_002825,sess_001097,page_022,estilo de vida,tablet,orgânico,1,1,85.7,48.1,0
evt_003539,2026-04-19 15:14:00,user_002074,sess_001419,page_111,entretenimento,computador,direto,0,1,30.0,47.9,0
evt_003540,2026-04-14 02:14:00,user_001322,sess_000089,page_031,esportes,tablet,direto,1,1,146.9,41.7,0
evt_003541,2026-04-04 19:32:00,user_000157,sess_001288,page_005,finanças,computador,orgânico,0,1,55.2,53.8,1
evt_003542,2026-03-06 02:26:00,user_000741,sess_000520,page_063,esportes,computador,referência,0,1,38.7,94.2,0
evt_003543,2026-04-16 11:09:00,user_000278,sess_000795,page_043,estilo de vida,celular,referência,0,1,45.8,72.8,0
evt_003544,2026-03-03 05:38:00,user_002368,sess_001296,page_026,tecnologia,celular,orgânico,0,1,13.3,55.4,1
evt_003545,2026-04-07 20:30:00,user_000265,sess_000009,page_059,notícias,celular,orgânico,1,1,121.4,24.0,0
evt_003546,2026-03-25 13:26:00,user_002032,sess_000034,page_121,estilo de vida,celular,referência,1,1,59.6,68.9,0
evt_003547,2026-04-22 22:19:00,user_002857,sess_000893,page_082,esportes,celular,orgânico,0,1,131.6,94.7,1
evt_003548,2026-03-19 10:50:00,user_000924,sess_001899,page_102,tecnologia,computador,orgânico,0,1,52.7,92.6,0
evt_003549,2026-04-08 07:23:00,user_002052,sess_000013,page_021,tecnologia,tablet,redes sociais,0,1,170.2,55.3,0
evt_003550,2026-03-27 09:35:00,user_002637,sess_001577,page_011,estilo de vida,celular,referência,1,1,20.2,64.9,1
evt_003551,2026-04-01 07:51:00,user_001283,sess_000150,page_047,esportes,celular,direto,0,1,91.3,35.9,0
evt_003552,2026-04-26 07:52:00,user_001347,sess_000978,page_108,estilo de vida,celular,direto,0,1,38.8,63.3,0
evt_003553,2026-04-12 18:21:00,user_000602,sess_000861,page_124,estilo de vida,computador,referência,0,1,133.3,71.7,0
evt_003554,2026-03-25 20:57:00,user_001283,sess_000936,page_015,estilo de vida,celular,direto,1,1,40.7,68.1,1
evt_003555,2026-03-27 20:14:00,user_002621,sess_000164,page_067,estilo de vida,celular,direto,0,1,13.6,81.5,0
evt_003556,2026-04-12 06:34:00,user_001990,sess_001507,page_056,tecnologia,celular,orgânico,1,1,22.3,71.2,1
evt_003557,2026-03-21 18:19:00,user_000605,sess_000552,page_104,esportes,celular,redes sociais,1,1,25.6,25.3,0
evt_003558,2026-03-11 01:42:00,user_001580,sess_001542,page_029,notícias,celular,redes sociais,0,1,27.0,50.4,0
evt_003559,2026-03-29 01:25:00,user_002120,sess_001311,page_068,entretenimento,celular,orgânico,0,1,20.9,77.9,0
evt_003560,2026-03-05 02:14:00,user_000232,sess_001103,page_119,notícias,celular,redes sociais,1,1,99.0,25.4,0
evt_003561,2026-03-11 04:23:00,user_002290,sess_000617,page_065,entretenimento,computador,orgânico,0,1,58.0,59.4,0
evt_003562,2026-03-26 05:49:00,user_000604,sess_001304,page_109,estilo de vida,celular,orgânico,0,1,31.7,49.5,1
evt_003563,2026-04-17 19:03:00,user_000884,sess_001995,page_087,entretenimento,celular,redes sociais,1,1,49.1,33.2,1
evt_003564,2026-04-16 21:14:00,user_001249,sess_001846,page_084,estilo de vida,celular,orgânico,0,1,123.5,76.8,1
evt_003565,2026-03-16 15:24:00,user_001515,sess_001832,page_037,tecnologia,celular,orgânico,0,1,67.2,42.3,1
evt_003566,2026-03-26 07:34:00,user_002748,sess_000440,page_138,tecnologia,computador,direto,1,1,37.8,100.0,0
evt_003567,2026-03-10 05:05:00,user_000669,sess_001171,page_035,finanças,computador,referência,1,1,30.6,61.7,0
evt_003568,2026-04-15 07:33:00,user_000768,sess_000796,page_130,esportes,computador,direto,1,1,129.7,79.5,0
evt_003569,2026-03-15 18:44:00,user_001137,sess_001933,page_138,notícias,celular,orgânico,0,1,32.1,91.6,0
evt_003570,2026-04-17 23:19:00,user_002571,sess_001900,page_072,esportes,celular,direto,0,1,8.9,64.6,0
evt_003571,2026-04-20 12:34:00,user_002895,sess_001736,page_121,entretenimento,celular,direto,1,1,90.7,59.7,0
evt_003572,2026-04-11 08:16:00,user_001364,sess_000326,page_100,esportes,celular,orgânico,0,1,18.2,73.4,0
evt_003573,2026-03-20 19:29:00,user_002079,sess_000638,page_103,tecnologia,celular,orgânico,1,1,91.8,91.1,0
evt_003574,2026-04-27 04:11:00,user_002751,sess_001422,page_010,finanças,celular,redes sociais,1,1,28.5,72.5,1
evt_003575,2026-04-11 03:54:00,user_002539,sess_001499,page_020,esportes,tablet,redes sociais,1,1,24.5,44.0,0
evt_003576,2026-04-08 18:00:00,user_002044,sess_000701,page_010,entretenimento,computador,orgânico,1,1,10.5,29.2,0
evt_003577,2026-04-21 09:13:00,user_001622,sess_000274,page_005,notícias,celular,orgânico,0,1,61.7,64.9,1
evt_003578,2026-04-22 21:18:00,user_002953,sess_000274,page_117,estilo de vida,computador,redes sociais,1,1,82.9,37.8,1
evt_003579,2026-03-05 15:57:00,user_000717,sess_001369,page_025,finanças,computador,redes sociais,1,1,54.3,84.5,1
evt_003580,2026-04-22 21:25:00,user_001088,sess_000908,page_001,notícias,celular,redes sociais,1,1,41.8,83.2,1
evt_003581,2026-04-15 21:38:00,user_002138,sess_000982,page_131,notícias,computador,newsletter,0,1,31.2,69.7,0
evt_003582,2026-03-13 09:23:00,user_000063,sess_001630,page_039,estilo de vida,celular,orgânico,0,1,37.3,56.8,0
evt_003583,2026-03-19 11:02:00,user_001502,sess_000034,page_114,notícias,computador,direto,1,1,52.2,70.3,1
evt_003584,2026-04-15 03:50:00,user_002563,sess_001509,page_134,tecnologia,computador,orgânico,0,1,43.3,58.6,0
evt_003585,2026-03-13 23:56:00,user_000531,sess_000549,page_073,estilo de vida,computador,direto,0,1,38.5,52.8,0
evt_003586,2026-03-28 03:28:00,user_002409,sess_001862,page_129,notícias,celular,direto,0,1,37.1,49.3,0
evt_003587,2026-04-11 08:01:00,user_001237,sess_001910,page_135,esportes,celular,redes sociais,0,1,106.2,60.3,1
evt_003588,2026-04-09 00:42:00,user_002581,sess_001004,page_021,notícias,celular,direto,0,1,16.6,58.4,0
evt_003589,2026-04-24 14:06:00,user_001904,sess_000632,page_021,tecnologia,celular,direto,1,1,261.2,82.9,0
evt_003590,2026-03-07 16:36:00,user_000472,sess_000467,page_052,finanças,computador,direto,0,1,164.1,77.5,0
evt_003591,2026-03-18 16:49:00,user_002206,sess_000363,page_078,notícias,celular,orgânico,1,1,23.5,31.6,1
evt_003592,2026-04-29 02:13:00,user_000169,sess_001998,page_110,estilo de vida,computador,orgânico,0,1,118.8,68.0,0
evt_003593,2026-04-04 03:07:00,user_000730,sess_000375,page_026,finanças,computador,referência,0,1,44.2,67.9,0
evt_003594,2026-03-15 22:08:00,user_002665,sess_000893,page_027,estilo de vida,celular,redes sociais,0,1,12.4,63.7,1
evt_003595,2026-03-18 09:21:00,user_002628,sess_000958,page_043,notícias,celular,orgânico,1,1,69.3,53.1,0
evt_003596,2026-03-21 08:27:00,user_000139,sess_001358,page_038,notícias,celular,newsletter,0,1,37.3,58.8,0
evt_003597,2026-04-03 06:10:00,user_001139,sess_001685,page_131,esportes,computador,newsletter,0,1,112.6,91.0,1
evt_003598,2026-03-18 01:44:00,user_000283,sess_001116,page_056,estilo de vida,celular,redes sociais,0,1,175.5,50.8,0
evt_003599,2026-04-07 07:28:00,user_000814,sess_001516,page_121,estilo de vida,celular,redes sociais,1,1,19.1,45.4,0
evt_003600,2026-03-27 17:11:00,user_002902,sess_001133,page_008,esportes,celular,orgânico,0,1,29.2,44.1,1
evt_003601,2026-04-06 14:52:00,user_000586,sess_000874,page_015,notícias,tablet,redes sociais,0,1,46.3,36.7,0
evt_003602,2026-03-10 07:22:00,user_001924,sess_000316,page_112,estilo de vida,celular,newsletter,0,1,63.7,70.1,1
evt_003603,2026-04-07 09:54:00,user_002412,sess_000418,page_035,notícias,computador,orgânico,0,1,25.4,81.6,0
evt_003604,2026-04-25 11:37:00,user_002643,sess_000865,page_012,estilo de vida,celular,orgânico,0,1,75.9,46.2,0
evt_003605,2026-03-09 02:30:00,user_001063,sess_000093,page_083,finanças,celular,referência,0,1,17.6,76.7,0
evt_003606,2026-03-20 15:31:00,user_002090,sess_000633,page_021,esportes,celular,orgânico,1,1,20.0,78.8,1
evt_003607,2026-04-11 14:41:00,user_001450,sess_000925,page_009,finanças,celular,newsletter,1,1,96.2,70.6,0
evt_003608,2026-04-07 01:03:00,user_000322,sess_000945,page_057,notícias,tablet,orgânico,0,1,46.7,58.4,0
evt_003609,2026-04-10 11:38:00,user_000669,sess_001629,page_077,estilo de vida,computador,orgânico,0,1,44.2,44.9,0
evt_003610,2026-04-03 13:46:00,user_002244,sess_001935,page_074,notícias,celular,newsletter,0,1,86.6,70.5,0
evt_003611,2026-04-10 22:55:00,user_002058,sess_001459,page_082,finanças,computador,orgânico,1,1,4.6,61.3,0
evt_003612,2026-04-06 13:31:00,user_001563,sess_000159,page_004,finanças,celular,direto,0,1,41.4,78.0,0
evt_003613,2026-03-05 10:39:00,user_002343,sess_000817,page_041,notícias,tablet,orgânico,1,1,54.6,47.8,0
evt_003614,2026-04-15 01:50:00,user_002074,sess_001460,page_048,estilo de vida,celular,direto,1,1,18.1,64.5,1
evt_003615,2026-03-27 19:26:00,user_001018,sess_001189,page_041,tecnologia,celular,orgânico,1,1,47.8,79.8,0
evt_003616,2026-03-04 02:05:00,user_000882,sess_000916,page_078,entretenimento,computador,referência,0,1,104.7,67.7,1
evt_003617,2026-03-25 13:00:00,user_002835,sess_000873,page_032,notícias,computador,newsletter,0,1,75.3,45.3,0
evt_003618,2026-03-27 02:39:00,user_002915,sess_000812,page_088,notícias,celular,orgânico,1,1,5.8,36.1,1
evt_003619,2026-03-06 04:51:00,user_000092,sess_001158,page_131,esportes,celular,orgânico,0,1,47.2,59.4,1
evt_003620,2026-04-29 18:22:00,user_002372,sess_000358,page_092,entretenimento,computador,direto,0,1,106.5,85.8,1
evt_003621,2026-03-14 08:12:00,user_000399,sess_001035,page_055,finanças,celular,newsletter,1,1,81.4,81.8,0
evt_003622,2026-03-20 20:08:00,user_002583,sess_000412,page_061,esportes,celular,orgânico,1,1,41.5,97.6,0
evt_003623,2026-03-27 10:59:00,user_001766,sess_001362,page_082,tecnologia,computador,newsletter,0,1,91.9,100.0,0
evt_003624,2026-04-19 22:48:00,user_002063,sess_001729,page_101,notícias,computador,referência,0,1,100.3,56.0,0
evt_003625,2026-04-14 13:47:00,user_002104,sess_001015,page_042,estilo de vida,computador,direto,0,1,32.4,70.7,0
evt_003626,2026-04-16 06:11:00,user_001815,sess_000775,page_006,finanças,celular,orgânico,1,1,87.8,65.9,1
evt_003627,2026-03-15 05:22:00,user_000752,sess_001881,page_098,estilo de vida,celular,redes sociais,1,1,32.3,47.1,0
evt_003628,2026-04-20 17:25:00,user_002421,sess_001319,page_092,tecnologia,celular,direto,0,1,28.7,66.8,0
evt_003629,2026-04-19 18:50:00,user_001662,sess_000856,page_015,esportes,computador,direto,1,1,61.4,63.1,1
evt_003630,2026-03-28 19:57:00,user_001635,sess_000058,page_088,estilo de vida,celular,orgânico,0,1,21.4,57.1,1
evt_003631,2026-04-02 17:56:00,user_000955,sess_000032,page_010,finanças,computador,redes sociais,0,1,42.6,59.0,0
evt_003632,2026-03-03 05:28:00,user_000031,sess_000443,page_090,notícias,celular,referência,0,1,29.1,60.7,0
evt_003633,2026-04-15 15:00:00,user_001662,sess_000473,page_104,entretenimento,computador,redes sociais,1,1,43.1,50.7,0
evt_003634,2026-04-27 15:43:00,user_001035,sess_001443,page_003,tecnologia,tablet,redes sociais,0,1,142.3,55.3,1
evt_003635,2026-03-29 08:28:00,user_001978,sess_001001,page_102,entretenimento,celular,orgânico,0,1,187.3,35.9,0
evt_003636,2026-04-02 10:19:00,user_001094,sess_001999,page_017,tecnologia,computador,orgânico,0,1,21.7,41.8,0
evt_003637,2026-03-30 22:50:00,user_002918,sess_001081,page_037,esportes,computador,orgânico,0,1,156.9,47.3,1
evt_003638,2026-03-05 23:00:00,user_002042,sess_001806,page_098,finanças,computador,redes sociais,1,1,30.4,70.0,0
evt_003639,2026-04-07 04:23:00,user_001367,sess_001105,page_050,esportes,computador,direto,0,1,90.2,59.6,0
evt_003640,2026-04-13 06:52:00,user_002124,sess_000717,page_136,notícias,computador,direto,0,1,27.0,46.2,0
evt_003641,2026-04-25 16:16:00,user_001944,sess_001429,page_134,finanças,celular,orgânico,0,1,63.9,56.0,1
evt_003642,2026-04-25 18:53:00,user_001862,sess_000899,page_138,esportes,celular,orgânico,0,1,77.6,62.2,0
evt_003643,2026-03-30 12:12:00,user_001734,sess_000550,page_015,notícias,computador,referência,0,1,95.6,48.5,0
evt_003644,2026-04-27 12:56:00,user_002795,sess_000946,page_025,tecnologia,celular,orgânico,0,1,160.9,38.9,0
evt_003645,2026-04-01 17:16:00,user_000953,sess_001330,page_026,notícias,celular,newsletter,1,1,37.4,71.7,0
evt_003646,2026-04-08 12:32:00,user_001297,sess_000751,page_082,finanças,celular,direto,1,1,81.2,38.8,1
evt_003647,2026-04-06 02:52:00,user_000759,sess_001408,page_060,tecnologia,celular,newsletter,1,1,62.4,37.2,1
evt_003648,2026-04-29 22:06:00,user_001708,sess_001961,page_104,estilo de vida,celular,direto,1,1,145.6,80.4,0
evt_003649,2026-04-14 06:01:00,user_002963,sess_000823,page_040,notícias,celular,newsletter,0,1,109.0,34.9,1
evt_003650,2026-03-08 04:48:00,user_001825,sess_000591,page_028,estilo de vida,celular,direto,1,1,98.4,87.9,1
evt_003651,2026-03-05 07:27:00,user_000621,sess_000804,page_091,tecnologia,tablet,orgânico,0,1,8.7,34.8,0
evt_003652,2026-03-25 14:13:00,user_002764,sess_001676,page_086,tecnologia,computador,referência,0,1,182.6,38.7,0
evt_003653,2026-03-31 22:35:00,user_002371,sess_000358,page_096,esportes,computador,orgânico,0,1,16.0,37.0,0
evt_003654,2026-04-10 02:49:00,user_001320,sess_001947,page_044,notícias,celular,redes sociais,1,1,18.9,31.8,1
evt_003655,2026-03-29 21:29:00,user_000440,sess_000828,page_074,estilo de vida,computador,orgânico,0,1,38.3,86.0,1
evt_003656,2026-03-31 21:04:00,user_001208,sess_001683,page_130,esportes,computador,direto,0,1,55.3,82.0,1
evt_003657,2026-04-25 07:13:00,user_002413,sess_001573,page_085,tecnologia,computador,direto,1,1,81.9,30.2,1
evt_003658,2026-03-21 02:13:00,user_001731,sess_001567,page_130,estilo de vida,celular,referência,1,1,81.6,89.5,1
evt_003659,2026-03-30 14:38:00,user_000557,sess_001818,page_061,tecnologia,celular,orgânico,0,1,54.1,33.5,0
evt_003660,2026-04-03 10:38:00,user_000476,sess_000370,page_007,entretenimento,celular,newsletter,0,1,92.9,100.0,0
evt_003661,2026-03-29 02:22:00,user_002901,sess_001187,page_106,estilo de vida,computador,referência,0,1,237.7,55.1,0
evt_003662,2026-04-28 02:05:00,user_001342,sess_000198,page_065,entretenimento,celular,orgânico,1,1,143.9,46.0,1
evt_003663,2026-04-27 17:34:00,user_002058,sess_000599,page_006,estilo de vida,computador,orgânico,0,1,38.6,68.0,0
evt_003664,2026-03-31 18:53:00,user_001082,sess_000082,page_020,notícias,computador,orgânico,0,1,41.4,40.5,0
evt_003665,2026-03-28 00:49:00,user_000271,sess_001364,page_044,tecnologia,celular,orgânico,0,1,28.6,29.8,0
evt_003666,2026-04-05 08:06:00,user_001236,sess_001215,page_027,estilo de vida,computador,redes sociais,1,1,78.8,49.3,0
evt_003667,2026-03-11 20:28:00,user_002079,sess_001480,page_096,entretenimento,celular,orgânico,1,1,23.0,59.7,1
evt_003668,2026-03-26 13:24:00,user_001000,sess_000353,page_085,esportes,celular,redes sociais,1,1,26.0,14.8,0
evt_003669,2026-03-14 00:21:00,user_001811,sess_000665,page_046,esportes,celular,direto,0,1,54.0,40.1,0
evt_003670,2026-03-09 15:25:00,user_001314,sess_001353,page_012,tecnologia,celular,redes sociais,0,1,58.3,97.1,1
evt_003671,2026-03-06 17:04:00,user_001013,sess_001653,page_011,notícias,celular,referência,0,1,67.1,57.9,0
evt_003672,2026-04-05 05:22:00,user_000765,sess_001771,page_132,estilo de vida,computador,orgânico,0,1,9.9,10.1,0
evt_003673,2026-03-01 00:49:00,user_000782,sess_000148,page_048,finanças,tablet,redes sociais,0,1,26.9,66.1,0
evt_003674,2026-04-08 18:29:00,user_000767,sess_000805,page_015,notícias,computador,referência,1,1,58.0,65.2,0
evt_003675,2026-03-26 22:00:00,user_002156,sess_000022,page_099,notícias,celular,orgânico,0,1,120.3,57.7,1
evt_003676,2026-03-22 23:44:00,user_001012,sess_001637,page_121,tecnologia,tablet,redes sociais,1,1,41.4,73.7,0
evt_003677,2026-04-16 03:42:00,user_002224,sess_000246,page_017,notícias,computador,newsletter,0,1,153.6,52.2,0
evt_003678,2026-04-02 07:47:00,user_000933,sess_001644,page_132,tecnologia,celular,redes sociais,1,1,109.7,78.4,1
evt_003679,2026-04-14 00:11:00,user_000982,sess_000312,page_101,tecnologia,celular,referência,0,1,12.1,57.8,1
evt_003680,2026-04-12 13:38:00,user_002772,sess_000031,page_036,estilo de vida,celular,newsletter,1,1,99.3,60.3,0
evt_003681,2026-03-02 22:17:00,user_002628,sess_001757,page_108,finanças,computador,orgânico,1,1,28.2,73.0,0
evt_003682,2026-03-13 22:18:00,user_001202,sess_000878,page_059,notícias,celular,direto,0,1,69.7,71.9,0
evt_003683,2026-04-04 04:46:00,user_000807,sess_000850,page_089,tecnologia,computador,direto,0,1,26.0,65.1,0
evt_003684,2026-04-28 12:47:00,user_002147,sess_001293,page_018,notícias,computador,newsletter,1,1,17.1,43.1,0
evt_003685,2026-03-10 06:10:00,user_000210,sess_000550,page_034,esportes,celular,redes sociais,1,1,21.3,90.1,0
evt_003686,2026-03-07 08:00:00,user_001369,sess_001381,page_108,entretenimento,celular,direto,0,1,67.6,42.3,0
evt_003687,2026-04-26 11:08:00,user_001800,sess_000858,page_112,esportes,celular,orgânico,0,1,79.6,40.6,1
evt_003688,2026-04-28 00:11:00,user_002027,sess_000546,page_002,esportes,celular,redes sociais,0,1,15.7,19.1,0
evt_003689,2026-03-11 01:00:00,user_000322,sess_000790,page_030,entretenimento,celular,direto,1,1,24.7,52.9,0
evt_003690,2026-03-25 02:27:00,user_000009,sess_000013,page_085,notícias,celular,newsletter,0,1,27.2,48.0,1
evt_003691,2026-04-07 14:21:00,user_000830,sess_000603,page_126,notícias,computador,orgânico,1,1,14.1,59.4,0
evt_003692,2026-03-12 17:07:00,user_000358,sess_001183,page_094,finanças,celular,orgânico,0,1,39.5,49.4,1
evt_003693,2026-03-20 13:46:00,user_001522,sess_000276,page_099,tecnologia,celular,newsletter,0,1,174.8,91.0,1
evt_003694,2026-03-24 17:12:00,user_002758,sess_000237,page_055,entretenimento,computador,redes sociais,1,1,62.0,46.3,0
evt_003695,2026-04-08 11:50:00,user_000859,sess_001312,page_008,tecnologia,celular,orgânico,1,1,46.5,46.3,1
evt_003696,2026-03-19 11:36:00,user_001361,sess_000857,page_107,entretenimento,computador,redes sociais,0,1,84.8,56.6,0
evt_003697,2026-03-25 17:39:00,user_000645,sess_000274,page_112,notícias,celular,newsletter,0,1,98.1,65.5,1
evt_003698,2026-03-18 08:59:00,user_000132,sess_001495,page_062,estilo de vida,computador,newsletter,1,1,28.9,82.2,0
evt_003699,2026-04-15 13:53:00,user_002109,sess_001551,page_071,notícias,celular,orgânico,0,1,28.5,68.5,1
evt_003700,2026-03-10 04:22:00,user_000769,sess_000070,page_033,entretenimento,celular,direto,0,1,38.1,68.2,0
evt_003701,2026-03-14 20:10:00,user_001641,sess_000404,page_063,entretenimento,tablet,redes sociais,0,1,14.9,60.4,1
evt_003702,2026-03-15 23:59:00,user_002049,sess_000741,page_034,esportes,celular,orgânico,1,1,21.5,41.6,0
evt_003703,2026-04-24 08:20:00,user_002519,sess_001463,page_059,tecnologia,celular,direto,1,1,82.6,45.7,0
evt_003704,2026-04-26 16:02:00,user_000557,sess_000148,page_019,estilo de vida,celular,orgânico,0,1,22.4,13.6,0
evt_003705,2026-03-31 00:18:00,user_001744,sess_001611,page_085,notícias,computador,redes sociais,1,1,23.2,51.7,0
evt_003706,2026-03-10 09:12:00,user_002732,sess_000639,page_035,estilo de vida,computador,orgânico,0,1,131.8,70.8,0
evt_003707,2026-04-15 08:46:00,user_001450,sess_000251,page_101,entretenimento,computador,orgânico,1,1,184.5,52.8,0
evt_003708,2026-03-30 12:36:00,user_000122,sess_001726,page_072,esportes,computador,orgânico,0,1,44.7,66.7,0
evt_003709,2026-04-20 23:36:00,user_000784,sess_000174,page_125,notícias,celular,newsletter,0,1,72.9,96.0,1
evt_003710,2026-03-22 14:23:00,user_002384,sess_000260,page_031,entretenimento,computador,redes sociais,0,1,62.8,60.1,1
evt_003711,2026-04-29 22:18:00,user_002376,sess_001899,page_038,finanças,celular,direto,0,1,42.7,77.5,0
evt_003712,2026-04-18 10:05:00,user_000944,sess_001039,page_034,finanças,computador,orgânico,0,1,99.1,68.3,0
evt_003713,2026-03-14 10:28:00,user_000591,sess_000926,page_088,tecnologia,computador,referência,0,1,19.7,41.6,1
evt_003714,2026-04-13 12:47:00,user_000876,sess_001375,page_015,estilo de vida,celular,direto,0,1,43.3,53.7,0
evt_003715,2026-03-18 05:07:00,user_000727,sess_001260,page_096,esportes,celular,newsletter,0,1,49.1,36.2,1
evt_003716,2026-03-21 23:42:00,user_002223,sess_001227,page_114,notícias,tablet,orgânico,1,1,14.9,75.0,0
evt_003717,2026-03-16 00:37:00,user_002524,sess_000047,page_094,tecnologia,celular,redes sociais,1,1,48.6,76.6,1
evt_003718,2026-04-10 22:23:00,user_000140,sess_001103,page_019,finanças,celular,orgânico,1,1,23.3,64.1,1
evt_003719,2026-03-16 18:32:00,user_002223,sess_000558,page_069,estilo de vida,computador,orgânico,1,1,62.0,93.4,0
evt_003720,2026-04-08 07:52:00,user_002257,sess_001615,page_075,tecnologia,celular,redes sociais,0,1,65.6,53.5,0
evt_003721,2026-04-04 22:43:00,user_001839,sess_001011,page_055,notícias,computador,referência,0,1,84.1,75.5,0
evt_003722,2026-04-15 01:09:00,user_002614,sess_000248,page_065,tecnologia,tablet,orgânico,1,1,52.9,53.1,1
evt_003723,2026-04-29 14:40:00,user_000117,sess_001772,page_106,tecnologia,computador,direto,0,1,61.9,66.9,1
evt_003724,2026-03-01 12:42:00,user_002099,sess_000569,page_117,entretenimento,celular,direto,0,1,83.6,30.1,1
evt_003725,2026-04-29 10:00:00,user_000382,sess_000543,page_042,esportes,computador,redes sociais,1,1,208.5,48.1,0
evt_003726,2026-03-07 13:28:00,user_002691,sess_001872,page_046,esportes,celular,direto,1,1,16.8,59.3,0
evt_003727,2026-04-01 14:33:00,user_001500,sess_001550,page_029,estilo de vida,computador,redes sociais,0,1,154.3,75.0,1
evt_003728,2026-03-21 10:52:00,user_000273,sess_001719,page_056,entretenimento,celular,newsletter,0,1,8.7,58.9,0
evt_003729,2026-04-08 08:11:00,user_002239,sess_001324,page_076,entretenimento,tablet,direto,1,1,27.5,85.3,1
evt_003730,2026-04-13 07:18:00,user_002247,sess_001821,page_100,finanças,computador,referência,0,1,74.6,58.8,1
evt_003731,2026-04-21 14:21:00,user_001392,sess_000231,page_038,finanças,celular,orgânico,1,1,27.8,47.5,0
evt_003732,2026-03-25 02:51:00,user_000931,sess_001200,page_031,notícias,computador,referência,1,1,47.7,95.4,0
evt_003733,2026-04-25 23:25:00,user_000052,sess_000587,page_005,estilo de vida,computador,newsletter,0,1,79.1,27.7,0
evt_003734,2026-03-20 08:18:00,user_002723,sess_000797,page_014,tecnologia,computador,orgânico,0,1,15.7,43.3,0
evt_003735,2026-03-13 05:33:00,user_000553,sess_000476,page_008,tecnologia,celular,redes sociais,0,1,102.7,57.8,0
evt_003736,2026-03-23 17:57:00,user_002528,sess_000410,page_029,esportes,computador,referência,1,1,31.8,52.1,0
evt_003737,2026-04-01 17:06:00,user_001766,sess_000885,page_097,entretenimento,celular,orgânico,1,1,118.0,60.5,1
evt_003738,2026-04-10 02:09:00,user_002055,sess_001836,page_108,notícias,celular,redes sociais,0,1,58.6,60.0,1
evt_003739,2026-04-19 23:17:00,user_002082,sess_001271,page_136,finanças,computador,direto,0,1,41.9,100.0,0
evt_003740,2026-03-14 11:47:00,user_002574,sess_000699,page_076,estilo de vida,computador,referência,0,1,13.2,53.2,0
evt_003741,2026-03-19 04:36:00,user_000101,sess_000867,page_064,finanças,computador,orgânico,1,1,26.3,73.2,0
evt_003742,2026-04-26 07:41:00,user_002973,sess_001060,page_126,tecnologia,computador,orgânico,0,1,57.2,59.0,0
evt_003743,2026-03-27 09:19:00,user_000130,sess_000489,page_021,estilo de vida,tablet,orgânico,0,1,80.4,9.4,0
evt_003744,2026-03-15 11:51:00,user_002997,sess_001042,page_088,notícias,computador,orgânico,0,1,32.5,34.0,0
evt_003745,2026-04-29 03:17:00,user_000784,sess_001392,page_114,notícias,celular,orgânico,0,1,95.2,13.7,0
evt_003746,2026-03-27 22:31:00,user_002537,sess_000487,page_070,finanças,tablet,direto,1,1,93.4,43.6,0
evt_003747,2026-04-29 02:28:00,user_000251,sess_001169,page_037,estilo de vida,computador,referência,1,1,69.1,54.0,0
evt_003748,2026-04-25 03:48:00,user_001383,sess_001417,page_087,finanças,celular,newsletter,1,1,20.5,82.6,0
evt_003749,2026-04-24 08:47:00,user_001626,sess_001039,page_139,esportes,celular,newsletter,0,1,25.8,84.2,0
evt_003750,2026-04-04 21:50:00,user_002863,sess_000584,page_033,notícias,celular,newsletter,0,1,121.6,100.0,0
evt_003751,2026-04-17 21:45:00,user_000371,sess_001109,page_079,tecnologia,computador,orgânico,0,1,26.2,59.1,0
evt_003752,2026-04-27 15:11:00,user_000110,sess_001586,page_008,finanças,celular,orgânico,1,1,60.5,66.0,1
evt_003753,2026-03-17 03:32:00,user_001945,sess_000444,page_033,finanças,tablet,orgânico,1,1,33.0,36.4,1
evt_003754,2026-03-03 06:21:00,user_000148,sess_001149,page_107,finanças,celular,direto,1,1,60.6,45.3,0
evt_003755,2026-03-20 06:01:00,user_002331,sess_001361,page_069,esportes,celular,newsletter,0,1,36.2,73.5,0
evt_003756,2026-04-08 05:08:00,user_000115,sess_000643,page_028,esportes,celular,orgânico,0,1,65.8,96.0,1
evt_003757,2026-04-02 20:05:00,user_002911,sess_000775,page_047,notícias,celular,redes sociais,0,1,77.0,85.3,0
evt_003758,2026-03-05 20:02:00,user_001598,sess_001777,page_017,tecnologia,computador,redes sociais,0,1,20.0,45.0,1
evt_003759,2026-04-03 15:31:00,user_002845,sess_000727,page_109,esportes,tablet,orgânico,0,1,11.8,34.2,0
evt_003760,2026-03-11 11:08:00,user_000380,sess_001196,page_132,esportes,computador,referência,1,1,162.8,21.0,0
evt_003761,2026-03-31 07:55:00,user_000820,sess_000300,page_015,entretenimento,celular,orgânico,1,1,30.6,55.7,0
evt_003762,2026-04-04 13:00:00,user_001365,sess_001852,page_034,esportes,computador,redes sociais,0,1,19.9,96.4,0
evt_003763,2026-04-08 04:48:00,user_000089,sess_001194,page_120,finanças,celular,newsletter,0,1,81.5,55.0,0
evt_003764,2026-03-25 18:04:00,user_000309,sess_001520,page_123,esportes,celular,orgânico,0,1,44.2,44.6,0
evt_003765,2026-03-25 11:59:00,user_000988,sess_001205,page_107,esportes,celular,orgânico,0,1,43.1,52.2,0
evt_003766,2026-04-10 17:08:00,user_002211,sess_000711,page_100,notícias,computador,direto,0,1,14.0,51.7,0
evt_003767,2026-04-14 22:48:00,user_002125,sess_000681,page_120,tecnologia,celular,redes sociais,0,1,61.4,58.9,0
evt_003768,2026-04-18 11:08:00,user_000261,sess_001402,page_052,finanças,computador,redes sociais,0,1,28.2,14.9,1
evt_003769,2026-03-21 00:18:00,user_000180,sess_001719,page_125,tecnologia,computador,redes sociais,0,1,26.2,37.5,1
evt_003770,2026-03-26 10:40:00,user_001968,sess_000256,page_124,entretenimento,celular,orgânico,1,1,15.9,49.4,1
evt_003771,2026-03-20 20:10:00,user_001079,sess_001691,page_032,notícias,tablet,orgânico,1,1,82.8,62.6,1
evt_003772,2026-04-01 15:39:00,user_002376,sess_001660,page_011,estilo de vida,tablet,referência,0,1,38.8,45.8,0
evt_003773,2026-03-08 15:12:00,user_000894,sess_000218,page_073,notícias,celular,orgânico,0,1,33.5,61.5,1
evt_003774,2026-03-26 19:19:00,user_001089,sess_000217,page_106,finanças,celular,newsletter,1,1,59.1,52.7,1
evt_003775,2026-03-12 07:44:00,user_000658,sess_001390,page_119,tecnologia,computador,orgânico,0,1,73.7,74.1,0
evt_003776,2026-04-01 22:39:00,user_000800,sess_001685,page_020,notícias,computador,referência,0,1,87.6,63.7,0
evt_003777,2026-04-21 00:45:00,user_002118,sess_000788,page_053,entretenimento,celular,newsletter,0,1,55.1,61.1,0
evt_003778,2026-04-29 02:58:00,user_001414,sess_001281,page_107,estilo de vida,celular,orgânico,1,1,64.0,73.5,1
evt_003779,2026-03-27 18:38:00,user_001977,sess_001999,page_009,esportes,celular,direto,1,1,50.5,69.0,1
evt_003780,2026-03-04 09:06:00,user_000236,sess_000646,page_101,notícias,computador,direto,1,1,25.5,46.0,0
evt_003781,2026-03-14 16:07:00,user_001606,sess_000450,page_041,estilo de vida,computador,redes sociais,1,1,104.9,41.2,1
evt_003782,2026-03-07 06:56:00,user_001376,sess_001983,page_004,finanças,computador,referência,1,1,45.3,92.4,1
evt_003783,2026-04-15 13:27:00,user_002732,sess_000561,page_034,notícias,celular,orgânico,0,1,152.6,96.5,0
evt_003784,2026-04-29 01:55:00,user_001271,sess_000945,page_104,finanças,computador,newsletter,0,1,81.2,89.1,1
evt_003785,2026-04-03 05:43:00,user_000310,sess_000884,page_121,notícias,celular,redes sociais,0,1,20.5,80.5,0
evt_003786,2026-03-11 14:39:00,user_002091,sess_001046,page_012,entretenimento,celular,orgânico,0,1,107.4,37.2,0
evt_003787,2026-03-02 06:27:00,user_000449,sess_000538,page_065,esportes,computador,redes sociais,0,1,58.3,54.5,0
evt_003788,2026-04-28 13:34:00,user_002727,sess_001358,page_028,finanças,computador,orgânico,1,1,38.4,59.9,0
evt_003789,2026-03-19 23:33:00,user_001150,sess_001384,page_096,tecnologia,celular,redes sociais,1,1,17.7,51.2,0
evt_003790,2026-03-07 17:17:00,user_002353,sess_000401,page_109,tecnologia,computador,orgânico,0,1,50.9,41.7,0
evt_003791,2026-03-11 14:52:00,user_001967,sess_000962,page_134,entretenimento,celular,referência,0,1,35.8,64.7,0
evt_003792,2026-03-16 07:34:00,user_001395,sess_000115,page_050,entretenimento,tablet,orgânico,1,1,86.1,65.0,0
evt_003793,2026-04-09 08:27:00,user_001752,sess_000442,page_042,notícias,computador,redes sociais,0,1,74.8,39.6,1
evt_003794,2026-04-23 12:10:00,user_000548,sess_001974,page_044,esportes,computador,referência,0,1,51.2,43.1,0
evt_003795,2026-03-17 12:02:00,user_000223,sess_001013,page_106,estilo de vida,celular,referência,1,1,13.5,61.9,1
evt_003796,2026-04-11 05:37:00,user_002299,sess_001245,page_062,notícias,celular,direto,0,1,47.6,57.3,1
evt_003797,2026-03-04 21:31:00,user_002875,sess_001777,page_004,tecnologia,tablet,orgânico,1,1,23.9,45.8,0
evt_003798,2026-03-01 14:32:00,user_002585,sess_001427,page_132,notícias,computador,referência,0,1,45.9,53.8,0
evt_003799,2026-03-04 07:06:00,user_000915,sess_001584,page_015,entretenimento,celular,orgânico,0,1,33.9,31.6,0
evt_003800,2026-04-25 09:18:00,user_001074,sess_001424,page_130,tecnologia,celular,redes sociais,0,1,123.9,71.2,0
evt_003801,2026-04-04 21:41:00,user_001077,sess_000998,page_023,estilo de vida,computador,referência,1,1,17.7,50.0,1
evt_003802,2026-04-18 07:26:00,user_002107,sess_001265,page_075,finanças,celular,orgânico,1,1,32.1,57.3,0
evt_003803,2026-03-02 07:16:00,user_001871,sess_000577,page_044,entretenimento,computador,orgânico,0,1,72.3,67.5,0
evt_003804,2026-03-02 08:00:00,user_002389,sess_001780,page_096,tecnologia,computador,redes sociais,0,1,98.6,78.9,0
evt_003805,2026-04-20 22:15:00,user_002835,sess_000360,page_057,tecnologia,computador,redes sociais,0,1,142.5,58.0,1
evt_003806,2026-03-07 03:45:00,user_001177,sess_001768,page_052,tecnologia,computador,orgânico,1,1,80.5,45.4,1
evt_003807,2026-03-10 07:46:00,user_001988,sess_001756,page_067,notícias,celular,referência,1,1,78.8,66.0,1
evt_003808,2026-04-01 03:16:00,user_001501,sess_000285,page_135,notícias,computador,referência,0,1,110.1,59.2,1
evt_003809,2026-04-06 09:27:00,user_002864,sess_001420,page_035,notícias,computador,newsletter,1,1,126.3,64.2,1
evt_003810,2026-03-14 17:35:00,user_001062,sess_001979,page_031,estilo de vida,computador,orgânico,0,1,154.8,74.2,1
evt_003811,2026-03-27 16:21:00,user_000563,sess_001144,page_010,estilo de vida,celular,direto,1,1,149.6,54.5,0
evt_003812,2026-04-10 11:48:00,user_001137,sess_000681,page_103,esportes,tablet,referência,1,1,70.6,78.4,0
evt_003813,2026-03-27 13:42:00,user_001856,sess_001758,page_095,entretenimento,computador,orgânico,1,1,24.8,46.4,1
evt_003814,2026-03-23 23:01:00,user_002860,sess_001025,page_085,notícias,tablet,redes sociais,0,1,90.5,44.3,0
evt_003815,2026-03-05 07:23:00,user_002486,sess_000244,page_004,tecnologia,celular,orgânico,0,1,117.8,75.9,1
evt_003816,2026-03-28 02:42:00,user_000056,sess_000499,page_110,finanças,tablet,orgânico,0,1,68.9,74.8,0
evt_003817,2026-04-18 03:57:00,user_001527,sess_001365,page_113,finanças,celular,orgânico,1,1,74.1,62.8,1
evt_003818,2026-04-07 14:31:00,user_000478,sess_000911,page_132,notícias,celular,direto,0,1,18.4,57.7,0
evt_003819,2026-04-23 13:59:00,user_001087,sess_000434,page_130,tecnologia,celular,direto,0,1,49.9,52.0,1
evt_003820,2026-03-08 13:41:00,user_002831,sess_001598,page_037,tecnologia,celular,orgânico,0,1,33.6,54.0,0
evt_003821,2026-03-01 15:51:00,user_002954,sess_000242,page_099,esportes,celular,redes sociais,0,1,23.5,33.4,0
evt_003822,2026-04-02 21:20:00,user_000461,sess_000438,page_056,finanças,celular,orgânico,1,1,37.1,50.5,1
evt_003823,2026-03-11 17:11:00,user_000423,sess_000931,page_083,estilo de vida,celular,orgânico,0,1,84.7,54.9,0
evt_003824,2026-04-05 15:20:00,user_002089,sess_000080,page_047,esportes,celular,referência,0,1,51.5,26.6,1
evt_003825,2026-04-24 05:37:00,user_001233,sess_000775,page_092,estilo de vida,celular,redes sociais,0,1,25.0,14.8,0
evt_003826,2026-03-21 05:28:00,user_001299,sess_001819,page_133,finanças,celular,direto,0,1,43.8,33.7,1
evt_003827,2026-04-02 23:16:00,user_002620,sess_001882,page_091,entretenimento,celular,orgânico,0,1,100.7,81.5,0
evt_003828,2026-04-10 21:38:00,user_002761,sess_001744,page_128,tecnologia,celular,orgânico,0,1,105.0,96.3,0
evt_003829,2026-03-10 00:03:00,user_002701,sess_000648,page_130,notícias,computador,referência,0,1,37.2,63.5,0
evt_003830,2026-04-23 20:13:00,user_002349,sess_000130,page_017,tecnologia,tablet,orgânico,0,1,91.6,54.5,1
evt_003831,2026-03-13 04:01:00,user_002941,sess_001629,page_135,esportes,computador,orgânico,0,1,101.1,80.9,0
evt_003832,2026-04-18 11:54:00,user_002159,sess_000747,page_114,entretenimento,computador,direto,1,1,123.7,36.0,0
evt_003833,2026-04-09 14:22:00,user_002654,sess_001497,page_060,estilo de vida,computador,redes sociais,0,1,51.0,64.1,0
evt_003834,2026-03-09 10:59:00,user_001621,sess_000239,page_084,notícias,computador,newsletter,0,1,9.3,64.2,0
evt_003835,2026-04-13 11:44:00,user_000153,sess_001336,page_086,tecnologia,celular,newsletter,0,1,40.1,52.9,0
evt_003836,2026-03-12 18:55:00,user_002449,sess_001173,page_110,notícias,computador,orgânico,1,1,111.6,20.8,1
evt_003837,2026-04-05 23:10:00,user_002789,sess_001840,page_112,entretenimento,computador,orgânico,0,1,21.3,80.2,0
evt_003838,2026-04-27 13:56:00,user_000937,sess_000204,page_015,entretenimento,computador,direto,0,1,57.9,46.5,1
evt_003839,2026-04-27 04:32:00,user_001285,sess_000816,page_001,estilo de vida,computador,orgânico,0,1,16.3,43.9,0
evt_003840,2026-04-22 06:35:00,user_001716,sess_001979,page_035,finanças,tablet,redes sociais,0,1,33.5,35.8,0
evt_003841,2026-03-30 15:27:00,user_001955,sess_000779,page_074,estilo de vida,celular,orgânico,0,1,12.2,69.8,1
evt_003842,2026-04-03 13:44:00,user_002024,sess_001316,page_119,finanças,computador,referência,1,1,70.0,73.3,0
evt_003843,2026-03-19 00:23:00,user_001183,sess_000322,page_091,notícias,celular,referência,1,1,45.5,68.8,0
evt_003844,2026-04-25 06:10:00,user_002563,sess_001457,page_019,entretenimento,celular,orgânico,0,1,24.5,48.8,0
evt_003845,2026-03-29 15:12:00,user_002441,sess_000552,page_100,esportes,celular,orgânico,1,1,51.3,51.9,1
evt_003846,2026-04-16 07:08:00,user_002826,sess_001144,page_066,esportes,computador,newsletter,0,1,59.7,44.0,0
evt_003847,2026-03-22 13:55:00,user_001728,sess_001759,page_052,notícias,celular,orgânico,1,1,22.0,62.7,0
evt_003848,2026-04-14 10:12:00,user_000233,sess_001322,page_108,entretenimento,computador,orgânico,1,1,26.7,57.7,1
evt_003849,2026-03-14 11:09:00,user_002536,sess_000949,page_042,entretenimento,computador,orgânico,0,1,31.7,51.6,0
evt_003850,2026-04-14 00:39:00,user_000239,sess_000380,page_086,esportes,tablet,orgânico,0,1,9.9,33.2,0
evt_003851,2026-03-03 18:11:00,user_000582,sess_000683,page_026,esportes,computador,orgânico,0,1,95.6,51.5,1
evt_003852,2026-03-07 06:56:00,user_000856,sess_001698,page_054,tecnologia,computador,orgânico,1,1,81.1,28.3,1
evt_003853,2026-03-22 03:11:00,user_000555,sess_000433,page_078,finanças,computador,orgânico,0,1,22.3,53.3,0
evt_003854,2026-03-29 22:07:00,user_002171,sess_001312,page_087,entretenimento,celular,referência,0,1,43.0,41.4,1
evt_003855,2026-04-12 16:25:00,user_001321,sess_000970,page_128,entretenimento,computador,orgânico,1,1,3.9,53.2,0
evt_003856,2026-03-22 13:02:00,user_000658,sess_000642,page_041,tecnologia,computador,referência,0,1,195.1,63.2,1
evt_003857,2026-03-02 02:33:00,user_000015,sess_001433,page_125,notícias,computador,direto,0,1,33.5,54.7,0
evt_003858,2026-03-20 12:34:00,user_000649,sess_000724,page_114,tecnologia,computador,redes sociais,0,1,49.5,45.9,1
evt_003859,2026-03-27 08:25:00,user_002078,sess_000574,page_051,entretenimento,celular,newsletter,1,1,58.2,52.6,1
evt_003860,2026-04-02 14:57:00,user_002383,sess_001058,page_020,esportes,computador,orgânico,1,1,57.9,60.9,1
evt_003861,2026-04-08 15:22:00,user_000888,sess_001515,page_036,entretenimento,celular,orgânico,0,1,39.2,66.4,1
evt_003862,2026-03-15 20:38:00,user_000220,sess_001728,page_092,finanças,computador,redes sociais,1,1,46.7,92.8,1
evt_003863,2026-04-06 14:58:00,user_001672,sess_001259,page_110,entretenimento,tablet,orgânico,0,1,31.4,100.0,0
evt_003864,2026-04-07 21:29:00,user_002348,sess_001324,page_086,estilo de vida,celular,orgânico,0,1,16.4,87.0,1
evt_003865,2026-04-16 14:22:00,user_000210,sess_001575,page_101,notícias,computador,referência,1,1,29.6,57.8,0
evt_003866,2026-04-01 07:45:00,user_002386,sess_000539,page_015,finanças,computador,referência,0,1,82.7,47.3,1
evt_003867,2026-04-18 15:08:00,user_000512,sess_000502,page_071,notícias,celular,redes sociais,0,1,90.5,50.6,0
evt_003868,2026-03-14 07:06:00,user_000774,sess_000968,page_122,esportes,celular,redes sociais,0,1,83.1,62.0,0
evt_003869,2026-04-12 16:51:00,user_001868,sess_001262,page_055,entretenimento,computador,redes sociais,1,1,63.7,49.5,0
evt_003870,2026-03-03 18:00:00,user_000155,sess_001292,page_125,esportes,computador,orgânico,1,1,47.0,51.4,0
evt_003871,2026-03-07 04:01:00,user_000917,sess_000308,page_018,entretenimento,celular,orgânico,0,1,23.9,70.9,0
evt_003872,2026-04-21 21:11:00,user_000417,sess_001561,page_137,notícias,computador,redes sociais,0,1,21.7,54.0,0
evt_003873,2026-03-29 12:01:00,user_000644,sess_000728,page_110,estilo de vida,computador,orgânico,1,1,3.0,64.4,0
evt_003874,2026-04-07 06:01:00,user_002320,sess_001754,page_088,entretenimento,computador,orgânico,0,1,57.1,53.5,1
evt_003875,2026-04-06 04:54:00,user_000687,sess_001448,page_086,estilo de vida,celular,direto,1,1,101.9,17.8,0
evt_003876,2026-04-11 16:36:00,user_000131,sess_001965,page_131,entretenimento,computador,redes sociais,0,1,84.7,17.8,0
evt_003877,2026-03-15 17:36:00,user_000645,sess_001263,page_053,entretenimento,computador,orgânico,0,1,64.7,65.6,1
evt_003878,2026-03-11 16:41:00,user_000261,sess_001055,page_023,estilo de vida,computador,newsletter,0,1,71.4,56.2,1
evt_003879,2026-03-03 13:16:00,user_001868,sess_000376,page_128,tecnologia,celular,direto,0,1,6.0,60.8,0
evt_003880,2026-04-21 21:15:00,user_002918,sess_000797,page_015,notícias,celular,redes sociais,1,1,83.9,63.5,1
evt_003881,2026-03-14 09:58:00,user_000503,sess_001716,page_092,finanças,celular,orgânico,0,1,42.5,70.3,1
evt_003882,2026-04-04 12:14:00,user_002186,sess_000764,page_037,esportes,celular,direto,1,1,127.6,57.0,0
evt_003883,2026-03-28 07:02:00,user_001088,sess_000107,page_130,tecnologia,celular,direto,1,1,60.4,83.6,0
evt_003884,2026-03-10 17:47:00,user_000216,sess_000491,page_136,estilo de vida,celular,redes sociais,0,1,77.0,62.2,1
evt_003885,2026-03-25 20:03:00,user_002063,sess_001190,page_066,estilo de vida,tablet,direto,1,1,22.8,62.8,1
evt_003886,2026-03-05 23:48:00,user_000630,sess_001258,page_075,entretenimento,celular,orgânico,0,1,53.1,47.7,1
evt_003887,2026-03-11 14:24:00,user_001541,sess_001967,page_064,notícias,computador,orgânico,0,1,80.2,34.8,1
evt_003888,2026-03-09 09:09:00,user_001521,sess_001867,page_060,entretenimento,celular,referência,0,1,68.8,100.0,1
evt_003889,2026-04-19 11:09:00,user_001792,sess_001063,page_131,notícias,computador,orgânico,1,1,77.3,74.4,0
evt_003890,2026-04-04 01:04:00,user_000405,sess_001109,page_040,esportes,computador,redes sociais,1,1,172.9,63.0,0
evt_003891,2026-04-25 12:59:00,user_000753,sess_001601,page_134,estilo de vida,computador,referência,1,1,68.7,53.3,1
evt_003892,2026-03-27 03:49:00,user_002212,sess_000098,page_091,esportes,celular,orgânico,1,1,67.9,70.4,1
evt_003893,2026-03-13 01:56:00,user_002798,sess_001190,page_134,estilo de vida,tablet,newsletter,0,1,27.8,47.8,0
evt_003894,2026-04-06 12:21:00,user_000036,sess_000948,page_086,tecnologia,celular,referência,0,1,119.3,72.0,1
evt_003895,2026-04-25 18:35:00,user_001242,sess_001566,page_114,tecnologia,celular,direto,0,1,9.9,87.9,0
evt_003896,2026-04-01 22:56:00,user_002644,sess_001600,page_069,notícias,computador,direto,1,1,9.4,56.4,1
evt_003897,2026-03-02 01:43:00,user_000861,sess_001311,page_065,notícias,tablet,referência,0,1,61.9,89.0,0
evt_003898,2026-03-19 05:13:00,user_001343,sess_001314,page_036,notícias,computador,orgânico,1,1,36.9,52.7,0
evt_003899,2026-04-25 11:56:00,user_002713,sess_001382,page_030,finanças,tablet,direto,1,1,60.0,30.4,0
evt_003900,2026-04-01 02:25:00,user_002906,sess_001160,page_006,notícias,computador,orgânico,1,1,111.1,74.4,0
evt_003901,2026-04-27 02:46:00,user_001966,sess_000456,page_054,esportes,computador,referência,0,1,76.8,56.0,1
evt_003902,2026-03-31 13:21:00,user_002082,sess_000569,page_138,tecnologia,celular,redes sociais,1,1,44.7,74.6,0
evt_003903,2026-03-01 17:21:00,user_001842,sess_001483,page_131,entretenimento,computador,direto,0,1,84.2,35.6,1
evt_003904,2026-04-22 09:11:00,user_000851,sess_001237,page_096,tecnologia,computador,orgânico,0,1,76.3,48.3,0
evt_003905,2026-04-15 18:44:00,user_002660,sess_000476,page_051,notícias,celular,orgânico,0,1,39.9,84.9,1
evt_003906,2026-04-12 21:57:00,user_000103,sess_001755,page_073,estilo de vida,celular,referência,1,1,32.1,63.9,1
evt_003907,2026-04-28 05:05:00,user_000176,sess_001961,page_106,notícias,computador,orgânico,0,1,123.5,87.9,0
evt_003908,2026-03-12 18:31:00,user_001805,sess_001252,page_001,esportes,celular,redes sociais,0,1,19.5,45.5,0
evt_003909,2026-04-24 08:29:00,user_002513,sess_000456,page_129,finanças,celular,direto,1,1,179.9,100.0,1
evt_003910,2026-03-14 22:58:00,user_002442,sess_001876,page_121,entretenimento,computador,orgânico,0,1,71.8,100.0,1
evt_003911,2026-04-28 05:49:00,user_002033,sess_000474,page_135,estilo de vida,celular,orgânico,0,1,4.9,73.1,0
evt_003912,2026-03-12 11:39:00,user_001129,sess_000865,page_014,esportes,celular,orgânico,0,1,30.8,61.1,0
evt_003913,2026-04-03 00:27:00,user_001080,sess_001717,page_132,estilo de vida,celular,referência,1,1,51.5,66.7,0
evt_003914,2026-04-17 08:39:00,user_001277,sess_001041,page_086,entretenimento,computador,orgânico,0,1,52.7,78.9,0
evt_003915,2026-03-05 16:32:00,user_000769,sess_000486,page_078,notícias,celular,orgânico,1,1,94.6,63.0,0
evt_003916,2026-03-05 00:03:00,user_001258,sess_000161,page_025,tecnologia,celular,newsletter,0,1,23.8,51.1,1
evt_003917,2026-04-20 23:41:00,user_000315,sess_000722,page_069,notícias,celular,referência,0,1,71.0,37.5,0
evt_003918,2026-03-04 15:00:00,user_000960,sess_001344,page_051,notícias,celular,direto,0,1,37.6,14.6,1
evt_003919,2026-04-06 19:54:00,user_002823,sess_001429,page_138,entretenimento,celular,redes sociais,0,1,45.3,52.1,1
evt_003920,2026-04-26 07:02:00,user_002121,sess_000446,page_048,notícias,computador,referência,0,1,102.9,16.8,0
evt_003921,2026-04-06 21:13:00,user_000426,sess_000318,page_031,tecnologia,celular,newsletter,1,1,18.4,55.0,0
evt_003922,2026-03-29 20:38:00,user_000859,sess_001403,page_132,notícias,celular,newsletter,0,1,18.0,89.2,0
evt_003923,2026-03-26 00:50:00,user_000779,sess_000318,page_027,estilo de vida,celular,direto,0,1,14.8,56.6,1
evt_003924,2026-04-08 06:57:00,user_000845,sess_000129,page_126,estilo de vida,celular,direto,0,1,138.7,39.1,1
evt_003925,2026-04-04 07:27:00,user_002073,sess_000973,page_134,tecnologia,computador,direto,0,1,54.0,47.8,0
evt_003926,2026-03-31 02:32:00,user_002685,sess_001142,page_043,tecnologia,celular,referência,0,1,49.2,41.7,1
evt_003927,2026-03-10 05:09:00,user_002130,sess_000488,page_096,estilo de vida,celular,direto,0,1,56.4,92.0,0
evt_003928,2026-04-09 18:14:00,user_001465,sess_000423,page_111,esportes,computador,orgânico,1,1,118.6,44.9,0
evt_003929,2026-04-14 09:16:00,user_000483,sess_000472,page_075,notícias,computador,direto,0,1,30.3,22.3,1
evt_003930,2026-04-12 12:45:00,user_000429,sess_000686,page_097,estilo de vida,celular,orgânico,1,1,35.8,100.0,0
evt_003931,2026-03-05 12:01:00,user_002442,sess_000019,page_019,finanças,celular,orgânico,1,1,39.0,62.2,1
evt_003932,2026-04-12 04:08:00,user_002033,sess_000024,page_072,notícias,celular,orgânico,0,1,107.3,40.4,0
evt_003933,2026-04-13 18:53:00,user_001531,sess_000741,page_072,entretenimento,computador,orgânico,0,1,15.9,58.2,1
evt_003934,2026-03-12 00:07:00,user_001731,sess_000040,page_079,esportes,celular,redes sociais,0,1,31.6,53.3,1
evt_003935,2026-04-20 22:31:00,user_002545,sess_000637,page_132,notícias,computador,orgânico,0,1,52.8,67.4,0
evt_003936,2026-04-01 10:20:00,user_002441,sess_001162,page_115,entretenimento,celular,direto,0,1,64.5,54.7,1
evt_003937,2026-03-29 08:21:00,user_000262,sess_000063,page_084,estilo de vida,celular,newsletter,0,1,44.2,15.2,0
evt_003938,2026-04-13 08:44:00,user_001185,sess_001236,page_057,tecnologia,celular,orgânico,0,1,58.6,54.4,0
evt_003939,2026-03-31 14:09:00,user_000129,sess_001242,page_057,notícias,tablet,orgânico,1,1,80.5,75.7,0
evt_003940,2026-04-02 16:25:00,user_001155,sess_001147,page_003,finanças,computador,orgânico,0,1,34.4,55.2,0
evt_003941,2026-03-19 17:35:00,user_001911,sess_001253,page_077,estilo de vida,celular,referência,1,1,28.3,72.6,0
evt_003942,2026-04-25 16:08:00,user_000626,sess_001618,page_036,esportes,celular,orgânico,0,1,62.2,76.9,0
evt_003943,2026-04-28 04:01:00,user_000450,sess_000142,page_124,tecnologia,celular,orgânico,1,1,45.1,81.6,1
evt_003944,2026-03-08 19:49:00,user_001473,sess_000338,page_108,esportes,celular,orgânico,0,1,92.3,37.3,0
evt_003945,2026-04-13 23:41:00,user_001575,sess_000634,page_127,notícias,tablet,orgânico,0,1,154.1,39.3,0
evt_003946,2026-03-02 09:36:00,user_002142,sess_001376,page_139,notícias,celular,direto,1,1,62.7,58.4,1
evt_003947,2026-03-23 03:20:00,user_000043,sess_001745,page_056,esportes,computador,direto,1,1,31.2,21.7,0
evt_003948,2026-04-28 04:47:00,user_000744,sess_001837,page_060,esportes,computador,orgânico,1,1,112.4,36.4,0
evt_003949,2026-03-11 11:43:00,user_002340,sess_001164,page_085,tecnologia,celular,redes sociais,1,1,35.7,64.0,0
evt_003950,2026-03-23 14:52:00,user_002046,sess_000820,page_060,estilo de vida,computador,direto,0,1,215.7,16.3,1
evt_003951,2026-03-14 04:11:00,user_002698,sess_000824,page_039,notícias,celular,newsletter,0,1,14.4,22.1,1
evt_003952,2026-04-13 16:38:00,user_002444,sess_000120,page_099,estilo de vida,tablet,direto,1,1,62.2,68.2,0
evt_003953,2026-03-28 20:02:00,user_002516,sess_000930,page_063,esportes,celular,referência,1,1,59.8,25.6,1
evt_003954,2026-04-05 14:05:00,user_001532,sess_001026,page_131,finanças,computador,newsletter,0,1,28.2,100.0,0
evt_003955,2026-04-26 13:17:00,user_002875,sess_000417,page_031,entretenimento,celular,orgânico,0,1,96.3,37.6,0
evt_003956,2026-04-01 06:18:00,user_001248,sess_001536,page_062,tecnologia,computador,orgânico,0,1,131.2,36.3,0
evt_003957,2026-04-14 01:10:00,user_002709,sess_001623,page_074,estilo de vida,tablet,direto,1,1,65.2,29.6,0
evt_003958,2026-03-06 20:59:00,user_001176,sess_000604,page_127,esportes,celular,orgânico,1,1,37.2,57.2,0
evt_003959,2026-03-13 21:57:00,user_001332,sess_001828,page_081,notícias,celular,redes sociais,0,1,35.0,53.6,1
evt_003960,2026-04-26 19:28:00,user_002057,sess_000215,page_010,tecnologia,computador,direto,0,1,18.3,65.4,0
evt_003961,2026-04-21 13:46:00,user_001195,sess_001821,page_047,estilo de vida,computador,redes sociais,0,1,133.1,52.6,0
evt_003962,2026-04-09 09:36:00,user_000442,sess_001536,page_124,estilo de vida,computador,orgânico,1,1,30.3,76.0,1
evt_003963,2026-03-23 16:36:00,user_002688,sess_000448,page_038,entretenimento,celular,redes sociais,1,1,17.7,52.9,0
evt_003964,2026-03-12 23:42:00,user_001359,sess_001300,page_048,esportes,celular,orgânico,0,1,42.0,50.1,1
evt_003965,2026-04-21 02:28:00,user_002780,sess_000622,page_021,tecnologia,celular,orgânico,0,1,13.7,62.1,1
evt_003966,2026-04-17 02:50:00,user_001197,sess_001599,page_100,estilo de vida,computador,redes sociais,0,1,109.4,18.4,1
evt_003967,2026-03-15 12:02:00,user_002918,sess_000322,page_020,esportes,computador,orgânico,0,1,58.8,35.1,0
evt_003968,2026-04-05 09:21:00,user_001809,sess_000490,page_052,notícias,celular,newsletter,0,1,47.6,91.6,0
evt_003969,2026-04-07 02:52:00,user_002305,sess_000615,page_099,estilo de vida,celular,redes sociais,0,1,12.3,21.9,0
evt_003970,2026-03-29 15:32:00,user_002266,sess_000400,page_125,esportes,celular,referência,1,1,6.8,75.2,0
evt_003971,2026-04-25 14:24:00,user_000606,sess_000666,page_031,estilo de vida,computador,newsletter,1,1,69.9,9.7,0
evt_003972,2026-03-08 10:42:00,user_002446,sess_001205,page_047,tecnologia,computador,redes sociais,0,1,62.5,25.3,0
evt_003973,2026-03-16 11:22:00,user_002834,sess_001266,page_017,finanças,celular,redes sociais,0,1,71.1,49.8,0
evt_003974,2026-03-06 16:50:00,user_001983,sess_001108,page_061,finanças,tablet,referência,0,1,25.9,74.0,1
evt_003975,2026-04-11 13:48:00,user_002841,sess_000380,page_139,estilo de vida,celular,orgânico,0,1,15.7,54.4,0
evt_003976,2026-04-08 15:22:00,user_002538,sess_000405,page_043,finanças,celular,redes sociais,0,1,89.5,73.2,0
evt_003977,2026-04-29 05:43:00,user_001998,sess_001838,page_037,entretenimento,celular,orgânico,1,1,36.1,46.6,0
evt_003978,2026-04-02 12:55:00,user_001432,sess_000503,page_056,notícias,celular,direto,0,1,16.0,54.1,1
evt_003979,2026-03-10 00:51:00,user_002571,sess_000207,page_125,entretenimento,celular,referência,1,1,69.7,58.0,1
evt_003980,2026-03-28 01:16:00,user_000557,sess_000908,page_077,notícias,computador,direto,1,1,40.4,76.3,0
evt_003981,2026-03-06 07:17:00,user_001683,sess_000014,page_085,notícias,computador,redes sociais,0,1,71.0,92.0,0
evt_003982,2026-04-10 06:06:00,user_002447,sess_000685,page_109,tecnologia,celular,redes sociais,1,1,112.2,35.8,1
evt_003983,2026-04-10 10:50:00,user_002832,sess_001710,page_100,notícias,celular,redes sociais,1,1,23.4,54.1,1
evt_003984,2026-04-21 11:01:00,user_000802,sess_000535,page_084,esportes,celular,direto,0,1,112.9,49.3,1
evt_003985,2026-03-21 09:13:00,user_000282,sess_001407,page_078,notícias,computador,newsletter,0,1,52.8,63.6,0
evt_003986,2026-03-19 14:34:00,user_001000,sess_000980,page_075,tecnologia,celular,orgânico,1,1,27.4,85.5,0
evt_003987,2026-03-05 06:35:00,user_002592,sess_000711,page_026,estilo de vida,computador,orgânico,0,1,56.5,59.4,0
evt_003988,2026-03-25 21:49:00,user_001571,sess_001323,page_058,notícias,computador,orgânico,1,1,66.9,46.2,0
evt_003989,2026-03-29 12:26:00,user_000167,sess_001191,page_118,finanças,celular,direto,0,1,68.3,86.2,0
evt_003990,2026-04-15 06:27:00,user_000358,sess_000637,page_006,notícias,celular,referência,0,1,146.3,52.7,1
evt_003991,2026-04-15 05:25:00,user_001017,sess_000447,page_116,entretenimento,computador,orgânico,0,1,18.8,54.6,1
evt_003992,2026-03-09 09:57:00,user_001028,sess_001833,page_079,notícias,celular,redes sociais,0,1,74.9,69.7,0
evt_003993,2026-03-18 02:34:00,user_000406,sess_000337,page_049,estilo de vida,celular,newsletter,0,1,30.9,31.3,0
evt_003994,2026-03-31 16:31:00,user_001482,sess_001919,page_016,finanças,computador,orgânico,1,1,89.8,38.0,0
evt_003995,2026-03-21 02:28:00,user_001437,sess_000942,page_107,estilo de vida,computador,referência,0,1,143.5,37.7,0
evt_003996,2026-03-02 12:47:00,user_000598,sess_001993,page_001,entretenimento,celular,newsletter,1,1,42.6,52.1,1
evt_003997,2026-04-20 17:48:00,user_000697,sess_000707,page_076,esportes,tablet,direto,1,1,63.0,78.5,0
evt_003998,2026-04-13 21:01:00,user_001993,sess_001131,page_023,tecnologia,celular,orgânico,0,1,162.7,44.4,1
evt_003999,2026-04-01 04:54:00,user_002856,sess_001230,page_127,finanças,computador,direto,0,1,34.2,55.5,0
evt_004000,2026-03-20 01:11:00,user_002989,sess_000678,page_026,estilo de vida,celular,orgânico,1,1,128.0,61.4,0
evt_004001,2026-04-20 13:32:00,user_001678,sess_000437,page_112,esportes,celular,orgânico,1,1,89.2,39.2,1
evt_004002,2026-03-03 02:48:00,user_000116,sess_001041,page_080,esportes,computador,orgânico,1,1,108.7,48.4,1
evt_004003,2026-03-27 18:48:00,user_002693,sess_001326,page_006,notícias,celular,orgânico,0,1,31.5,57.2,0
evt_004004,2026-04-18 01:23:00,user_002851,sess_000523,page_101,notícias,celular,newsletter,0,1,36.9,69.3,0
evt_004005,2026-04-27 04:17:00,user_000834,sess_001533,page_123,entretenimento,celular,direto,0,1,74.8,76.8,1
evt_004006,2026-03-16 02:02:00,user_001201,sess_001278,page_031,tecnologia,computador,orgânico,0,1,67.5,54.8,0
evt_004007,2026-04-09 01:08:00,user_000078,sess_000334,page_135,esportes,computador,redes sociais,1,1,76.7,52.0,0
evt_004008,2026-03-12 09:08:00,user_002403,sess_001877,page_111,finanças,computador,redes sociais,0,1,22.4,61.7,0
evt_004009,2026-03-07 22:53:00,user_002327,sess_000088,page_104,tecnologia,computador,orgânico,0,1,38.8,62.1,1
evt_004010,2026-03-22 04:21:00,user_000062,sess_001307,page_047,esportes,computador,orgânico,0,1,31.9,87.4,1
evt_004011,2026-04-23 02:32:00,user_002107,sess_000879,page_017,finanças,celular,redes sociais,0,1,36.2,100.0,0
evt_004012,2026-04-11 08:50:00,user_001236,sess_001307,page_060,tecnologia,celular,referência,0,1,95.4,95.0,0
evt_004013,2026-03-30 08:32:00,user_001636,sess_001548,page_113,esportes,computador,orgânico,0,1,81.4,79.3,1
evt_004014,2026-03-17 23:15:00,user_000655,sess_001374,page_082,finanças,computador,referência,0,1,42.9,45.6,1
evt_004015,2026-03-09 11:57:00,user_002446,sess_001301,page_091,notícias,computador,redes sociais,1,1,27.2,62.3,0
evt_004016,2026-03-17 05:54:00,user_001213,sess_001681,page_109,notícias,tablet,redes sociais,0,1,104.6,50.7,0
evt_004017,2026-03-10 03:52:00,user_002520,sess_001404,page_048,estilo de vida,computador,orgânico,1,1,9.1,55.3,1
evt_004018,2026-03-12 05:24:00,user_000445,sess_001627,page_006,tecnologia,celular,redes sociais,0,1,212.4,92.8,0
evt_004019,2026-04-11 06:02:00,user_001764,sess_000806,page_123,entretenimento,computador,orgânico,0,1,17.1,84.6,0
evt_004020,2026-03-08 23:05:00,user_000931,sess_000406,page_086,notícias,computador,orgânico,0,1,65.9,74.9,0
evt_004021,2026-03-03 20:12:00,user_002897,sess_000470,page_079,tecnologia,celular,referência,1,1,188.6,100.0,0
evt_004022,2026-04-02 12:58:00,user_001671,sess_001224,page_080,entretenimento,celular,redes sociais,0,1,86.8,74.5,0
evt_004023,2026-03-18 04:41:00,user_002159,sess_001064,page_119,estilo de vida,celular,orgânico,1,1,70.1,87.7,1
evt_004024,2026-03-28 06:48:00,user_000259,sess_000155,page_107,entretenimento,computador,orgânico,1,1,15.0,69.1,0
evt_004025,2026-03-09 09:17:00,user_002030,sess_000409,page_094,entretenimento,computador,orgânico,0,1,155.7,62.0,0
evt_004026,2026-03-13 14:22:00,user_000304,sess_001935,page_109,tecnologia,computador,newsletter,0,1,28.9,98.6,0
evt_004027,2026-03-27 11:09:00,user_001084,sess_001452,page_041,entretenimento,celular,orgânico,0,1,114.5,42.3,1
evt_004028,2026-04-11 09:37:00,user_000668,sess_001510,page_099,estilo de vida,tablet,redes sociais,0,1,20.5,25.8,0
evt_004029,2026-03-25 20:40:00,user_000007,sess_000394,page_136,finanças,computador,direto,0,1,70.1,46.8,1
evt_004030,2026-04-02 12:04:00,user_001759,sess_000129,page_033,entretenimento,computador,orgânico,0,1,9.0,48.9,1
evt_004031,2026-04-01 07:30:00,user_000723,sess_000583,page_080,tecnologia,computador,redes sociais,1,1,41.7,76.3,1
evt_004032,2026-03-17 03:09:00,user_001538,sess_001713,page_095,notícias,computador,direto,1,1,42.5,83.2,0
evt_004033,2026-03-17 18:40:00,user_002291,sess_001013,page_072,esportes,computador,referência,0,1,54.5,42.3,1
evt_004034,2026-03-26 13:02:00,user_000535,sess_001569,page_135,esportes,computador,direto,1,1,32.5,45.9,0
evt_004035,2026-03-02 22:08:00,user_002129,sess_000973,page_057,tecnologia,tablet,orgânico,0,1,66.0,49.2,0
evt_004036,2026-04-11 02:58:00,user_000891,sess_000980,page_031,esportes,celular,orgânico,0,1,6.6,58.9,0
evt_004037,2026-04-06 20:42:00,user_000993,sess_001202,page_019,esportes,computador,orgânico,0,1,36.7,58.1,1
evt_004038,2026-03-19 08:49:00,user_001731,sess_001917,page_119,finanças,computador,orgânico,1,1,26.5,73.3,0
evt_004039,2026-03-23 10:09:00,user_001877,sess_000875,page_096,notícias,celular,newsletter,0,1,48.2,39.2,0
evt_004040,2026-03-20 17:19:00,user_001966,sess_001191,page_081,entretenimento,computador,orgânico,0,1,122.8,36.6,0
evt_004041,2026-04-09 01:55:00,user_000586,sess_001839,page_060,finanças,celular,orgânico,0,1,14.0,48.7,1
evt_004042,2026-04-15 13:59:00,user_001739,sess_000745,page_057,notícias,celular,redes sociais,1,1,60.9,58.9,1
evt_004043,2026-03-07 12:28:00,user_000791,sess_001680,page_130,esportes,celular,orgânico,1,1,22.7,33.6,0
evt_004044,2026-03-25 19:10:00,user_000831,sess_001070,page_095,tecnologia,celular,redes sociais,0,1,73.2,40.0,1
evt_004045,2026-03-01 19:50:00,user_002842,sess_001758,page_135,estilo de vida,computador,orgânico,1,1,67.7,68.3,0
evt_004046,2026-03-28 03:14:00,user_000303,sess_000936,page_112,finanças,computador,referência,0,1,91.0,95.4,0
evt_004047,2026-03-15 21:32:00,user_001240,sess_001259,page_107,esportes,celular,orgânico,0,1,80.2,65.8,1
evt_004048,2026-03-21 03:33:00,user_001318,sess_000647,page_077,entretenimento,computador,redes sociais,1,1,36.0,36.3,0
evt_004049,2026-03-28 09:25:00,user_000735,sess_001270,page_034,tecnologia,computador,redes sociais,1,1,9.6,71.8,0
evt_004050,2026-03-20 10:09:00,user_002356,sess_000653,page_091,tecnologia,tablet,orgânico,1,1,92.7,46.6,1
evt_004051,2026-03-24 15:27:00,user_001461,sess_001218,page_100,finanças,celular,orgânico,1,1,155.5,94.1,0
evt_004052,2026-04-15 21:16:00,user_002158,sess_001577,page_073,entretenimento,computador,redes sociais,0,1,23.2,66.6,0
evt_004053,2026-04-18 14:50:00,user_001161,sess_000870,page_003,tecnologia,celular,referência,0,1,76.1,41.0,0
evt_004054,2026-03-01 08:26:00,user_002690,sess_000859,page_134,finanças,computador,redes sociais,1,1,17.5,68.4,0
evt_004055,2026-03-23 16:05:00,user_002188,sess_000644,page_115,entretenimento,celular,redes sociais,0,1,61.7,30.0,1
evt_004056,2026-04-20 19:30:00,user_001000,sess_001461,page_049,entretenimento,computador,redes sociais,0,1,148.1,61.5,1
evt_004057,2026-04-01 19:50:00,user_002886,sess_001184,page_069,tecnologia,celular,redes sociais,0,1,76.0,52.7,1
evt_004058,2026-03-13 07:36:00,user_002595,sess_001033,page_018,tecnologia,celular,direto,0,1,21.4,100.0,0
evt_004059,2026-04-05 14:39:00,user_001775,sess_000052,page_131,finanças,computador,orgânico,1,1,24.5,70.2,1
evt_004060,2026-03-09 16:41:00,user_000050,sess_000221,page_033,finanças,tablet,redes sociais,0,1,95.1,67.2,0
evt_004061,2026-03-02 07:26:00,user_001773,sess_000015,page_053,notícias,computador,newsletter,1,1,43.9,10.3,0
evt_004062,2026-04-07 22:41:00,user_002072,sess_001700,page_060,estilo de vida,tablet,redes sociais,0,1,66.7,70.7,0
evt_004063,2026-03-31 21:47:00,user_001095,sess_001703,page_037,esportes,computador,redes sociais,0,1,24.6,81.4,0
evt_004064,2026-04-15 09:21:00,user_000432,sess_000136,page_089,esportes,computador,direto,0,1,48.6,81.5,0
evt_004065,2026-03-21 16:33:00,user_001694,sess_000093,page_139,entretenimento,computador,orgânico,0,1,130.6,55.5,0
evt_004066,2026-04-21 06:10:00,user_002404,sess_001563,page_119,notícias,computador,redes sociais,0,1,88.9,45.7,0
evt_004067,2026-03-26 06:38:00,user_000958,sess_001050,page_074,tecnologia,celular,orgânico,1,1,63.7,82.9,1
evt_004068,2026-04-14 06:44:00,user_001369,sess_000618,page_019,esportes,celular,orgânico,0,1,74.1,56.3,1
evt_004069,2026-03-07 00:24:00,user_000004,sess_001230,page_120,notícias,celular,orgânico,1,1,121.2,57.3,0
evt_004070,2026-03-06 19:53:00,user_002111,sess_000473,page_036,notícias,celular,direto,0,1,81.5,51.4,0
evt_004071,2026-04-16 23:15:00,user_002598,sess_000397,page_127,finanças,celular,redes sociais,0,1,84.2,21.1,0
evt_004072,2026-04-20 00:56:00,user_002329,sess_000735,page_055,finanças,computador,newsletter,0,1,11.3,49.6,0
evt_004073,2026-04-26 13:03:00,user_001288,sess_001791,page_073,esportes,celular,orgânico,0,1,94.8,60.0,0
evt_004074,2026-03-20 11:27:00,user_000136,sess_001534,page_061,estilo de vida,tablet,orgânico,0,1,38.2,70.0,0
evt_004075,2026-03-02 08:04:00,user_001476,sess_000381,page_064,finanças,computador,direto,1,1,62.2,65.4,0
evt_004076,2026-04-28 19:03:00,user_002821,sess_001123,page_023,notícias,computador,orgânico,1,1,39.1,68.8,0
evt_004077,2026-04-06 01:58:00,user_000251,sess_001769,page_077,esportes,computador,redes sociais,0,1,47.7,23.7,0
evt_004078,2026-03-15 19:51:00,user_000642,sess_001903,page_057,notícias,computador,orgânico,0,1,117.0,38.9,1
evt_004079,2026-04-15 19:56:00,user_002511,sess_001526,page_118,notícias,celular,orgânico,0,1,110.2,100.0,1
evt_004080,2026-04-24 05:36:00,user_001705,sess_000258,page_067,notícias,computador,redes sociais,0,1,30.2,72.1,0
evt_004081,2026-03-18 02:07:00,user_000511,sess_000482,page_135,tecnologia,celular,redes sociais,1,1,26.8,85.1,0
evt_004082,2026-04-16 04:19:00,user_000073,sess_000437,page_042,estilo de vida,computador,orgânico,0,1,38.8,52.6,0
evt_004083,2026-04-17 06:04:00,user_001232,sess_000302,page_046,tecnologia,computador,orgânico,0,1,63.3,78.6,0
evt_004084,2026-03-31 02:25:00,user_001785,sess_000351,page_006,tecnologia,computador,orgânico,0,1,25.5,77.8,1
evt_004085,2026-04-07 22:35:00,user_002520,sess_000633,page_103,finanças,computador,orgânico,1,1,31.1,100.0,0
evt_004086,2026-03-17 04:06:00,user_002651,sess_001111,page_011,esportes,celular,newsletter,0,1,45.4,66.9,1
evt_004087,2026-04-25 17:59:00,user_001373,sess_000796,page_040,notícias,tablet,direto,0,1,35.1,37.1,1
evt_004088,2026-04-28 23:40:00,user_001268,sess_000842,page_127,estilo de vida,celular,orgânico,0,1,71.9,42.7,0
evt_004089,2026-04-28 20:38:00,user_002793,sess_000492,page_085,esportes,computador,orgânico,1,1,64.4,64.1,0
evt_004090,2026-04-14 05:27:00,user_002330,sess_000302,page_078,esportes,celular,orgânico,0,1,48.4,5.9,0
evt_004091,2026-03-03 12:58:00,user_000628,sess_001997,page_112,entretenimento,celular,orgânico,1,1,42.3,66.3,0
evt_004092,2026-03-22 23:41:00,user_002044,sess_001198,page_108,notícias,celular,newsletter,1,1,15.3,69.2,0
evt_004093,2026-03-27 16:42:00,user_002145,sess_000460,page_124,notícias,celular,orgânico,1,1,25.4,87.6,0
evt_004094,2026-04-27 14:10:00,user_000702,sess_001620,page_093,entretenimento,celular,referência,0,1,16.9,21.7,1
evt_004095,2026-04-02 19:39:00,user_002934,sess_001661,page_063,esportes,computador,referência,0,1,79.3,35.8,1
evt_004096,2026-04-02 04:04:00,user_000891,sess_001933,page_019,esportes,computador,direto,0,1,62.0,60.3,0
evt_004097,2026-03-09 19:18:00,user_001649,sess_000319,page_052,notícias,tablet,redes sociais,0,1,8.1,57.1,0
evt_004098,2026-04-17 14:57:00,user_001481,sess_001280,page_099,finanças,computador,orgânico,0,1,128.4,66.4,1
evt_004099,2026-03-21 04:15:00,user_002076,sess_001960,page_036,entretenimento,computador,referência,0,1,28.3,77.5,0
evt_004100,2026-03-06 12:17:00,user_002705,sess_001613,page_094,estilo de vida,computador,referência,1,1,5.8,64.9,1
evt_004101,2026-04-29 06:12:00,user_001180,sess_000451,page_019,finanças,computador,redes sociais,1,1,73.3,96.7,0
evt_004102,2026-03-12 09:42:00,user_001154,sess_001786,page_009,esportes,tablet,orgânico,1,1,15.0,82.1,1
evt_004103,2026-03-01 23:22:00,user_002254,sess_000843,page_051,esportes,computador,orgânico,0,1,31.9,44.5,0
evt_004104,2026-03-05 16:05:00,user_002856,sess_000978,page_032,estilo de vida,celular,orgânico,0,1,29.6,64.0,1
evt_004105,2026-03-28 03:36:00,user_002726,sess_001117,page_122,esportes,celular,orgânico,1,1,68.4,69.4,1
evt_004106,2026-03-07 04:10:00,user_002258,sess_001543,page_053,notícias,computador,redes sociais,1,1,115.5,96.1,0
evt_004107,2026-04-20 13:25:00,user_002109,sess_000241,page_059,estilo de vida,computador,referência,1,1,43.5,62.7,0
evt_004108,2026-03-31 17:55:00,user_002306,sess_001078,page_057,tecnologia,computador,direto,1,1,31.1,69.8,0
evt_004109,2026-03-20 10:25:00,user_002807,sess_001633,page_045,entretenimento,computador,redes sociais,0,1,20.5,48.8,1
evt_004110,2026-03-01 04:32:00,user_000032,sess_001097,page_128,tecnologia,computador,direto,1,1,74.5,69.0,1
evt_004111,2026-03-29 18:54:00,user_001766,sess_000550,page_103,finanças,celular,direto,0,1,27.2,44.7,0
evt_004112,2026-03-10 01:52:00,user_000103,sess_000113,page_023,tecnologia,computador,redes sociais,0,1,55.1,45.0,0
evt_004113,2026-04-28 16:23:00,user_001731,sess_001098,page_030,entretenimento,celular,referência,0,1,70.7,83.5,0
evt_004114,2026-03-18 11:10:00,user_001184,sess_001406,page_012,notícias,tablet,orgânico,1,1,146.3,75.3,0
evt_004115,2026-03-29 11:49:00,user_000914,sess_001099,page_036,finanças,computador,newsletter,0,1,143.5,93.4,0
evt_004116,2026-03-02 02:48:00,user_002673,sess_001958,page_092,notícias,computador,orgânico,0,1,28.2,100.0,0
evt_004117,2026-03-08 20:31:00,user_002129,sess_001205,page_131,entretenimento,computador,direto,0,1,113.1,77.0,1
evt_004118,2026-03-13 10:46:00,user_001702,sess_001016,page_067,entretenimento,computador,redes sociais,1,1,110.1,63.1,0
evt_004119,2026-03-04 02:28:00,user_002645,sess_000111,page_012,tecnologia,computador,redes sociais,1,1,41.6,47.0,0
evt_004120,2026-04-13 13:25:00,user_000294,sess_001117,page_007,esportes,celular,redes sociais,0,1,98.5,47.4,0
evt_004121,2026-04-26 17:23:00,user_001939,sess_000338,page_058,entretenimento,computador,orgânico,0,1,61.2,58.5,0
evt_004122,2026-04-29 02:54:00,user_000469,sess_001449,page_037,notícias,computador,direto,0,1,71.9,57.0,0
evt_004123,2026-03-16 22:45:00,user_000699,sess_000323,page_081,notícias,computador,orgânico,1,1,148.2,75.5,0
evt_004124,2026-04-17 07:47:00,user_000556,sess_001813,page_017,estilo de vida,celular,redes sociais,1,1,33.5,40.5,1
evt_004125,2026-03-31 05:51:00,user_001632,sess_000604,page_033,tecnologia,computador,referência,0,1,54.7,46.9,1
evt_004126,2026-03-03 18:02:00,user_001887,sess_000868,page_078,entretenimento,celular,redes sociais,0,1,165.9,65.3,0
evt_004127,2026-03-06 10:36:00,user_002268,sess_000290,page_040,esportes,celular,referência,1,1,119.7,28.6,1
evt_004128,2026-04-02 20:48:00,user_001322,sess_000422,page_051,esportes,computador,orgânico,0,1,83.3,87.4,0
evt_004129,2026-03-26 10:03:00,user_002818,sess_001843,page_031,finanças,celular,orgânico,1,1,62.4,83.4,0
evt_004130,2026-03-01 12:04:00,user_001121,sess_000568,page_008,notícias,computador,orgânico,1,1,104.8,62.2,0
evt_004131,2026-04-25 19:21:00,user_000470,sess_001026,page_048,tecnologia,celular,referência,1,1,58.3,37.7,0
evt_004132,2026-04-13 19:41:00,user_000110,sess_001962,page_046,esportes,computador,direto,0,1,133.6,55.3,0
evt_004133,2026-03-31 03:28:00,user_000383,sess_001247,page_125,notícias,celular,referência,1,1,22.0,72.4,0
evt_004134,2026-04-29 05:16:00,user_001335,sess_000084,page_125,finanças,celular,redes sociais,0,1,55.6,53.5,0
evt_004135,2026-04-28 06:26:00,user_001239,sess_000715,page_060,tecnologia,celular,orgânico,1,1,20.6,25.2,0
evt_004136,2026-04-28 10:29:00,user_002562,sess_000774,page_041,entretenimento,celular,orgânico,0,1,19.3,67.4,0
evt_004137,2026-03-16 12:43:00,user_000377,sess_000553,page_059,notícias,computador,redes sociais,0,1,27.6,64.4,0
evt_004138,2026-04-22 20:28:00,user_000787,sess_000483,page_085,notícias,celular,orgânico,0,1,44.0,48.4,1
evt_004139,2026-03-31 06:32:00,user_002941,sess_001006,page_054,entretenimento,computador,direto,0,1,155.5,100.0,1
evt_004140,2026-04-13 13:29:00,user_000086,sess_000754,page_106,estilo de vida,computador,referência,0,1,8.5,41.6,0
evt_004141,2026-04-21 13:43:00,user_001273,sess_000589,page_135,esportes,computador,orgânico,0,1,42.0,85.9,0
evt_004142,2026-03-10 19:11:00,user_000595,sess_000826,page_057,notícias,celular,direto,1,1,50.0,71.5,1
evt_004143,2026-03-27 21:29:00,user_001601,sess_000687,page_017,entretenimento,celular,redes sociais,0,1,46.6,65.4,1
evt_004144,2026-03-08 17:36:00,user_002920,sess_000458,page_017,tecnologia,celular,orgânico,1,1,44.2,100.0,0
evt_004145,2026-03-17 18:27:00,user_000682,sess_000906,page_122,notícias,celular,orgânico,0,1,32.2,81.3,1
evt_004146,2026-03-25 19:27:00,user_001111,sess_001884,page_058,notícias,celular,redes sociais,0,1,35.4,44.8,0
evt_004147,2026-04-21 07:53:00,user_001347,sess_001011,page_046,notícias,celular,direto,1,1,22.7,46.8,1
evt_004148,2026-04-21 18:14:00,user_002395,sess_001195,page_087,esportes,computador,redes sociais,1,1,18.6,42.9,0
evt_004149,2026-03-24 09:26:00,user_002954,sess_001968,page_133,notícias,celular,orgânico,0,1,68.4,64.4,0
evt_004150,2026-03-20 18:02:00,user_000290,sess_001227,page_060,esportes,computador,orgânico,0,1,31.0,44.1,1
evt_004151,2026-04-01 20:14:00,user_001466,sess_000447,page_044,notícias,computador,direto,0,1,25.9,16.1,0
evt_004152,2026-04-24 17:05:00,user_002258,sess_000797,page_120,esportes,tablet,orgânico,0,1,49.5,48.6,0
evt_004153,2026-04-28 14:11:00,user_000027,sess_000976,page_012,finanças,computador,direto,0,1,73.7,84.7,0
evt_004154,2026-03-14 14:32:00,user_002418,sess_000950,page_118,finanças,tablet,orgânico,1,1,50.3,93.6,1
evt_004155,2026-03-12 04:32:00,user_000728,sess_000299,page_073,tecnologia,celular,direto,1,1,43.8,75.1,0
evt_004156,2026-04-12 09:45:00,user_001555,sess_000212,page_003,esportes,celular,orgânico,1,1,76.8,55.9,1
evt_004157,2026-03-19 02:01:00,user_002935,sess_000700,page_032,entretenimento,celular,orgânico,1,1,94.7,79.5,0
evt_004158,2026-03-12 23:39:00,user_001905,sess_001828,page_095,entretenimento,celular,redes sociais,0,1,105.7,97.5,1
evt_004159,2026-03-02 20:44:00,user_002967,sess_001434,page_105,entretenimento,computador,direto,0,1,81.4,68.9,0
evt_004160,2026-03-25 04:37:00,user_001810,sess_001683,page_028,notícias,computador,newsletter,0,1,56.0,59.2,0
evt_004161,2026-03-24 12:14:00,user_000632,sess_000349,page_092,esportes,celular,newsletter,0,1,25.5,93.3,0
evt_004162,2026-04-03 18:48:00,user_002078,sess_000829,page_138,estilo de vida,computador,redes sociais,0,1,76.6,45.7,1
evt_004163,2026-03-13 00:15:00,user_001846,sess_001163,page_096,notícias,celular,redes sociais,0,1,71.5,73.8,0
evt_004164,2026-04-12 20:41:00,user_000932,sess_000869,page_098,notícias,tablet,redes sociais,1,1,38.4,1.0,1
evt_004165,2026-04-10 19:15:00,user_000231,sess_000833,page_027,notícias,computador,redes sociais,0,1,44.7,50.9,0
evt_004166,2026-03-28 17:46:00,user_001944,sess_000720,page_089,estilo de vida,celular,orgânico,0,1,66.0,13.8,0
evt_004167,2026-03-11 21:06:00,user_001732,sess_000104,page_099,tecnologia,computador,direto,1,1,47.7,73.8,0
evt_004168,2026-03-31 10:01:00,user_002321,sess_001714,page_016,esportes,computador,newsletter,1,1,43.5,42.6,1
evt_004169,2026-04-10 11:43:00,user_000378,sess_001866,page_044,entretenimento,celular,orgânico,0,1,27.6,71.7,1
evt_004170,2026-03-23 08:42:00,user_001616,sess_000162,page_123,tecnologia,celular,orgânico,1,1,35.2,47.0,0
evt_004171,2026-03-16 19:24:00,user_002456,sess_000827,page_139,notícias,celular,orgânico,0,1,76.7,48.6,0
evt_004172,2026-03-31 09:22:00,user_002673,sess_001036,page_025,finanças,computador,redes sociais,0,1,9.1,53.1,0
evt_004173,2026-03-22 07:30:00,user_002818,sess_001568,page_102,notícias,computador,redes sociais,0,1,21.3,69.7,1
evt_004174,2026-03-25 00:44:00,user_000636,sess_001973,page_070,entretenimento,celular,orgânico,1,1,26.9,65.4,1
evt_004175,2026-03-21 22:21:00,user_000519,sess_000833,page_083,tecnologia,celular,redes sociais,0,1,50.8,40.8,0
evt_004176,2026-03-19 04:59:00,user_001728,sess_001498,page_072,estilo de vida,celular,referência,0,1,28.4,56.9,1
evt_004177,2026-04-13 00:07:00,user_001388,sess_001874,page_121,estilo de vida,computador,orgânico,0,1,59.7,44.8,1
evt_004178,2026-03-28 14:44:00,user_000703,sess_001660,page_062,esportes,tablet,direto,0,1,68.1,49.1,0
evt_004179,2026-03-28 23:46:00,user_000307,sess_000581,page_082,entretenimento,tablet,direto,0,1,18.2,49.0,0
evt_004180,2026-04-09 04:26:00,user_000431,sess_001635,page_094,entretenimento,celular,redes sociais,1,1,24.1,47.4,1
evt_004181,2026-03-22 16:16:00,user_001018,sess_000825,page_077,tecnologia,computador,orgânico,0,1,68.4,72.4,0
evt_004182,2026-03-07 01:29:00,user_002218,sess_000036,page_123,finanças,tablet,newsletter,1,1,26.8,80.2,0
evt_004183,2026-04-21 03:46:00,user_000196,sess_001517,page_033,notícias,celular,orgânico,1,1,89.7,27.2,0
evt_004184,2026-03-04 08:12:00,user_000316,sess_001670,page_132,notícias,celular,orgânico,0,1,132.2,53.9,1
evt_004185,2026-04-04 07:36:00,user_000794,sess_000687,page_095,notícias,celular,orgânico,1,1,193.7,100.0,1
evt_004186,2026-03-16 22:46:00,user_002621,sess_000902,page_134,estilo de vida,celular,referência,0,1,137.2,84.6,0
evt_004187,2026-03-13 19:54:00,user_002970,sess_000729,page_053,tecnologia,computador,orgânico,1,1,40.1,100.0,1
evt_004188,2026-03-03 12:25:00,user_001321,sess_000234,page_067,entretenimento,celular,redes sociais,0,1,111.6,38.8,1
evt_004189,2026-04-24 00:07:00,user_000134,sess_001989,page_006,notícias,celular,direto,0,1,45.6,51.3,0
evt_004190,2026-03-26 18:03:00,user_000036,sess_000046,page_129,esportes,celular,redes sociais,0,1,86.4,41.8,1
evt_004191,2026-03-21 13:24:00,user_002577,sess_001111,page_114,notícias,celular,direto,0,1,55.5,59.3,0
evt_004192,2026-04-14 11:22:00,user_001334,sess_000030,page_042,entretenimento,celular,orgânico,1,1,52.9,64.1,0
evt_004193,2026-03-03 08:07:00,user_000233,sess_001379,page_008,tecnologia,celular,direto,1,1,72.5,69.1,1
evt_004194,2026-04-03 20:57:00,user_002500,sess_001801,page_097,finanças,computador,orgânico,0,1,115.2,57.7,1
evt_004195,2026-03-30 16:13:00,user_001587,sess_001287,page_094,estilo de vida,tablet,orgânico,0,1,47.0,45.6,0
evt_004196,2026-04-03 04:57:00,user_001049,sess_001212,page_074,estilo de vida,computador,orgânico,0,1,37.4,40.9,1
evt_004197,2026-03-08 10:28:00,user_001356,sess_001656,page_022,esportes,computador,redes sociais,0,1,95.7,55.6,1
evt_004198,2026-04-27 03:39:00,user_000675,sess_001948,page_128,notícias,celular,orgânico,0,1,145.9,71.0,0
evt_004199,2026-03-15 07:23:00,user_002794,sess_001723,page_061,esportes,computador,redes sociais,0,1,31.9,73.7,1
evt_004200,2026-04-10 16:58:00,user_002363,sess_000463,page_101,esportes,computador,orgânico,1,1,26.5,84.3,1
evt_004201,2026-04-14 19:50:00,user_000597,sess_001126,page_120,estilo de vida,celular,redes sociais,1,1,57.3,66.0,1
evt_004202,2026-03-21 15:20:00,user_002204,sess_001637,page_077,esportes,computador,orgânico,1,1,142.5,74.5,0
evt_004203,2026-03-08 20:16:00,user_000539,sess_000589,page_014,tecnologia,celular,redes sociais,0,1,88.2,30.3,0
evt_004204,2026-03-18 19:12:00,user_001360,sess_001350,page_124,estilo de vida,computador,referência,1,1,37.9,79.2,0
evt_004205,2026-04-18 09:59:00,user_002246,sess_000046,page_093,finanças,computador,orgânico,0,1,68.8,89.5,0
evt_004206,2026-04-24 09:21:00,user_000110,sess_001754,page_125,entretenimento,computador,direto,1,1,16.2,94.3,0
evt_004207,2026-04-26 05:08:00,user_002177,sess_001229,page_086,esportes,celular,redes sociais,1,1,138.7,100.0,0
evt_004208,2026-03-14 13:53:00,user_000678,sess_001486,page_127,estilo de vida,computador,orgânico,0,1,65.6,35.8,0
evt_004209,2026-04-06 09:24:00,user_002097,sess_001651,page_121,notícias,computador,orgânico,1,1,23.1,77.4,0
evt_004210,2026-03-10 01:29:00,user_001498,sess_000438,page_030,tecnologia,computador,orgânico,0,1,19.1,51.8,1
evt_004211,2026-04-12 14:55:00,user_000079,sess_000901,page_025,finanças,computador,direto,0,1,145.4,57.4,0
evt_004212,2026-03-25 22:50:00,user_002285,sess_001717,page_023,notícias,celular,orgânico,0,1,105.8,51.7,0
evt_004213,2026-04-12 19:33:00,user_000780,sess_000330,page_112,notícias,celular,newsletter,0,1,47.1,49.3,0
evt_004214,2026-04-11 02:34:00,user_002857,sess_001645,page_034,tecnologia,computador,direto,0,1,32.6,56.0,1
evt_004215,2026-04-29 13:38:00,user_002519,sess_000576,page_063,estilo de vida,computador,redes sociais,1,1,56.8,50.5,0
evt_004216,2026-03-30 07:38:00,user_000579,sess_001151,page_110,estilo de vida,celular,newsletter,1,1,61.0,68.5,1
evt_004217,2026-03-21 11:48:00,user_001802,sess_001020,page_060,finanças,computador,orgânico,1,1,55.4,81.0,0
evt_004218,2026-04-01 14:31:00,user_001086,sess_001373,page_009,estilo de vida,tablet,direto,0,1,13.6,82.8,1
evt_004219,2026-03-10 18:30:00,user_001806,sess_001673,page_051,estilo de vida,computador,orgânico,1,1,134.8,69.9,0
evt_004220,2026-03-07 16:56:00,user_001671,sess_000698,page_014,esportes,tablet,redes sociais,1,1,37.3,57.4,0
evt_004221,2026-04-01 03:36:00,user_000888,sess_000344,page_054,finanças,computador,orgânico,1,1,21.1,81.2,0
evt_004222,2026-04-19 12:35:00,user_001954,sess_000846,page_103,finanças,celular,referência,0,1,29.8,87.5,1
evt_004223,2026-04-01 23:52:00,user_000781,sess_001224,page_073,tecnologia,computador,orgânico,1,1,77.8,71.2,0
evt_004224,2026-04-16 21:58:00,user_002722,sess_001501,page_094,finanças,tablet,redes sociais,0,1,37.9,78.0,0
evt_004225,2026-03-11 16:11:00,user_002839,sess_001506,page_015,finanças,computador,newsletter,0,1,34.9,100.0,1
evt_004226,2026-03-27 23:07:00,user_000498,sess_000680,page_105,entretenimento,celular,orgânico,0,1,39.4,47.4,0
evt_004227,2026-04-06 18:52:00,user_002183,sess_001872,page_060,entretenimento,computador,newsletter,0,1,54.9,77.5,0
evt_004228,2026-03-21 20:39:00,user_002788,sess_000167,page_040,esportes,celular,redes sociais,0,1,44.9,62.5,0
evt_004229,2026-03-01 20:20:00,user_000381,sess_000234,page_091,entretenimento,celular,direto,0,1,87.5,26.1,0
evt_004230,2026-03-05 09:45:00,user_002219,sess_000050,page_019,notícias,celular,redes sociais,1,1,151.1,25.0,0
evt_004231,2026-04-25 15:50:00,user_002813,sess_001852,page_070,tecnologia,celular,referência,0,1,44.7,21.6,1
evt_004232,2026-04-06 07:23:00,user_000676,sess_000361,page_059,notícias,celular,referência,0,1,56.2,59.9,0
evt_004233,2026-03-16 20:59:00,user_001747,sess_001203,page_024,finanças,celular,orgânico,1,1,126.3,35.0,0
evt_004234,2026-03-16 12:41:00,user_002393,sess_001626,page_133,entretenimento,computador,direto,0,1,35.1,57.3,1
evt_004235,2026-03-03 08:58:00,user_001000,sess_001533,page_051,notícias,computador,newsletter,0,1,99.5,62.3,1
evt_004236,2026-04-26 16:28:00,user_000714,sess_001897,page_006,tecnologia,celular,direto,1,1,75.8,49.5,0
evt_004237,2026-03-07 11:52:00,user_001192,sess_000108,page_062,finanças,computador,newsletter,0,1,39.5,62.1,0
evt_004238,2026-04-15 13:37:00,user_001006,sess_000814,page_135,notícias,celular,direto,0,1,13.0,77.6,1
evt_004239,2026-03-15 09:57:00,user_002176,sess_001012,page_093,entretenimento,computador,orgânico,0,1,81.4,41.6,0
evt_004240,2026-03-21 03:18:00,user_001113,sess_001392,page_089,estilo de vida,tablet,referência,0,1,50.8,60.4,0
evt_004241,2026-03-17 10:25:00,user_001129,sess_001245,page_126,entretenimento,celular,direto,0,1,17.7,14.3,0
evt_004242,2026-04-19 11:18:00,user_002833,sess_001120,page_012,tecnologia,celular,orgânico,0,1,24.9,64.3,0
evt_004243,2026-03-02 23:14:00,user_001736,sess_000614,page_077,notícias,celular,orgânico,0,1,45.0,85.3,0
evt_004244,2026-03-22 03:17:00,user_002788,sess_000213,page_045,esportes,celular,orgânico,0,1,72.6,75.1,0
evt_004245,2026-03-17 18:16:00,user_002131,sess_000863,page_095,esportes,computador,direto,0,1,10.0,54.2,0
evt_004246,2026-03-17 09:03:00,user_002655,sess_000520,page_119,finanças,computador,direto,0,1,31.9,58.9,0
evt_004247,2026-03-12 13:50:00,user_000586,sess_001109,page_011,notícias,celular,referência,0,1,34.8,92.8,1
evt_004248,2026-04-24 17:55:00,user_002814,sess_001594,page_022,esportes,computador,orgânico,0,1,120.5,71.9,0
evt_004249,2026-03-23 17:12:00,user_002832,sess_001105,page_133,tecnologia,computador,orgânico,0,1,84.2,60.5,0
evt_004250,2026-03-26 02:12:00,user_000123,sess_001166,page_069,notícias,computador,orgânico,1,1,20.3,72.3,1
evt_004251,2026-03-24 02:38:00,user_001069,sess_000084,page_044,tecnologia,computador,direto,0,1,220.3,48.0,0
evt_004252,2026-04-28 19:30:00,user_001240,sess_001289,page_022,finanças,computador,referência,0,1,48.4,64.2,0
evt_004253,2026-03-21 08:10:00,user_001258,sess_000879,page_050,notícias,computador,referência,0,1,28.3,44.4,1
evt_004254,2026-03-21 12:01:00,user_002335,sess_000248,page_001,notícias,computador,orgânico,0,1,81.1,76.9,0
evt_004255,2026-03-20 16:12:00,user_002095,sess_000428,page_031,notícias,celular,direto,0,1,72.9,40.2,0
evt_004256,2026-03-20 14:49:00,user_000639,sess_001561,page_026,estilo de vida,computador,direto,0,1,92.8,48.9,0
evt_004257,2026-03-06 09:12:00,user_001826,sess_001833,page_012,notícias,computador,newsletter,1,1,99.4,67.1,0
evt_004258,2026-04-06 06:09:00,user_002923,sess_001015,page_135,tecnologia,celular,direto,0,1,85.2,7.4,0
evt_004259,2026-03-02 12:17:00,user_001320,sess_001953,page_110,tecnologia,celular,redes sociais,1,1,69.0,42.8,1
evt_004260,2026-03-14 13:22:00,user_002784,sess_000360,page_131,notícias,celular,direto,0,1,25.7,40.2,1
evt_004261,2026-03-13 03:02:00,user_001949,sess_000599,page_034,entretenimento,tablet,orgânico,1,1,71.6,62.0,0
evt_004262,2026-03-18 11:44:00,user_002774,sess_001860,page_041,entretenimento,celular,direto,0,1,77.3,61.7,0
evt_004263,2026-04-15 09:34:00,user_002708,sess_000351,page_040,notícias,celular,direto,1,1,30.4,97.8,0
evt_004264,2026-04-05 23:16:00,user_000051,sess_001319,page_078,entretenimento,computador,referência,0,1,32.1,39.5,1
evt_004265,2026-04-29 10:45:00,user_002401,sess_000439,page_026,esportes,celular,orgânico,0,1,25.1,27.8,1
evt_004266,2026-03-22 01:43:00,user_000568,sess_000663,page_033,estilo de vida,celular,referência,1,1,117.5,82.2,1
evt_004267,2026-04-25 17:04:00,user_002472,sess_000956,page_136,notícias,celular,orgânico,0,1,167.9,45.1,0
evt_004268,2026-03-03 16:40:00,user_002424,sess_000720,page_049,tecnologia,computador,direto,0,1,96.9,60.6,0
evt_004269,2026-03-31 06:04:00,user_000775,sess_001749,page_109,tecnologia,tablet,newsletter,0,1,47.7,47.8,0
evt_004270,2026-04-17 22:20:00,user_000199,sess_001945,page_032,entretenimento,computador,orgânico,1,1,99.5,70.2,1
evt_004271,2026-04-01 21:49:00,user_001258,sess_001000,page_130,entretenimento,celular,direto,1,1,96.1,64.9,0
evt_004272,2026-04-25 23:58:00,user_000909,sess_001050,page_097,notícias,tablet,direto,0,1,30.9,50.5,0
evt_004273,2026-03-19 20:59:00,user_001661,sess_000111,page_120,estilo de vida,celular,referência,0,1,20.2,58.4,1
evt_004274,2026-03-02 23:59:00,user_000246,sess_000469,page_072,esportes,computador,orgânico,1,1,14.8,48.2,1
evt_004275,2026-04-16 10:28:00,user_000133,sess_000080,page_126,notícias,computador,referência,0,1,27.2,59.0,0
evt_004276,2026-03-05 01:55:00,user_001311,sess_001713,page_051,notícias,celular,newsletter,0,1,55.7,48.9,0
evt_004277,2026-04-15 21:14:00,user_002309,sess_000455,page_067,entretenimento,celular,direto,0,1,88.9,87.2,1
evt_004278,2026-04-14 00:07:00,user_000945,sess_000681,page_009,estilo de vida,computador,redes sociais,0,1,53.1,52.4,0
evt_004279,2026-04-20 15:45:00,user_000971,sess_001685,page_024,notícias,celular,direto,0,1,94.0,48.8,1
evt_004280,2026-03-29 17:39:00,user_000492,sess_001426,page_108,entretenimento,tablet,orgânico,1,1,34.1,22.0,0
evt_004281,2026-04-23 17:31:00,user_000848,sess_001243,page_046,tecnologia,computador,direto,1,1,71.6,36.3,0
evt_004282,2026-03-11 04:33:00,user_000897,sess_000077,page_015,esportes,computador,orgânico,1,1,68.7,69.9,0
evt_004283,2026-03-27 01:27:00,user_000778,sess_001126,page_041,finanças,celular,orgânico,0,1,183.4,62.7,1
evt_004284,2026-03-08 07:26:00,user_001031,sess_001122,page_050,tecnologia,celular,orgânico,1,1,23.4,51.4,0
evt_004285,2026-04-16 00:18:00,user_000850,sess_000638,page_100,estilo de vida,tablet,direto,1,1,183.3,72.7,0
evt_004286,2026-04-12 20:33:00,user_002042,sess_001490,page_013,finanças,celular,redes sociais,0,1,159.4,92.2,0
evt_004287,2026-04-18 09:12:00,user_001014,sess_001858,page_004,finanças,computador,direto,1,1,24.2,49.0,1
evt_004288,2026-04-15 20:39:00,user_002264,sess_000518,page_101,notícias,celular,orgânico,0,1,55.1,53.3,1
evt_004289,2026-03-19 12:10:00,user_001814,sess_000663,page_020,finanças,celular,orgânico,1,1,125.6,24.2,0
evt_004290,2026-03-05 02:00:00,user_001921,sess_000645,page_059,esportes,computador,redes sociais,1,1,11.1,77.1,0
evt_004291,2026-04-25 18:06:00,user_001751,sess_001670,page_095,esportes,computador,redes sociais,0,1,27.5,100.0,1
evt_004292,2026-03-30 13:39:00,user_002768,sess_000156,page_072,esportes,celular,orgânico,1,1,3.1,50.9,1
evt_004293,2026-03-06 15:51:00,user_000767,sess_001791,page_018,estilo de vida,computador,direto,0,1,91.6,50.4,0
evt_004294,2026-04-25 14:58:00,user_002947,sess_001550,page_101,finanças,tablet,orgânico,1,1,9.5,64.4,1
evt_004295,2026-04-29 15:44:00,user_000620,sess_000967,page_007,finanças,computador,referência,1,1,44.9,70.8,0
evt_004296,2026-03-27 17:31:00,user_000415,sess_001167,page_033,notícias,computador,redes sociais,0,1,71.0,63.6,0
evt_004297,2026-04-16 04:55:00,user_002479,sess_001788,page_016,entretenimento,tablet,orgânico,0,1,18.4,63.6,1
evt_004298,2026-03-03 04:16:00,user_002687,sess_001539,page_072,esportes,computador,orgânico,0,1,166.9,30.2,1
evt_004299,2026-03-06 14:18:00,user_000279,sess_000554,page_097,finanças,computador,orgânico,0,1,81.7,64.9,1
evt_004300,2026-03-17 14:15:00,user_001799,sess_000101,page_091,notícias,computador,orgânico,0,1,95.8,70.8,1
evt_004301,2026-04-09 08:58:00,user_001538,sess_001317,page_020,tecnologia,tablet,direto,0,1,53.2,34.1,0
evt_004302,2026-03-09 00:07:00,user_000661,sess_000292,page_048,finanças,tablet,direto,0,1,60.3,38.8,1
evt_004303,2026-03-03 01:13:00,user_001562,sess_000176,page_021,finanças,computador,orgânico,1,1,35.5,54.9,0
evt_004304,2026-04-10 03:01:00,user_002057,sess_001964,page_048,entretenimento,celular,referência,1,1,39.4,61.5,0
evt_004305,2026-04-16 05:04:00,user_001722,sess_000948,page_033,tecnologia,celular,orgânico,1,1,33.7,70.4,1
evt_004306,2026-04-14 08:27:00,user_001559,sess_001302,page_103,finanças,computador,direto,1,1,21.1,81.6,0
evt_004307,2026-04-17 22:52:00,user_002657,sess_000435,page_105,finanças,computador,orgânico,0,1,37.5,48.7,0
evt_004308,2026-04-18 04:06:00,user_000677,sess_000204,page_114,entretenimento,celular,orgânico,0,1,13.8,20.4,0
evt_004309,2026-04-06 03:28:00,user_001872,sess_000126,page_028,entretenimento,computador,direto,0,1,184.1,89.4,1
evt_004310,2026-04-01 03:57:00,user_000950,sess_000709,page_002,tecnologia,celular,orgânico,0,1,34.3,82.7,1
evt_004311,2026-04-21 09:52:00,user_002920,sess_000008,page_005,tecnologia,computador,orgânico,1,1,30.1,49.1,1
evt_004312,2026-03-21 21:09:00,user_000755,sess_000840,page_118,entretenimento,celular,direto,1,1,44.4,73.3,0
evt_004313,2026-03-06 20:57:00,user_002614,sess_000650,page_126,entretenimento,computador,direto,1,1,66.8,63.6,1
evt_004314,2026-04-15 02:49:00,user_001896,sess_001054,page_030,notícias,computador,referência,0,1,25.8,54.4,0
evt_004315,2026-03-17 13:19:00,user_000645,sess_001179,page_122,entretenimento,computador,direto,0,1,67.4,94.0,0
evt_004316,2026-04-28 17:32:00,user_002276,sess_000617,page_074,tecnologia,tablet,orgânico,0,1,22.2,45.0,1
evt_004317,2026-03-25 20:24:00,user_000724,sess_000911,page_026,estilo de vida,computador,direto,1,1,20.0,29.9,0
evt_004318,2026-04-21 02:34:00,user_000787,sess_000157,page_044,finanças,computador,referência,0,1,94.6,69.0,1
evt_004319,2026-03-03 13:08:00,user_001034,sess_000604,page_037,esportes,computador,orgânico,0,1,33.9,46.4,0
evt_004320,2026-04-09 13:17:00,user_002045,sess_001956,page_107,tecnologia,computador,orgânico,0,1,36.6,61.5,0
evt_004321,2026-03-27 21:25:00,user_001175,sess_001982,page_027,estilo de vida,celular,direto,0,1,9.9,52.1,1
evt_004322,2026-03-28 18:08:00,user_001707,sess_000972,page_026,notícias,computador,direto,1,1,66.7,43.9,0
evt_004323,2026-03-16 21:54:00,user_001659,sess_001879,page_101,estilo de vida,celular,orgânico,1,1,38.1,53.6,0
evt_004324,2026-04-28 06:31:00,user_000590,sess_001003,page_043,notícias,celular,direto,0,1,94.4,27.5,1
evt_004325,2026-03-24 13:32:00,user_000698,sess_000252,page_035,finanças,celular,orgânico,1,1,95.1,35.3,0
evt_004326,2026-04-21 00:41:00,user_000921,sess_001735,page_113,estilo de vida,celular,redes sociais,0,1,54.0,52.9,1
evt_004327,2026-03-26 12:08:00,user_000667,sess_000830,page_130,estilo de vida,computador,direto,0,1,49.7,65.8,0
evt_004328,2026-03-03 21:31:00,user_002756,sess_001225,page_078,notícias,celular,orgânico,1,1,34.0,24.4,1
evt_004329,2026-04-22 18:21:00,user_001144,sess_001298,page_116,notícias,celular,orgânico,0,1,191.3,67.1,0
evt_004330,2026-03-12 02:33:00,user_001215,sess_000616,page_117,esportes,tablet,direto,1,1,32.4,48.3,1
evt_004331,2026-03-17 05:17:00,user_002016,sess_001467,page_082,estilo de vida,tablet,orgânico,0,1,115.0,65.8,1
evt_004332,2026-04-21 15:59:00,user_002364,sess_001003,page_116,entretenimento,celular,referência,0,1,55.0,62.7,0
evt_004333,2026-04-23 14:59:00,user_002064,sess_000733,page_002,tecnologia,celular,newsletter,1,1,8.0,77.5,0
evt_004334,2026-04-25 00:07:00,user_001653,sess_000596,page_005,tecnologia,computador,direto,0,1,200.3,55.0,0
evt_004335,2026-03-26 13:23:00,user_002928,sess_001492,page_123,esportes,celular,direto,0,1,24.9,25.2,1
evt_004336,2026-04-15 10:02:00,user_002699,sess_000499,page_020,notícias,tablet,referência,1,1,33.5,98.7,1
evt_004337,2026-03-20 16:02:00,user_000608,sess_000249,page_102,entretenimento,computador,direto,0,1,59.6,60.0,1
evt_004338,2026-04-14 10:09:00,user_000480,sess_001763,page_059,finanças,celular,direto,1,1,94.3,69.0,1
evt_004339,2026-03-31 03:37:00,user_001179,sess_000664,page_110,notícias,computador,orgânico,1,1,66.0,55.3,1
evt_004340,2026-03-04 02:49:00,user_002506,sess_001282,page_093,finanças,computador,referência,0,1,42.4,94.1,0
evt_004341,2026-03-26 01:33:00,user_002894,sess_001433,page_010,estilo de vida,computador,orgânico,1,1,44.0,33.5,0
evt_004342,2026-03-29 01:31:00,user_002108,sess_001676,page_047,esportes,computador,orgânico,1,1,41.1,30.4,0
evt_004343,2026-03-16 10:36:00,user_002070,sess_001251,page_099,notícias,celular,redes sociais,0,1,54.0,44.0,0
evt_004344,2026-03-23 11:14:00,user_000701,sess_001416,page_129,estilo de vida,computador,orgânico,0,1,75.3,65.8,1
evt_004345,2026-03-31 03:51:00,user_001777,sess_001674,page_112,notícias,celular,orgânico,1,1,102.6,43.5,1
evt_004346,2026-03-03 23:34:00,user_000553,sess_001886,page_124,finanças,celular,redes sociais,0,1,58.7,50.7,1
evt_004347,2026-03-10 02:35:00,user_001619,sess_000094,page_133,tecnologia,celular,orgânico,0,1,48.5,35.7,1
evt_004348,2026-04-16 00:10:00,user_000582,sess_001486,page_125,entretenimento,computador,referência,0,1,143.2,75.1,0
evt_004349,2026-03-22 02:46:00,user_000227,sess_000349,page_081,esportes,computador,newsletter,0,1,38.7,65.2,1
evt_004350,2026-04-06 12:04:00,user_002901,sess_001782,page_047,notícias,celular,direto,0,1,47.9,73.9,0
evt_004351,2026-04-03 22:44:00,user_002680,sess_000097,page_071,finanças,celular,orgânico,0,1,35.4,55.2,0
evt_004352,2026-04-03 01:45:00,user_002056,sess_000494,page_111,esportes,celular,redes sociais,0,1,34.3,56.5,1
evt_004353,2026-03-25 19:18:00,user_001876,sess_000385,page_060,entretenimento,celular,orgânico,1,1,69.1,73.0,1
evt_004354,2026-03-29 23:58:00,user_000720,sess_001207,page_116,tecnologia,tablet,direto,0,1,17.9,41.8,0
evt_004355,2026-04-19 10:26:00,user_001715,sess_000009,page_098,finanças,computador,orgânico,1,1,43.5,86.1,0
evt_004356,2026-04-27 21:40:00,user_002244,sess_000035,page_030,tecnologia,computador,redes sociais,0,1,33.1,66.6,0
evt_004357,2026-03-16 09:40:00,user_001618,sess_001008,page_128,esportes,tablet,orgânico,0,1,48.2,83.8,0
evt_004358,2026-04-10 04:02:00,user_000846,sess_001943,page_118,finanças,celular,newsletter,1,1,44.9,84.8,1
evt_004359,2026-04-28 04:28:00,user_001176,sess_001057,page_084,entretenimento,computador,orgânico,1,1,135.4,25.3,0
evt_004360,2026-03-01 10:55:00,user_002523,sess_000892,page_027,notícias,celular,redes sociais,0,1,100.0,46.5,1
evt_004361,2026-04-17 01:59:00,user_000764,sess_001316,page_032,esportes,computador,orgânico,1,1,115.6,11.2,0
evt_004362,2026-03-30 19:25:00,user_002884,sess_001104,page_117,entretenimento,celular,redes sociais,1,1,47.5,18.9,1
evt_004363,2026-04-28 01:20:00,user_002266,sess_000770,page_003,finanças,celular,referência,1,1,61.0,46.3,1
evt_004364,2026-04-04 16:42:00,user_002670,sess_001177,page_068,esportes,celular,orgânico,0,1,69.6,84.7,0
evt_004365,2026-04-20 06:54:00,user_001529,sess_000007,page_087,notícias,tablet,orgânico,0,1,35.2,57.6,1
evt_004366,2026-03-10 23:03:00,user_000671,sess_000489,page_033,finanças,celular,orgânico,0,1,17.2,74.8,1
evt_004367,2026-03-09 12:37:00,user_000102,sess_001348,page_121,finanças,computador,redes sociais,0,1,33.2,55.9,0
evt_004368,2026-04-25 14:16:00,user_001605,sess_000683,page_073,finanças,celular,redes sociais,1,1,70.0,59.4,0
evt_004369,2026-04-01 14:06:00,user_001197,sess_000109,page_010,esportes,celular,referência,1,1,99.8,71.3,1
evt_004370,2026-04-03 12:00:00,user_000341,sess_000249,page_045,esportes,celular,referência,1,1,272.9,54.5,0
evt_004371,2026-03-11 04:46:00,user_002785,sess_001732,page_056,estilo de vida,computador,orgânico,0,1,14.9,53.6,0
evt_004372,2026-03-14 14:29:00,user_002910,sess_000659,page_031,entretenimento,computador,referência,1,1,83.7,68.3,0
evt_004373,2026-04-19 02:14:00,user_001122,sess_000046,page_131,estilo de vida,tablet,referência,1,1,59.5,36.4,1
evt_004374,2026-03-19 04:47:00,user_002004,sess_001457,page_051,estilo de vida,celular,direto,1,1,164.5,61.6,0
evt_004375,2026-04-05 01:11:00,user_001240,sess_001061,page_070,tecnologia,celular,orgânico,0,1,100.3,62.5,1
evt_004376,2026-03-19 23:48:00,user_001490,sess_000903,page_075,notícias,celular,direto,1,1,37.2,22.5,0
evt_004377,2026-03-16 19:22:00,user_001872,sess_001789,page_031,esportes,computador,direto,0,1,34.9,35.8,1
evt_004378,2026-03-10 23:04:00,user_001249,sess_000628,page_079,notícias,computador,orgânico,0,1,36.3,44.8,0
evt_004379,2026-04-25 18:37:00,user_002405,sess_001145,page_050,esportes,computador,orgânico,1,1,12.9,48.1,0
evt_004380,2026-04-26 09:41:00,user_000568,sess_001490,page_002,entretenimento,computador,redes sociais,1,1,11.7,67.7,0
evt_004381,2026-03-07 21:52:00,user_002005,sess_001217,page_057,esportes,celular,redes sociais,0,1,25.1,39.5,1
evt_004382,2026-03-22 04:40:00,user_002949,sess_000416,page_082,tecnologia,computador,orgânico,0,1,16.8,39.2,0
evt_004383,2026-04-03 19:57:00,user_002550,sess_001363,page_017,notícias,computador,referência,0,1,5.5,70.6,0
evt_004384,2026-03-23 23:55:00,user_000138,sess_001487,page_109,finanças,celular,orgânico,1,1,44.5,85.0,1
evt_004385,2026-04-13 06:17:00,user_000342,sess_000245,page_092,esportes,celular,orgânico,0,1,54.4,77.7,0
evt_004386,2026-03-16 14:43:00,user_001886,sess_000331,page_044,notícias,computador,orgânico,0,1,163.9,35.4,0
evt_004387,2026-03-04 12:44:00,user_002773,sess_001350,page_083,esportes,computador,direto,0,1,3.0,39.5,0
evt_004388,2026-03-21 05:11:00,user_002532,sess_000238,page_043,estilo de vida,celular,orgânico,0,1,39.9,23.7,0
evt_004389,2026-04-05 20:54:00,user_002711,sess_001760,page_091,finanças,celular,direto,0,1,48.4,13.9,1
evt_004390,2026-03-11 20:07:00,user_000450,sess_000220,page_022,tecnologia,celular,redes sociais,0,1,47.8,32.9,1
evt_004391,2026-04-18 22:53:00,user_001557,sess_001948,page_085,entretenimento,computador,orgânico,1,1,157.2,44.7,0
evt_004392,2026-03-01 17:38:00,user_002177,sess_001343,page_008,finanças,celular,orgânico,0,1,11.4,69.9,0
evt_004393,2026-03-05 01:14:00,user_001874,sess_000886,page_003,entretenimento,celular,redes sociais,1,1,41.1,74.5,0
evt_004394,2026-03-31 12:43:00,user_002331,sess_000537,page_036,notícias,celular,redes sociais,0,1,18.2,55.7,0
evt_004395,2026-03-31 17:37:00,user_000639,sess_000689,page_025,esportes,tablet,orgânico,0,1,29.4,86.4,0
evt_004396,2026-03-18 16:38:00,user_001371,sess_001497,page_069,finanças,celular,redes sociais,1,1,23.7,47.7,0
evt_004397,2026-03-16 12:19:00,user_001344,sess_001506,page_024,estilo de vida,computador,redes sociais,1,1,85.4,85.1,1
evt_004398,2026-03-05 04:31:00,user_002819,sess_000418,page_034,estilo de vida,celular,newsletter,0,1,47.6,41.1,0
evt_004399,2026-04-09 18:36:00,user_000608,sess_001086,page_014,estilo de vida,celular,direto,1,1,79.9,67.5,0
evt_004400,2026-03-23 17:47:00,user_000979,sess_001985,page_124,entretenimento,computador,orgânico,1,1,134.6,62.2,0
evt_004401,2026-03-08 02:53:00,user_000066,sess_000515,page_103,esportes,computador,redes sociais,0,1,88.6,81.5,0
evt_004402,2026-03-24 23:46:00,user_000456,sess_001387,page_031,tecnologia,computador,orgânico,0,1,20.3,87.5,0
evt_004403,2026-04-26 05:21:00,user_002942,sess_000345,page_017,estilo de vida,tablet,redes sociais,1,1,104.9,37.7,0
evt_004404,2026-03-16 16:10:00,user_002543,sess_001668,page_119,finanças,celular,orgânico,0,1,48.3,19.8,1
evt_004405,2026-04-23 16:24:00,user_000778,sess_000341,page_093,esportes,celular,referência,0,1,58.2,53.7,0
evt_004406,2026-03-16 12:35:00,user_002106,sess_000595,page_124,esportes,celular,redes sociais,1,1,111.2,65.8,0
evt_004407,2026-03-12 03:48:00,user_001779,sess_000918,page_025,esportes,celular,referência,1,1,12.1,57.7,0
evt_004408,2026-03-16 15:19:00,user_002719,sess_000741,page_050,tecnologia,celular,redes sociais,0,1,65.4,100.0,0
evt_004409,2026-03-20 09:30:00,user_000901,sess_000341,page_017,finanças,computador,orgânico,0,1,11.1,76.9,0
evt_004410,2026-03-08 05:40:00,user_002983,sess_001282,page_059,notícias,computador,orgânico,0,1,30.1,68.8,1
evt_004411,2026-04-05 06:11:00,user_001112,sess_000040,page_023,tecnologia,celular,orgânico,1,1,109.3,32.0,0
evt_004412,2026-03-21 00:09:00,user_002150,sess_001967,page_001,estilo de vida,celular,direto,1,1,32.4,47.0,0
evt_004413,2026-04-13 02:00:00,user_001193,sess_000105,page_071,entretenimento,celular,referência,0,1,50.1,67.5,0
evt_004414,2026-03-30 11:01:00,user_002014,sess_000668,page_137,finanças,tablet,orgânico,1,1,100.6,72.2,0
evt_004415,2026-03-27 13:25:00,user_001005,sess_001859,page_090,estilo de vida,celular,redes sociais,0,1,39.7,59.3,1
evt_004416,2026-03-29 06:13:00,user_002530,sess_000311,page_106,finanças,computador,orgânico,0,1,40.8,91.2,0
evt_004417,2026-03-10 09:03:00,user_001912,sess_000146,page_113,estilo de vida,computador,redes sociais,0,1,38.7,44.4,0
evt_004418,2026-04-12 18:32:00,user_000867,sess_001488,page_136,finanças,celular,referência,1,1,19.3,74.4,1
evt_004419,2026-03-07 05:58:00,user_002882,sess_000147,page_018,notícias,celular,orgânico,0,1,78.3,45.0,0
evt_004420,2026-04-13 07:00:00,user_002127,sess_001799,page_035,entretenimento,celular,orgânico,1,1,72.3,100.0,1
evt_004421,2026-04-29 23:39:00,user_001286,sess_000902,page_086,tecnologia,computador,direto,0,1,139.0,42.8,0
evt_004422,2026-04-15 20:09:00,user_000408,sess_001738,page_115,estilo de vida,celular,orgânico,1,1,28.8,99.7,0
evt_004423,2026-03-28 07:42:00,user_002920,sess_000490,page_108,finanças,celular,orgânico,1,1,65.5,61.2,1
evt_004424,2026-03-19 20:50:00,user_002265,sess_000283,page_102,tecnologia,computador,orgânico,1,1,28.8,45.1,0
evt_004425,2026-04-22 08:26:00,user_002003,sess_001925,page_044,notícias,celular,direto,1,1,131.5,57.3,1
evt_004426,2026-03-16 10:21:00,user_002499,sess_001524,page_051,esportes,computador,newsletter,0,1,55.9,35.2,0
evt_004427,2026-03-29 22:37:00,user_001821,sess_001822,page_012,notícias,celular,referência,1,1,170.1,39.7,0
evt_004428,2026-04-16 06:03:00,user_000696,sess_000640,page_044,notícias,celular,redes sociais,1,1,37.7,90.8,0
evt_004429,2026-04-25 08:11:00,user_000712,sess_000810,page_022,notícias,computador,direto,1,1,58.7,67.2,0
evt_004430,2026-04-25 06:10:00,user_000238,sess_001154,page_131,tecnologia,celular,redes sociais,1,1,37.8,76.6,0
evt_004431,2026-03-06 06:22:00,user_000189,sess_000898,page_013,esportes,celular,redes sociais,0,1,155.2,48.8,0
evt_004432,2026-04-23 21:29:00,user_002186,sess_000486,page_051,tecnologia,computador,orgânico,1,1,98.8,72.0,1
evt_004433,2026-03-07 20:11:00,user_002555,sess_000750,page_124,entretenimento,celular,orgânico,0,1,85.6,60.9,0
evt_004434,2026-04-05 01:38:00,user_000492,sess_001217,page_133,notícias,celular,redes sociais,0,1,93.7,43.9,0
evt_004435,2026-04-25 18:40:00,user_001722,sess_000076,page_053,tecnologia,celular,newsletter,0,1,101.5,100.0,0
evt_004436,2026-04-09 06:55:00,user_000372,sess_000672,page_065,finanças,computador,redes sociais,0,1,69.0,38.2,0
evt_004437,2026-04-26 20:23:00,user_001243,sess_000586,page_073,entretenimento,celular,newsletter,1,1,47.8,59.7,0
evt_004438,2026-03-21 15:50:00,user_002372,sess_000141,page_115,finanças,computador,orgânico,1,1,23.1,77.2,0
evt_004439,2026-03-19 21:11:00,user_002436,sess_000246,page_107,esportes,computador,orgânico,0,1,19.4,64.2,0
evt_004440,2026-03-20 13:45:00,user_002846,sess_000991,page_073,esportes,celular,newsletter,0,1,21.9,49.1,0
evt_004441,2026-03-22 07:26:00,user_000932,sess_000205,page_052,entretenimento,tablet,orgânico,1,1,83.8,45.2,0
evt_004442,2026-04-10 23:14:00,user_002846,sess_000690,page_052,esportes,computador,redes sociais,1,1,58.7,65.0,1
evt_004443,2026-03-28 03:31:00,user_002351,sess_001122,page_091,tecnologia,celular,orgânico,0,1,33.7,43.4,1
evt_004444,2026-04-14 05:53:00,user_001016,sess_001747,page_117,notícias,celular,referência,0,1,29.1,81.2,1
evt_004445,2026-03-25 23:16:00,user_000984,sess_000198,page_011,estilo de vida,celular,orgânico,1,1,14.8,62.8,0
evt_004446,2026-03-19 11:07:00,user_000323,sess_000869,page_107,finanças,celular,referência,0,1,41.5,62.6,0
evt_004447,2026-03-12 09:39:00,user_002762,sess_000206,page_067,notícias,computador,orgânico,1,1,27.6,60.5,1
evt_004448,2026-04-03 01:31:00,user_000610,sess_000857,page_021,notícias,celular,orgânico,0,1,22.1,68.7,0
evt_004449,2026-04-23 21:39:00,user_000804,sess_000961,page_014,esportes,computador,referência,0,1,11.1,84.6,1
evt_004450,2026-04-21 12:54:00,user_001239,sess_001598,page_047,tecnologia,computador,orgânico,0,1,28.9,66.2,0
evt_004451,2026-03-16 04:45:00,user_000413,sess_000885,page_035,tecnologia,celular,orgânico,0,1,19.3,62.2,0
evt_004452,2026-03-29 15:47:00,user_002418,sess_001871,page_015,notícias,computador,redes sociais,1,1,84.9,76.4,0
evt_004453,2026-04-12 07:35:00,user_002094,sess_000276,page_041,finanças,computador,orgânico,1,1,45.3,37.7,1
evt_004454,2026-04-06 17:53:00,user_000470,sess_000107,page_116,notícias,computador,orgânico,0,1,78.0,47.3,1
evt_004455,2026-03-05 00:42:00,user_000489,sess_000009,page_100,tecnologia,computador,orgânico,0,1,46.3,55.1,1
evt_004456,2026-04-05 11:07:00,user_000066,sess_000714,page_030,tecnologia,computador,redes sociais,1,1,109.5,40.6,0
evt_004457,2026-03-03 07:48:00,user_002848,sess_000386,page_094,entretenimento,computador,orgânico,0,1,5.5,72.7,0
evt_004458,2026-03-07 23:45:00,user_001307,sess_000184,page_063,entretenimento,computador,referência,0,1,32.6,58.7,1
evt_004459,2026-04-09 05:22:00,user_001967,sess_000472,page_104,esportes,celular,direto,0,1,83.6,35.5,0
evt_004460,2026-03-07 03:40:00,user_000450,sess_001949,page_035,esportes,celular,orgânico,0,1,32.4,33.3,1
evt_004461,2026-03-21 08:10:00,user_000693,sess_001600,page_009,entretenimento,tablet,redes sociais,1,1,32.9,57.9,0
evt_004462,2026-04-05 07:20:00,user_001624,sess_000038,page_044,notícias,tablet,redes sociais,0,1,16.1,71.3,0
evt_004463,2026-04-09 07:51:00,user_000627,sess_001830,page_139,notícias,celular,direto,0,1,32.7,59.9,1
evt_004464,2026-03-27 17:51:00,user_001839,sess_000411,page_078,esportes,celular,redes sociais,0,1,47.0,100.0,1
evt_004465,2026-03-06 15:23:00,user_002771,sess_000812,page_008,tecnologia,computador,direto,1,1,149.5,54.2,0
evt_004466,2026-04-17 22:42:00,user_000915,sess_000655,page_136,estilo de vida,computador,orgânico,0,1,29.5,46.4,0
evt_004467,2026-04-26 23:47:00,user_001823,sess_000810,page_115,entretenimento,tablet,redes sociais,0,1,47.6,84.3,0
evt_004468,2026-04-23 07:45:00,user_002747,sess_001521,page_076,esportes,tablet,orgânico,0,1,220.2,64.6,1
evt_004469,2026-04-14 21:51:00,user_002681,sess_001425,page_103,esportes,celular,newsletter,0,1,147.9,84.8,1
evt_004470,2026-03-25 03:11:00,user_000024,sess_001188,page_026,esportes,celular,redes sociais,0,1,86.5,86.6,1
evt_004471,2026-04-22 13:49:00,user_000331,sess_001254,page_083,tecnologia,computador,redes sociais,0,1,72.8,51.0,1
evt_004472,2026-03-30 06:58:00,user_002958,sess_001455,page_127,notícias,computador,redes sociais,0,1,46.7,46.3,0
evt_004473,2026-03-09 04:31:00,user_002776,sess_000369,page_062,entretenimento,celular,orgânico,1,1,82.6,72.7,0
evt_004474,2026-04-21 00:47:00,user_000966,sess_000791,page_006,finanças,computador,orgânico,1,1,52.6,49.8,0
evt_004475,2026-03-20 05:01:00,user_001560,sess_000216,page_106,tecnologia,celular,orgânico,0,1,6.9,48.6,0
evt_004476,2026-04-26 07:43:00,user_001718,sess_001408,page_102,tecnologia,celular,direto,0,1,43.2,19.4,1
evt_004477,2026-03-23 02:24:00,user_002005,sess_000875,page_103,finanças,celular,direto,0,1,35.4,63.1,0
evt_004478,2026-04-22 03:55:00,user_002251,sess_001274,page_091,tecnologia,celular,orgânico,0,1,37.2,87.6,1
evt_004479,2026-04-02 05:31:00,user_001119,sess_001130,page_020,esportes,computador,redes sociais,1,1,49.8,58.7,0
evt_004480,2026-03-29 01:02:00,user_002669,sess_000547,page_016,tecnologia,celular,orgânico,1,1,33.7,25.0,1
evt_004481,2026-03-18 19:29:00,user_000178,sess_000278,page_111,tecnologia,celular,redes sociais,1,1,96.9,99.4,0
evt_004482,2026-04-20 03:24:00,user_000098,sess_001945,page_119,estilo de vida,celular,orgânico,1,1,117.4,45.1,1
evt_004483,2026-03-04 15:18:00,user_002873,sess_000587,page_011,notícias,tablet,referência,0,1,103.9,59.0,0
evt_004484,2026-03-29 03:10:00,user_000532,sess_000220,page_081,entretenimento,computador,redes sociais,1,1,24.8,64.7,0
evt_004485,2026-03-23 03:11:00,user_002983,sess_000612,page_070,entretenimento,computador,redes sociais,0,1,120.9,75.4,0
evt_004486,2026-04-02 14:29:00,user_000858,sess_001804,page_049,estilo de vida,computador,direto,1,1,42.7,67.5,0
evt_004487,2026-03-16 06:33:00,user_001094,sess_000523,page_090,entretenimento,celular,direto,0,1,213.2,55.2,0
evt_004488,2026-04-09 21:00:00,user_000084,sess_001973,page_128,finanças,computador,redes sociais,0,1,171.8,65.8,0
evt_004489,2026-03-24 03:43:00,user_002831,sess_000922,page_115,esportes,computador,orgânico,1,1,17.4,44.1,1
evt_004490,2026-03-12 06:54:00,user_001078,sess_001723,page_022,finanças,computador,orgânico,0,1,49.8,45.2,0
evt_004491,2026-03-12 19:37:00,user_000504,sess_001306,page_065,notícias,celular,orgânico,1,1,31.1,51.9,0
evt_004492,2026-04-11 18:58:00,user_001450,sess_000088,page_131,estilo de vida,celular,direto,1,1,74.4,89.0,0
evt_004493,2026-03-16 17:07:00,user_000464,sess_001019,page_033,estilo de vida,computador,direto,1,1,76.8,36.8,0
evt_004494,2026-03-19 10:26:00,user_002369,sess_000834,page_119,notícias,celular,orgânico,1,1,112.0,31.6,0
evt_004495,2026-04-07 14:48:00,user_000220,sess_000403,page_069,esportes,celular,orgânico,1,1,132.6,61.6,0
evt_004496,2026-03-20 18:53:00,user_001498,sess_001100,page_073,tecnologia,computador,direto,1,1,18.5,78.5,0
evt_004497,2026-03-24 06:56:00,user_001174,sess_000206,page_035,tecnologia,computador,redes sociais,1,1,158.8,44.5,1
evt_004498,2026-03-15 16:02:00,user_000112,sess_001396,page_128,entretenimento,computador,direto,0,1,50.1,38.5,0
evt_004499,2026-03-21 17:21:00,user_000157,sess_001643,page_074,esportes,computador,direto,1,1,51.0,65.3,0
evt_004500,2026-04-11 13:36:00,user_001556,sess_000185,page_080,tecnologia,celular,orgânico,0,1,11.5,61.4,0
evt_004501,2026-04-02 00:49:00,user_001184,sess_000959,page_065,notícias,tablet,direto,0,1,59.4,88.4,1
evt_004502,2026-04-29 20:26:00,user_000390,sess_001310,page_013,notícias,computador,redes sociais,0,1,34.0,82.1,1
evt_004503,2026-04-16 07:28:00,user_000416,sess_000125,page_109,tecnologia,computador,redes sociais,0,1,14.5,32.7,0
evt_004504,2026-03-02 00:14:00,user_002414,sess_000779,page_046,finanças,celular,orgânico,1,1,48.1,45.3,1
evt_004505,2026-03-23 17:34:00,user_002191,sess_000516,page_034,tecnologia,celular,direto,0,1,39.9,2.2,0
evt_004506,2026-03-18 09:23:00,user_001823,sess_000079,page_109,esportes,celular,orgânico,0,1,132.0,61.9,1
evt_004507,2026-04-05 06:01:00,user_002500,sess_001608,page_028,notícias,celular,orgânico,0,1,120.4,42.7,0
evt_004508,2026-03-16 22:32:00,user_000208,sess_000889,page_095,estilo de vida,computador,orgânico,0,1,37.0,97.7,0
evt_004509,2026-04-27 23:19:00,user_002063,sess_001503,page_066,notícias,computador,direto,0,1,65.5,48.0,0
evt_004510,2026-03-18 23:06:00,user_002257,sess_001174,page_112,esportes,tablet,direto,0,1,107.4,51.4,0
evt_004511,2026-04-01 07:39:00,user_000602,sess_001751,page_008,notícias,celular,orgânico,0,1,14.9,44.0,0
evt_004512,2026-03-08 08:59:00,user_001609,sess_001994,page_108,esportes,computador,orgânico,0,1,46.6,59.8,1
evt_004513,2026-04-24 14:06:00,user_002300,sess_001204,page_032,tecnologia,tablet,orgânico,0,1,40.8,85.0,0
evt_004514,2026-04-24 17:03:00,user_001810,sess_000704,page_122,notícias,computador,direto,0,1,8.3,15.8,0
evt_004515,2026-04-17 14:53:00,user_000749,sess_000846,page_050,estilo de vida,computador,redes sociais,1,1,34.6,80.4,0
evt_004516,2026-03-22 02:20:00,user_001994,sess_001650,page_001,estilo de vida,tablet,direto,0,1,7.7,18.8,0
evt_004517,2026-03-04 12:33:00,user_002278,sess_000853,page_068,finanças,celular,direto,0,1,14.9,60.1,0
evt_004518,2026-04-12 15:47:00,user_000030,sess_001039,page_008,finanças,celular,referência,0,1,33.7,44.3,0
evt_004519,2026-03-26 17:54:00,user_001702,sess_000388,page_038,estilo de vida,computador,redes sociais,1,1,78.1,37.3,0
evt_004520,2026-04-29 10:08:00,user_001514,sess_001980,page_100,tecnologia,computador,referência,0,1,16.1,30.2,0
evt_004521,2026-04-11 21:34:00,user_001100,sess_001301,page_078,notícias,tablet,redes sociais,1,1,63.7,65.8,1
evt_004522,2026-04-02 07:37:00,user_000133,sess_000661,page_099,tecnologia,computador,direto,0,1,92.0,49.0,1
evt_004523,2026-04-29 04:51:00,user_000251,sess_001170,page_123,notícias,celular,redes sociais,0,1,30.7,68.7,1
evt_004524,2026-04-18 00:40:00,user_002250,sess_000802,page_066,finanças,celular,newsletter,1,1,76.3,79.2,0
evt_004525,2026-03-28 12:03:00,user_002482,sess_000310,page_076,finanças,computador,orgânico,0,1,72.6,60.4,0
evt_004526,2026-03-02 03:09:00,user_001258,sess_001749,page_009,notícias,celular,direto,0,1,46.2,71.1,0
evt_004527,2026-03-06 13:36:00,user_002819,sess_001771,page_040,notícias,tablet,redes sociais,0,1,35.8,59.4,0
evt_004528,2026-03-27 14:57:00,user_002783,sess_001669,page_101,notícias,celular,newsletter,0,1,41.7,48.4,0
evt_004529,2026-04-03 17:17:00,user_001998,sess_000737,page_009,notícias,computador,orgânico,0,1,196.2,76.3,1
evt_004530,2026-03-02 19:25:00,user_001743,sess_000513,page_050,estilo de vida,celular,redes sociais,0,1,21.2,87.5,0
evt_004531,2026-03-08 14:15:00,user_002893,sess_000100,page_019,notícias,computador,orgânico,0,1,157.8,83.1,0
evt_004532,2026-04-12 06:11:00,user_001829,sess_001463,page_120,tecnologia,computador,referência,0,1,24.4,23.9,1
evt_004533,2026-04-15 02:11:00,user_002802,sess_000656,page_079,entretenimento,tablet,direto,0,1,80.4,59.3,1
evt_004534,2026-03-02 18:55:00,user_002936,sess_001784,page_090,esportes,tablet,direto,0,1,11.3,84.1,1
evt_004535,2026-03-31 11:03:00,user_000584,sess_001739,page_096,notícias,computador,redes sociais,0,1,12.6,33.4,1
evt_004536,2026-03-05 20:36:00,user_001982,sess_000257,page_032,finanças,celular,direto,0,1,130.4,64.1,0
evt_004537,2026-04-13 09:44:00,user_002193,sess_001833,page_007,entretenimento,tablet,redes sociais,0,1,18.6,43.0,0
evt_004538,2026-04-20 01:03:00,user_002460,sess_000281,page_056,esportes,celular,orgânico,0,1,88.2,63.4,1
evt_004539,2026-04-22 03:52:00,user_001048,sess_000981,page_026,notícias,computador,referência,0,1,62.6,100.0,0
evt_004540,2026-04-05 21:22:00,user_002584,sess_000948,page_045,entretenimento,computador,redes sociais,0,1,50.8,57.8,0
evt_004541,2026-04-07 17:41:00,user_001463,sess_001912,page_045,finanças,celular,orgânico,0,1,83.6,62.6,0
evt_004542,2026-04-25 14:17:00,user_001161,sess_001314,page_109,esportes,tablet,direto,1,1,80.6,100.0,0
evt_004543,2026-04-06 17:54:00,user_000471,sess_001750,page_045,entretenimento,computador,orgânico,0,1,50.6,62.0,1
evt_004544,2026-03-27 18:38:00,user_000964,sess_001192,page_022,entretenimento,computador,direto,0,1,5.9,45.4,0
evt_004545,2026-04-15 06:34:00,user_002924,sess_001650,page_134,finanças,celular,redes sociais,0,1,47.7,33.0,0
evt_004546,2026-04-05 10:48:00,user_002148,sess_001704,page_007,esportes,celular,direto,0,1,163.1,79.7,0
evt_004547,2026-04-20 13:08:00,user_002178,sess_001719,page_029,finanças,tablet,orgânico,0,1,28.4,42.2,0
evt_004548,2026-04-01 11:34:00,user_002687,sess_000823,page_049,notícias,celular,direto,1,1,40.6,54.0,1
evt_004549,2026-04-22 03:26:00,user_000801,sess_000764,page_009,finanças,celular,direto,0,1,14.0,74.6,0
evt_004550,2026-03-03 16:36:00,user_001984,sess_001969,page_126,esportes,tablet,direto,0,1,38.0,70.7,0
evt_004551,2026-03-03 04:27:00,user_001115,sess_001513,page_050,estilo de vida,celular,redes sociais,0,1,51.0,25.1,1
evt_004552,2026-03-06 22:36:00,user_002544,sess_001834,page_109,tecnologia,celular,direto,0,1,34.1,36.4,0
evt_004553,2026-04-03 08:54:00,user_001268,sess_001155,page_019,entretenimento,computador,redes sociais,1,1,48.5,62.4,0
evt_004554,2026-04-12 12:55:00,user_002564,sess_001858,page_073,tecnologia,celular,orgânico,1,1,39.9,26.3,1
evt_004555,2026-03-13 23:25:00,user_002242,sess_001439,page_018,notícias,computador,orgânico,0,1,125.2,71.6,1
evt_004556,2026-03-10 08:16:00,user_002316,sess_001485,page_033,notícias,celular,redes sociais,0,1,24.7,31.3,0
evt_004557,2026-04-21 14:53:00,user_002777,sess_000356,page_057,finanças,computador,referência,1,1,100.6,60.1,1
evt_004558,2026-04-15 00:46:00,user_002372,sess_001134,page_120,esportes,computador,orgânico,1,1,32.0,47.8,0
evt_004559,2026-04-08 21:41:00,user_000964,sess_001463,page_043,notícias,tablet,direto,0,1,25.6,73.8,0
evt_004560,2026-03-30 07:14:00,user_001565,sess_001522,page_105,tecnologia,celular,direto,0,1,82.8,47.4,0
evt_004561,2026-03-26 05:07:00,user_001418,sess_001915,page_013,esportes,celular,orgânico,0,1,23.4,72.1,1
evt_004562,2026-03-02 05:33:00,user_000194,sess_000654,page_035,notícias,celular,orgânico,0,1,51.4,80.9,0
evt_004563,2026-03-12 06:52:00,user_001780,sess_000606,page_084,finanças,computador,redes sociais,1,1,45.4,65.1,0
evt_004564,2026-04-23 19:40:00,user_001312,sess_001938,page_066,entretenimento,computador,orgânico,1,1,155.6,62.8,0
evt_004565,2026-03-21 08:11:00,user_001180,sess_001972,page_070,estilo de vida,celular,orgânico,1,1,49.5,44.0,0
evt_004566,2026-04-12 06:32:00,user_000329,sess_000360,page_095,notícias,celular,referência,0,1,5.9,35.8,1
evt_004567,2026-04-12 05:26:00,user_001513,sess_000757,page_011,finanças,computador,newsletter,0,1,62.2,40.2,0
evt_004568,2026-03-19 13:34:00,user_001737,sess_001896,page_097,entretenimento,computador,orgânico,1,1,103.3,59.9,1
evt_004569,2026-03-13 06:16:00,user_000318,sess_000400,page_120,notícias,computador,orgânico,1,1,79.4,46.4,1
evt_004570,2026-04-11 12:00:00,user_001905,sess_001566,page_107,estilo de vida,celular,direto,1,1,58.7,66.4,0
evt_004571,2026-03-06 14:45:00,user_000503,sess_000225,page_040,tecnologia,computador,newsletter,0,1,38.4,52.0,1
evt_004572,2026-03-30 16:32:00,user_000435,sess_000357,page_049,tecnologia,computador,newsletter,0,1,74.3,47.9,0
evt_004573,2026-04-23 06:45:00,user_001203,sess_001570,page_134,notícias,computador,newsletter,0,1,50.3,54.0,0
evt_004574,2026-04-12 16:18:00,user_001167,sess_001215,page_110,entretenimento,celular,redes sociais,1,1,58.1,15.3,0
evt_004575,2026-04-15 20:27:00,user_002744,sess_001110,page_130,esportes,celular,newsletter,1,1,81.0,76.3,0
evt_004576,2026-03-05 23:54:00,user_000203,sess_001713,page_127,notícias,computador,orgânico,1,1,128.4,50.7,0
evt_004577,2026-03-12 23:42:00,user_001048,sess_000614,page_061,notícias,computador,orgânico,0,1,31.8,50.0,0
evt_004578,2026-03-17 12:08:00,user_002203,sess_001007,page_018,finanças,computador,direto,0,1,31.4,97.8,0
evt_004579,2026-03-18 12:55:00,user_000750,sess_001217,page_032,notícias,celular,redes sociais,1,1,56.5,51.5,0
evt_004580,2026-03-12 15:28:00,user_002944,sess_001479,page_041,tecnologia,computador,direto,1,1,51.1,69.7,1
evt_004581,2026-04-28 07:46:00,user_002228,sess_000664,page_117,tecnologia,tablet,direto,0,1,54.4,18.5,1
evt_004582,2026-03-10 21:32:00,user_002838,sess_001267,page_039,notícias,computador,referência,1,1,31.3,45.2,0
evt_004583,2026-04-12 11:47:00,user_002847,sess_000897,page_051,tecnologia,celular,orgânico,0,1,17.9,80.9,1
evt_004584,2026-04-05 04:55:00,user_000328,sess_001084,page_119,entretenimento,computador,orgânico,1,1,15.6,75.3,0
evt_004585,2026-04-06 15:09:00,user_001377,sess_001725,page_023,notícias,celular,direto,1,1,17.3,71.4,0
evt_004586,2026-03-13 21:06:00,user_002234,sess_000787,page_093,tecnologia,celular,redes sociais,1,1,26.6,41.7,0
evt_004587,2026-03-19 10:59:00,user_000026,sess_001336,page_077,entretenimento,computador,orgânico,0,1,149.9,62.5,1
evt_004588,2026-04-06 09:21:00,user_001356,sess_001884,page_137,tecnologia,computador,orgânico,1,1,68.5,50.1,0
evt_004589,2026-03-18 22:44:00,user_002064,sess_001525,page_069,finanças,computador,referência,0,1,90.8,72.9,0
evt_004590,2026-04-11 15:31:00,user_002378,sess_001977,page_073,entretenimento,celular,newsletter,0,1,17.4,75.6,1
evt_004591,2026-03-03 08:54:00,user_001245,sess_001167,page_119,tecnologia,tablet,direto,0,1,48.2,61.9,0
evt_004592,2026-03-05 08:51:00,user_002589,sess_000564,page_138,esportes,celular,direto,1,1,83.2,79.0,0
evt_004593,2026-04-13 17:00:00,user_002021,sess_001982,page_102,esportes,celular,referência,0,1,21.8,80.2,0
evt_004594,2026-04-07 00:07:00,user_000137,sess_001289,page_098,finanças,computador,orgânico,0,1,53.8,42.3,1
evt_004595,2026-03-03 14:10:00,user_000833,sess_000483,page_122,esportes,celular,redes sociais,0,1,31.2,19.2,1
evt_004596,2026-04-23 22:36:00,user_002813,sess_000635,page_137,esportes,celular,redes sociais,0,1,14.7,78.6,0
evt_004597,2026-03-01 06:59:00,user_000008,sess_000525,page_103,notícias,computador,newsletter,0,1,10.7,59.6,1
evt_004598,2026-04-27 07:59:00,user_000324,sess_001667,page_041,tecnologia,computador,orgânico,1,1,58.9,86.2,0
evt_004599,2026-04-13 18:28:00,user_001034,sess_000186,page_090,tecnologia,computador,newsletter,0,1,36.5,64.9,0
evt_004600,2026-04-29 06:55:00,user_002981,sess_001480,page_033,esportes,computador,direto,0,1,45.3,89.9,0
evt_004601,2026-04-26 22:22:00,user_002114,sess_001108,page_070,esportes,tablet,orgânico,0,1,12.8,73.3,0
evt_004602,2026-03-19 18:54:00,user_000443,sess_000147,page_062,notícias,computador,redes sociais,1,1,71.6,65.8,0
evt_004603,2026-04-15 09:21:00,user_001179,sess_001227,page_138,notícias,computador,orgânico,0,1,172.5,50.0,1
evt_004604,2026-03-13 15:42:00,user_002818,sess_001506,page_078,estilo de vida,computador,redes sociais,1,1,93.2,47.5,0
evt_004605,2026-03-29 07:09:00,user_000658,sess_001452,page_134,notícias,computador,redes sociais,0,1,28.7,22.4,0
evt_004606,2026-03-15 09:45:00,user_001726,sess_001057,page_113,entretenimento,computador,direto,1,1,7.8,70.6,1
evt_004607,2026-03-30 03:54:00,user_001392,sess_000671,page_118,esportes,computador,redes sociais,0,1,83.5,41.4,0
evt_004608,2026-04-22 08:10:00,user_002281,sess_000328,page_024,notícias,computador,direto,0,1,105.9,52.5,0
evt_004609,2026-03-27 04:02:00,user_002257,sess_000025,page_108,tecnologia,computador,orgânico,0,1,70.9,57.2,0
evt_004610,2026-03-06 13:02:00,user_002500,sess_000719,page_035,esportes,celular,referência,0,1,44.1,46.9,0
evt_004611,2026-03-20 11:29:00,user_000359,sess_001264,page_081,esportes,celular,referência,0,1,102.6,61.6,0
evt_004612,2026-04-17 04:35:00,user_001362,sess_000076,page_068,notícias,celular,direto,0,1,56.7,9.0,0
evt_004613,2026-04-01 07:16:00,user_002075,sess_001997,page_037,estilo de vida,computador,orgânico,0,1,42.4,58.4,0
evt_004614,2026-04-03 14:40:00,user_001257,sess_001172,page_137,esportes,computador,newsletter,0,1,89.8,71.2,0
evt_004615,2026-03-26 20:51:00,user_002002,sess_000589,page_122,tecnologia,tablet,referência,1,1,119.6,22.4,0
evt_004616,2026-03-18 13:36:00,user_001907,sess_001924,page_080,estilo de vida,computador,referência,1,1,30.7,43.8,1
evt_004617,2026-04-05 21:21:00,user_001112,sess_000368,page_002,entretenimento,celular,orgânico,0,1,24.7,86.0,0
evt_004618,2026-04-07 23:38:00,user_000301,sess_001915,page_026,estilo de vida,computador,referência,1,1,54.9,56.0,0
evt_004619,2026-04-23 21:17:00,user_002911,sess_000564,page_032,tecnologia,computador,orgânico,0,1,61.6,43.5,0
evt_004620,2026-04-07 01:36:00,user_002478,sess_000760,page_136,estilo de vida,celular,redes sociais,0,1,47.3,73.3,1
evt_004621,2026-04-29 16:48:00,user_002684,sess_000851,page_057,finanças,celular,direto,1,1,112.8,42.9,0
evt_004622,2026-04-19 14:16:00,user_000900,sess_001989,page_007,estilo de vida,computador,redes sociais,0,1,77.5,36.7,0
evt_004623,2026-03-05 17:23:00,user_000949,sess_000502,page_082,estilo de vida,celular,orgânico,0,1,63.2,38.6,1
evt_004624,2026-03-24 12:43:00,user_000970,sess_001945,page_133,notícias,computador,redes sociais,0,1,44.9,86.1,0
evt_004625,2026-03-24 01:56:00,user_000094,sess_000694,page_078,estilo de vida,celular,orgânico,1,1,151.2,36.8,1
evt_004626,2026-03-01 04:20:00,user_000509,sess_000571,page_062,esportes,celular,redes sociais,0,1,96.7,56.4,1
evt_004627,2026-03-11 20:13:00,user_000925,sess_001276,page_025,estilo de vida,celular,orgânico,0,1,164.1,81.4,0
evt_004628,2026-04-15 17:33:00,user_002962,sess_001387,page_123,notícias,computador,redes sociais,0,1,57.3,37.2,0
evt_004629,2026-03-22 03:03:00,user_000614,sess_000690,page_015,notícias,computador,redes sociais,0,1,33.8,21.9,0
evt_004630,2026-03-09 20:56:00,user_001523,sess_000268,page_130,notícias,celular,newsletter,1,1,102.4,100.0,0
evt_004631,2026-03-18 05:57:00,user_001642,sess_000792,page_031,notícias,computador,redes sociais,1,1,47.6,60.6,0
evt_004632,2026-03-17 11:34:00,user_001080,sess_001081,page_020,notícias,tablet,redes sociais,1,1,31.7,44.7,1
evt_004633,2026-03-11 11:20:00,user_002756,sess_000081,page_049,notícias,celular,newsletter,0,1,43.7,54.7,1
evt_004634,2026-03-07 01:42:00,user_000280,sess_000158,page_001,estilo de vida,computador,newsletter,0,1,82.3,73.3,0
evt_004635,2026-04-15 20:16:00,user_002611,sess_001835,page_002,finanças,celular,direto,0,1,50.7,34.0,0
evt_004636,2026-04-19 11:18:00,user_002231,sess_000072,page_026,entretenimento,computador,redes sociais,0,1,34.8,48.3,1
evt_004637,2026-03-30 18:39:00,user_000918,sess_000814,page_097,tecnologia,computador,orgânico,0,1,45.0,74.4,1
evt_004638,2026-04-06 22:16:00,user_002303,sess_001528,page_114,notícias,tablet,direto,0,1,33.2,88.1,0
evt_004639,2026-04-25 03:42:00,user_001286,sess_000656,page_035,finanças,celular,referência,1,1,25.7,95.9,0
evt_004640,2026-04-20 13:26:00,user_002912,sess_000990,page_090,finanças,celular,newsletter,1,1,15.5,68.2,1
evt_004641,2026-03-02 22:55:00,user_000110,sess_000173,page_049,esportes,celular,orgânico,1,1,112.4,88.9,1
evt_004642,2026-04-27 04:15:00,user_000090,sess_001589,page_061,finanças,computador,orgânico,0,1,111.6,31.1,0
evt_004643,2026-03-05 00:26:00,user_001632,sess_001268,page_047,estilo de vida,celular,referência,1,1,60.3,61.0,0
evt_004644,2026-03-02 14:15:00,user_002794,sess_001703,page_124,estilo de vida,tablet,referência,0,1,28.2,4.1,0
evt_004645,2026-03-25 04:42:00,user_000191,sess_001727,page_072,esportes,celular,direto,1,1,39.9,87.2,0
evt_004646,2026-04-14 18:01:00,user_002333,sess_000702,page_071,tecnologia,celular,orgânico,0,1,19.0,67.0,0
evt_004647,2026-03-05 19:35:00,user_002815,sess_000083,page_120,esportes,computador,direto,1,1,16.5,94.2,0
evt_004648,2026-03-18 13:54:00,user_001459,sess_000693,page_092,tecnologia,celular,redes sociais,0,1,29.8,45.6,1
evt_004649,2026-03-16 18:19:00,user_002600,sess_000291,page_021,entretenimento,computador,orgânico,0,1,72.8,30.4,0
evt_004650,2026-03-24 20:13:00,user_002271,sess_001067,page_027,esportes,tablet,orgânico,0,1,13.9,74.2,0
evt_004651,2026-04-29 03:52:00,user_000643,sess_000293,page_048,tecnologia,computador,orgânico,0,1,77.7,54.7,1
evt_004652,2026-03-20 21:14:00,user_002562,sess_001843,page_014,tecnologia,computador,redes sociais,1,1,65.1,80.2,0
evt_004653,2026-03-13 12:54:00,user_002098,sess_001204,page_097,finanças,computador,orgânico,0,1,63.7,81.9,0
evt_004654,2026-03-08 08:07:00,user_000038,sess_000506,page_069,notícias,celular,redes sociais,0,1,51.1,51.8,0
evt_004655,2026-03-12 21:17:00,user_001704,sess_001842,page_007,tecnologia,computador,orgânico,0,1,63.1,57.4,0
evt_004656,2026-03-08 23:43:00,user_001963,sess_001539,page_056,finanças,computador,redes sociais,0,1,46.2,61.2,1
evt_004657,2026-04-04 10:02:00,user_002404,sess_000876,page_116,notícias,tablet,newsletter,1,1,13.6,58.5,0
evt_004658,2026-03-26 05:31:00,user_002314,sess_000293,page_127,estilo de vida,computador,direto,1,1,142.0,47.7,0
evt_004659,2026-03-30 21:07:00,user_001427,sess_000688,page_134,finanças,celular,orgânico,1,1,36.6,78.2,0
evt_004660,2026-04-19 22:17:00,user_000897,sess_001168,page_129,notícias,computador,direto,0,1,38.7,23.2,0
evt_004661,2026-04-04 19:49:00,user_000576,sess_001531,page_085,entretenimento,celular,orgânico,0,1,52.9,19.2,1
evt_004662,2026-03-10 07:26:00,user_000267,sess_000524,page_129,esportes,celular,redes sociais,1,1,160.5,48.9,1
evt_004663,2026-03-23 14:29:00,user_001919,sess_001485,page_133,finanças,celular,orgânico,0,1,94.6,53.3,1
evt_004664,2026-03-19 18:06:00,user_002879,sess_000566,page_089,estilo de vida,computador,newsletter,0,1,60.0,47.4,1
evt_004665,2026-04-19 14:32:00,user_000241,sess_000494,page_058,notícias,celular,orgânico,0,1,50.4,82.8,1
evt_004666,2026-03-19 10:06:00,user_002108,sess_000894,page_135,tecnologia,computador,referência,0,1,37.2,60.5,0
evt_004667,2026-03-09 07:33:00,user_001754,sess_000322,page_058,estilo de vida,celular,direto,0,1,68.4,73.5,1
evt_004668,2026-04-14 03:50:00,user_000516,sess_000809,page_024,finanças,computador,orgânico,0,1,32.2,76.3,0
evt_004669,2026-03-26 16:53:00,user_000638,sess_000716,page_015,finanças,celular,referência,1,1,48.8,96.1,1
evt_004670,2026-03-06 18:02:00,user_000854,sess_000560,page_079,entretenimento,celular,redes sociais,0,1,117.0,45.1,1
evt_004671,2026-04-11 09:15:00,user_002055,sess_001551,page_005,entretenimento,celular,direto,0,1,45.7,69.4,1
evt_004672,2026-03-13 15:08:00,user_000896,sess_000664,page_017,notícias,computador,direto,1,1,71.8,53.6,1
evt_004673,2026-04-22 02:15:00,user_002484,sess_001390,page_034,esportes,celular,orgânico,1,1,39.3,35.7,1
evt_004674,2026-04-19 22:44:00,user_001109,sess_001440,page_074,finanças,computador,orgânico,0,1,36.9,41.6,0
evt_004675,2026-03-23 04:10:00,user_000329,sess_001332,page_067,entretenimento,celular,referência,0,1,111.4,53.5,1
evt_004676,2026-04-03 08:03:00,user_000287,sess_000539,page_072,tecnologia,tablet,orgânico,0,1,84.2,79.1,0
evt_004677,2026-04-04 01:33:00,user_001201,sess_001659,page_071,esportes,celular,newsletter,1,1,102.8,46.3,0
evt_004678,2026-04-09 04:56:00,user_001224,sess_000473,page_139,entretenimento,computador,orgânico,1,1,68.0,47.8,0
evt_004679,2026-03-05 03:33:00,user_002200,sess_000554,page_031,esportes,celular,redes sociais,0,1,54.6,44.1,0
evt_004680,2026-03-20 11:46:00,user_001436,sess_001750,page_066,esportes,computador,redes sociais,1,1,10.3,33.9,1
evt_004681,2026-03-11 05:15:00,user_000491,sess_000680,page_086,estilo de vida,celular,redes sociais,0,1,23.8,48.2,0
evt_004682,2026-04-11 20:23:00,user_000640,sess_001394,page_039,esportes,computador,newsletter,1,1,20.1,80.6,1
evt_004683,2026-03-05 03:33:00,user_001700,sess_000085,page_026,estilo de vida,celular,orgânico,0,1,43.3,63.2,0
evt_004684,2026-04-01 00:25:00,user_001003,sess_001229,page_007,finanças,celular,redes sociais,1,1,61.6,54.5,1
evt_004685,2026-04-13 16:08:00,user_002015,sess_001737,page_046,tecnologia,computador,orgânico,1,1,21.1,50.4,0
evt_004686,2026-04-26 21:39:00,user_002769,sess_001417,page_036,entretenimento,celular,orgânico,0,1,17.9,64.6,1
evt_004687,2026-03-18 06:48:00,user_001065,sess_001165,page_028,esportes,computador,orgânico,0,1,39.7,45.9,1
evt_004688,2026-03-01 11:28:00,user_001656,sess_001698,page_038,finanças,computador,redes sociais,1,1,15.1,83.7,1
evt_004689,2026-04-13 10:11:00,user_002496,sess_000596,page_097,tecnologia,celular,redes sociais,0,1,114.3,82.8,0
evt_004690,2026-03-01 02:13:00,user_000631,sess_000754,page_116,notícias,celular,orgânico,0,1,22.8,34.9,1
evt_004691,2026-03-04 23:36:00,user_001532,sess_000139,page_072,tecnologia,celular,newsletter,0,1,40.5,51.9,0
evt_004692,2026-04-29 10:18:00,user_000916,sess_001397,page_010,estilo de vida,computador,orgânico,0,1,27.7,66.0,1
evt_004693,2026-04-21 18:04:00,user_001881,sess_001447,page_103,notícias,computador,referência,0,1,40.6,84.0,0
evt_004694,2026-04-12 10:51:00,user_002229,sess_001503,page_022,tecnologia,celular,orgânico,0,1,8.9,5.8,0
evt_004695,2026-04-20 03:09:00,user_000423,sess_001497,page_008,finanças,celular,direto,0,1,119.9,53.2,1
evt_004696,2026-03-05 12:30:00,user_000563,sess_000255,page_080,notícias,celular,orgânico,0,1,135.7,7.0,0
evt_004697,2026-03-06 08:03:00,user_000070,sess_001332,page_060,notícias,celular,redes sociais,0,1,17.3,73.1,0
evt_004698,2026-03-19 01:11:00,user_000037,sess_001526,page_044,tecnologia,celular,referência,0,1,56.6,58.0,0
evt_004699,2026-03-02 10:12:00,user_000153,sess_000408,page_135,entretenimento,computador,direto,0,1,59.7,78.5,0
evt_004700,2026-04-23 07:10:00,user_002120,sess_000953,page_013,esportes,tablet,orgânico,0,1,48.9,53.2,1
evt_004701,2026-03-04 09:03:00,user_002711,sess_001826,page_008,notícias,tablet,direto,0,1,105.0,53.4,0
evt_004702,2026-04-02 15:25:00,user_001229,sess_000830,page_082,notícias,computador,redes sociais,0,1,80.9,65.1,0
evt_004703,2026-04-21 05:13:00,user_002648,sess_001506,page_059,estilo de vida,computador,orgânico,0,1,33.7,59.6,0
evt_004704,2026-04-14 02:22:00,user_002189,sess_001061,page_112,esportes,celular,direto,1,1,81.4,47.5,0
evt_004705,2026-03-15 01:58:00,user_002422,sess_001315,page_006,finanças,celular,newsletter,0,1,32.3,83.5,1
evt_004706,2026-03-29 05:16:00,user_002219,sess_001253,page_059,esportes,computador,orgânico,0,1,15.2,80.1,0
evt_004707,2026-04-02 21:30:00,user_000599,sess_001302,page_021,finanças,computador,direto,0,1,132.2,72.4,0
evt_004708,2026-04-16 01:48:00,user_001570,sess_001558,page_006,estilo de vida,celular,referência,1,1,157.3,85.6,0
evt_004709,2026-03-26 13:47:00,user_001576,sess_001808,page_065,estilo de vida,celular,redes sociais,0,1,18.6,87.5,0
evt_004710,2026-03-18 02:27:00,user_001925,sess_000592,page_103,notícias,celular,redes sociais,0,1,53.0,46.0,0
evt_004711,2026-04-17 17:33:00,user_002388,sess_001856,page_022,finanças,tablet,orgânico,1,1,104.4,66.3,0
evt_004712,2026-04-23 04:31:00,user_000338,sess_001256,page_118,finanças,celular,orgânico,1,1,49.5,73.4,0
evt_004713,2026-03-30 08:00:00,user_002024,sess_001191,page_073,estilo de vida,celular,orgânico,0,1,42.9,25.9,0
evt_004714,2026-03-02 16:20:00,user_002499,sess_000656,page_067,notícias,computador,direto,0,1,62.0,60.0,0
evt_004715,2026-03-31 00:57:00,user_000347,sess_000833,page_129,notícias,celular,orgânico,1,1,68.7,55.3,0
evt_004716,2026-04-23 08:34:00,user_001245,sess_001303,page_046,finanças,tablet,redes sociais,1,1,50.5,51.0,0
evt_004717,2026-04-29 08:17:00,user_002686,sess_000728,page_028,esportes,celular,redes sociais,0,1,100.1,62.8,0
evt_004718,2026-03-25 01:29:00,user_000074,sess_000575,page_110,estilo de vida,celular,orgânico,1,1,56.6,39.0,0
evt_004719,2026-03-10 00:11:00,user_000482,sess_001638,page_015,esportes,computador,direto,0,1,39.7,26.8,1
evt_004720,2026-04-04 07:54:00,user_002411,sess_000831,page_122,esportes,computador,direto,0,1,157.3,10.1,0
evt_004721,2026-04-19 20:12:00,user_000516,sess_001289,page_115,estilo de vida,celular,redes sociais,0,1,26.6,23.4,1
evt_004722,2026-04-26 16:48:00,user_002106,sess_000063,page_136,esportes,computador,redes sociais,1,1,65.4,33.5,0
evt_004723,2026-03-04 02:31:00,user_002703,sess_000155,page_064,notícias,computador,orgânico,1,1,42.5,58.3,1
evt_004724,2026-03-18 10:23:00,user_001496,sess_001696,page_087,tecnologia,celular,redes sociais,1,1,64.1,64.3,1
evt_004725,2026-03-29 15:48:00,user_001454,sess_000285,page_123,finanças,computador,direto,0,1,22.0,53.6,1
evt_004726,2026-03-06 21:29:00,user_001286,sess_001591,page_019,entretenimento,computador,direto,1,1,20.0,69.8,1
evt_004727,2026-04-23 04:19:00,user_001119,sess_001800,page_043,notícias,computador,direto,0,1,56.3,64.0,0
evt_004728,2026-03-07 17:31:00,user_001140,sess_000963,page_066,entretenimento,computador,orgânico,1,1,66.0,39.7,0
evt_004729,2026-04-09 21:54:00,user_001661,sess_001769,page_088,tecnologia,computador,direto,1,1,8.6,38.4,1
evt_004730,2026-04-25 02:49:00,user_002686,sess_000855,page_095,notícias,computador,orgânico,0,1,62.6,82.2,0
evt_004731,2026-04-11 02:42:00,user_002944,sess_001903,page_129,finanças,celular,orgânico,0,1,43.0,55.2,1
evt_004732,2026-04-15 19:01:00,user_002597,sess_000474,page_069,estilo de vida,celular,orgânico,0,1,12.1,92.4,1
evt_004733,2026-03-16 19:10:00,user_000359,sess_000856,page_024,finanças,celular,referência,1,1,18.9,40.2,0
evt_004734,2026-04-19 15:33:00,user_000921,sess_000778,page_027,esportes,celular,direto,1,1,17.7,52.5,0
evt_004735,2026-03-26 02:44:00,user_002271,sess_001568,page_112,entretenimento,celular,referência,1,1,49.7,27.1,0
evt_004736,2026-03-04 16:18:00,user_001637,sess_000088,page_065,tecnologia,celular,redes sociais,0,1,6.3,17.7,0
evt_004737,2026-03-22 23:52:00,user_001003,sess_001656,page_088,entretenimento,celular,referência,0,1,63.9,43.8,0
evt_004738,2026-03-21 23:46:00,user_000934,sess_000047,page_079,tecnologia,celular,redes sociais,1,1,37.3,71.8,1
evt_004739,2026-04-01 06:52:00,user_000352,sess_000632,page_113,tecnologia,computador,direto,0,1,160.6,44.5,0
evt_004740,2026-03-16 21:21:00,user_000997,sess_001192,page_031,tecnologia,tablet,orgânico,1,1,5.8,69.0,0
evt_004741,2026-03-28 17:36:00,user_001266,sess_000291,page_024,estilo de vida,celular,direto,0,1,32.6,39.7,1
evt_004742,2026-03-26 16:16:00,user_001248,sess_000980,page_102,entretenimento,celular,redes sociais,1,1,5.6,84.3,0
evt_004743,2026-03-20 14:44:00,user_001646,sess_001994,page_061,estilo de vida,celular,orgânico,1,1,44.7,40.8,0
evt_004744,2026-04-11 18:34:00,user_000819,sess_001646,page_114,notícias,celular,orgânico,0,1,31.5,86.7,1
evt_004745,2026-03-19 07:53:00,user_000618,sess_000061,page_018,estilo de vida,celular,orgânico,1,1,103.4,58.3,1
evt_004746,2026-04-15 22:43:00,user_002662,sess_001183,page_038,notícias,celular,orgânico,0,1,27.9,36.6,1
evt_004747,2026-03-16 01:13:00,user_001216,sess_001195,page_134,entretenimento,celular,redes sociais,0,1,19.5,40.1,0
evt_004748,2026-04-21 21:25:00,user_000764,sess_000137,page_118,estilo de vida,celular,redes sociais,0,1,30.8,65.0,1
evt_004749,2026-03-22 21:40:00,user_001907,sess_001300,page_009,estilo de vida,computador,referência,1,1,52.9,34.5,0
evt_004750,2026-03-03 10:36:00,user_001627,sess_001042,page_114,notícias,tablet,redes sociais,0,1,39.6,62.8,0
evt_004751,2026-03-09 23:54:00,user_001729,sess_001363,page_010,finanças,celular,direto,1,1,68.7,50.7,0
evt_004752,2026-04-18 09:00:00,user_000665,sess_000595,page_017,esportes,computador,direto,0,1,70.1,35.4,1
evt_004753,2026-04-22 07:49:00,user_002169,sess_000511,page_125,estilo de vida,computador,direto,0,1,29.1,40.2,1
evt_004754,2026-03-13 17:15:00,user_000577,sess_001472,page_018,estilo de vida,tablet,orgânico,0,1,23.9,25.8,0
evt_004755,2026-04-06 03:03:00,user_002509,sess_001443,page_042,finanças,computador,redes sociais,1,1,55.4,67.6,0
evt_004756,2026-04-04 11:03:00,user_001272,sess_000324,page_019,esportes,computador,orgânico,0,1,87.6,61.0,1
evt_004757,2026-03-09 00:39:00,user_001228,sess_000433,page_083,finanças,computador,direto,0,1,7.9,49.7,1
evt_004758,2026-03-28 02:52:00,user_001166,sess_001173,page_008,finanças,computador,orgânico,1,1,53.8,49.0,0
evt_004759,2026-04-11 15:09:00,user_001269,sess_001658,page_040,tecnologia,celular,redes sociais,0,1,35.9,26.8,1
evt_004760,2026-04-28 00:39:00,user_001996,sess_000404,page_046,entretenimento,celular,newsletter,1,1,18.9,43.9,0
evt_004761,2026-04-20 20:38:00,user_001490,sess_000439,page_091,tecnologia,celular,direto,0,1,64.8,65.7,1
evt_004762,2026-03-06 20:52:00,user_000381,sess_001615,page_070,esportes,computador,orgânico,1,1,28.7,42.6,0
evt_004763,2026-03-15 06:03:00,user_001699,sess_001393,page_027,notícias,celular,redes sociais,1,1,97.8,61.5,0
evt_004764,2026-03-27 04:51:00,user_000801,sess_001804,page_065,entretenimento,computador,redes sociais,1,1,138.9,68.3,0
evt_004765,2026-03-10 00:51:00,user_000325,sess_001567,page_064,entretenimento,celular,referência,0,1,19.8,32.7,0
evt_004766,2026-04-04 05:47:00,user_002519,sess_001906,page_050,notícias,computador,direto,0,1,47.0,100.0,0
evt_004767,2026-03-01 12:24:00,user_000938,sess_000378,page_075,estilo de vida,tablet,orgânico,1,1,34.3,74.9,0
evt_004768,2026-03-07 19:28:00,user_001785,sess_000544,page_046,finanças,celular,referência,0,1,31.0,57.4,0
evt_004769,2026-03-03 20:02:00,user_000516,sess_000476,page_047,notícias,celular,orgânico,0,1,37.0,21.5,1
evt_004770,2026-03-18 17:30:00,user_001018,sess_000111,page_109,entretenimento,celular,orgânico,1,1,36.6,36.1,0
evt_004771,2026-04-15 17:38:00,user_001158,sess_001558,page_035,entretenimento,celular,orgânico,1,1,124.7,95.7,1
evt_004772,2026-03-11 15:16:00,user_000402,sess_001323,page_046,entretenimento,celular,orgânico,1,1,81.3,65.7,1
evt_004773,2026-04-29 05:32:00,user_002920,sess_000172,page_020,notícias,celular,redes sociais,1,1,122.1,45.7,1
evt_004774,2026-03-17 04:08:00,user_000935,sess_000397,page_098,finanças,tablet,orgânico,1,1,19.1,55.7,1
evt_004775,2026-03-03 16:37:00,user_001748,sess_000382,page_099,entretenimento,tablet,orgânico,0,1,83.7,84.8,1
evt_004776,2026-03-21 03:06:00,user_001696,sess_000806,page_095,estilo de vida,celular,orgânico,0,1,56.1,65.3,0
evt_004777,2026-04-14 21:13:00,user_001288,sess_000911,page_024,finanças,celular,newsletter,0,1,85.0,56.8,0
evt_004778,2026-03-07 09:34:00,user_001757,sess_000578,page_063,finanças,computador,direto,1,1,22.9,31.9,0
evt_004779,2026-03-05 07:28:00,user_001698,sess_001860,page_041,notícias,computador,direto,0,1,14.8,52.9,0
evt_004780,2026-04-20 23:03:00,user_000241,sess_000426,page_107,estilo de vida,celular,direto,0,1,23.2,68.7,0
evt_004781,2026-04-05 12:40:00,user_002007,sess_001124,page_047,tecnologia,tablet,direto,1,1,26.9,66.8,0
evt_004782,2026-03-21 14:16:00,user_000343,sess_000876,page_058,notícias,celular,orgânico,1,1,42.9,36.5,1
evt_004783,2026-04-15 08:44:00,user_001305,sess_000775,page_064,notícias,celular,newsletter,0,1,108.7,56.5,0
evt_004784,2026-04-20 15:49:00,user_001094,sess_001651,page_106,finanças,computador,redes sociais,0,1,74.5,76.2,0
evt_004785,2026-03-22 13:15:00,user_001343,sess_001956,page_098,estilo de vida,celular,redes sociais,1,1,24.5,85.5,1
evt_004786,2026-04-03 16:06:00,user_000216,sess_000012,page_114,esportes,celular,referência,1,1,40.6,49.7,1
evt_004787,2026-03-01 15:44:00,user_002104,sess_000927,page_060,notícias,celular,orgânico,0,1,52.3,92.9,0
evt_004788,2026-03-19 08:49:00,user_001256,sess_000239,page_114,tecnologia,computador,orgânico,0,1,3.2,67.1,0
evt_004789,2026-04-05 17:04:00,user_000183,sess_000868,page_122,esportes,celular,referência,0,1,85.0,45.5,1
evt_004790,2026-03-12 19:49:00,user_000011,sess_001234,page_073,estilo de vida,computador,redes sociais,0,1,72.8,36.8,0
evt_004791,2026-04-29 11:23:00,user_001620,sess_000823,page_095,estilo de vida,celular,redes sociais,0,1,67.6,13.4,1
evt_004792,2026-04-28 06:26:00,user_001999,sess_000618,page_127,finanças,tablet,newsletter,0,1,35.7,45.0,0
evt_004793,2026-03-16 10:58:00,user_001642,sess_000625,page_117,estilo de vida,celular,referência,0,1,91.5,87.2,1
evt_004794,2026-03-24 18:45:00,user_002161,sess_000600,page_039,estilo de vida,computador,referência,1,1,52.1,48.2,1
evt_004795,2026-03-12 08:52:00,user_002270,sess_000652,page_100,estilo de vida,celular,orgânico,0,1,55.3,24.5,1
evt_004796,2026-03-31 05:41:00,user_002616,sess_000748,page_062,estilo de vida,celular,referência,0,1,107.1,40.3,0
evt_004797,2026-03-08 10:27:00,user_002947,sess_001375,page_021,finanças,celular,direto,0,1,40.3,66.0,1
evt_004798,2026-03-24 10:57:00,user_002654,sess_000192,page_052,finanças,computador,direto,0,1,10.2,58.2,0
evt_004799,2026-04-03 07:34:00,user_002387,sess_000082,page_136,finanças,celular,orgânico,1,1,96.4,72.7,0
evt_004800,2026-04-06 17:03:00,user_001293,sess_001033,page_134,finanças,celular,redes sociais,0,1,12.9,58.4,0
evt_004801,2026-04-05 18:52:00,user_001511,sess_001363,page_110,finanças,computador,orgânico,0,1,41.9,53.2,0
evt_004802,2026-03-14 06:50:00,user_001848,sess_000518,page_138,notícias,celular,newsletter,1,1,12.5,55.8,1
evt_004803,2026-04-17 12:52:00,user_000509,sess_000403,page_080,tecnologia,celular,redes sociais,1,1,21.3,34.4,0
evt_004804,2026-04-11 12:07:00,user_002033,sess_001249,page_106,notícias,celular,redes sociais,1,1,60.5,60.6,0
evt_004805,2026-04-15 04:25:00,user_001765,sess_000769,page_023,entretenimento,tablet,orgânico,0,1,83.7,37.2,1
evt_004806,2026-03-29 01:42:00,user_001561,sess_001472,page_042,estilo de vida,celular,redes sociais,1,1,98.0,53.3,1
evt_004807,2026-04-23 13:15:00,user_002503,sess_000293,page_025,notícias,celular,redes sociais,1,1,101.8,63.4,0
evt_004808,2026-03-24 09:23:00,user_002061,sess_000243,page_131,estilo de vida,celular,referência,0,1,95.1,49.7,0
evt_004809,2026-04-18 08:18:00,user_002797,sess_001105,page_086,esportes,computador,redes sociais,1,1,45.7,56.5,0
evt_004810,2026-03-13 05:04:00,user_002929,sess_000785,page_130,entretenimento,computador,orgânico,0,1,104.4,70.8,0
evt_004811,2026-03-15 20:03:00,user_002476,sess_001458,page_058,entretenimento,celular,redes sociais,0,1,29.8,42.5,1
evt_004812,2026-04-01 14:30:00,user_000894,sess_001012,page_057,tecnologia,computador,orgânico,0,1,8.2,90.6,0
evt_004813,2026-04-03 08:27:00,user_000567,sess_000709,page_094,estilo de vida,computador,redes sociais,0,1,64.1,31.7,0
evt_004814,2026-04-14 18:33:00,user_000898,sess_000320,page_079,entretenimento,celular,redes sociais,1,1,15.1,81.6,1
evt_004815,2026-03-18 20:16:00,user_002138,sess_000327,page_052,estilo de vida,computador,orgânico,1,1,20.4,65.6,0
evt_004816,2026-04-22 08:36:00,user_002593,sess_001511,page_045,entretenimento,computador,orgânico,0,1,20.6,66.4,0
evt_004817,2026-03-20 18:53:00,user_002640,sess_000453,page_072,notícias,celular,direto,1,1,25.8,77.2,0
evt_004818,2026-04-02 01:13:00,user_002052,sess_001005,page_011,entretenimento,computador,redes sociais,0,1,68.4,57.4,0
evt_004819,2026-04-25 21:59:00,user_002043,sess_001636,page_027,estilo de vida,celular,orgânico,1,1,124.2,61.1,0
evt_004820,2026-04-02 08:44:00,user_002855,sess_001795,page_007,esportes,computador,redes sociais,0,1,81.6,58.8,0
evt_004821,2026-04-10 21:55:00,user_002057,sess_000536,page_022,entretenimento,celular,redes sociais,1,1,22.4,74.4,1
evt_004822,2026-04-24 12:25:00,user_000423,sess_000220,page_028,estilo de vida,celular,orgânico,0,1,34.4,78.0,0
evt_004823,2026-04-28 11:24:00,user_001500,sess_001549,page_011,entretenimento,celular,orgânico,0,1,6.1,57.4,0
evt_004824,2026-03-30 23:08:00,user_001076,sess_001374,page_008,notícias,computador,orgânico,0,1,39.8,50.4,0
evt_004825,2026-03-26 00:21:00,user_001911,sess_000663,page_114,estilo de vida,celular,direto,1,1,62.2,36.6,1
evt_004826,2026-03-12 19:34:00,user_001907,sess_001187,page_026,tecnologia,computador,orgânico,1,1,90.0,61.4,0
evt_004827,2026-04-02 05:54:00,user_000883,sess_000378,page_078,notícias,celular,newsletter,0,1,20.7,47.8,1
evt_004828,2026-04-25 02:24:00,user_000899,sess_001401,page_014,tecnologia,computador,redes sociais,0,1,90.6,21.9,0
evt_004829,2026-03-30 05:26:00,user_000267,sess_001454,page_132,estilo de vida,computador,direto,0,1,25.7,54.9,0
evt_004830,2026-03-21 21:48:00,user_000880,sess_000599,page_034,esportes,computador,newsletter,0,1,91.0,58.5,1
evt_004831,2026-03-07 10:29:00,user_002483,sess_000937,page_105,estilo de vida,computador,orgânico,0,1,89.0,73.4,1
evt_004832,2026-03-24 09:12:00,user_001965,sess_000668,page_090,notícias,computador,redes sociais,1,1,125.1,56.9,0
evt_004833,2026-03-15 04:51:00,user_002829,sess_000063,page_107,tecnologia,computador,orgânico,1,1,206.6,36.8,0
evt_004834,2026-04-28 14:28:00,user_002779,sess_000255,page_088,tecnologia,celular,orgânico,0,1,29.2,77.8,1
evt_004835,2026-04-01 15:47:00,user_002570,sess_001919,page_071,finanças,celular,direto,1,1,82.8,23.7,0
evt_004836,2026-03-09 05:15:00,user_000539,sess_000912,page_108,finanças,celular,orgânico,1,1,36.4,34.5,1
evt_004837,2026-03-05 01:01:00,user_001002,sess_000296,page_114,finanças,computador,referência,0,1,17.4,59.9,0
evt_004838,2026-04-21 01:04:00,user_000173,sess_000089,page_053,esportes,computador,direto,1,1,63.7,50.8,0
evt_004839,2026-04-25 21:18:00,user_000281,sess_000707,page_131,entretenimento,tablet,direto,0,1,75.5,52.1,1
evt_004840,2026-04-15 18:43:00,user_000693,sess_001965,page_138,esportes,computador,redes sociais,0,1,38.3,40.2,0
evt_004841,2026-03-08 10:20:00,user_000841,sess_000770,page_101,finanças,celular,referência,0,1,22.9,83.7,1
evt_004842,2026-03-06 21:31:00,user_000047,sess_001998,page_130,esportes,celular,orgânico,0,1,64.5,52.6,0
evt_004843,2026-03-12 21:05:00,user_002528,sess_000979,page_015,estilo de vida,computador,direto,0,1,22.4,29.1,1
evt_004844,2026-04-15 01:38:00,user_001581,sess_001528,page_076,tecnologia,celular,orgânico,0,1,41.5,63.9,0
evt_004845,2026-04-15 22:03:00,user_001967,sess_001571,page_091,notícias,celular,orgânico,0,1,75.8,40.7,0
evt_004846,2026-04-20 06:30:00,user_001961,sess_000057,page_129,esportes,celular,orgânico,0,1,61.2,37.3,1
evt_004847,2026-03-06 19:35:00,user_002900,sess_000013,page_017,notícias,celular,orgânico,0,1,83.0,54.5,1
evt_004848,2026-03-10 04:37:00,user_000442,sess_001845,page_113,notícias,computador,orgânico,1,1,27.4,88.4,0
evt_004849,2026-04-24 00:24:00,user_001028,sess_001865,page_011,finanças,celular,direto,0,1,41.6,20.8,0
evt_004850,2026-04-25 17:23:00,user_000925,sess_000266,page_050,tecnologia,computador,redes sociais,0,1,31.4,23.2,1
evt_004851,2026-04-13 13:00:00,user_001654,sess_001292,page_097,estilo de vida,computador,newsletter,0,1,49.9,37.8,0
evt_004852,2026-03-07 08:41:00,user_001579,sess_001847,page_041,notícias,celular,direto,0,1,27.7,89.2,0
evt_004853,2026-03-05 02:48:00,user_002370,sess_001901,page_117,estilo de vida,computador,referência,0,1,41.6,33.5,0
evt_004854,2026-03-04 08:02:00,user_001682,sess_000593,page_130,tecnologia,celular,referência,1,1,48.4,76.4,0
evt_004855,2026-04-11 12:15:00,user_000702,sess_001634,page_023,esportes,tablet,referência,0,1,117.1,73.0,1
evt_004856,2026-04-20 18:11:00,user_001694,sess_001293,page_036,esportes,computador,orgânico,0,1,34.6,78.0,1
evt_004857,2026-04-07 21:32:00,user_002892,sess_001855,page_011,tecnologia,computador,orgânico,0,1,57.9,37.3,1
evt_004858,2026-03-16 17:25:00,user_001737,sess_000294,page_099,notícias,celular,redes sociais,1,1,112.1,57.4,1
evt_004859,2026-04-15 10:34:00,user_001777,sess_001202,page_124,tecnologia,computador,orgânico,0,1,13.7,69.6,0
evt_004860,2026-03-04 13:08:00,user_000528,sess_000049,page_084,tecnologia,computador,referência,0,1,67.3,63.5,0
evt_004861,2026-04-19 16:36:00,user_000024,sess_000715,page_019,entretenimento,tablet,redes sociais,1,1,66.9,100.0,0
evt_004862,2026-04-23 12:18:00,user_000629,sess_000023,page_025,notícias,computador,referência,1,1,53.6,93.9,0
evt_004863,2026-04-13 02:25:00,user_000076,sess_000886,page_005,notícias,computador,orgânico,0,1,45.2,79.2,1
evt_004864,2026-04-22 18:08:00,user_001357,sess_001622,page_069,entretenimento,celular,referência,0,1,106.0,70.2,1
evt_004865,2026-04-05 04:05:00,user_002646,sess_001316,page_101,finanças,computador,orgânico,1,1,3.4,79.8,1
evt_004866,2026-03-29 02:26:00,user_001340,sess_000634,page_021,esportes,celular,redes sociais,1,1,61.6,78.1,0
evt_004867,2026-03-20 08:20:00,user_001936,sess_000854,page_118,estilo de vida,celular,referência,1,1,54.6,91.8,1
evt_004868,2026-04-25 07:15:00,user_002567,sess_000735,page_036,notícias,computador,redes sociais,0,1,52.5,40.8,1
evt_004869,2026-04-11 20:04:00,user_002289,sess_001463,page_072,estilo de vida,computador,direto,0,1,35.7,80.4,0
evt_004870,2026-03-12 10:18:00,user_001952,sess_000533,page_093,entretenimento,celular,orgânico,0,1,31.0,62.2,1
evt_004871,2026-04-27 10:02:00,user_002352,sess_000184,page_076,estilo de vida,celular,referência,0,1,33.4,77.9,0
evt_004872,2026-03-04 13:15:00,user_000842,sess_001013,page_067,finanças,celular,direto,0,1,40.7,66.7,0
evt_004873,2026-04-05 06:01:00,user_001261,sess_001660,page_047,entretenimento,computador,referência,1,1,42.2,48.1,0
evt_004874,2026-03-12 10:22:00,user_001197,sess_000954,page_060,estilo de vida,celular,redes sociais,0,1,6.6,48.5,1
evt_004875,2026-04-09 20:39:00,user_002396,sess_000409,page_034,notícias,computador,direto,1,1,69.7,59.6,0
evt_004876,2026-03-25 18:13:00,user_001226,sess_000093,page_041,estilo de vida,celular,redes sociais,0,1,15.9,67.8,0
evt_004877,2026-03-27 05:27:00,user_002812,sess_001887,page_105,notícias,celular,redes sociais,0,1,55.2,49.0,1
evt_004878,2026-04-10 07:01:00,user_000560,sess_001521,page_123,esportes,computador,direto,0,1,24.7,28.1,1
evt_004879,2026-04-15 08:48:00,user_000517,sess_000311,page_119,estilo de vida,celular,orgânico,1,1,55.9,70.7,1
evt_004880,2026-03-23 19:15:00,user_002148,sess_000148,page_047,notícias,celular,direto,1,1,128.6,55.1,0
evt_004881,2026-04-29 20:38:00,user_002292,sess_000259,page_045,notícias,celular,orgânico,1,1,16.3,15.8,1
evt_004882,2026-03-30 21:48:00,user_002037,sess_000753,page_009,estilo de vida,celular,orgânico,1,1,52.0,25.4,1
evt_004883,2026-03-10 14:57:00,user_000924,sess_001623,page_039,esportes,computador,direto,0,1,50.3,63.1,0
evt_004884,2026-03-01 09:12:00,user_000028,sess_000320,page_082,finanças,celular,redes sociais,1,1,18.5,78.6,1
evt_004885,2026-03-13 03:27:00,user_000965,sess_001637,page_038,esportes,celular,direto,0,1,111.1,79.8,0
evt_004886,2026-04-11 11:10:00,user_001400,sess_000004,page_102,estilo de vida,computador,newsletter,0,1,19.3,47.2,0
evt_004887,2026-04-02 08:47:00,user_001238,sess_001477,page_008,entretenimento,celular,redes sociais,1,1,11.9,44.7,0
evt_004888,2026-03-21 06:28:00,user_002766,sess_000565,page_058,notícias,tablet,newsletter,0,1,32.1,68.6,1
evt_004889,2026-03-29 21:10:00,user_002591,sess_001921,page_040,tecnologia,celular,redes sociais,0,1,114.0,40.4,0
evt_004890,2026-04-20 06:53:00,user_002325,sess_000952,page_069,notícias,computador,orgânico,0,1,55.0,41.1,1
evt_004891,2026-04-04 07:03:00,user_000067,sess_000541,page_004,esportes,celular,direto,0,1,107.1,61.4,1
evt_004892,2026-03-04 11:39:00,user_000383,sess_000486,page_059,esportes,computador,orgânico,0,1,63.8,63.0,0
evt_004893,2026-03-03 22:39:00,user_001302,sess_001653,page_110,notícias,computador,newsletter,1,1,79.5,68.5,0
evt_004894,2026-03-29 22:09:00,user_001865,sess_000806,page_120,notícias,computador,redes sociais,0,1,19.8,59.8,1
evt_004895,2026-03-25 06:09:00,user_002040,sess_000704,page_036,tecnologia,celular,orgânico,0,1,9.3,37.5,1
evt_004896,2026-04-21 00:43:00,user_000889,sess_001471,page_060,tecnologia,celular,direto,0,1,74.7,50.3,1
evt_004897,2026-04-04 23:29:00,user_000332,sess_001075,page_096,entretenimento,celular,orgânico,0,1,28.3,59.1,0
evt_004898,2026-04-15 09:52:00,user_000985,sess_001328,page_065,entretenimento,computador,orgânico,1,1,11.0,82.8,0
evt_004899,2026-04-05 02:40:00,user_002376,sess_000891,page_076,finanças,computador,orgânico,0,1,71.3,79.3,0
evt_004900,2026-03-21 17:12:00,user_002959,sess_000128,page_048,notícias,celular,referência,1,1,64.0,60.9,0
evt_004901,2026-04-09 10:33:00,user_002825,sess_000012,page_117,notícias,celular,orgânico,1,1,139.4,70.5,0
evt_004902,2026-04-07 06:51:00,user_001780,sess_000079,page_088,finanças,computador,redes sociais,1,1,37.5,91.3,0
evt_004903,2026-04-13 05:06:00,user_000273,sess_001149,page_134,tecnologia,computador,redes sociais,1,1,43.5,31.7,0
evt_004904,2026-03-12 08:30:00,user_002903,sess_001027,page_109,esportes,computador,referência,0,1,74.2,58.2,0
evt_004905,2026-04-08 11:49:00,user_000459,sess_001495,page_052,notícias,celular,referência,0,1,139.2,25.1,0
evt_004906,2026-03-18 03:04:00,user_000805,sess_001789,page_046,finanças,celular,newsletter,0,1,100.0,65.9,1
evt_004907,2026-04-17 09:57:00,user_002922,sess_000349,page_013,entretenimento,celular,redes sociais,1,1,20.4,48.0,1
evt_004908,2026-04-17 21:52:00,user_001512,sess_001914,page_087,finanças,celular,redes sociais,0,1,38.7,92.7,0
evt_004909,2026-04-07 11:39:00,user_000594,sess_001863,page_105,tecnologia,computador,referência,0,1,56.3,80.8,1
evt_004910,2026-04-26 19:14:00,user_001506,sess_001232,page_050,finanças,computador,orgânico,0,1,48.5,100.0,0
evt_004911,2026-04-02 06:00:00,user_000237,sess_001061,page_003,esportes,computador,orgânico,1,1,22.0,52.3,0
evt_004912,2026-03-02 12:11:00,user_000947,sess_000354,page_115,finanças,celular,newsletter,0,1,130.6,70.9,1
evt_004913,2026-04-06 08:55:00,user_002856,sess_000357,page_031,tecnologia,celular,orgânico,1,1,38.5,56.9,1
evt_004914,2026-04-16 15:52:00,user_000896,sess_000038,page_081,tecnologia,computador,orgânico,0,1,13.7,84.3,0
evt_004915,2026-03-07 01:43:00,user_002677,sess_001292,page_008,finanças,computador,orgânico,1,1,40.4,65.4,1
evt_004916,2026-03-07 06:37:00,user_001629,sess_000866,page_009,esportes,computador,orgânico,0,1,81.6,38.9,1
evt_004917,2026-03-17 09:20:00,user_001967,sess_000384,page_125,notícias,computador,newsletter,0,1,110.7,24.0,0
evt_004918,2026-04-20 15:42:00,user_002109,sess_000268,page_094,notícias,celular,orgânico,0,1,30.5,83.2,0
evt_004919,2026-04-01 15:27:00,user_001654,sess_000128,page_001,notícias,computador,redes sociais,0,1,51.1,64.6,0
evt_004920,2026-04-28 14:04:00,user_000103,sess_001282,page_014,notícias,computador,orgânico,1,1,48.9,61.9,0
evt_004921,2026-04-22 09:06:00,user_002757,sess_001370,page_069,estilo de vida,celular,redes sociais,1,1,51.0,88.8,0
evt_004922,2026-04-03 06:57:00,user_001425,sess_001263,page_095,tecnologia,computador,direto,1,1,127.9,61.0,0
evt_004923,2026-04-10 17:50:00,user_001966,sess_000222,page_059,tecnologia,computador,direto,0,1,21.0,28.4,0
evt_004924,2026-03-20 20:38:00,user_001662,sess_000083,page_122,tecnologia,celular,redes sociais,1,1,165.0,33.0,0
evt_004925,2026-03-06 10:11:00,user_001975,sess_000213,page_091,entretenimento,computador,redes sociais,0,1,8.6,70.1,0
evt_004926,2026-03-24 22:10:00,user_001064,sess_001503,page_086,entretenimento,celular,orgânico,0,1,43.0,72.3,1
evt_004927,2026-04-05 12:52:00,user_002531,sess_001480,page_041,esportes,celular,redes sociais,0,1,107.9,100.0,1
evt_004928,2026-03-11 22:21:00,user_000673,sess_000590,page_095,notícias,computador,referência,0,1,119.8,59.7,0
evt_004929,2026-03-14 07:18:00,user_001960,sess_000111,page_122,notícias,celular,referência,1,1,102.7,96.2,1
evt_004930,2026-03-01 21:35:00,user_001734,sess_000640,page_007,entretenimento,computador,orgânico,1,1,38.3,36.3,0
evt_004931,2026-04-14 00:59:00,user_001511,sess_001619,page_103,notícias,celular,referência,1,1,118.7,44.2,0
evt_004932,2026-04-23 23:10:00,user_000066,sess_000287,page_123,esportes,computador,referência,0,1,125.4,37.1,0
evt_004933,2026-04-19 15:30:00,user_001169,sess_001592,page_061,finanças,celular,referência,0,1,99.5,71.5,1
evt_004934,2026-03-23 19:11:00,user_000143,sess_000927,page_107,estilo de vida,computador,referência,1,1,11.5,83.3,1
evt_004935,2026-04-05 14:34:00,user_001509,sess_000283,page_050,estilo de vida,celular,newsletter,0,1,24.8,55.7,1
evt_004936,2026-04-27 15:33:00,user_002063,sess_001867,page_027,tecnologia,tablet,orgânico,0,1,62.2,40.4,0
evt_004937,2026-04-05 11:33:00,user_001567,sess_001037,page_114,estilo de vida,computador,orgânico,1,1,92.9,71.9,0
evt_004938,2026-03-18 18:04:00,user_002271,sess_001343,page_044,tecnologia,celular,newsletter,0,1,22.2,56.7,1
evt_004939,2026-03-21 07:34:00,user_001083,sess_000194,page_106,notícias,celular,redes sociais,0,1,35.8,72.2,0
evt_004940,2026-04-13 15:04:00,user_000919,sess_000743,page_044,tecnologia,celular,direto,0,1,44.8,57.5,1
evt_004941,2026-03-27 18:36:00,user_001344,sess_001265,page_056,estilo de vida,computador,orgânico,0,1,49.7,57.4,0
evt_004942,2026-04-20 05:43:00,user_000688,sess_001291,page_096,esportes,celular,orgânico,0,1,63.2,99.9,1
evt_004943,2026-04-21 20:18:00,user_002405,sess_000126,page_048,entretenimento,celular,newsletter,1,1,77.1,38.3,1
evt_004944,2026-03-03 03:36:00,user_002429,sess_001208,page_113,entretenimento,tablet,orgânico,0,1,6.8,67.6,1
evt_004945,2026-04-13 09:34:00,user_001250,sess_001889,page_006,tecnologia,celular,redes sociais,0,1,76.4,73.7,1
evt_004946,2026-03-23 04:44:00,user_002377,sess_001572,page_002,entretenimento,celular,orgânico,0,1,82.2,80.4,0
evt_004947,2026-04-01 04:26:00,user_000077,sess_000416,page_012,esportes,computador,newsletter,0,1,39.4,37.4,0
evt_004948,2026-03-16 21:18:00,user_000465,sess_001825,page_036,esportes,computador,orgânico,0,1,91.5,67.1,0
evt_004949,2026-03-23 02:15:00,user_000849,sess_001366,page_008,notícias,celular,referência,0,1,32.8,49.7,0
evt_004950,2026-03-20 19:44:00,user_001164,sess_000114,page_053,entretenimento,celular,orgânico,1,1,95.3,57.7,0
evt_004951,2026-03-04 00:32:00,user_000695,sess_000257,page_004,tecnologia,celular,newsletter,1,1,51.5,50.4,0
evt_004952,2026-04-16 23:11:00,user_001537,sess_001842,page_106,entretenimento,celular,orgânico,1,1,27.0,48.6,1
evt_004953,2026-03-09 13:55:00,user_002380,sess_000419,page_022,tecnologia,computador,referência,1,1,95.5,90.1,0
evt_004954,2026-03-23 13:08:00,user_001369,sess_000194,page_136,estilo de vida,computador,redes sociais,1,1,92.3,79.4,1
evt_004955,2026-03-12 13:57:00,user_001348,sess_000902,page_120,notícias,celular,orgânico,1,1,110.5,31.2,1
evt_004956,2026-03-10 15:16:00,user_000180,sess_001051,page_097,notícias,computador,orgânico,1,1,69.1,53.5,0
evt_004957,2026-03-23 09:40:00,user_000841,sess_001146,page_111,finanças,computador,direto,1,1,58.4,64.4,0
evt_004958,2026-04-25 03:01:00,user_002421,sess_001318,page_108,tecnologia,computador,direto,0,1,30.3,86.1,0
evt_004959,2026-04-26 15:34:00,user_002432,sess_001997,page_118,notícias,computador,orgânico,0,1,21.6,35.7,0
evt_004960,2026-03-23 21:38:00,user_000313,sess_001518,page_078,entretenimento,computador,orgânico,1,1,144.4,45.0,0
evt_004961,2026-03-31 07:25:00,user_000058,sess_000052,page_087,estilo de vida,tablet,referência,0,1,11.4,43.8,0
evt_004962,2026-04-29 03:24:00,user_002493,sess_000178,page_066,esportes,celular,direto,0,1,65.4,19.3,0
evt_004963,2026-03-15 02:10:00,user_000523,sess_000001,page_087,entretenimento,computador,direto,0,1,18.6,19.6,0
evt_004964,2026-04-26 16:22:00,user_001724,sess_000791,page_054,estilo de vida,celular,redes sociais,0,1,66.4,63.5,0
evt_004965,2026-03-07 08:16:00,user_002481,sess_000701,page_018,tecnologia,celular,orgânico,1,1,99.2,43.3,0
evt_004966,2026-03-14 13:13:00,user_002362,sess_001867,page_130,esportes,tablet,orgânico,0,1,73.0,62.8,0
evt_004967,2026-03-21 07:09:00,user_001652,sess_000732,page_098,esportes,celular,orgânico,0,1,17.6,26.0,0
evt_004968,2026-03-03 05:24:00,user_001130,sess_000062,page_098,notícias,computador,newsletter,0,1,45.2,35.3,0
evt_004969,2026-04-18 22:39:00,user_002321,sess_001767,page_039,finanças,computador,orgânico,1,1,66.2,57.5,1
evt_004970,2026-04-21 07:47:00,user_002084,sess_000521,page_108,tecnologia,tablet,redes sociais,0,1,19.9,28.3,0
evt_004971,2026-03-24 00:00:00,user_002514,sess_001825,page_073,entretenimento,tablet,orgânico,0,1,49.2,52.0,0
evt_004972,2026-04-20 04:23:00,user_001542,sess_001549,page_011,entretenimento,celular,orgânico,0,1,52.7,51.7,0
evt_004973,2026-04-16 08:24:00,user_002825,sess_001761,page_133,notícias,celular,direto,1,1,30.0,49.9,0
evt_004974,2026-04-18 02:01:00,user_002309,sess_001639,page_138,entretenimento,celular,direto,0,1,43.2,30.5,0
evt_004975,2026-04-18 03:53:00,user_000191,sess_000287,page_122,notícias,celular,referência,1,1,82.1,81.4,1
evt_004976,2026-04-04 09:48:00,user_000882,sess_001252,page_067,notícias,celular,orgânico,0,1,48.3,33.7,0
evt_004977,2026-03-07 15:34:00,user_002397,sess_000824,page_033,tecnologia,computador,referência,0,1,92.1,54.4,0
evt_004978,2026-04-25 09:49:00,user_000349,sess_001257,page_002,entretenimento,computador,newsletter,0,1,86.9,54.5,1
evt_004979,2026-04-06 12:28:00,user_002126,sess_001492,page_103,entretenimento,celular,newsletter,0,1,93.9,58.5,0
evt_004980,2026-04-24 01:49:00,user_001022,sess_001002,page_124,tecnologia,computador,orgânico,1,1,50.1,30.2,0
evt_004981,2026-04-27 13:05:00,user_000621,sess_000625,page_015,notícias,celular,redes sociais,0,1,76.2,63.3,0
evt_004982,2026-03-12 05:30:00,user_001620,sess_001832,page_096,notícias,tablet,newsletter,0,1,92.2,43.9,0
evt_004983,2026-03-25 03:04:00,user_002795,sess_001326,page_004,notícias,computador,direto,0,1,70.2,68.5,0
evt_004984,2026-03-12 13:11:00,user_002693,sess_001771,page_108,estilo de vida,celular,orgânico,0,1,101.0,76.0,1
evt_004985,2026-03-04 01:21:00,user_001213,sess_000475,page_004,finanças,celular,referência,0,1,9.5,66.8,0
evt_004986,2026-04-27 23:37:00,user_000012,sess_001676,page_136,notícias,celular,referência,0,1,136.7,46.5,0
evt_004987,2026-04-25 09:33:00,user_002662,sess_000647,page_024,finanças,computador,direto,1,1,61.7,97.9,1
evt_004988,2026-04-25 21:42:00,user_002691,sess_000921,page_056,estilo de vida,computador,redes sociais,0,1,75.8,66.2,0
evt_004989,2026-04-23 00:28:00,user_001815,sess_001720,page_097,tecnologia,tablet,direto,0,1,197.6,42.3,0
evt_004990,2026-04-08 22:14:00,user_001886,sess_000710,page_118,finanças,celular,direto,0,1,98.7,43.1,1
evt_004991,2026-04-01 07:53:00,user_001580,sess_000501,page_051,esportes,celular,orgânico,0,1,33.7,65.5,0
evt_004992,2026-04-29 11:43:00,user_000038,sess_001831,page_137,estilo de vida,computador,direto,0,1,95.1,51.2,1
evt_004993,2026-04-03 03:14:00,user_000479,sess_001928,page_003,estilo de vida,computador,orgânico,0,1,158.2,35.8,0
evt_004994,2026-04-08 13:06:00,user_000431,sess_000622,page_066,esportes,celular,orgânico,0,1,68.5,59.6,1
evt_004995,2026-03-13 16:54:00,user_002743,sess_000613,page_138,notícias,celular,referência,0,1,47.5,32.8,1
evt_004996,2026-04-14 19:15:00,user_000150,sess_000456,page_039,entretenimento,celular,orgânico,0,1,133.2,59.6,1
evt_004997,2026-04-19 04:00:00,user_001670,sess_000048,page_075,tecnologia,celular,orgânico,1,1,71.4,63.3,1
evt_004998,2026-04-10 17:04:00,user_001089,sess_001106,page_062,notícias,computador,referência,1,1,29.3,40.9,0
evt_004999,2026-03-30 21:59:00,user_000019,sess_000510,page_055,estilo de vida,computador,direto,1,1,44.1,64.6,0
evt_005000,2026-03-12 20:55:00,user_002757,sess_001698,page_107,estilo de vida,computador,referência,0,1,68.5,42.6,1
evt_005001,2026-03-03 00:47:00,user_000055,sess_000343,page_073,notícias,computador,orgânico,0,1,13.3,57.1,0
evt_005002,2026-04-07 15:19:00,user_002567,sess_001270,page_100,notícias,computador,redes sociais,0,1,103.3,26.6,1
evt_005003,2026-04-10 23:32:00,user_002333,sess_001014,page_073,entretenimento,celular,orgânico,1,1,31.7,59.5,0
evt_005004,2026-04-16 08:33:00,user_002381,sess_001224,page_139,finanças,computador,orgânico,1,1,54.6,87.0,1
evt_005005,2026-04-27 00:42:00,user_000486,sess_000226,page_066,notícias,celular,orgânico,0,1,104.8,27.7,1
evt_005006,2026-03-30 20:12:00,user_002643,sess_000933,page_111,tecnologia,tablet,redes sociais,0,1,93.0,72.3,0
evt_005007,2026-04-19 17:58:00,user_001796,sess_001252,page_086,finanças,computador,redes sociais,1,1,75.2,54.4,1
evt_005008,2026-04-12 23:27:00,user_001206,sess_000682,page_112,estilo de vida,celular,orgânico,0,1,17.0,75.6,0
evt_005009,2026-03-17 15:09:00,user_002043,sess_001749,page_124,esportes,computador,referência,0,1,73.7,92.4,0
evt_005010,2026-04-20 16:58:00,user_001024,sess_001059,page_032,notícias,computador,newsletter,0,1,32.7,59.5,0
evt_005011,2026-03-04 04:47:00,user_000838,sess_000725,page_042,notícias,computador,orgânico,1,1,37.8,68.7,0
evt_005012,2026-04-05 22:24:00,user_000865,sess_000062,page_042,entretenimento,computador,referência,1,1,86.0,65.2,1
evt_005013,2026-04-26 10:06:00,user_001708,sess_000337,page_068,estilo de vida,celular,redes sociais,1,1,25.7,77.1,0
evt_005014,2026-04-09 12:54:00,user_001803,sess_000953,page_069,tecnologia,celular,redes sociais,0,1,77.3,53.4,0
evt_005015,2026-04-26 05:22:00,user_000721,sess_000800,page_001,notícias,celular,redes sociais,1,1,128.0,71.2,0
evt_005016,2026-03-04 08:52:00,user_000737,sess_001743,page_125,tecnologia,celular,direto,1,1,50.9,43.8,1
evt_005017,2026-04-01 22:40:00,user_002838,sess_001572,page_120,finanças,celular,orgânico,1,1,117.0,88.3,1
evt_005018,2026-04-16 20:04:00,user_001545,sess_000318,page_084,estilo de vida,celular,redes sociais,0,1,47.3,36.7,1
evt_005019,2026-04-08 12:56:00,user_002580,sess_001183,page_043,esportes,celular,orgânico,0,1,35.7,48.5,1
evt_005020,2026-04-22 19:58:00,user_000991,sess_000909,page_115,estilo de vida,celular,orgânico,0,1,38.7,45.1,1
evt_005021,2026-03-28 18:08:00,user_000864,sess_000203,page_038,notícias,computador,redes sociais,0,1,89.2,65.5,1
evt_005022,2026-04-10 22:56:00,user_000848,sess_001332,page_043,notícias,celular,orgânico,0,1,49.5,73.2,0
evt_005023,2026-03-26 04:27:00,user_001586,sess_001074,page_139,tecnologia,celular,direto,0,1,39.8,68.6,0
evt_005024,2026-04-22 07:51:00,user_002337,sess_000175,page_129,notícias,computador,direto,1,1,138.6,47.3,0
evt_005025,2026-03-08 04:00:00,user_001502,sess_000936,page_082,notícias,celular,orgânico,0,1,129.7,87.2,1
evt_005026,2026-03-16 05:55:00,user_000885,sess_001463,page_024,entretenimento,tablet,referência,1,1,52.4,81.3,0
evt_005027,2026-03-06 19:19:00,user_002880,sess_000654,page_018,esportes,tablet,orgânico,1,1,47.6,63.3,1
evt_005028,2026-04-12 03:01:00,user_001717,sess_000714,page_135,estilo de vida,computador,direto,0,1,13.2,45.7,1
evt_005029,2026-03-14 23:08:00,user_001182,sess_000221,page_037,tecnologia,computador,orgânico,0,1,45.3,30.9,1
evt_005030,2026-03-20 00:40:00,user_000030,sess_000409,page_095,tecnologia,computador,orgânico,1,1,12.6,71.9,0
evt_005031,2026-04-20 04:45:00,user_001687,sess_001962,page_050,notícias,celular,referência,0,1,71.2,51.7,1
evt_005032,2026-03-22 14:39:00,user_001863,sess_001241,page_070,estilo de vida,celular,referência,0,1,11.9,77.1,1
evt_005033,2026-03-09 17:59:00,user_002786,sess_000352,page_138,estilo de vida,celular,orgânico,0,1,51.5,78.5,1
evt_005034,2026-03-02 06:11:00,user_000692,sess_000966,page_083,esportes,tablet,orgânico,0,1,54.9,49.1,0
evt_005035,2026-03-14 14:26:00,user_000489,sess_000386,page_060,tecnologia,computador,direto,0,1,64.6,58.2,0
evt_005036,2026-04-24 21:08:00,user_002997,sess_000886,page_058,entretenimento,computador,orgânico,1,1,255.8,57.4,0
evt_005037,2026-04-02 22:00:00,user_001651,sess_000292,page_032,notícias,celular,referência,0,1,12.6,86.9,0
evt_005038,2026-04-29 16:33:00,user_000081,sess_001237,page_078,notícias,computador,orgânico,0,1,144.7,50.6,1
evt_005039,2026-03-13 21:47:00,user_000317,sess_001140,page_080,tecnologia,celular,orgânico,0,1,119.1,71.0,0
evt_005040,2026-03-22 02:07:00,user_001426,sess_001267,page_014,finanças,celular,orgânico,0,1,64.0,67.4,1
evt_005041,2026-03-10 19:01:00,user_001852,sess_000887,page_057,tecnologia,celular,orgânico,1,1,134.8,88.9,1
evt_005042,2026-03-24 21:39:00,user_000731,sess_000572,page_090,notícias,tablet,referência,0,1,133.7,44.7,1
evt_005043,2026-04-03 19:10:00,user_001097,sess_000499,page_008,notícias,computador,direto,1,1,98.7,37.1,0
evt_005044,2026-04-18 11:42:00,user_002209,sess_000431,page_136,estilo de vida,celular,orgânico,0,1,30.5,20.3,1
evt_005045,2026-03-23 02:03:00,user_002902,sess_000859,page_120,entretenimento,tablet,orgânico,1,1,37.4,61.3,1
evt_005046,2026-04-16 07:00:00,user_001473,sess_000903,page_089,notícias,computador,orgânico,0,1,91.0,62.7,0
evt_005047,2026-04-07 13:40:00,user_001246,sess_001347,page_003,tecnologia,celular,redes sociais,0,1,33.5,53.6,0
evt_005048,2026-03-18 12:12:00,user_001084,sess_000105,page_073,esportes,tablet,redes sociais,1,1,26.6,76.1,0
evt_005049,2026-04-24 17:34:00,user_000409,sess_000564,page_125,notícias,computador,orgânico,0,1,75.6,88.4,1
evt_005050,2026-03-27 01:18:00,user_000159,sess_001705,page_004,finanças,computador,direto,0,1,43.9,50.5,0
evt_005051,2026-03-10 01:25:00,user_002502,sess_001830,page_111,esportes,computador,direto,1,1,20.7,53.4,0
evt_005052,2026-04-27 18:17:00,user_000112,sess_001861,page_117,estilo de vida,computador,newsletter,0,1,20.3,24.1,0
evt_005053,2026-04-24 19:20:00,user_002462,sess_000613,page_011,esportes,computador,redes sociais,1,1,117.7,59.2,0
evt_005054,2026-03-03 23:20:00,user_000742,sess_000275,page_033,finanças,computador,orgânico,1,1,139.2,53.2,0
evt_005055,2026-04-24 03:35:00,user_002084,sess_000397,page_101,notícias,computador,orgânico,0,1,16.1,49.4,0
evt_005056,2026-04-26 20:13:00,user_002854,sess_000264,page_127,tecnologia,celular,referência,0,1,86.8,54.9,0
evt_005057,2026-04-19 17:53:00,user_002246,sess_001909,page_108,entretenimento,computador,orgânico,1,1,139.7,67.6,0
evt_005058,2026-03-16 07:11:00,user_002188,sess_001766,page_074,finanças,celular,orgânico,1,1,63.1,60.5,0
evt_005059,2026-04-07 21:03:00,user_000794,sess_001621,page_084,finanças,computador,redes sociais,1,1,8.6,100.0,0
evt_005060,2026-04-02 07:04:00,user_001794,sess_001459,page_073,entretenimento,celular,redes sociais,0,1,51.6,55.6,1
evt_005061,2026-04-07 05:00:00,user_001926,sess_000686,page_081,notícias,computador,redes sociais,1,1,75.6,29.2,0
evt_005062,2026-04-06 23:40:00,user_001276,sess_000951,page_108,tecnologia,computador,direto,0,1,44.4,42.6,0
evt_005063,2026-04-08 08:27:00,user_000115,sess_001683,page_007,estilo de vida,tablet,orgânico,1,1,196.9,69.6,1
evt_005064,2026-03-31 20:09:00,user_002737,sess_001628,page_030,entretenimento,celular,direto,1,1,58.2,70.5,1
evt_005065,2026-04-11 10:18:00,user_000591,sess_001038,page_009,esportes,celular,referência,0,1,118.1,56.9,0
evt_005066,2026-04-01 14:18:00,user_002920,sess_001675,page_111,esportes,celular,orgânico,1,1,54.6,57.0,1
evt_005067,2026-03-01 23:44:00,user_002796,sess_000694,page_102,esportes,celular,orgânico,0,1,127.5,60.8,1
evt_005068,2026-03-03 02:48:00,user_000057,sess_000827,page_008,notícias,computador,newsletter,1,1,23.8,70.3,0
evt_005069,2026-04-27 11:39:00,user_002217,sess_001679,page_015,notícias,celular,orgânico,0,1,22.6,56.3,1
evt_005070,2026-04-24 13:19:00,user_001902,sess_000753,page_037,entretenimento,celular,redes sociais,0,1,13.0,31.9,1
evt_005071,2026-04-05 03:16:00,user_000692,sess_001504,page_034,esportes,tablet,orgânico,0,1,3.0,42.7,1
evt_005072,2026-03-11 11:24:00,user_002438,sess_000907,page_073,notícias,celular,redes sociais,0,1,61.6,45.1,0
evt_005073,2026-04-16 21:18:00,user_000335,sess_000596,page_070,esportes,computador,direto,0,1,22.2,33.3,0
evt_005074,2026-03-09 14:20:00,user_000746,sess_000438,page_050,finanças,celular,direto,1,1,22.0,40.4,0
evt_005075,2026-03-23 15:17:00,user_002846,sess_001213,page_023,estilo de vida,celular,orgânico,1,1,63.9,63.3,1
evt_005076,2026-03-20 18:59:00,user_002228,sess_000959,page_091,notícias,computador,orgânico,0,1,112.9,55.7,0
evt_005077,2026-03-01 17:51:00,user_000337,sess_000739,page_110,tecnologia,celular,redes sociais,0,1,99.3,70.3,1
evt_005078,2026-04-18 10:05:00,user_000433,sess_001486,page_090,tecnologia,computador,orgânico,1,1,16.4,91.4,0
evt_005079,2026-03-31 14:01:00,user_000771,sess_000003,page_113,notícias,computador,direto,0,1,50.6,71.8,1
evt_005080,2026-03-19 23:24:00,user_000212,sess_000185,page_128,tecnologia,celular,redes sociais,1,1,23.0,70.0,0
evt_005081,2026-03-31 10:21:00,user_000548,sess_001923,page_118,esportes,computador,referência,0,1,58.1,27.0,1
evt_005082,2026-03-01 00:00:00,user_001715,sess_001327,page_091,finanças,celular,orgânico,0,1,118.5,76.1,1
evt_005083,2026-03-27 05:15:00,user_000023,sess_001099,page_007,entretenimento,computador,orgânico,1,1,28.8,55.8,0
evt_005084,2026-04-01 04:11:00,user_000863,sess_000030,page_047,entretenimento,computador,direto,1,1,74.3,80.0,0
evt_005085,2026-03-21 09:11:00,user_000943,sess_001197,page_060,esportes,celular,redes sociais,1,1,110.8,31.6,1
evt_005086,2026-04-19 19:44:00,user_002912,sess_000870,page_100,finanças,celular,orgânico,1,1,73.4,82.0,1
evt_005087,2026-03-15 23:44:00,user_002922,sess_001200,page_118,esportes,celular,newsletter,0,1,106.2,44.9,1
evt_005088,2026-03-09 06:28:00,user_002536,sess_000082,page_090,finanças,celular,direto,0,1,62.0,44.5,1
evt_005089,2026-04-01 15:39:00,user_001026,sess_001101,page_051,estilo de vida,celular,redes sociais,1,1,68.1,97.2,1
evt_005090,2026-04-23 05:40:00,user_001582,sess_001156,page_110,notícias,computador,direto,1,1,48.0,58.2,1
evt_005091,2026-03-23 12:24:00,user_001513,sess_000580,page_097,entretenimento,celular,redes sociais,1,1,12.6,54.5,0
evt_005092,2026-03-03 19:08:00,user_002580,sess_000109,page_111,tecnologia,computador,orgânico,1,1,33.4,46.0,0
evt_005093,2026-04-28 04:42:00,user_002238,sess_001943,page_082,notícias,celular,orgânico,0,1,161.4,50.4,1
evt_005094,2026-03-27 15:47:00,user_002719,sess_001419,page_090,tecnologia,celular,redes sociais,0,1,88.2,48.7,0
evt_005095,2026-03-11 09:00:00,user_001653,sess_001243,page_049,tecnologia,computador,redes sociais,1,1,36.0,51.8,0
evt_005096,2026-04-06 22:29:00,user_002757,sess_001534,page_056,esportes,celular,direto,1,1,119.2,53.8,1
evt_005097,2026-03-20 04:19:00,user_002231,sess_001342,page_039,finanças,celular,redes sociais,1,1,70.0,59.6,0
evt_005098,2026-04-26 06:25:00,user_002216,sess_000269,page_036,tecnologia,computador,orgânico,0,1,19.5,35.2,0
evt_005099,2026-03-18 15:18:00,user_001985,sess_000910,page_091,entretenimento,celular,direto,0,1,52.2,56.9,1
evt_005100,2026-04-03 00:11:00,user_001007,sess_001777,page_054,esportes,celular,orgânico,0,1,32.8,62.0,1
evt_005101,2026-04-02 14:21:00,user_001826,sess_000576,page_019,estilo de vida,computador,referência,0,1,42.3,72.1,0
evt_005102,2026-03-15 13:06:00,user_001070,sess_001944,page_005,tecnologia,celular,direto,0,1,92.5,78.3,0
evt_005103,2026-03-30 22:57:00,user_001949,sess_000129,page_120,entretenimento,celular,redes sociais,0,1,9.2,50.1,1
evt_005104,2026-03-07 13:03:00,user_000765,sess_000662,page_061,notícias,computador,redes sociais,1,1,34.0,63.4,0
evt_005105,2026-04-08 14:59:00,user_002397,sess_000701,page_081,finanças,computador,orgânico,0,1,25.2,79.5,0
evt_005106,2026-04-15 11:58:00,user_001714,sess_001235,page_126,entretenimento,celular,direto,1,1,10.2,45.5,0
evt_005107,2026-04-27 00:00:00,user_002130,sess_000353,page_016,notícias,celular,orgânico,1,1,31.3,60.9,1
evt_005108,2026-03-20 13:07:00,user_000666,sess_000459,page_131,finanças,celular,redes sociais,1,1,99.0,71.3,1
evt_005109,2026-03-18 02:43:00,user_002375,sess_001324,page_098,estilo de vida,celular,orgânico,1,1,51.5,20.7,0
evt_005110,2026-04-02 22:17:00,user_002408,sess_000569,page_089,finanças,celular,redes sociais,1,1,18.7,64.5,0
evt_005111,2026-04-11 13:35:00,user_000437,sess_001758,page_060,tecnologia,celular,orgânico,0,1,116.4,59.4,1
evt_005112,2026-04-29 13:08:00,user_001050,sess_001740,page_099,notícias,computador,orgânico,0,1,13.4,42.9,0
evt_005113,2026-03-02 12:03:00,user_002033,sess_000606,page_029,tecnologia,celular,redes sociais,1,1,108.0,75.3,0
evt_005114,2026-03-15 07:09:00,user_002620,sess_001120,page_042,esportes,computador,direto,0,1,53.9,91.5,0
evt_005115,2026-03-16 17:50:00,user_002211,sess_000666,page_134,tecnologia,tablet,orgânico,0,1,51.2,63.8,1
evt_005116,2026-03-16 07:45:00,user_001415,sess_000690,page_039,finanças,computador,redes sociais,0,1,143.3,41.6,0
evt_005117,2026-03-28 19:45:00,user_000900,sess_001341,page_101,notícias,computador,direto,0,1,49.5,52.7,0
evt_005118,2026-04-22 08:59:00,user_002729,sess_000586,page_130,entretenimento,celular,redes sociais,0,1,56.5,38.9,1
evt_005119,2026-03-02 20:37:00,user_002623,sess_000299,page_083,tecnologia,computador,redes sociais,1,1,63.3,97.4,1
evt_005120,2026-04-18 22:48:00,user_002690,sess_000518,page_042,esportes,computador,orgânico,1,1,118.9,46.4,0
evt_005121,2026-04-07 01:26:00,user_000914,sess_001858,page_118,esportes,tablet,orgânico,0,1,62.9,60.6,1
evt_005122,2026-04-06 21:53:00,user_001309,sess_000519,page_115,estilo de vida,celular,orgânico,0,1,35.5,79.0,0
evt_005123,2026-04-10 16:46:00,user_000732,sess_000728,page_076,entretenimento,computador,newsletter,0,1,46.9,40.4,0
evt_005124,2026-03-07 22:11:00,user_002863,sess_001258,page_016,esportes,computador,orgânico,1,1,9.9,42.7,0
evt_005125,2026-04-14 19:17:00,user_002601,sess_000203,page_062,entretenimento,celular,orgânico,0,1,33.6,81.6,0
evt_005126,2026-03-15 21:18:00,user_000520,sess_000537,page_060,esportes,celular,orgânico,0,1,100.0,81.0,1
evt_005127,2026-03-31 23:52:00,user_000741,sess_000350,page_027,tecnologia,computador,direto,0,1,15.9,38.0,1
evt_005128,2026-04-10 14:42:00,user_001656,sess_001848,page_056,esportes,computador,orgânico,0,1,76.2,37.1,1
evt_005129,2026-04-06 05:40:00,user_001247,sess_001865,page_022,notícias,celular,direto,0,1,11.4,68.7,0
evt_005130,2026-03-20 09:17:00,user_001380,sess_001511,page_097,entretenimento,computador,redes sociais,0,1,58.6,68.6,1
evt_005131,2026-03-24 18:20:00,user_001104,sess_000494,page_061,notícias,celular,direto,1,1,78.2,45.9,0
evt_005132,2026-03-29 14:10:00,user_002022,sess_001233,page_102,entretenimento,computador,referência,0,1,55.4,62.9,0
evt_005133,2026-03-03 11:24:00,user_002694,sess_001324,page_064,notícias,celular,redes sociais,0,1,135.3,35.2,0
evt_005134,2026-04-13 13:30:00,user_002751,sess_001738,page_100,esportes,celular,newsletter,1,1,49.9,67.6,1
evt_005135,2026-03-06 23:55:00,user_001366,sess_000313,page_102,entretenimento,computador,newsletter,1,1,45.4,62.2,0
evt_005136,2026-03-28 12:21:00,user_002483,sess_001472,page_023,estilo de vida,celular,orgânico,0,1,57.4,24.3,0
evt_005137,2026-04-09 07:11:00,user_002083,sess_000389,page_062,notícias,computador,redes sociais,0,1,82.4,50.0,0
evt_005138,2026-03-05 19:45:00,user_000591,sess_001137,page_105,estilo de vida,celular,direto,1,1,94.6,51.0,0
evt_005139,2026-04-29 17:35:00,user_002382,sess_001758,page_083,notícias,celular,referência,0,1,82.1,69.9,0
evt_005140,2026-03-23 15:12:00,user_001051,sess_000125,page_031,entretenimento,computador,direto,1,1,192.2,36.8,0
evt_005141,2026-03-01 22:45:00,user_001884,sess_000296,page_116,notícias,celular,direto,0,1,56.6,79.5,0
evt_005142,2026-04-09 12:25:00,user_002162,sess_001626,page_028,finanças,tablet,orgânico,0,1,154.0,66.4,1
evt_005143,2026-04-03 10:55:00,user_002831,sess_000038,page_139,notícias,celular,referência,1,1,35.7,78.3,0
evt_005144,2026-04-08 10:04:00,user_002845,sess_001370,page_099,estilo de vida,computador,orgânico,1,1,48.5,30.0,0
evt_005145,2026-04-15 01:27:00,user_002407,sess_001002,page_045,entretenimento,celular,direto,0,1,79.3,62.9,0
evt_005146,2026-03-29 12:54:00,user_001518,sess_000693,page_028,tecnologia,computador,orgânico,1,1,30.2,60.8,1
evt_005147,2026-04-19 14:33:00,user_001201,sess_001725,page_126,esportes,celular,direto,0,1,47.9,61.5,0
evt_005148,2026-03-23 05:00:00,user_001324,sess_001698,page_073,esportes,computador,direto,0,1,132.8,64.4,1
evt_005149,2026-04-02 17:05:00,user_002852,sess_000652,page_113,notícias,celular,orgânico,1,1,102.8,62.9,1
evt_005150,2026-03-10 12:15:00,user_000615,sess_000009,page_116,entretenimento,celular,direto,1,1,19.7,13.1,0
evt_005151,2026-04-07 04:40:00,user_001574,sess_000257,page_010,notícias,computador,referência,1,1,85.5,90.7,0
evt_005152,2026-03-16 16:41:00,user_002038,sess_000215,page_096,estilo de vida,celular,orgânico,0,1,45.6,44.8,0
evt_005153,2026-04-11 19:17:00,user_000068,sess_001964,page_047,esportes,celular,redes sociais,0,1,13.7,46.1,0
evt_005154,2026-04-18 01:31:00,user_001905,sess_001194,page_127,entretenimento,computador,orgânico,0,1,67.4,59.1,0
evt_005155,2026-04-21 12:54:00,user_000780,sess_001353,page_031,finanças,celular,orgânico,0,1,119.8,75.5,0
evt_005156,2026-04-25 17:52:00,user_000842,sess_000462,page_005,estilo de vida,celular,referência,1,1,164.7,31.5,0
evt_005157,2026-03-08 08:05:00,user_001865,sess_001701,page_093,entretenimento,computador,orgânico,1,1,16.5,28.0,0
evt_005158,2026-03-09 06:42:00,user_000027,sess_001445,page_077,entretenimento,celular,direto,1,1,3.4,87.5,1
evt_005159,2026-04-25 13:42:00,user_000471,sess_001504,page_078,estilo de vida,tablet,orgânico,1,1,106.8,51.0,0
evt_005160,2026-03-23 20:23:00,user_001365,sess_000937,page_037,tecnologia,computador,orgânico,1,1,103.8,63.9,0
evt_005161,2026-03-02 13:27:00,user_001752,sess_001396,page_069,estilo de vida,celular,redes sociais,0,1,47.4,37.6,0
evt_005162,2026-03-18 05:15:00,user_000328,sess_001088,page_135,finanças,celular,orgânico,0,1,99.3,98.2,0
evt_005163,2026-04-20 04:07:00,user_001085,sess_000769,page_107,notícias,computador,referência,0,1,90.9,74.6,0
evt_005164,2026-03-22 07:11:00,user_000923,sess_001189,page_137,tecnologia,celular,orgânico,0,1,44.9,46.8,0
evt_005165,2026-03-05 14:30:00,user_001603,sess_000649,page_047,tecnologia,celular,direto,1,1,34.9,88.6,0
evt_005166,2026-04-13 07:50:00,user_000902,sess_001905,page_121,notícias,celular,direto,0,1,48.3,71.3,1
evt_005167,2026-03-12 16:15:00,user_000006,sess_001434,page_054,esportes,celular,redes sociais,0,1,20.2,74.2,1
evt_005168,2026-03-22 04:02:00,user_001590,sess_001478,page_131,tecnologia,computador,direto,0,1,37.1,75.7,1
evt_005169,2026-03-01 05:36:00,user_002545,sess_001433,page_121,notícias,computador,orgânico,1,1,41.6,50.6,1
evt_005170,2026-04-06 02:52:00,user_001754,sess_000897,page_023,estilo de vida,computador,direto,1,1,87.3,94.1,0
evt_005171,2026-03-27 17:10:00,user_001086,sess_001901,page_136,tecnologia,celular,redes sociais,0,1,20.8,93.1,0
evt_005172,2026-04-22 00:33:00,user_001447,sess_000416,page_085,esportes,tablet,direto,0,1,33.9,93.8,1
evt_005173,2026-03-21 01:28:00,user_000421,sess_001137,page_108,esportes,celular,orgânico,0,1,71.4,11.8,0
evt_005174,2026-03-13 06:37:00,user_000710,sess_000139,page_081,esportes,celular,orgânico,0,1,40.7,58.8,1
evt_005175,2026-03-10 23:01:00,user_001314,sess_000589,page_031,esportes,celular,orgânico,0,1,18.7,65.3,1
evt_005176,2026-03-13 00:13:00,user_001777,sess_001149,page_137,estilo de vida,computador,orgânico,1,1,56.8,51.7,0
evt_005177,2026-03-28 01:34:00,user_001459,sess_000979,page_016,tecnologia,celular,orgânico,1,1,56.6,58.2,1
evt_005178,2026-03-06 05:31:00,user_002888,sess_001882,page_113,tecnologia,computador,orgânico,0,1,140.5,57.4,0
evt_005179,2026-03-25 03:24:00,user_001912,sess_001227,page_030,notícias,computador,orgânico,0,1,10.8,85.0,0
evt_005180,2026-04-21 06:44:00,user_000069,sess_000823,page_110,tecnologia,computador,orgânico,0,1,108.2,82.2,1
evt_005181,2026-04-16 01:25:00,user_001574,sess_000854,page_059,esportes,tablet,orgânico,1,1,25.4,65.0,1
evt_005182,2026-04-08 05:39:00,user_001748,sess_001223,page_033,tecnologia,celular,referência,0,1,137.4,66.9,0
evt_005183,2026-04-23 14:06:00,user_000131,sess_001582,page_033,notícias,computador,newsletter,1,1,81.3,58.7,0
evt_005184,2026-04-16 19:30:00,user_001155,sess_000553,page_045,estilo de vida,tablet,redes sociais,1,1,179.5,98.3,1
evt_005185,2026-04-09 03:41:00,user_002614,sess_001169,page_126,estilo de vida,celular,orgânico,0,1,50.6,65.7,0
evt_005186,2026-04-21 18:49:00,user_001071,sess_001149,page_107,esportes,celular,orgânico,0,1,5.4,93.0,1
evt_005187,2026-03-08 11:09:00,user_001370,sess_000019,page_094,entretenimento,computador,referência,0,1,74.2,77.6,0
evt_005188,2026-04-19 02:17:00,user_000664,sess_001825,page_088,notícias,computador,newsletter,1,1,33.6,69.9,1
evt_005189,2026-03-18 17:21:00,user_000231,sess_001140,page_058,notícias,computador,orgânico,0,1,70.3,27.8,0
evt_005190,2026-04-13 23:36:00,user_000955,sess_000484,page_126,estilo de vida,celular,orgânico,1,1,26.7,82.8,0
evt_005191,2026-04-24 19:10:00,user_002318,sess_001267,page_039,finanças,celular,orgânico,1,1,53.6,31.6,1
evt_005192,2026-03-30 18:16:00,user_002949,sess_001355,page_132,esportes,computador,orgânico,0,1,61.3,54.3,0
evt_005193,2026-03-06 07:46:00,user_001980,sess_001830,page_053,esportes,computador,orgânico,0,1,79.4,30.8,1
evt_005194,2026-03-23 05:07:00,user_002492,sess_000069,page_048,notícias,celular,direto,1,1,53.7,77.7,0
evt_005195,2026-03-25 09:52:00,user_001948,sess_000828,page_067,tecnologia,celular,orgânico,0,1,17.3,50.0,0
evt_005196,2026-04-26 04:53:00,user_001976,sess_000361,page_105,estilo de vida,computador,orgânico,0,1,111.4,71.3,0
evt_005197,2026-04-26 13:12:00,user_001281,sess_001149,page_100,esportes,celular,direto,0,1,16.7,16.2,1
evt_005198,2026-04-04 02:35:00,user_000184,sess_001003,page_107,esportes,tablet,direto,0,1,12.9,76.1,0
evt_005199,2026-04-27 00:57:00,user_001232,sess_000950,page_013,entretenimento,celular,orgânico,0,1,38.6,74.9,0
evt_005200,2026-03-27 04:15:00,user_002594,sess_001964,page_023,entretenimento,celular,direto,1,1,23.5,37.6,0
evt_005201,2026-03-25 16:07:00,user_001609,sess_001063,page_118,notícias,celular,orgânico,1,1,73.6,47.2,0
evt_005202,2026-04-20 04:34:00,user_002286,sess_000822,page_137,estilo de vida,celular,orgânico,1,1,49.8,85.0,1
evt_005203,2026-04-10 01:03:00,user_000152,sess_000135,page_018,notícias,celular,orgânico,1,1,103.3,63.7,0
evt_005204,2026-04-01 08:13:00,user_000604,sess_000579,page_126,notícias,computador,orgânico,0,1,77.7,75.2,0
evt_005205,2026-03-28 09:42:00,user_000897,sess_001794,page_037,tecnologia,computador,orgânico,0,1,78.3,22.8,1
evt_005206,2026-04-12 08:04:00,user_001078,sess_000903,page_137,entretenimento,computador,direto,1,1,32.2,54.9,0
evt_005207,2026-04-15 04:58:00,user_002963,sess_001820,page_139,notícias,computador,referência,0,1,28.5,78.8,1
evt_005208,2026-03-30 10:26:00,user_001386,sess_001065,page_089,entretenimento,celular,orgânico,0,1,5.7,43.6,0
evt_005209,2026-03-02 21:28:00,user_001986,sess_001096,page_027,tecnologia,computador,orgânico,0,1,89.0,45.2,0
evt_005210,2026-03-07 02:38:00,user_001933,sess_000860,page_110,tecnologia,celular,orgânico,0,1,105.8,58.0,0
evt_005211,2026-03-09 15:35:00,user_001257,sess_001113,page_015,tecnologia,celular,orgânico,0,1,75.1,42.9,0
evt_005212,2026-03-28 17:24:00,user_002899,sess_000134,page_047,finanças,celular,referência,0,1,12.6,94.7,0
evt_005213,2026-04-06 20:26:00,user_000667,sess_000116,page_089,entretenimento,computador,orgânico,0,1,40.3,72.7,1
evt_005214,2026-04-18 05:25:00,user_000104,sess_000952,page_010,notícias,computador,redes sociais,0,1,21.5,58.2,0
evt_005215,2026-03-14 22:52:00,user_002235,sess_001196,page_055,finanças,computador,redes sociais,1,1,58.6,100.0,0
evt_005216,2026-04-17 04:42:00,user_001961,sess_001102,page_111,esportes,tablet,referência,0,1,13.0,55.9,0
evt_005217,2026-04-09 23:06:00,user_000781,sess_000858,page_013,tecnologia,computador,orgânico,1,1,75.4,68.4,0
evt_005218,2026-03-04 02:23:00,user_002604,sess_000588,page_051,notícias,computador,orgânico,0,1,102.2,40.0,0
evt_005219,2026-03-22 01:45:00,user_000487,sess_001418,page_001,finanças,computador,orgânico,0,1,17.4,65.6,1
evt_005220,2026-03-19 03:49:00,user_000753,sess_001209,page_092,tecnologia,celular,direto,1,1,30.9,72.3,0
evt_005221,2026-04-23 04:46:00,user_000464,sess_000095,page_012,esportes,celular,redes sociais,0,1,4.0,71.6,0
evt_005222,2026-04-25 06:31:00,user_000559,sess_000905,page_040,esportes,tablet,redes sociais,1,1,47.4,40.3,0
evt_005223,2026-04-19 03:44:00,user_002188,sess_001422,page_073,esportes,computador,orgânico,0,1,62.4,32.4,0
evt_005224,2026-04-01 16:19:00,user_002110,sess_001568,page_030,tecnologia,computador,orgânico,1,1,85.9,60.0,1
evt_005225,2026-03-30 13:41:00,user_001928,sess_000574,page_033,esportes,celular,redes sociais,0,1,36.1,66.2,1
evt_005226,2026-03-19 16:32:00,user_002582,sess_001850,page_117,finanças,computador,orgânico,1,1,60.9,26.9,0
evt_005227,2026-04-16 08:58:00,user_000210,sess_001303,page_109,estilo de vida,computador,newsletter,1,1,32.7,100.0,1
evt_005228,2026-03-06 04:14:00,user_001861,sess_000875,page_012,entretenimento,tablet,referência,1,1,63.1,64.6,1
evt_005229,2026-03-17 06:26:00,user_000346,sess_001254,page_120,tecnologia,celular,orgânico,0,1,24.0,17.8,1
evt_005230,2026-03-09 02:42:00,user_002867,sess_001743,page_066,notícias,computador,redes sociais,1,1,54.3,66.7,0
evt_005231,2026-03-30 15:44:00,user_001901,sess_000454,page_021,entretenimento,tablet,orgânico,0,1,63.4,26.1,0
evt_005232,2026-03-18 23:38:00,user_002280,sess_000301,page_127,tecnologia,computador,newsletter,0,1,66.1,37.8,0
evt_005233,2026-03-12 20:22:00,user_001713,sess_000881,page_047,tecnologia,computador,redes sociais,0,1,37.5,67.6,0
evt_005234,2026-03-23 14:02:00,user_001151,sess_000168,page_046,finanças,computador,orgânico,0,1,111.5,41.1,1
evt_005235,2026-04-21 15:40:00,user_002058,sess_001671,page_021,notícias,computador,direto,1,1,24.0,39.2,1
evt_005236,2026-04-03 11:32:00,user_002507,sess_001940,page_124,tecnologia,computador,orgânico,1,1,20.7,75.3,0
evt_005237,2026-04-19 09:13:00,user_000534,sess_001211,page_040,finanças,celular,orgânico,0,1,35.9,64.0,1
evt_005238,2026-04-24 20:01:00,user_002615,sess_001959,page_083,esportes,tablet,orgânico,1,1,35.8,49.2,1
evt_005239,2026-04-24 03:05:00,user_002180,sess_000138,page_034,notícias,celular,orgânico,0,1,14.5,54.8,0
evt_005240,2026-03-22 01:26:00,user_000258,sess_001265,page_125,esportes,tablet,orgânico,0,1,36.4,92.3,0
evt_005241,2026-04-22 15:34:00,user_002808,sess_000886,page_110,estilo de vida,computador,newsletter,1,1,127.8,75.1,0
evt_005242,2026-04-24 13:30:00,user_000541,sess_000555,page_070,notícias,computador,redes sociais,0,1,6.6,30.5,0
evt_005243,2026-04-27 13:49:00,user_001803,sess_000624,page_049,estilo de vida,computador,referência,0,1,6.1,88.2,0
evt_005244,2026-03-22 01:26:00,user_000389,sess_001090,page_092,tecnologia,celular,orgânico,0,1,50.2,49.7,0
evt_005245,2026-03-14 16:48:00,user_000589,sess_001283,page_069,esportes,computador,referência,0,1,21.5,56.5,1
evt_005246,2026-04-05 01:21:00,user_001929,sess_000328,page_131,notícias,computador,direto,0,1,53.7,38.7,1
evt_005247,2026-04-25 21:49:00,user_002038,sess_001229,page_094,notícias,tablet,direto,0,1,88.5,48.9,0
evt_005248,2026-04-24 00:53:00,user_002061,sess_001853,page_004,esportes,computador,referência,1,1,93.2,62.0,0
evt_005249,2026-04-04 06:32:00,user_001029,sess_000021,page_115,tecnologia,celular,redes sociais,0,1,67.8,59.6,1
evt_005250,2026-03-09 22:54:00,user_002460,sess_001756,page_027,estilo de vida,computador,direto,1,1,41.3,92.7,0
evt_005251,2026-03-26 08:23:00,user_000148,sess_001215,page_042,tecnologia,celular,referência,1,1,41.6,35.4,0
evt_005252,2026-04-12 20:20:00,user_002563,sess_000685,page_061,entretenimento,celular,orgânico,1,1,14.4,55.1,0
evt_005253,2026-04-03 14:56:00,user_000907,sess_001469,page_030,notícias,computador,orgânico,0,1,42.8,16.2,0
evt_005254,2026-03-21 17:28:00,user_001862,sess_001235,page_131,estilo de vida,computador,newsletter,0,1,51.5,46.6,0
evt_005255,2026-03-21 13:20:00,user_002716,sess_001537,page_137,finanças,celular,referência,1,1,3.4,86.9,1
evt_005256,2026-03-04 14:02:00,user_000767,sess_000163,page_022,finanças,celular,redes sociais,0,1,29.8,96.2,0
evt_005257,2026-03-18 07:30:00,user_001234,sess_000118,page_045,esportes,computador,direto,1,1,87.2,89.9,0
evt_005258,2026-04-10 03:54:00,user_002485,sess_001284,page_052,esportes,computador,referência,1,1,27.9,50.4,1
evt_005259,2026-03-15 11:29:00,user_002594,sess_000608,page_094,estilo de vida,computador,redes sociais,1,1,18.9,51.8,0
evt_005260,2026-04-29 14:29:00,user_000706,sess_000477,page_084,estilo de vida,computador,orgânico,0,1,167.5,38.7,1
evt_005261,2026-03-05 22:41:00,user_001526,sess_000843,page_095,esportes,celular,redes sociais,0,1,80.0,54.1,0
evt_005262,2026-04-05 07:50:00,user_001000,sess_001450,page_005,notícias,computador,orgânico,1,1,36.2,81.6,0
evt_005263,2026-03-30 19:03:00,user_001551,sess_000360,page_072,estilo de vida,celular,orgânico,0,1,32.4,74.7,0
evt_005264,2026-04-19 23:57:00,user_001138,sess_001946,page_030,tecnologia,celular,newsletter,0,1,121.4,47.9,0
evt_005265,2026-04-23 06:22:00,user_000016,sess_000842,page_032,estilo de vida,celular,direto,0,1,134.6,51.5,0
evt_005266,2026-04-02 14:36:00,user_002773,sess_000302,page_108,notícias,computador,direto,0,1,74.3,52.3,0
evt_005267,2026-04-07 19:25:00,user_001911,sess_000143,page_020,esportes,celular,redes sociais,0,1,58.9,47.1,0
evt_005268,2026-04-11 22:29:00,user_001385,sess_001714,page_005,tecnologia,celular,orgânico,0,1,21.6,62.7,1
evt_005269,2026-04-01 06:12:00,user_000324,sess_000227,page_068,tecnologia,computador,redes sociais,1,1,18.2,72.8,1
evt_005270,2026-03-12 02:14:00,user_000214,sess_000838,page_103,notícias,computador,direto,0,1,85.7,100.0,0
evt_005271,2026-03-26 17:10:00,user_001436,sess_001337,page_072,finanças,celular,redes sociais,1,1,41.5,66.2,0
evt_005272,2026-03-15 11:50:00,user_001947,sess_001026,page_023,finanças,celular,orgânico,1,1,90.1,79.9,1
evt_005273,2026-03-28 20:44:00,user_000781,sess_000525,page_108,estilo de vida,computador,referência,0,1,59.3,37.8,0
evt_005274,2026-04-06 21:49:00,user_002233,sess_000216,page_054,notícias,celular,orgânico,1,1,71.9,60.1,1
evt_005275,2026-03-13 13:21:00,user_001177,sess_001423,page_099,estilo de vida,computador,orgânico,0,1,60.6,54.9,0
evt_005276,2026-03-15 23:10:00,user_000034,sess_000981,page_029,entretenimento,computador,redes sociais,0,1,94.3,71.3,0
evt_005277,2026-04-19 09:01:00,user_001611,sess_000097,page_127,esportes,computador,newsletter,0,1,63.3,67.8,0
evt_005278,2026-03-23 15:56:00,user_000544,sess_000363,page_040,esportes,computador,orgânico,0,1,12.9,71.8,1
evt_005279,2026-03-12 21:40:00,user_000044,sess_001125,page_135,notícias,celular,orgânico,1,1,80.3,55.2,0
evt_005280,2026-04-12 18:58:00,user_000391,sess_000337,page_053,notícias,computador,newsletter,1,1,32.0,51.1,0
evt_005281,2026-04-12 23:56:00,user_000854,sess_000783,page_102,entretenimento,computador,newsletter,0,1,117.6,34.0,0
evt_005282,2026-04-19 13:40:00,user_001545,sess_000249,page_070,entretenimento,celular,orgânico,1,1,57.6,62.2,0
evt_005283,2026-04-15 14:22:00,user_002968,sess_001594,page_011,notícias,celular,referência,0,1,119.6,56.0,0
evt_005284,2026-04-29 12:26:00,user_000655,sess_001261,page_014,entretenimento,celular,referência,0,1,107.4,85.4,0
evt_005285,2026-04-04 11:48:00,user_000173,sess_001568,page_057,notícias,computador,orgânico,0,1,77.4,54.7,0
evt_005286,2026-03-18 05:01:00,user_000574,sess_000105,page_027,estilo de vida,computador,direto,0,1,67.8,47.2,0
evt_005287,2026-04-21 18:36:00,user_000958,sess_000751,page_085,estilo de vida,tablet,orgânico,1,1,32.0,69.4,1
evt_005288,2026-03-16 21:20:00,user_000616,sess_000535,page_020,esportes,computador,referência,0,1,93.6,30.6,0
evt_005289,2026-03-18 11:06:00,user_000964,sess_001245,page_083,finanças,computador,orgânico,0,1,32.3,71.8,1
evt_005290,2026-04-19 17:01:00,user_002907,sess_001643,page_029,estilo de vida,celular,direto,0,1,51.9,45.6,1
evt_005291,2026-04-22 21:31:00,user_001138,sess_000455,page_026,notícias,celular,referência,1,1,53.3,33.7,0
evt_005292,2026-03-21 08:39:00,user_001904,sess_001539,page_052,entretenimento,tablet,orgânico,0,1,54.0,60.6,0
evt_005293,2026-04-13 18:21:00,user_002054,sess_001161,page_082,notícias,computador,direto,1,1,22.9,10.2,1
evt_005294,2026-04-25 08:14:00,user_000391,sess_001648,page_056,notícias,tablet,orgânico,1,1,25.5,69.5,0
evt_005295,2026-04-17 22:11:00,user_000743,sess_000163,page_049,entretenimento,computador,orgânico,1,1,11.4,59.7,0
evt_005296,2026-03-01 07:11:00,user_001247,sess_001981,page_048,finanças,celular,newsletter,0,1,83.0,54.0,0
evt_005297,2026-04-09 20:59:00,user_001381,sess_000869,page_048,esportes,computador,newsletter,1,1,24.9,76.9,0
evt_005298,2026-03-11 04:38:00,user_000040,sess_000560,page_057,esportes,tablet,direto,0,1,29.3,68.2,0
evt_005299,2026-04-20 18:44:00,user_001934,sess_000366,page_116,notícias,celular,referência,0,1,40.4,32.6,0
evt_005300,2026-03-05 00:32:00,user_000902,sess_001969,page_081,esportes,celular,orgânico,0,1,22.2,69.8,1
evt_005301,2026-04-29 14:03:00,user_000967,sess_001766,page_059,esportes,celular,redes sociais,0,1,99.1,68.2,0
evt_005302,2026-03-11 15:21:00,user_001809,sess_000263,page_105,finanças,computador,referência,0,1,172.6,57.1,1
evt_005303,2026-03-26 05:02:00,user_002846,sess_000890,page_074,finanças,celular,referência,0,1,5.6,61.6,0
evt_005304,2026-03-15 01:04:00,user_002595,sess_001467,page_132,entretenimento,computador,orgânico,1,1,70.0,90.8,0
evt_005305,2026-04-18 20:02:00,user_002939,sess_001181,page_079,entretenimento,celular,orgânico,1,1,15.5,66.2,1
evt_005306,2026-03-24 14:38:00,user_001241,sess_000378,page_031,esportes,computador,direto,0,1,60.2,33.4,0
evt_005307,2026-04-14 16:11:00,user_000359,sess_000721,page_079,entretenimento,computador,orgânico,0,1,82.4,60.6,1
evt_005308,2026-03-05 00:47:00,user_000648,sess_000736,page_108,tecnologia,computador,direto,0,1,8.1,27.5,0
evt_005309,2026-03-28 04:07:00,user_001032,sess_000578,page_030,entretenimento,celular,orgânico,1,1,79.9,68.3,0
evt_005310,2026-04-24 15:54:00,user_000901,sess_001921,page_029,tecnologia,computador,redes sociais,0,1,139.5,46.8,0
evt_005311,2026-04-25 14:48:00,user_000624,sess_000406,page_084,notícias,celular,orgânico,0,1,108.8,48.7,1
evt_005312,2026-03-13 12:31:00,user_000453,sess_001413,page_123,notícias,computador,direto,0,1,11.4,39.6,1
evt_005313,2026-03-24 15:58:00,user_000561,sess_001823,page_047,entretenimento,computador,newsletter,1,1,156.7,51.5,1
evt_005314,2026-03-25 13:07:00,user_001975,sess_001589,page_071,finanças,celular,redes sociais,1,1,168.2,70.8,1
evt_005315,2026-04-03 22:16:00,user_001473,sess_001599,page_092,entretenimento,computador,newsletter,0,1,40.6,45.2,0
evt_005316,2026-04-02 05:45:00,user_000113,sess_000318,page_093,tecnologia,celular,redes sociais,1,1,12.2,43.0,0
evt_005317,2026-03-07 08:33:00,user_001691,sess_000267,page_021,notícias,celular,orgânico,0,1,82.1,59.6,0
evt_005318,2026-04-15 18:14:00,user_002527,sess_001566,page_055,esportes,tablet,referência,0,1,66.7,51.9,0
evt_005319,2026-03-14 13:06:00,user_001277,sess_001493,page_139,entretenimento,computador,orgânico,1,1,107.7,53.2,1
evt_005320,2026-03-19 21:30:00,user_000956,sess_001484,page_124,notícias,computador,orgânico,0,1,33.8,44.4,0
evt_005321,2026-04-20 10:36:00,user_000818,sess_000837,page_108,tecnologia,tablet,direto,1,1,61.9,39.1,1
evt_005322,2026-04-11 09:05:00,user_001138,sess_001047,page_004,entretenimento,celular,orgânico,0,1,68.0,55.5,0
evt_005323,2026-03-24 19:02:00,user_000836,sess_000031,page_058,notícias,celular,referência,0,1,51.6,72.5,0
evt_005324,2026-04-24 17:57:00,user_002772,sess_000582,page_008,esportes,computador,redes sociais,0,1,36.2,56.6,0
evt_005325,2026-03-24 15:28:00,user_002976,sess_001057,page_042,estilo de vida,computador,orgânico,0,1,95.4,52.0,0
evt_005326,2026-04-03 22:18:00,user_001030,sess_000252,page_121,tecnologia,celular,orgânico,1,1,16.3,29.4,0
evt_005327,2026-03-15 18:12:00,user_002771,sess_000260,page_054,finanças,computador,orgânico,1,1,49.6,56.5,0
evt_005328,2026-03-11 23:47:00,user_002560,sess_000091,page_024,notícias,computador,direto,0,1,37.5,47.3,0
evt_005329,2026-03-30 11:55:00,user_000228,sess_000420,page_101,notícias,celular,orgânico,0,1,115.7,59.7,0
evt_005330,2026-04-03 18:44:00,user_001473,sess_001985,page_106,esportes,computador,referência,1,1,33.1,58.9,0
evt_005331,2026-04-18 08:22:00,user_001969,sess_001392,page_092,esportes,celular,orgânico,1,1,18.3,100.0,0
evt_005332,2026-03-24 10:54:00,user_001266,sess_001896,page_113,notícias,computador,orgânico,1,1,109.8,50.8,1
evt_005333,2026-04-23 17:02:00,user_001371,sess_000515,page_098,tecnologia,tablet,direto,0,1,65.9,74.1,0
evt_005334,2026-04-06 10:38:00,user_001483,sess_001198,page_089,notícias,celular,orgânico,0,1,119.1,74.7,1
evt_005335,2026-03-05 04:57:00,user_002066,sess_001783,page_124,tecnologia,tablet,redes sociais,0,1,91.8,70.6,0
evt_005336,2026-04-14 08:18:00,user_000881,sess_000704,page_046,entretenimento,celular,redes sociais,0,1,39.9,58.1,0
evt_005337,2026-04-04 11:44:00,user_001791,sess_001314,page_064,estilo de vida,computador,orgânico,0,1,47.9,100.0,1
evt_005338,2026-03-24 08:40:00,user_000731,sess_001385,page_079,estilo de vida,computador,redes sociais,0,1,211.6,41.0,0
evt_005339,2026-03-29 00:52:00,user_002667,sess_001664,page_094,notícias,computador,newsletter,0,1,53.7,67.7,0
evt_005340,2026-03-19 02:34:00,user_000254,sess_001938,page_067,estilo de vida,celular,orgânico,0,1,210.0,72.5,0
evt_005341,2026-04-06 20:33:00,user_000201,sess_001230,page_062,esportes,computador,redes sociais,0,1,65.8,25.1,1
evt_005342,2026-04-04 00:24:00,user_000114,sess_001165,page_023,esportes,celular,orgânico,0,1,28.4,29.8,0
evt_005343,2026-03-27 20:04:00,user_001049,sess_001737,page_089,estilo de vida,celular,referência,0,1,41.7,82.7,0
evt_005344,2026-03-18 02:41:00,user_001819,sess_001369,page_018,notícias,computador,orgânico,0,1,25.8,64.0,1
evt_005345,2026-03-24 22:02:00,user_002956,sess_000724,page_067,esportes,celular,orgânico,1,1,72.8,35.0,0
evt_005346,2026-03-30 20:53:00,user_001364,sess_001260,page_057,estilo de vida,celular,redes sociais,0,1,66.2,82.3,0
evt_005347,2026-03-29 07:30:00,user_000547,sess_001098,page_108,finanças,celular,direto,0,1,43.0,62.4,0
evt_005348,2026-03-19 13:22:00,user_001105,sess_000458,page_067,notícias,computador,orgânico,0,1,29.1,76.8,1
evt_005349,2026-04-04 22:04:00,user_000382,sess_001032,page_001,notícias,computador,referência,1,1,48.3,91.9,1
evt_005350,2026-03-14 14:13:00,user_001416,sess_001247,page_071,esportes,celular,orgânico,0,1,194.4,54.1,1
evt_005351,2026-03-31 01:24:00,user_002187,sess_001807,page_030,estilo de vida,computador,newsletter,1,1,10.9,19.3,0
evt_005352,2026-03-08 07:01:00,user_000107,sess_001161,page_053,finanças,celular,referência,1,1,122.6,50.5,1
evt_005353,2026-03-29 07:53:00,user_002332,sess_000330,page_042,notícias,tablet,direto,0,1,117.8,17.9,0
evt_005354,2026-04-17 00:55:00,user_000686,sess_001975,page_024,estilo de vida,celular,direto,0,1,42.6,39.8,1
evt_005355,2026-04-19 01:40:00,user_002017,sess_001156,page_132,entretenimento,computador,redes sociais,1,1,33.1,85.6,0
evt_005356,2026-04-11 16:21:00,user_002446,sess_000574,page_036,estilo de vida,computador,direto,1,1,57.9,43.3,1
evt_005357,2026-04-14 17:43:00,user_002328,sess_001509,page_071,finanças,tablet,orgânico,1,1,30.6,43.7,0
evt_005358,2026-03-04 22:58:00,user_002009,sess_000770,page_116,estilo de vida,computador,referência,1,1,34.3,88.9,0
evt_005359,2026-03-21 11:35:00,user_002081,sess_000740,page_051,entretenimento,computador,redes sociais,0,1,51.1,54.0,1
evt_005360,2026-04-09 06:07:00,user_000563,sess_001679,page_131,entretenimento,celular,direto,0,1,45.4,62.5,0
evt_005361,2026-04-18 00:49:00,user_000408,sess_001735,page_057,notícias,celular,redes sociais,1,1,84.6,36.0,0
evt_005362,2026-04-04 23:18:00,user_001144,sess_001048,page_132,notícias,computador,direto,1,1,32.9,82.5,0
evt_005363,2026-04-21 05:15:00,user_001825,sess_000746,page_063,notícias,celular,orgânico,0,1,4.3,58.6,1
evt_005364,2026-03-17 09:12:00,user_001854,sess_001726,page_003,tecnologia,celular,redes sociais,0,1,93.3,73.6,0
evt_005365,2026-03-10 05:01:00,user_002330,sess_000347,page_121,notícias,computador,orgânico,0,1,75.3,28.8,0
evt_005366,2026-03-06 04:23:00,user_000926,sess_001494,page_121,entretenimento,computador,direto,1,1,31.4,83.7,0
evt_005367,2026-04-04 23:03:00,user_002596,sess_001168,page_134,notícias,celular,orgânico,1,1,138.9,64.3,1
evt_005368,2026-04-09 21:51:00,user_001347,sess_001708,page_018,estilo de vida,computador,newsletter,0,1,124.3,43.2,1
evt_005369,2026-03-18 02:50:00,user_000739,sess_000841,page_118,esportes,tablet,referência,0,1,19.8,49.3,0
evt_005370,2026-04-17 00:27:00,user_002206,sess_001664,page_048,finanças,computador,referência,1,1,120.1,55.2,1
evt_005371,2026-04-14 08:24:00,user_000383,sess_000031,page_117,finanças,celular,referência,0,1,17.1,70.9,0
evt_005372,2026-03-22 14:35:00,user_001216,sess_001516,page_134,tecnologia,celular,redes sociais,0,1,72.5,60.2,0
evt_005373,2026-03-15 07:51:00,user_002343,sess_000140,page_028,finanças,celular,referência,0,1,84.3,97.6,1
evt_005374,2026-04-14 12:56:00,user_002313,sess_001285,page_052,finanças,computador,redes sociais,0,1,25.6,25.2,1
evt_005375,2026-04-10 06:49:00,user_000770,sess_000391,page_038,tecnologia,celular,orgânico,0,1,105.0,69.9,1
evt_005376,2026-03-11 05:55:00,user_000500,sess_001926,page_043,entretenimento,tablet,orgânico,1,1,108.9,25.4,0
evt_005377,2026-03-16 07:22:00,user_000096,sess_001538,page_083,tecnologia,computador,orgânico,0,1,8.7,100.0,1
evt_005378,2026-03-30 03:47:00,user_000269,sess_000210,page_058,tecnologia,computador,orgânico,1,1,44.3,87.7,1
evt_005379,2026-03-31 16:02:00,user_002475,sess_001784,page_092,finanças,computador,orgânico,0,1,17.7,64.9,0
evt_005380,2026-03-10 22:58:00,user_002351,sess_000504,page_094,entretenimento,computador,newsletter,0,1,60.8,66.3,0
evt_005381,2026-04-26 22:03:00,user_001518,sess_001091,page_029,finanças,computador,orgânico,0,1,82.3,67.2,0
evt_005382,2026-03-24 07:39:00,user_001710,sess_000171,page_007,entretenimento,celular,referência,0,1,117.0,45.4,1
evt_005383,2026-03-23 21:04:00,user_000980,sess_000212,page_104,tecnologia,tablet,referência,0,1,147.5,43.1,0
evt_005384,2026-03-04 15:09:00,user_000576,sess_000483,page_026,notícias,tablet,referência,0,1,97.1,57.0,1
evt_005385,2026-04-22 13:03:00,user_000035,sess_001069,page_028,notícias,computador,direto,0,1,48.4,4.5,1
evt_005386,2026-03-15 02:36:00,user_002015,sess_001086,page_084,tecnologia,celular,newsletter,0,1,76.4,84.1,0
evt_005387,2026-04-29 05:12:00,user_000106,sess_001711,page_037,estilo de vida,computador,orgânico,1,1,121.1,92.0,0
evt_005388,2026-03-30 18:15:00,user_000315,sess_000331,page_027,estilo de vida,computador,redes sociais,0,1,47.4,52.6,1
evt_005389,2026-04-22 11:47:00,user_002378,sess_001499,page_043,entretenimento,celular,orgânico,0,1,70.4,86.7,1
evt_005390,2026-03-11 17:56:00,user_001748,sess_000012,page_073,estilo de vida,computador,orgânico,0,1,27.0,47.6,0
evt_005391,2026-03-10 22:50:00,user_001469,sess_000582,page_118,esportes,computador,redes sociais,0,1,108.6,46.5,1
evt_005392,2026-04-18 01:36:00,user_000655,sess_000350,page_138,estilo de vida,celular,redes sociais,1,1,58.7,61.9,1
evt_005393,2026-04-19 04:18:00,user_000450,sess_000248,page_102,notícias,celular,newsletter,1,1,9.7,68.3,1
evt_005394,2026-04-02 14:03:00,user_001400,sess_001169,page_125,estilo de vida,tablet,orgânico,1,1,13.8,40.9,0
evt_005395,2026-03-02 22:17:00,user_001076,sess_001801,page_074,entretenimento,computador,referência,0,1,33.8,64.6,1
evt_005396,2026-04-26 14:57:00,user_001602,sess_001334,page_057,notícias,celular,orgânico,1,1,33.6,63.5,0
evt_005397,2026-03-24 14:21:00,user_000496,sess_001708,page_114,tecnologia,computador,direto,0,1,9.0,12.7,0
evt_005398,2026-04-26 03:49:00,user_000695,sess_001183,page_043,tecnologia,computador,orgânico,0,1,44.1,52.3,0
evt_005399,2026-04-22 05:51:00,user_000339,sess_000108,page_113,notícias,celular,newsletter,0,1,112.5,53.3,0
evt_005400,2026-04-21 02:08:00,user_001274,sess_000692,page_139,tecnologia,celular,direto,1,1,18.3,45.6,1
evt_005401,2026-04-11 07:48:00,user_000829,sess_001647,page_055,tecnologia,celular,orgânico,1,1,52.8,45.7,0
evt_005402,2026-04-10 09:28:00,user_000671,sess_000089,page_089,finanças,celular,newsletter,0,1,64.7,75.5,0
evt_005403,2026-04-01 23:08:00,user_001648,sess_000195,page_109,esportes,computador,orgânico,0,1,99.5,25.9,0
evt_005404,2026-03-02 11:40:00,user_001492,sess_001667,page_109,esportes,tablet,newsletter,0,1,38.5,79.5,0
evt_005405,2026-03-24 06:31:00,user_000630,sess_000127,page_029,estilo de vida,computador,orgânico,1,1,42.1,55.3,0
evt_005406,2026-04-13 19:58:00,user_002097,sess_001918,page_134,esportes,celular,orgânico,0,1,103.4,82.7,1
evt_005407,2026-04-18 17:42:00,user_001031,sess_001517,page_070,esportes,tablet,orgânico,1,1,54.0,45.3,0
evt_005408,2026-04-03 13:46:00,user_001024,sess_001330,page_006,entretenimento,celular,direto,1,1,12.9,77.3,0
evt_005409,2026-04-12 13:45:00,user_001434,sess_001073,page_017,tecnologia,celular,direto,0,1,47.4,68.9,0
evt_005410,2026-03-02 07:18:00,user_000418,sess_000179,page_102,tecnologia,celular,direto,0,1,82.1,22.2,0
evt_005411,2026-03-29 02:30:00,user_001260,sess_000829,page_060,entretenimento,computador,orgânico,0,1,19.3,54.2,0
evt_005412,2026-03-31 11:07:00,user_001747,sess_001615,page_016,notícias,celular,redes sociais,1,1,11.1,100.0,0
evt_005413,2026-04-23 13:10:00,user_000386,sess_001807,page_073,esportes,celular,redes sociais,0,1,28.8,74.9,1
evt_005414,2026-03-19 15:54:00,user_001695,sess_000894,page_084,estilo de vida,computador,orgânico,0,1,59.4,35.9,0
evt_005415,2026-03-14 19:07:00,user_000117,sess_001678,page_012,finanças,computador,redes sociais,0,1,91.8,56.6,1
evt_005416,2026-03-22 03:25:00,user_001810,sess_001553,page_049,notícias,computador,redes sociais,1,1,37.6,74.6,0
evt_005417,2026-03-11 05:21:00,user_000107,sess_000116,page_065,tecnologia,computador,redes sociais,0,1,103.4,64.8,0
evt_005418,2026-04-03 12:07:00,user_000526,sess_001240,page_109,notícias,tablet,direto,0,1,50.8,27.7,0
evt_005419,2026-04-08 13:38:00,user_001051,sess_001232,page_091,estilo de vida,tablet,orgânico,1,1,76.5,22.8,1
evt_005420,2026-04-18 01:36:00,user_001844,sess_001086,page_013,estilo de vida,celular,referência,0,1,98.1,72.2,1
evt_005421,2026-04-28 07:40:00,user_002156,sess_001544,page_086,estilo de vida,computador,referência,0,1,31.5,52.4,0
evt_005422,2026-03-05 09:59:00,user_001407,sess_001779,page_126,esportes,computador,direto,0,1,41.3,79.4,0
evt_005423,2026-03-15 20:02:00,user_000394,sess_001101,page_008,notícias,computador,referência,1,1,71.6,64.8,0
evt_005424,2026-03-19 01:01:00,user_001163,sess_000641,page_138,entretenimento,computador,redes sociais,1,1,38.8,41.6,0
evt_005425,2026-03-15 23:31:00,user_002361,sess_001966,page_014,entretenimento,celular,newsletter,1,1,51.2,57.2,0
evt_005426,2026-04-19 15:17:00,user_000271,sess_001927,page_087,finanças,celular,orgânico,0,1,20.0,57.5,0
evt_005427,2026-03-09 08:52:00,user_002147,sess_001372,page_049,notícias,celular,redes sociais,0,1,76.8,63.8,0
evt_005428,2026-03-02 18:49:00,user_001157,sess_001281,page_102,estilo de vida,computador,referência,1,1,61.3,40.0,0
evt_005429,2026-04-21 15:12:00,user_000012,sess_000209,page_118,esportes,tablet,referência,1,1,48.8,27.6,0
evt_005430,2026-04-27 16:35:00,user_002084,sess_000803,page_119,notícias,computador,redes sociais,0,1,24.0,54.8,0
evt_005431,2026-03-14 14:00:00,user_000081,sess_000397,page_121,notícias,computador,referência,1,1,96.1,40.8,0
evt_005432,2026-03-20 23:18:00,user_001109,sess_001030,page_114,notícias,computador,direto,1,1,23.4,76.9,1
evt_005433,2026-03-31 04:34:00,user_000585,sess_001652,page_044,esportes,computador,orgânico,1,1,119.9,53.2,0
evt_005434,2026-04-01 13:21:00,user_001752,sess_000449,page_065,esportes,celular,referência,0,1,14.4,63.2,1
evt_005435,2026-04-29 10:51:00,user_000169,sess_001993,page_100,tecnologia,celular,redes sociais,0,1,10.9,50.5,0
evt_005436,2026-03-25 05:58:00,user_000274,sess_000259,page_024,finanças,celular,referência,0,1,64.5,69.2,1
evt_005437,2026-03-01 17:28:00,user_001594,sess_000197,page_081,finanças,computador,referência,1,1,18.0,78.1,1
evt_005438,2026-03-26 08:46:00,user_002981,sess_001948,page_074,notícias,tablet,orgânico,0,1,42.0,62.8,0
evt_005439,2026-04-03 09:20:00,user_000119,sess_000201,page_137,entretenimento,celular,referência,1,1,85.9,25.3,1
evt_005440,2026-04-01 00:19:00,user_001382,sess_001470,page_007,notícias,celular,orgânico,1,1,16.8,49.1,1
evt_005441,2026-03-31 17:41:00,user_002408,sess_001527,page_014,esportes,computador,referência,0,1,68.2,98.8,0
evt_005442,2026-04-25 08:34:00,user_000872,sess_000660,page_005,estilo de vida,tablet,direto,1,1,72.5,65.4,0
evt_005443,2026-04-18 10:43:00,user_001479,sess_000129,page_077,tecnologia,celular,direto,0,1,65.8,49.0,0
evt_005444,2026-03-16 02:27:00,user_002516,sess_000617,page_077,tecnologia,celular,newsletter,0,1,26.3,47.8,0
evt_005445,2026-03-22 07:36:00,user_002184,sess_000138,page_083,finanças,computador,redes sociais,0,1,17.5,94.1,0
evt_005446,2026-04-10 01:19:00,user_000880,sess_001344,page_034,esportes,computador,orgânico,0,1,8.8,68.6,1
evt_005447,2026-03-25 14:53:00,user_002252,sess_001777,page_043,esportes,celular,redes sociais,1,1,75.0,32.7,0
evt_005448,2026-03-26 16:53:00,user_002027,sess_001994,page_058,estilo de vida,computador,direto,0,1,46.8,98.0,0
evt_005449,2026-03-11 01:49:00,user_001520,sess_001601,page_007,esportes,celular,orgânico,1,1,100.9,63.6,1
evt_005450,2026-03-16 06:17:00,user_001323,sess_001549,page_105,esportes,celular,orgânico,0,1,21.3,63.2,1
evt_005451,2026-04-14 10:46:00,user_002776,sess_001763,page_008,notícias,celular,redes sociais,0,1,25.2,87.6,0
evt_005452,2026-04-20 13:49:00,user_002622,sess_001539,page_093,entretenimento,computador,referência,1,1,23.8,61.3,0
evt_005453,2026-04-17 01:58:00,user_002970,sess_001301,page_064,notícias,tablet,direto,0,1,40.3,66.5,0
evt_005454,2026-03-19 11:16:00,user_002026,sess_001992,page_139,esportes,computador,referência,0,1,16.8,27.6,0
evt_005455,2026-03-09 04:47:00,user_001078,sess_000645,page_097,entretenimento,celular,redes sociais,0,1,28.5,56.2,0
evt_005456,2026-03-10 13:57:00,user_000329,sess_000826,page_067,tecnologia,celular,newsletter,1,1,46.3,32.7,0
evt_005457,2026-03-24 14:34:00,user_000378,sess_001812,page_098,estilo de vida,computador,direto,0,1,54.9,47.6,1
evt_005458,2026-04-01 01:34:00,user_002853,sess_000622,page_017,estilo de vida,computador,orgânico,0,1,50.2,63.0,0
evt_005459,2026-04-23 13:46:00,user_001090,sess_000598,page_026,notícias,celular,redes sociais,0,1,16.2,13.2,0
evt_005460,2026-04-23 22:18:00,user_000332,sess_000305,page_070,tecnologia,celular,newsletter,0,1,51.6,64.5,0
evt_005461,2026-03-01 03:53:00,user_000670,sess_000551,page_120,esportes,computador,newsletter,0,1,36.5,74.8,0
evt_005462,2026-04-12 10:53:00,user_000063,sess_001187,page_114,entretenimento,computador,redes sociais,0,1,85.6,21.4,0
evt_005463,2026-03-18 22:12:00,user_001593,sess_001772,page_053,esportes,celular,referência,0,1,105.1,44.4,0
evt_005464,2026-03-12 20:50:00,user_001773,sess_000273,page_040,estilo de vida,computador,referência,0,1,101.1,27.7,0
evt_005465,2026-04-03 07:15:00,user_001135,sess_001361,page_135,estilo de vida,computador,orgânico,0,1,38.5,68.4,1
evt_005466,2026-03-03 00:50:00,user_002232,sess_001532,page_079,notícias,celular,redes sociais,1,1,38.1,47.9,0
evt_005467,2026-03-21 01:05:00,user_001441,sess_001791,page_017,esportes,computador,direto,0,1,66.5,80.5,0
evt_005468,2026-04-03 03:12:00,user_002879,sess_001500,page_032,tecnologia,computador,orgânico,1,1,22.5,31.8,0
evt_005469,2026-03-17 07:44:00,user_002289,sess_000312,page_117,notícias,celular,referência,0,1,58.8,61.9,0
evt_005470,2026-04-05 14:29:00,user_000226,sess_000978,page_125,entretenimento,celular,orgânico,0,1,50.0,41.3,1
evt_005471,2026-03-28 14:27:00,user_000822,sess_001904,page_127,esportes,celular,redes sociais,1,1,104.6,58.3,0
evt_005472,2026-04-17 23:08:00,user_002262,sess_001816,page_001,estilo de vida,computador,orgânico,0,1,45.3,51.4,0
evt_005473,2026-03-11 21:23:00,user_001612,sess_001225,page_115,estilo de vida,celular,direto,0,1,56.7,72.1,0
evt_005474,2026-03-04 10:13:00,user_002259,sess_001926,page_016,finanças,computador,orgânico,1,1,89.9,71.8,0
evt_005475,2026-04-01 18:39:00,user_001006,sess_001336,page_113,estilo de vida,celular,redes sociais,1,1,45.7,81.0,0
evt_005476,2026-03-16 09:55:00,user_000115,sess_000130,page_123,tecnologia,computador,orgânico,0,1,27.2,56.1,0
evt_005477,2026-04-12 09:38:00,user_002355,sess_001828,page_051,estilo de vida,computador,orgânico,0,1,67.1,39.7,1
evt_005478,2026-03-06 14:19:00,user_002355,sess_000337,page_027,estilo de vida,celular,referência,0,1,20.0,70.3,1
evt_005479,2026-04-04 12:25:00,user_001918,sess_000762,page_100,estilo de vida,computador,orgânico,0,1,53.8,56.5,1
evt_005480,2026-04-29 09:21:00,user_001213,sess_000476,page_010,finanças,tablet,orgânico,1,1,28.7,60.7,0
evt_005481,2026-03-06 14:04:00,user_000026,sess_001439,page_081,notícias,tablet,orgânico,0,1,11.4,64.8,0
evt_005482,2026-03-19 02:37:00,user_002183,sess_000060,page_047,notícias,computador,redes sociais,1,1,64.1,42.8,1
evt_005483,2026-04-20 15:56:00,user_001980,sess_001281,page_060,estilo de vida,celular,orgânico,0,1,50.7,93.6,1
evt_005484,2026-04-02 00:19:00,user_002003,sess_001728,page_115,entretenimento,celular,redes sociais,0,1,110.7,79.0,1
evt_005485,2026-03-11 11:58:00,user_000511,sess_001575,page_139,notícias,computador,direto,0,1,13.6,65.3,0
evt_005486,2026-03-13 18:54:00,user_002193,sess_000614,page_056,estilo de vida,computador,orgânico,0,1,24.7,63.1,0
evt_005487,2026-04-15 21:19:00,user_002173,sess_001793,page_041,esportes,tablet,orgânico,1,1,98.3,58.8,0
evt_005488,2026-04-21 15:41:00,user_002572,sess_000724,page_116,estilo de vida,computador,orgânico,1,1,106.6,47.6,0
evt_005489,2026-03-22 15:12:00,user_001702,sess_001360,page_058,tecnologia,celular,referência,0,1,73.7,68.1,0
evt_005490,2026-03-29 10:19:00,user_002194,sess_001013,page_028,tecnologia,celular,orgânico,1,1,42.7,49.5,1
evt_005491,2026-04-16 23:10:00,user_001205,sess_000136,page_126,tecnologia,computador,direto,0,1,86.5,90.8,0
evt_005492,2026-03-11 14:46:00,user_002090,sess_000006,page_138,tecnologia,celular,newsletter,0,1,36.4,86.7,1
evt_005493,2026-03-13 09:01:00,user_002082,sess_000367,page_041,notícias,tablet,orgânico,0,1,3.8,62.4,1
evt_005494,2026-04-16 11:10:00,user_002338,sess_001869,page_022,finanças,computador,orgânico,0,1,104.2,84.5,0
evt_005495,2026-03-12 04:47:00,user_002569,sess_001908,page_022,esportes,computador,direto,1,1,34.3,27.9,1
evt_005496,2026-04-16 05:58:00,user_000010,sess_000820,page_084,entretenimento,computador,newsletter,0,1,186.9,61.3,0
evt_005497,2026-03-30 19:43:00,user_002336,sess_001937,page_044,tecnologia,celular,orgânico,0,1,17.9,22.9,0
evt_005498,2026-04-29 09:38:00,user_002377,sess_000099,page_087,notícias,celular,direto,1,1,101.1,60.1,0
evt_005499,2026-03-02 23:25:00,user_001636,sess_001934,page_106,esportes,celular,direto,0,1,54.5,41.9,1
evt_005500,2026-04-26 18:10:00,user_001559,sess_000462,page_001,finanças,celular,redes sociais,1,1,91.8,84.1,0
evt_005501,2026-03-14 12:25:00,user_002168,sess_000074,page_120,entretenimento,tablet,direto,0,1,26.8,59.6,0
evt_005502,2026-03-03 02:30:00,user_001366,sess_001515,page_005,notícias,computador,redes sociais,0,1,167.7,50.5,1
evt_005503,2026-04-13 10:34:00,user_001242,sess_000765,page_016,estilo de vida,celular,newsletter,0,1,145.8,50.9,1
evt_005504,2026-04-01 22:50:00,user_002410,sess_000585,page_101,esportes,computador,redes sociais,0,1,35.1,14.1,0
evt_005505,2026-04-20 05:49:00,user_002367,sess_001519,page_087,estilo de vida,computador,redes sociais,1,1,38.0,75.7,1
evt_005506,2026-03-07 12:01:00,user_000621,sess_000666,page_137,estilo de vida,computador,direto,0,1,56.5,85.6,0
evt_005507,2026-03-05 20:19:00,user_002487,sess_001506,page_079,esportes,computador,orgânico,0,1,23.0,73.6,1
evt_005508,2026-04-04 00:50:00,user_000980,sess_000391,page_058,tecnologia,celular,redes sociais,1,1,26.2,48.1,0
evt_005509,2026-04-22 22:11:00,user_000412,sess_000172,page_093,notícias,celular,orgânico,1,1,94.4,40.6,1
evt_005510,2026-03-25 08:17:00,user_002635,sess_000650,page_106,tecnologia,celular,direto,0,1,3.9,24.5,0
evt_005511,2026-04-17 20:25:00,user_000714,sess_001219,page_094,notícias,computador,redes sociais,0,1,23.7,50.3,1
evt_005512,2026-04-24 08:56:00,user_000609,sess_000450,page_052,estilo de vida,computador,referência,1,1,128.0,11.8,0
evt_005513,2026-04-22 04:20:00,user_000810,sess_000286,page_134,esportes,tablet,direto,0,1,115.5,15.3,0
evt_005514,2026-03-31 12:28:00,user_001475,sess_001498,page_042,estilo de vida,celular,redes sociais,1,1,43.7,77.3,0
evt_005515,2026-04-11 21:44:00,user_000499,sess_000986,page_049,esportes,celular,direto,0,1,9.6,90.0,1
evt_005516,2026-04-01 12:57:00,user_000479,sess_000863,page_039,estilo de vida,computador,orgânico,0,1,110.0,45.6,0
evt_005517,2026-04-10 10:46:00,user_001178,sess_000480,page_042,notícias,computador,orgânico,0,1,31.9,67.4,0
evt_005518,2026-04-04 00:36:00,user_000654,sess_000036,page_030,esportes,tablet,orgânico,0,1,82.4,48.1,0
evt_005519,2026-04-01 12:08:00,user_000579,sess_000107,page_081,tecnologia,computador,orgânico,0,1,67.8,81.6,0
evt_005520,2026-03-27 05:00:00,user_002736,sess_001363,page_102,finanças,computador,referência,0,1,82.3,70.5,0
evt_005521,2026-04-09 04:00:00,user_001787,sess_000160,page_060,finanças,celular,newsletter,1,1,74.0,78.3,0
evt_005522,2026-04-15 01:34:00,user_000042,sess_000494,page_129,estilo de vida,tablet,redes sociais,1,1,77.4,21.7,1
evt_005523,2026-04-25 03:31:00,user_000305,sess_001821,page_066,finanças,computador,orgânico,0,1,55.7,64.1,0
evt_005524,2026-04-06 19:02:00,user_002442,sess_000688,page_065,tecnologia,celular,orgânico,0,1,76.8,47.5,1
evt_005525,2026-03-07 00:45:00,user_000810,sess_001489,page_010,finanças,computador,orgânico,0,1,68.5,93.4,0
evt_005526,2026-04-05 05:58:00,user_000458,sess_000687,page_126,entretenimento,celular,referência,0,1,40.0,47.1,1
evt_005527,2026-03-19 22:42:00,user_001996,sess_001863,page_021,entretenimento,computador,redes sociais,1,1,3.0,53.0,0
evt_005528,2026-03-02 14:36:00,user_002514,sess_001643,page_023,finanças,celular,referência,0,1,22.2,28.8,1
evt_005529,2026-03-05 08:20:00,user_001196,sess_000940,page_131,esportes,celular,orgânico,0,1,8.8,61.1,0
evt_005530,2026-04-05 11:28:00,user_002228,sess_001369,page_073,estilo de vida,tablet,redes sociais,1,1,69.2,60.1,0
evt_005531,2026-04-26 16:31:00,user_001264,sess_000827,page_010,tecnologia,celular,direto,0,1,29.5,52.2,1
evt_005532,2026-03-31 08:01:00,user_000327,sess_001888,page_062,notícias,celular,orgânico,0,1,16.3,83.5,0
evt_005533,2026-03-27 17:10:00,user_002393,sess_000717,page_083,esportes,celular,direto,0,1,31.7,58.4,1
evt_005534,2026-03-06 07:40:00,user_002756,sess_001673,page_002,notícias,celular,direto,1,1,33.1,45.4,0
evt_005535,2026-04-10 12:29:00,user_002953,sess_001232,page_105,tecnologia,computador,orgânico,1,1,41.5,42.0,0
evt_005536,2026-03-04 07:52:00,user_000301,sess_001287,page_093,tecnologia,celular,orgânico,1,1,58.2,73.0,0
evt_005537,2026-04-20 11:12:00,user_001695,sess_000703,page_002,notícias,computador,redes sociais,0,1,50.0,25.6,1
evt_005538,2026-04-18 23:37:00,user_001870,sess_001665,page_086,finanças,celular,newsletter,0,1,61.7,52.7,0
evt_005539,2026-04-29 11:02:00,user_000238,sess_001492,page_031,tecnologia,celular,newsletter,1,1,67.9,55.5,0
evt_005540,2026-03-18 01:21:00,user_002854,sess_001630,page_103,entretenimento,celular,orgânico,0,1,4.9,49.8,0
evt_005541,2026-03-10 16:58:00,user_000309,sess_001602,page_053,notícias,celular,direto,0,1,147.9,56.5,1
evt_005542,2026-03-18 23:19:00,user_000806,sess_000316,page_029,esportes,celular,direto,0,1,59.5,80.6,1
evt_005543,2026-04-17 23:17:00,user_002905,sess_001751,page_071,esportes,celular,referência,0,1,150.6,52.6,0
evt_005544,2026-03-14 03:06:00,user_001668,sess_001683,page_062,estilo de vida,celular,orgânico,1,1,25.3,38.1,1
evt_005545,2026-04-23 05:53:00,user_002038,sess_000486,page_048,notícias,celular,newsletter,0,1,253.3,88.8,1
evt_005546,2026-03-10 06:01:00,user_001481,sess_001963,page_123,notícias,celular,referência,0,1,26.5,52.5,0
evt_005547,2026-03-03 22:22:00,user_002257,sess_001054,page_091,tecnologia,celular,redes sociais,0,1,20.1,66.5,1
evt_005548,2026-03-14 03:52:00,user_000245,sess_000644,page_068,estilo de vida,celular,orgânico,0,1,26.6,87.6,0
evt_005549,2026-04-15 05:53:00,user_002027,sess_000447,page_032,notícias,computador,orgânico,1,1,25.5,43.6,1
evt_005550,2026-04-06 03:16:00,user_000200,sess_000730,page_080,esportes,computador,orgânico,0,1,23.9,93.7,0
evt_005551,2026-03-22 06:48:00,user_000539,sess_000076,page_004,notícias,celular,referência,0,1,32.0,93.7,1
evt_005552,2026-04-09 08:41:00,user_001519,sess_001381,page_123,esportes,tablet,direto,1,1,51.0,43.4,0
evt_005553,2026-04-08 21:58:00,user_001345,sess_001415,page_001,finanças,computador,newsletter,0,1,23.8,54.5,0
evt_005554,2026-04-03 06:47:00,user_000458,sess_001335,page_098,notícias,tablet,redes sociais,0,1,51.2,72.7,1
evt_005555,2026-03-31 20:13:00,user_002394,sess_001098,page_049,notícias,computador,referência,0,1,35.4,87.0,0
evt_005556,2026-03-07 02:09:00,user_000906,sess_000726,page_100,entretenimento,tablet,referência,1,1,10.5,74.6,0
evt_005557,2026-03-16 14:01:00,user_002599,sess_001448,page_051,entretenimento,tablet,orgânico,0,1,47.6,57.2,1
evt_005558,2026-04-01 15:53:00,user_000045,sess_001742,page_004,notícias,celular,orgânico,1,1,6.4,68.7,1
evt_005559,2026-03-09 02:43:00,user_000712,sess_000176,page_132,estilo de vida,tablet,direto,0,1,22.6,72.3,1
evt_005560,2026-03-29 13:12:00,user_000891,sess_000766,page_107,notícias,celular,direto,1,1,26.3,64.3,1
evt_005561,2026-03-08 00:24:00,user_001788,sess_001991,page_007,tecnologia,computador,orgânico,0,1,68.7,49.0,0
evt_005562,2026-04-17 05:36:00,user_001203,sess_001724,page_005,entretenimento,celular,direto,1,1,108.5,74.4,1
evt_005563,2026-03-07 04:47:00,user_000472,sess_001988,page_074,estilo de vida,computador,orgânico,0,1,18.1,52.8,0
evt_005564,2026-03-06 13:15:00,user_001713,sess_000367,page_133,estilo de vida,computador,redes sociais,0,1,5.8,20.2,0
evt_005565,2026-04-08 06:25:00,user_002874,sess_000930,page_081,esportes,computador,newsletter,0,1,35.8,30.7,0
evt_005566,2026-03-14 05:33:00,user_000401,sess_000261,page_002,esportes,celular,orgânico,1,1,36.6,84.0,0
evt_005567,2026-03-22 02:01:00,user_000757,sess_001732,page_098,finanças,celular,orgânico,0,1,77.1,44.7,1
evt_005568,2026-03-19 20:32:00,user_001435,sess_001038,page_060,notícias,celular,direto,1,1,166.4,60.2,0
evt_005569,2026-03-13 23:57:00,user_002180,sess_000487,page_089,estilo de vida,celular,direto,0,1,48.9,83.6,1
evt_005570,2026-04-15 16:57:00,user_000410,sess_000181,page_049,finanças,celular,orgânico,0,1,160.5,69.6,1
evt_005571,2026-04-11 12:18:00,user_000694,sess_001475,page_002,notícias,celular,redes sociais,0,1,31.8,100.0,0
evt_005572,2026-03-15 07:50:00,user_000706,sess_001623,page_003,estilo de vida,tablet,redes sociais,0,1,82.1,56.1,0
evt_005573,2026-04-11 05:03:00,user_001848,sess_001758,page_088,tecnologia,computador,referência,1,1,34.6,41.6,0
evt_005574,2026-04-12 19:23:00,user_000248,sess_001942,page_089,estilo de vida,celular,direto,0,1,109.4,29.2,0
evt_005575,2026-04-02 08:24:00,user_001978,sess_001629,page_045,finanças,computador,orgânico,0,1,18.1,29.0,0
evt_005576,2026-04-04 16:52:00,user_001276,sess_001572,page_012,tecnologia,computador,orgânico,1,1,65.3,88.9,0
evt_005577,2026-04-26 02:20:00,user_000985,sess_001623,page_108,notícias,computador,orgânico,0,1,84.0,35.8,1
evt_005578,2026-03-28 05:35:00,user_002586,sess_001997,page_022,estilo de vida,computador,orgânico,0,1,26.6,25.8,0
evt_005579,2026-03-24 02:59:00,user_002456,sess_000926,page_027,finanças,tablet,orgânico,0,1,69.4,58.9,1
evt_005580,2026-04-02 08:09:00,user_002409,sess_001517,page_063,notícias,celular,referência,0,1,15.9,46.4,0
evt_005581,2026-04-20 03:38:00,user_002656,sess_001640,page_100,entretenimento,tablet,referência,0,1,131.9,44.7,0
evt_005582,2026-04-12 13:48:00,user_000702,sess_000233,page_139,finanças,celular,orgânico,1,1,49.6,91.9,0
evt_005583,2026-03-05 12:12:00,user_002565,sess_001381,page_087,esportes,celular,referência,0,1,41.1,62.5,0
evt_005584,2026-03-28 13:21:00,user_000528,sess_000678,page_134,notícias,computador,redes sociais,0,1,85.9,75.5,0
evt_005585,2026-04-14 09:21:00,user_000993,sess_000265,page_091,entretenimento,tablet,direto,0,1,68.1,100.0,0
evt_005586,2026-03-14 10:26:00,user_001667,sess_000341,page_118,tecnologia,computador,referência,0,1,38.9,42.2,0
evt_005587,2026-04-29 07:21:00,user_002233,sess_000229,page_025,notícias,celular,orgânico,0,1,104.3,62.7,1
evt_005588,2026-04-18 11:40:00,user_001733,sess_001795,page_008,estilo de vida,tablet,direto,0,1,15.6,30.2,1
evt_005589,2026-04-20 19:06:00,user_001678,sess_001544,page_094,notícias,celular,orgânico,0,1,71.9,88.8,1
evt_005590,2026-03-05 21:41:00,user_001130,sess_000205,page_136,tecnologia,celular,referência,0,1,10.0,53.9,1
evt_005591,2026-04-04 18:43:00,user_001778,sess_001251,page_103,finanças,computador,orgânico,1,1,20.0,4.4,0
evt_005592,2026-04-01 16:00:00,user_001425,sess_001321,page_048,notícias,celular,direto,1,1,72.3,31.4,0
evt_005593,2026-04-07 14:32:00,user_001432,sess_001039,page_069,estilo de vida,computador,orgânico,1,1,23.9,87.8,1
evt_005594,2026-04-21 00:22:00,user_001757,sess_001212,page_016,entretenimento,computador,orgânico,1,1,87.2,21.5,0
evt_005595,2026-03-22 04:44:00,user_001801,sess_001814,page_048,esportes,computador,orgânico,1,1,106.7,56.0,0
evt_005596,2026-04-02 00:55:00,user_000990,sess_001038,page_095,notícias,celular,direto,0,1,46.9,67.9,1
evt_005597,2026-04-10 18:27:00,user_000407,sess_001319,page_024,entretenimento,tablet,orgânico,1,1,116.0,69.3,1
evt_005598,2026-04-15 04:35:00,user_000899,sess_001142,page_067,notícias,celular,orgânico,0,1,35.4,100.0,0
evt_005599,2026-04-16 05:22:00,user_001227,sess_000792,page_041,finanças,celular,orgânico,0,1,106.2,64.4,0
evt_005600,2026-03-21 05:11:00,user_000483,sess_001781,page_069,estilo de vida,celular,orgânico,0,1,59.2,38.7,0
evt_005601,2026-04-29 21:26:00,user_000533,sess_000828,page_107,esportes,computador,orgânico,1,1,67.4,40.5,0
evt_005602,2026-03-01 13:51:00,user_002853,sess_001600,page_123,notícias,celular,redes sociais,1,1,46.3,81.3,0
evt_005603,2026-03-30 13:08:00,user_000841,sess_001210,page_057,notícias,computador,redes sociais,0,1,57.0,8.9,1
evt_005604,2026-04-06 12:37:00,user_002217,sess_001370,page_115,notícias,celular,newsletter,0,1,31.4,62.7,0
evt_005605,2026-03-04 16:16:00,user_000384,sess_001520,page_098,finanças,tablet,redes sociais,1,1,168.2,98.9,1
evt_005606,2026-03-28 01:40:00,user_002916,sess_001472,page_129,tecnologia,computador,orgânico,0,1,47.5,59.8,0
evt_005607,2026-04-05 18:02:00,user_000638,sess_001129,page_103,notícias,computador,referência,1,1,3.6,84.3,1
evt_005608,2026-04-06 10:57:00,user_001182,sess_001231,page_077,tecnologia,computador,orgânico,0,1,27.4,15.2,0
evt_005609,2026-03-08 03:23:00,user_002346,sess_001018,page_094,finanças,celular,referência,0,1,71.4,91.5,0
evt_005610,2026-03-17 15:36:00,user_000605,sess_000678,page_045,notícias,computador,redes sociais,0,1,52.0,62.1,0
evt_005611,2026-03-15 16:27:00,user_001649,sess_001454,page_094,finanças,celular,orgânico,0,1,73.1,55.2,1
evt_005612,2026-04-08 09:29:00,user_002356,sess_001757,page_099,esportes,computador,newsletter,0,1,84.8,47.5,0
evt_005613,2026-03-20 17:26:00,user_000071,sess_001410,page_085,estilo de vida,celular,redes sociais,0,1,219.7,92.9,0
evt_005614,2026-04-04 06:53:00,user_000077,sess_001544,page_015,esportes,celular,referência,0,1,77.7,41.3,0
evt_005615,2026-04-13 20:40:00,user_002365,sess_001660,page_073,estilo de vida,computador,redes sociais,0,1,67.1,42.4,1
evt_005616,2026-04-17 20:04:00,user_000788,sess_000735,page_099,entretenimento,celular,redes sociais,0,1,73.7,90.3,0
evt_005617,2026-03-12 00:41:00,user_002728,sess_000126,page_028,esportes,computador,orgânico,0,1,115.6,64.0,0
evt_005618,2026-04-24 05:05:00,user_002782,sess_000675,page_110,entretenimento,computador,orgânico,1,1,61.7,67.9,0
evt_005619,2026-03-10 22:41:00,user_002641,sess_001510,page_118,notícias,celular,direto,1,1,58.1,37.4,0
evt_005620,2026-03-02 07:30:00,user_002990,sess_001631,page_075,notícias,computador,orgânico,0,1,70.1,37.1,1
evt_005621,2026-03-03 16:44:00,user_002469,sess_001028,page_135,notícias,tablet,redes sociais,0,1,30.9,93.2,0
evt_005622,2026-03-13 01:29:00,user_001151,sess_001557,page_120,tecnologia,celular,orgânico,0,1,102.2,64.7,0
evt_005623,2026-04-22 09:27:00,user_002976,sess_000150,page_065,estilo de vida,celular,redes sociais,0,1,55.9,57.4,1
evt_005624,2026-03-13 11:21:00,user_001038,sess_001288,page_123,entretenimento,computador,orgânico,1,1,65.5,51.3,0
evt_005625,2026-04-11 14:38:00,user_001759,sess_001358,page_130,tecnologia,celular,orgânico,1,1,11.1,54.8,0
evt_005626,2026-03-26 02:37:00,user_000018,sess_001016,page_016,finanças,celular,redes sociais,0,1,17.1,50.1,0
evt_005627,2026-03-03 09:31:00,user_002887,sess_001433,page_139,entretenimento,computador,direto,0,1,114.4,65.7,1
evt_005628,2026-03-27 15:33:00,user_001775,sess_000983,page_001,entretenimento,celular,newsletter,0,1,11.9,44.5,0
evt_005629,2026-03-02 16:44:00,user_002846,sess_001047,page_068,tecnologia,celular,orgânico,1,1,63.2,49.4,1
evt_005630,2026-03-29 13:41:00,user_001059,sess_001208,page_131,estilo de vida,tablet,redes sociais,1,1,53.1,67.1,0
evt_005631,2026-04-03 12:29:00,user_000940,sess_001587,page_101,tecnologia,tablet,orgânico,0,1,29.5,86.1,1
evt_005632,2026-04-01 06:45:00,user_001567,sess_000498,page_038,notícias,computador,redes sociais,1,1,56.0,82.4,0
evt_005633,2026-03-17 22:50:00,user_002590,sess_000601,page_090,entretenimento,celular,orgânico,0,1,26.6,44.7,0
evt_005634,2026-04-15 23:51:00,user_001647,sess_000838,page_030,entretenimento,tablet,orgânico,0,1,35.7,53.5,0
evt_005635,2026-04-05 19:17:00,user_002377,sess_000404,page_033,estilo de vida,celular,redes sociais,0,1,46.3,23.8,0
evt_005636,2026-03-16 06:53:00,user_000644,sess_000669,page_127,notícias,computador,orgânico,0,1,179.4,70.2,0
evt_005637,2026-03-27 01:49:00,user_002327,sess_000702,page_007,notícias,computador,orgânico,1,1,39.9,72.4,0
evt_005638,2026-03-07 12:14:00,user_002197,sess_000629,page_134,entretenimento,computador,referência,0,1,88.3,57.8,1
evt_005639,2026-04-25 09:34:00,user_002688,sess_000820,page_064,entretenimento,computador,referência,0,1,243.0,83.0,1
evt_005640,2026-04-15 04:23:00,user_000173,sess_001010,page_010,tecnologia,tablet,redes sociais,0,1,117.1,45.6,0
evt_005641,2026-03-18 06:26:00,user_001153,sess_001392,page_110,entretenimento,tablet,orgânico,1,1,14.0,59.4,1
evt_005642,2026-04-10 11:52:00,user_000267,sess_000606,page_007,finanças,tablet,orgânico,1,1,23.5,42.2,0
evt_005643,2026-04-10 17:58:00,user_001200,sess_001691,page_046,entretenimento,computador,orgânico,0,1,115.7,54.7,0
evt_005644,2026-04-06 13:56:00,user_002276,sess_000959,page_034,notícias,celular,direto,1,1,5.3,47.9,0
evt_005645,2026-03-04 05:50:00,user_001920,sess_001442,page_110,notícias,celular,referência,1,1,12.3,69.5,0
evt_005646,2026-04-22 17:04:00,user_002259,sess_000230,page_056,finanças,celular,orgânico,1,1,115.2,57.9,1
evt_005647,2026-04-27 08:26:00,user_002213,sess_000348,page_092,esportes,celular,redes sociais,0,1,73.7,81.3,0
evt_005648,2026-04-28 10:45:00,user_002976,sess_000907,page_011,finanças,tablet,orgânico,0,1,4.7,31.5,0
evt_005649,2026-04-28 20:17:00,user_002639,sess_000733,page_097,tecnologia,celular,direto,1,1,30.7,68.8,0
evt_005650,2026-04-25 17:30:00,user_001759,sess_000992,page_099,notícias,celular,orgânico,0,1,53.1,2.3,1
evt_005651,2026-04-14 08:16:00,user_002627,sess_000317,page_040,tecnologia,computador,direto,0,1,37.4,55.2,0
evt_005652,2026-03-04 09:54:00,user_000144,sess_000947,page_123,notícias,computador,direto,0,1,82.7,81.2,0
evt_005653,2026-03-28 21:54:00,user_002164,sess_001373,page_066,tecnologia,celular,orgânico,1,1,113.9,55.3,1
evt_005654,2026-03-15 17:00:00,user_001566,sess_001457,page_093,notícias,celular,referência,0,1,39.7,81.9,0
evt_005655,2026-03-14 04:47:00,user_002870,sess_000497,page_026,tecnologia,celular,referência,1,1,18.7,37.6,1
evt_005656,2026-04-19 20:05:00,user_001511,sess_000689,page_130,estilo de vida,computador,redes sociais,1,1,26.3,61.1,0
evt_005657,2026-04-18 18:01:00,user_000536,sess_001051,page_035,esportes,computador,orgânico,0,1,69.6,41.1,0
evt_005658,2026-04-01 07:46:00,user_002172,sess_001036,page_088,esportes,celular,orgânico,0,1,108.3,87.1,0
evt_005659,2026-04-14 04:20:00,user_002851,sess_001583,page_013,notícias,celular,orgânico,0,1,49.2,40.5,1
evt_005660,2026-03-08 18:17:00,user_000049,sess_000781,page_007,esportes,celular,redes sociais,1,1,130.5,37.9,1
evt_005661,2026-03-14 07:36:00,user_000193,sess_001342,page_018,notícias,celular,orgânico,1,1,53.0,82.8,0
evt_005662,2026-04-21 15:05:00,user_001984,sess_001767,page_132,notícias,celular,referência,1,1,13.9,32.4,0
evt_005663,2026-03-28 01:45:00,user_001667,sess_000597,page_030,tecnologia,celular,redes sociais,0,1,61.2,40.9,0
evt_005664,2026-04-02 19:08:00,user_001646,sess_001646,page_123,notícias,computador,redes sociais,0,1,175.6,68.5,0
evt_005665,2026-03-28 18:25:00,user_000271,sess_000666,page_081,esportes,celular,newsletter,0,1,66.7,62.0,0
evt_005666,2026-03-13 03:06:00,user_001716,sess_000669,page_013,esportes,celular,redes sociais,0,1,87.5,43.4,1
evt_005667,2026-04-19 14:01:00,user_001704,sess_001307,page_062,finanças,celular,orgânico,0,1,12.2,63.2,1
evt_005668,2026-04-15 11:57:00,user_002547,sess_001243,page_067,finanças,celular,newsletter,1,1,62.7,100.0,1
evt_005669,2026-04-11 00:44:00,user_001170,sess_001099,page_038,estilo de vida,computador,redes sociais,1,1,37.2,37.2,0
evt_005670,2026-03-22 04:35:00,user_001044,sess_000463,page_084,estilo de vida,computador,redes sociais,1,1,72.0,57.5,1
evt_005671,2026-04-08 14:09:00,user_000245,sess_000193,page_120,finanças,celular,orgânico,0,1,19.8,59.6,1
evt_005672,2026-04-27 04:41:00,user_001701,sess_001817,page_123,esportes,celular,direto,0,1,156.0,77.5,0
evt_005673,2026-04-08 23:45:00,user_001944,sess_001748,page_073,esportes,computador,direto,1,1,68.6,32.8,1
evt_005674,2026-03-30 15:45:00,user_000842,sess_001773,page_125,tecnologia,celular,direto,1,1,70.5,43.9,1
evt_005675,2026-03-17 05:28:00,user_002193,sess_001025,page_129,esportes,computador,orgânico,0,1,123.6,50.8,0
evt_005676,2026-04-01 08:50:00,user_002814,sess_001769,page_013,tecnologia,celular,newsletter,1,1,68.0,43.7,0
evt_005677,2026-03-23 07:15:00,user_000523,sess_000947,page_089,estilo de vida,celular,redes sociais,1,1,14.0,66.0,0
evt_005678,2026-04-06 16:13:00,user_001718,sess_000151,page_108,estilo de vida,celular,referência,0,1,8.3,71.4,1
evt_005679,2026-03-03 17:45:00,user_002083,sess_000397,page_003,finanças,computador,orgânico,0,1,212.7,73.8,0
evt_005680,2026-03-12 09:50:00,user_000056,sess_000545,page_084,entretenimento,computador,redes sociais,1,1,68.0,22.0,0
evt_005681,2026-04-17 05:11:00,user_000537,sess_000754,page_127,finanças,computador,newsletter,0,1,47.3,58.7,0
evt_005682,2026-03-23 20:14:00,user_001187,sess_001878,page_038,finanças,computador,direto,0,1,43.4,60.4,0
evt_005683,2026-03-26 23:31:00,user_000413,sess_000666,page_120,entretenimento,computador,orgânico,1,1,30.5,34.5,1
evt_005684,2026-04-02 15:12:00,user_001067,sess_001225,page_130,estilo de vida,celular,direto,1,1,73.0,39.7,0
evt_005685,2026-03-27 07:03:00,user_000442,sess_000542,page_089,finanças,celular,orgânico,1,1,55.8,100.0,1
evt_005686,2026-04-15 12:26:00,user_002689,sess_001286,page_088,esportes,computador,orgânico,1,1,46.8,73.5,1
evt_005687,2026-03-15 17:18:00,user_001797,sess_001135,page_075,esportes,celular,orgânico,0,1,24.1,33.1,1
evt_005688,2026-04-15 12:08:00,user_000988,sess_000301,page_057,tecnologia,computador,orgânico,0,1,57.2,70.4,0
evt_005689,2026-03-13 13:34:00,user_002336,sess_000925,page_063,esportes,tablet,orgânico,0,1,47.1,69.0,0
evt_005690,2026-03-23 05:39:00,user_000056,sess_000211,page_073,notícias,celular,redes sociais,0,1,77.9,41.7,0
evt_005691,2026-04-05 06:27:00,user_001791,sess_001778,page_068,notícias,celular,direto,1,1,36.9,67.2,1
evt_005692,2026-04-23 03:48:00,user_002050,sess_001408,page_115,entretenimento,computador,orgânico,1,1,29.2,48.1,0
evt_005693,2026-03-14 22:52:00,user_002428,sess_001882,page_107,estilo de vida,celular,redes sociais,1,1,30.4,21.0,1
evt_005694,2026-04-05 05:50:00,user_000667,sess_001751,page_049,finanças,celular,redes sociais,1,1,22.2,56.4,1
evt_005695,2026-03-04 20:27:00,user_001774,sess_000439,page_072,entretenimento,tablet,newsletter,0,1,12.4,35.8,0
evt_005696,2026-03-05 12:36:00,user_002303,sess_001414,page_030,esportes,computador,referência,0,1,41.4,45.2,1
evt_005697,2026-04-16 01:12:00,user_002392,sess_000201,page_025,tecnologia,celular,newsletter,0,1,16.7,67.7,1
evt_005698,2026-04-13 03:18:00,user_000527,sess_001921,page_052,tecnologia,celular,referência,0,1,121.6,67.7,1
evt_005699,2026-03-23 14:06:00,user_002929,sess_001570,page_009,finanças,celular,direto,1,1,81.0,73.2,0
evt_005700,2026-04-07 09:05:00,user_000822,sess_001361,page_119,tecnologia,celular,orgânico,1,1,30.6,63.8,1
evt_005701,2026-03-23 19:32:00,user_001173,sess_001989,page_018,entretenimento,tablet,referência,1,1,65.8,36.4,0
evt_005702,2026-03-17 15:14:00,user_000576,sess_001693,page_046,notícias,computador,direto,0,1,82.5,41.9,0
evt_005703,2026-03-26 21:05:00,user_000450,sess_001727,page_035,notícias,computador,orgânico,0,1,38.2,81.0,0
evt_005704,2026-03-19 17:04:00,user_000767,sess_000201,page_029,tecnologia,tablet,orgânico,0,1,29.3,93.4,0
evt_005705,2026-04-18 21:39:00,user_000407,sess_000048,page_052,finanças,computador,redes sociais,1,1,4.6,65.7,0
evt_005706,2026-03-25 16:48:00,user_002198,sess_001922,page_100,estilo de vida,celular,orgânico,0,1,92.4,63.9,1
evt_005707,2026-03-20 06:00:00,user_001792,sess_000503,page_125,esportes,computador,newsletter,0,1,30.1,100.0,0
evt_005708,2026-04-02 04:03:00,user_001170,sess_000853,page_027,tecnologia,computador,orgânico,0,1,146.1,49.4,0
evt_005709,2026-04-15 11:34:00,user_001641,sess_000087,page_034,tecnologia,computador,orgânico,0,1,89.1,61.2,0
evt_005710,2026-03-17 10:04:00,user_001813,sess_001246,page_066,entretenimento,celular,orgânico,1,1,50.3,44.7,0
evt_005711,2026-04-26 08:56:00,user_000553,sess_001641,page_045,finanças,computador,redes sociais,0,1,57.8,23.5,0
evt_005712,2026-03-28 19:29:00,user_000891,sess_001683,page_112,entretenimento,computador,direto,1,1,30.7,46.1,0
evt_005713,2026-04-09 15:39:00,user_002646,sess_001163,page_031,finanças,computador,redes sociais,0,1,55.6,73.4,1
evt_005714,2026-04-27 10:25:00,user_000037,sess_001322,page_056,estilo de vida,computador,orgânico,0,1,53.7,26.3,0
evt_005715,2026-03-26 21:37:00,user_002870,sess_001027,page_076,estilo de vida,computador,newsletter,0,1,17.2,67.9,0
evt_005716,2026-03-12 23:44:00,user_002892,sess_000892,page_054,finanças,tablet,orgânico,1,1,23.2,40.0,0
evt_005717,2026-04-14 20:49:00,user_000760,sess_001109,page_086,estilo de vida,celular,orgânico,1,1,40.4,45.5,1
evt_005718,2026-03-01 09:32:00,user_000962,sess_001871,page_112,esportes,computador,orgânico,0,1,143.3,54.0,0
evt_005719,2026-03-28 11:22:00,user_000621,sess_000505,page_074,esportes,computador,redes sociais,1,1,14.6,39.4,0
evt_005720,2026-04-28 19:11:00,user_001682,sess_000940,page_064,tecnologia,computador,redes sociais,0,1,9.8,58.5,0
evt_005721,2026-03-25 20:46:00,user_000642,sess_001203,page_133,notícias,computador,redes sociais,0,1,21.0,55.6,0
evt_005722,2026-04-11 01:05:00,user_002372,sess_001140,page_137,tecnologia,computador,orgânico,1,1,122.1,59.3,0
evt_005723,2026-04-01 12:24:00,user_001162,sess_000062,page_139,esportes,tablet,referência,1,1,9.2,87.4,1
evt_005724,2026-03-13 21:08:00,user_002902,sess_000575,page_003,esportes,computador,orgânico,0,1,53.4,41.5,0
evt_005725,2026-03-20 01:31:00,user_002559,sess_001292,page_117,estilo de vida,computador,orgânico,0,1,14.9,67.4,0
evt_005726,2026-04-01 09:53:00,user_001204,sess_001388,page_125,notícias,celular,direto,1,1,49.1,43.0,1
evt_005727,2026-03-07 06:07:00,user_001788,sess_001469,page_112,entretenimento,computador,redes sociais,0,1,111.4,58.2,1
evt_005728,2026-03-25 21:26:00,user_000074,sess_001982,page_105,entretenimento,celular,newsletter,1,1,44.9,77.2,0
evt_005729,2026-03-25 21:23:00,user_000203,sess_001346,page_051,finanças,celular,redes sociais,0,1,91.1,85.8,0
evt_005730,2026-04-20 02:16:00,user_001518,sess_001159,page_101,finanças,computador,orgânico,1,1,35.6,56.7,1
evt_005731,2026-03-08 10:21:00,user_001419,sess_000664,page_081,notícias,celular,newsletter,0,1,14.6,76.2,0
evt_005732,2026-04-20 13:28:00,user_001195,sess_000741,page_116,tecnologia,computador,redes sociais,0,1,125.5,63.7,0
evt_005733,2026-03-25 15:02:00,user_000271,sess_001652,page_049,notícias,computador,direto,0,1,70.8,60.4,0
evt_005734,2026-04-09 01:56:00,user_002519,sess_000937,page_104,entretenimento,celular,orgânico,1,1,66.0,63.5,0
evt_005735,2026-04-03 09:59:00,user_001219,sess_001431,page_110,entretenimento,celular,orgânico,0,1,44.6,57.5,0
evt_005736,2026-03-18 23:41:00,user_001410,sess_000249,page_116,notícias,computador,newsletter,0,1,90.4,40.6,0
evt_005737,2026-04-25 20:13:00,user_001211,sess_000257,page_024,estilo de vida,computador,newsletter,0,1,48.4,55.2,0
evt_005738,2026-03-14 11:13:00,user_001492,sess_000431,page_121,finanças,celular,newsletter,1,1,12.5,94.6,0
evt_005739,2026-03-03 04:09:00,user_001945,sess_000391,page_031,estilo de vida,celular,referência,0,1,43.4,45.6,1
evt_005740,2026-04-15 00:10:00,user_002292,sess_001214,page_131,notícias,celular,redes sociais,1,1,82.7,100.0,1
evt_005741,2026-04-07 06:54:00,user_001648,sess_001274,page_006,tecnologia,celular,redes sociais,0,1,69.0,43.0,0
evt_005742,2026-04-23 10:22:00,user_000498,sess_001116,page_032,notícias,celular,orgânico,0,1,11.7,75.5,1
evt_005743,2026-03-28 11:08:00,user_002624,sess_000579,page_085,entretenimento,celular,direto,0,1,10.4,28.8,0
evt_005744,2026-03-02 00:15:00,user_000854,sess_001153,page_076,finanças,computador,direto,0,1,56.0,74.3,1
evt_005745,2026-03-02 05:10:00,user_000049,sess_000239,page_096,estilo de vida,computador,direto,1,1,47.4,24.8,0
evt_005746,2026-03-26 23:53:00,user_000118,sess_000946,page_057,entretenimento,celular,orgânico,0,1,32.6,75.8,0
evt_005747,2026-03-15 23:20:00,user_002322,sess_000310,page_001,tecnologia,celular,orgânico,0,1,103.8,58.6,0
evt_005748,2026-04-25 07:56:00,user_001161,sess_000154,page_086,estilo de vida,celular,referência,0,1,49.3,77.9,0
evt_005749,2026-03-08 02:37:00,user_000068,sess_000332,page_071,finanças,celular,newsletter,0,1,56.9,42.0,1
evt_005750,2026-04-22 20:22:00,user_002434,sess_000223,page_071,finanças,celular,redes sociais,0,1,18.5,70.0,0
evt_005751,2026-03-14 00:11:00,user_000913,sess_000956,page_053,esportes,computador,orgânico,0,1,70.3,70.3,1
evt_005752,2026-03-08 03:56:00,user_002933,sess_001092,page_124,entretenimento,celular,referência,0,1,42.0,70.1,1
evt_005753,2026-03-17 11:22:00,user_002639,sess_001215,page_111,esportes,tablet,direto,0,1,26.5,40.2,0
evt_005754,2026-03-09 15:33:00,user_000145,sess_000879,page_026,finanças,celular,direto,0,1,70.4,69.0,0
evt_005755,2026-03-25 01:52:00,user_002071,sess_000353,page_006,tecnologia,celular,newsletter,0,1,101.1,47.8,1
evt_005756,2026-03-20 19:51:00,user_001810,sess_000042,page_026,esportes,tablet,direto,1,1,29.2,62.0,0
evt_005757,2026-04-01 17:49:00,user_000516,sess_001425,page_007,entretenimento,computador,redes sociais,0,1,65.9,24.6,0
evt_005758,2026-04-02 05:22:00,user_001029,sess_001965,page_099,esportes,celular,direto,0,1,35.5,87.6,0
evt_005759,2026-03-01 01:25:00,user_001472,sess_000562,page_087,notícias,celular,redes sociais,0,1,58.7,45.9,1
evt_005760,2026-03-08 11:48:00,user_000439,sess_000410,page_065,estilo de vida,celular,orgânico,1,1,13.2,67.7,0
evt_005761,2026-03-10 17:05:00,user_002165,sess_000623,page_083,finanças,celular,orgânico,0,1,13.7,42.8,1
evt_005762,2026-03-12 16:24:00,user_000832,sess_000429,page_113,entretenimento,computador,direto,1,1,60.6,24.8,0
evt_005763,2026-03-06 14:44:00,user_002812,sess_000447,page_116,finanças,computador,orgânico,0,1,25.6,79.4,0
evt_005764,2026-03-19 21:04:00,user_002405,sess_000989,page_061,notícias,computador,newsletter,0,1,69.0,71.0,0
evt_005765,2026-04-02 23:31:00,user_001903,sess_001570,page_083,esportes,computador,redes sociais,1,1,49.4,75.0,0
evt_005766,2026-03-19 12:48:00,user_000360,sess_001424,page_081,esportes,computador,direto,0,1,20.0,65.2,1
evt_005767,2026-03-20 17:52:00,user_000075,sess_001919,page_132,estilo de vida,computador,orgânico,1,1,44.8,81.6,1
evt_005768,2026-03-29 04:09:00,user_000438,sess_000715,page_106,esportes,computador,redes sociais,1,1,40.9,64.9,0
evt_005769,2026-04-02 21:41:00,user_001499,sess_000985,page_044,estilo de vida,celular,orgânico,1,1,80.2,39.6,1
evt_005770,2026-03-20 20:35:00,user_002343,sess_000761,page_124,entretenimento,celular,direto,0,1,55.3,100.0,0
evt_005771,2026-03-14 07:25:00,user_000459,sess_000085,page_056,finanças,celular,orgânico,1,1,37.0,49.3,0
evt_005772,2026-03-25 13:30:00,user_002122,sess_000777,page_106,estilo de vida,computador,redes sociais,1,1,65.9,74.9,0
evt_005773,2026-03-02 10:53:00,user_000144,sess_000521,page_136,esportes,tablet,referência,0,1,74.3,68.0,0
evt_005774,2026-03-30 13:18:00,user_000797,sess_000957,page_113,tecnologia,computador,direto,1,1,18.3,79.2,1
evt_005775,2026-04-26 11:34:00,user_001795,sess_000316,page_015,esportes,celular,direto,1,1,59.3,56.1,1
evt_005776,2026-03-24 21:01:00,user_002485,sess_001483,page_029,estilo de vida,celular,direto,0,1,11.4,64.7,0
evt_005777,2026-03-07 11:57:00,user_002330,sess_001685,page_111,esportes,celular,direto,0,1,20.8,45.5,0
evt_005778,2026-04-12 10:11:00,user_001598,sess_001921,page_018,notícias,celular,orgânico,1,1,35.6,69.6,0
evt_005779,2026-03-08 14:40:00,user_000109,sess_000170,page_002,esportes,computador,orgânico,0,1,4.0,32.3,0
evt_005780,2026-03-12 14:50:00,user_000880,sess_000236,page_036,notícias,celular,orgânico,0,1,99.5,83.4,1
evt_005781,2026-03-09 19:01:00,user_002350,sess_001932,page_068,entretenimento,celular,orgânico,1,1,76.4,100.0,0
evt_005782,2026-04-23 00:28:00,user_000244,sess_001696,page_018,esportes,celular,redes sociais,0,1,58.6,80.0,1
evt_005783,2026-04-28 21:02:00,user_002119,sess_001177,page_022,entretenimento,computador,referência,0,1,16.0,16.5,1
evt_005784,2026-04-04 04:16:00,user_002112,sess_000643,page_048,finanças,tablet,redes sociais,1,1,105.0,55.4,0
evt_005785,2026-04-07 01:25:00,user_002256,sess_001035,page_084,esportes,tablet,orgânico,0,1,86.5,77.6,0
evt_005786,2026-04-08 17:27:00,user_000652,sess_001071,page_076,esportes,celular,referência,1,1,36.4,35.7,0
evt_005787,2026-04-06 14:49:00,user_000734,sess_001694,page_111,notícias,tablet,redes sociais,1,1,35.4,31.1,0
evt_005788,2026-04-02 15:30:00,user_000596,sess_001059,page_137,tecnologia,celular,orgânico,0,1,75.7,60.8,1
evt_005789,2026-04-29 04:50:00,user_001181,sess_000056,page_005,notícias,computador,orgânico,0,1,36.7,48.4,0
evt_005790,2026-04-13 23:42:00,user_001572,sess_001399,page_096,entretenimento,celular,referência,0,1,8.2,47.3,0
evt_005791,2026-03-06 07:21:00,user_000360,sess_001554,page_023,notícias,celular,redes sociais,1,1,110.7,30.1,0
evt_005792,2026-03-24 12:23:00,user_001702,sess_000596,page_051,esportes,celular,redes sociais,0,1,45.0,91.9,0
evt_005793,2026-04-28 11:16:00,user_000717,sess_000234,page_048,notícias,computador,direto,1,1,51.8,38.5,1
evt_005794,2026-03-25 05:16:00,user_001686,sess_000285,page_098,estilo de vida,celular,redes sociais,0,1,26.3,49.4,1
evt_005795,2026-03-13 05:46:00,user_000909,sess_001681,page_036,finanças,computador,orgânico,0,1,69.4,74.4,0
evt_005796,2026-04-22 02:37:00,user_002863,sess_000895,page_125,entretenimento,celular,redes sociais,1,1,55.9,53.4,1
evt_005797,2026-04-07 09:13:00,user_000958,sess_001058,page_054,esportes,tablet,orgânico,1,1,52.2,48.4,0
evt_005798,2026-04-03 18:06:00,user_002614,sess_001921,page_114,notícias,computador,orgânico,1,1,35.7,76.8,0
evt_005799,2026-03-26 04:55:00,user_000525,sess_000123,page_133,tecnologia,celular,redes sociais,1,1,38.1,65.3,1
evt_005800,2026-03-08 11:05:00,user_000255,sess_000412,page_071,estilo de vida,computador,orgânico,0,1,46.1,64.5,0
evt_005801,2026-03-24 00:53:00,user_000566,sess_001666,page_015,tecnologia,celular,referência,1,1,107.7,49.6,0
evt_005802,2026-03-27 05:58:00,user_001258,sess_001080,page_098,finanças,tablet,orgânico,0,1,109.0,39.7,0
evt_005803,2026-04-25 20:59:00,user_002704,sess_000055,page_059,tecnologia,computador,orgânico,1,1,23.0,80.9,1
evt_005804,2026-03-19 10:28:00,user_000529,sess_001406,page_048,notícias,computador,redes sociais,0,1,178.9,43.5,1
evt_005805,2026-03-09 22:53:00,user_002351,sess_000277,page_064,entretenimento,tablet,direto,1,1,68.4,30.7,1
evt_005806,2026-03-26 15:38:00,user_002091,sess_001564,page_042,notícias,computador,orgânico,0,1,75.4,50.6,0
evt_005807,2026-04-29 19:46:00,user_001034,sess_001595,page_039,tecnologia,computador,referência,0,1,42.5,56.5,0
evt_005808,2026-03-29 22:22:00,user_001009,sess_001648,page_138,notícias,celular,redes sociais,1,1,50.0,29.7,0
evt_005809,2026-03-23 17:56:00,user_002842,sess_000930,page_039,tecnologia,computador,orgânico,0,1,96.6,49.0,0
evt_005810,2026-04-10 00:18:00,user_002144,sess_000536,page_064,tecnologia,computador,orgânico,0,1,87.3,57.6,1
evt_005811,2026-04-08 22:14:00,user_000717,sess_001762,page_100,entretenimento,celular,newsletter,0,1,27.9,32.1,0
evt_005812,2026-03-18 22:58:00,user_002735,sess_001117,page_031,finanças,celular,redes sociais,1,1,40.4,88.2,0
evt_005813,2026-04-28 01:47:00,user_001221,sess_001271,page_086,finanças,computador,orgânico,0,1,29.7,39.9,1
evt_005814,2026-04-05 13:50:00,user_000240,sess_000273,page_125,tecnologia,celular,orgânico,0,1,13.1,70.9,0
evt_005815,2026-03-04 10:56:00,user_002440,sess_001247,page_113,estilo de vida,computador,redes sociais,1,1,68.5,61.0,0
evt_005816,2026-03-25 10:53:00,user_002606,sess_001160,page_004,estilo de vida,celular,orgânico,0,1,42.3,100.0,1
evt_005817,2026-04-25 08:55:00,user_001329,sess_000585,page_057,esportes,tablet,orgânico,1,1,81.2,59.2,1
evt_005818,2026-03-24 14:26:00,user_002112,sess_001533,page_001,finanças,celular,direto,0,1,67.4,37.9,0
evt_005819,2026-04-04 01:38:00,user_000704,sess_000268,page_085,esportes,celular,referência,1,1,26.1,32.6,0
evt_005820,2026-04-06 18:11:00,user_002551,sess_001439,page_046,estilo de vida,celular,orgânico,1,1,103.4,51.6,1
evt_005821,2026-04-12 06:19:00,user_001106,sess_001922,page_125,notícias,celular,orgânico,0,1,34.4,8.1,0
evt_005822,2026-04-22 08:08:00,user_000802,sess_001134,page_025,finanças,celular,orgânico,0,1,121.2,39.0,0
evt_005823,2026-03-09 22:49:00,user_001502,sess_000210,page_119,tecnologia,computador,newsletter,1,1,40.9,70.5,0
evt_005824,2026-04-01 00:06:00,user_000802,sess_001107,page_048,estilo de vida,computador,redes sociais,0,1,31.4,100.0,1
evt_005825,2026-04-02 00:04:00,user_001862,sess_001058,page_128,entretenimento,computador,orgânico,1,1,31.8,55.9,0
evt_005826,2026-03-10 03:26:00,user_002243,sess_001104,page_028,esportes,tablet,direto,0,1,70.6,36.8,0
evt_005827,2026-04-10 09:51:00,user_001217,sess_000545,page_038,finanças,celular,redes sociais,0,1,55.3,86.6,1
evt_005828,2026-03-08 02:08:00,user_002350,sess_001252,page_049,finanças,computador,orgânico,1,1,37.5,92.1,1
evt_005829,2026-03-28 08:59:00,user_001294,sess_000529,page_137,finanças,computador,newsletter,0,1,55.6,56.9,0
evt_005830,2026-03-20 19:33:00,user_002910,sess_001116,page_103,estilo de vida,tablet,orgânico,0,1,133.9,70.5,0
evt_005831,2026-03-10 07:10:00,user_000792,sess_001189,page_114,notícias,computador,redes sociais,0,1,72.8,84.1,0
evt_005832,2026-04-19 08:08:00,user_002114,sess_001292,page_077,finanças,celular,direto,1,1,19.4,72.6,0
evt_005833,2026-03-15 15:31:00,user_001606,sess_001596,page_111,notícias,celular,redes sociais,0,1,35.7,44.2,0
evt_005834,2026-03-16 07:32:00,user_002830,sess_001765,page_088,estilo de vida,tablet,orgânico,1,1,72.6,47.5,0
evt_005835,2026-04-21 06:19:00,user_000659,sess_001554,page_093,tecnologia,computador,redes sociais,0,1,21.1,33.3,0
evt_005836,2026-04-22 15:24:00,user_000591,sess_001591,page_117,notícias,celular,direto,0,1,127.6,42.3,0
evt_005837,2026-03-03 01:38:00,user_002602,sess_001737,page_137,finanças,computador,referência,1,1,101.4,78.5,0
evt_005838,2026-03-17 16:08:00,user_002703,sess_000485,page_081,finanças,tablet,orgânico,0,1,41.6,61.6,0
evt_005839,2026-04-12 12:45:00,user_002242,sess_000586,page_062,tecnologia,computador,orgânico,0,1,94.1,27.5,0
evt_005840,2026-04-16 16:31:00,user_001425,sess_001066,page_091,notícias,celular,newsletter,1,1,233.1,64.8,0
evt_005841,2026-04-29 23:07:00,user_001231,sess_000932,page_104,finanças,celular,direto,1,1,57.4,88.0,0
evt_005842,2026-04-03 06:42:00,user_002000,sess_001404,page_138,tecnologia,celular,redes sociais,0,1,61.6,54.4,0
evt_005843,2026-03-01 10:46:00,user_002241,sess_000019,page_098,finanças,computador,direto,0,1,20.0,64.3,0
evt_005844,2026-04-22 10:01:00,user_000828,sess_000278,page_133,tecnologia,computador,orgânico,1,1,28.7,87.4,0
evt_005845,2026-03-10 15:54:00,user_000021,sess_001493,page_102,esportes,celular,newsletter,0,1,31.4,81.5,1
evt_005846,2026-03-08 05:56:00,user_000221,sess_001644,page_133,entretenimento,computador,direto,0,1,58.9,68.9,1
evt_005847,2026-04-10 10:46:00,user_001034,sess_000605,page_105,notícias,computador,referência,0,1,51.3,86.5,1
evt_005848,2026-04-06 05:29:00,user_002045,sess_000622,page_124,notícias,computador,redes sociais,0,1,113.6,81.5,0
evt_005849,2026-03-04 14:23:00,user_001321,sess_001123,page_027,finanças,tablet,referência,0,1,64.9,63.7,0
evt_005850,2026-03-11 03:46:00,user_001855,sess_000954,page_138,finanças,celular,orgânico,1,1,69.1,73.8,0
evt_005851,2026-04-05 09:17:00,user_001409,sess_000339,page_049,estilo de vida,celular,orgânico,0,1,90.2,60.4,0
evt_005852,2026-03-16 07:42:00,user_000755,sess_001001,page_111,esportes,celular,orgânico,0,1,61.7,97.6,1
evt_005853,2026-04-11 00:57:00,user_002246,sess_001638,page_055,esportes,celular,referência,0,1,16.3,66.6,0
evt_005854,2026-03-25 16:56:00,user_002170,sess_001459,page_064,tecnologia,celular,direto,0,1,201.7,65.1,1
evt_005855,2026-04-05 06:55:00,user_002888,sess_001634,page_104,esportes,computador,redes sociais,0,1,18.2,95.4,0
evt_005856,2026-03-29 11:56:00,user_002477,sess_001287,page_076,tecnologia,celular,orgânico,0,1,32.0,61.5,1
evt_005857,2026-03-22 21:51:00,user_001140,sess_001755,page_100,estilo de vida,celular,redes sociais,1,1,28.7,51.3,0
evt_005858,2026-03-21 13:03:00,user_002114,sess_000500,page_011,notícias,computador,redes sociais,0,1,6.5,14.8,1
evt_005859,2026-04-11 20:05:00,user_001052,sess_000092,page_116,tecnologia,celular,redes sociais,0,1,111.1,49.4,0
evt_005860,2026-03-31 20:42:00,user_002618,sess_000228,page_057,entretenimento,computador,direto,0,1,18.3,61.8,0
evt_005861,2026-04-05 15:47:00,user_001831,sess_001984,page_110,tecnologia,celular,orgânico,1,1,17.3,77.7,1
evt_005862,2026-04-04 15:19:00,user_002504,sess_001281,page_040,notícias,celular,redes sociais,1,1,77.4,57.9,0
evt_005863,2026-03-13 10:59:00,user_000844,sess_000496,page_083,finanças,tablet,orgânico,0,1,88.0,48.7,0
evt_005864,2026-04-24 19:03:00,user_000045,sess_001708,page_082,entretenimento,computador,orgânico,0,1,19.8,66.0,0
evt_005865,2026-04-03 18:54:00,user_000424,sess_000619,page_020,estilo de vida,computador,orgânico,0,1,31.6,22.7,0
evt_005866,2026-04-13 02:00:00,user_001594,sess_001194,page_066,esportes,celular,referência,0,1,74.3,84.0,1
evt_005867,2026-04-22 21:56:00,user_002884,sess_000499,page_089,notícias,tablet,orgânico,1,1,49.5,86.7,0
evt_005868,2026-04-25 11:34:00,user_001881,sess_000190,page_117,estilo de vida,celular,orgânico,1,1,40.8,23.0,0
evt_005869,2026-04-10 00:14:00,user_002428,sess_000535,page_124,tecnologia,computador,redes sociais,0,1,15.8,41.1,0
evt_005870,2026-04-17 05:26:00,user_001408,sess_000457,page_054,entretenimento,tablet,redes sociais,1,1,69.6,65.1,0
evt_005871,2026-03-29 07:22:00,user_002875,sess_001105,page_090,entretenimento,celular,referência,0,1,111.1,93.2,1
evt_005872,2026-04-14 06:25:00,user_002822,sess_000042,page_025,esportes,computador,direto,0,1,143.6,57.0,0
evt_005873,2026-03-20 07:04:00,user_000654,sess_000480,page_125,estilo de vida,computador,direto,0,1,109.6,65.8,0
evt_005874,2026-04-12 16:57:00,user_002586,sess_001135,page_121,notícias,celular,orgânico,1,1,25.3,63.1,1
evt_005875,2026-03-06 03:40:00,user_000054,sess_000788,page_139,notícias,celular,orgânico,1,1,38.7,27.0,1
evt_005876,2026-04-24 20:33:00,user_001778,sess_001272,page_068,notícias,computador,orgânico,1,1,40.1,51.2,1
evt_005877,2026-03-15 16:15:00,user_001312,sess_001311,page_050,entretenimento,celular,redes sociais,1,1,94.0,42.8,0
evt_005878,2026-04-09 09:27:00,user_000904,sess_001930,page_106,notícias,tablet,orgânico,0,1,117.8,62.7,0
evt_005879,2026-03-01 16:06:00,user_002800,sess_001672,page_101,finanças,celular,referência,1,1,22.5,52.3,1
evt_005880,2026-03-10 08:13:00,user_001987,sess_000457,page_030,finanças,celular,newsletter,1,1,111.0,66.7,0
evt_005881,2026-04-29 04:44:00,user_000415,sess_001385,page_076,esportes,computador,direto,1,1,32.9,57.0,0
evt_005882,2026-04-20 00:02:00,user_000418,sess_001254,page_090,finanças,computador,redes sociais,1,1,53.9,66.6,0
evt_005883,2026-03-14 08:22:00,user_000352,sess_001189,page_064,notícias,tablet,direto,0,1,134.4,79.4,0
evt_005884,2026-03-08 20:25:00,user_000912,sess_001598,page_052,esportes,celular,orgânico,0,1,19.6,65.7,0
evt_005885,2026-04-18 21:25:00,user_000207,sess_000296,page_034,finanças,computador,newsletter,0,1,92.8,61.1,1
evt_005886,2026-04-29 09:50:00,user_000793,sess_000750,page_058,tecnologia,celular,orgânico,0,1,35.5,67.9,0
evt_005887,2026-03-11 02:50:00,user_002295,sess_001632,page_035,tecnologia,computador,direto,0,1,66.3,47.2,0
evt_005888,2026-04-09 20:04:00,user_002621,sess_001784,page_042,tecnologia,computador,orgânico,0,1,39.9,36.5,1
evt_005889,2026-03-18 00:23:00,user_002357,sess_000075,page_026,esportes,computador,direto,0,1,13.3,79.5,1
evt_005890,2026-04-14 15:55:00,user_001488,sess_000943,page_053,notícias,celular,orgânico,0,1,64.0,44.8,1
evt_005891,2026-03-26 02:19:00,user_002086,sess_000529,page_088,finanças,celular,orgânico,0,1,28.5,45.8,0
evt_005892,2026-03-08 12:30:00,user_002831,sess_000336,page_053,entretenimento,celular,redes sociais,1,1,13.3,88.4,0
evt_005893,2026-03-20 11:08:00,user_000160,sess_000115,page_020,notícias,computador,orgânico,1,1,8.4,75.6,1
evt_005894,2026-04-02 07:37:00,user_002713,sess_001076,page_112,notícias,celular,orgânico,0,1,71.7,54.3,0
evt_005895,2026-04-17 21:37:00,user_002170,sess_001335,page_060,entretenimento,computador,referência,0,1,4.7,75.9,0
evt_005896,2026-03-02 06:16:00,user_001159,sess_001062,page_082,entretenimento,computador,orgânico,0,1,60.7,48.7,0
evt_005897,2026-04-27 11:04:00,user_001346,sess_000737,page_073,notícias,celular,direto,0,1,24.4,67.6,0
evt_005898,2026-04-08 23:25:00,user_001316,sess_001542,page_071,tecnologia,celular,orgânico,1,1,70.8,59.1,1
evt_005899,2026-04-22 12:25:00,user_000474,sess_001304,page_061,finanças,computador,direto,1,1,13.1,58.7,0
evt_005900,2026-04-25 19:16:00,user_000691,sess_001816,page_106,finanças,computador,newsletter,1,1,21.5,71.2,0
evt_005901,2026-03-10 05:09:00,user_000886,sess_000694,page_119,finanças,celular,redes sociais,1,1,51.1,43.6,0
evt_005902,2026-03-06 14:58:00,user_000018,sess_000478,page_126,entretenimento,computador,newsletter,0,1,53.6,46.6,0
evt_005903,2026-04-16 14:25:00,user_001503,sess_000912,page_062,notícias,celular,direto,0,1,19.1,17.0,0
evt_005904,2026-03-12 06:33:00,user_001430,sess_001014,page_048,tecnologia,celular,redes sociais,1,1,71.4,51.5,0
evt_005905,2026-03-09 21:02:00,user_000989,sess_000916,page_012,notícias,celular,orgânico,0,1,35.6,63.1,0
evt_005906,2026-03-29 02:39:00,user_000530,sess_001664,page_062,estilo de vida,celular,newsletter,0,1,55.9,29.2,1
evt_005907,2026-04-24 19:16:00,user_002909,sess_000092,page_138,estilo de vida,celular,referência,0,1,84.0,65.6,0
evt_005908,2026-04-17 17:40:00,user_002035,sess_001056,page_037,tecnologia,tablet,orgânico,1,1,48.9,14.1,1
evt_005909,2026-04-01 01:44:00,user_001424,sess_000861,page_118,entretenimento,celular,orgânico,0,1,63.1,46.2,0
evt_005910,2026-03-12 18:53:00,user_002168,sess_000422,page_106,tecnologia,computador,orgânico,1,1,49.8,56.0,1
evt_005911,2026-03-21 04:23:00,user_001117,sess_001282,page_092,tecnologia,tablet,orgânico,0,1,70.1,57.6,1
evt_005912,2026-04-11 07:25:00,user_000647,sess_001602,page_079,esportes,celular,orgânico,0,1,3.0,62.6,1
evt_005913,2026-03-10 10:07:00,user_002019,sess_001092,page_106,entretenimento,computador,newsletter,1,1,48.3,24.8,0
evt_005914,2026-04-01 11:08:00,user_002312,sess_000170,page_014,finanças,computador,referência,1,1,100.3,69.3,0
evt_005915,2026-03-01 17:00:00,user_001951,sess_000151,page_018,finanças,computador,redes sociais,1,1,57.8,79.6,1
evt_005916,2026-03-20 12:07:00,user_001699,sess_000843,page_028,finanças,computador,orgânico,0,1,25.5,57.1,0
evt_005917,2026-03-15 21:02:00,user_000008,sess_001336,page_107,esportes,celular,redes sociais,0,1,58.3,53.2,0
evt_005918,2026-04-10 20:45:00,user_001913,sess_000627,page_061,estilo de vida,computador,newsletter,0,1,72.1,29.2,0
evt_005919,2026-04-24 20:11:00,user_001855,sess_000618,page_029,esportes,computador,direto,0,1,67.1,75.2,0
evt_005920,2026-03-09 18:55:00,user_001237,sess_001720,page_007,esportes,celular,referência,0,1,26.4,32.6,0
evt_005921,2026-04-17 20:03:00,user_000732,sess_000029,page_068,entretenimento,computador,direto,1,1,44.1,79.6,0
evt_005922,2026-04-09 08:31:00,user_002937,sess_000160,page_056,entretenimento,celular,redes sociais,1,1,70.0,100.0,1
evt_005923,2026-04-28 04:30:00,user_001126,sess_000312,page_025,finanças,tablet,orgânico,1,1,44.5,56.0,0
evt_005924,2026-04-24 16:34:00,user_000816,sess_001967,page_004,entretenimento,computador,referência,1,1,163.7,42.5,0
evt_005925,2026-03-07 01:05:00,user_002119,sess_000995,page_105,finanças,computador,direto,0,1,73.3,62.3,0
evt_005926,2026-04-14 14:14:00,user_001446,sess_000317,page_109,esportes,computador,direto,1,1,50.9,77.9,0
evt_005927,2026-04-05 12:44:00,user_001672,sess_000621,page_035,entretenimento,celular,direto,0,1,45.1,39.7,0
evt_005928,2026-03-07 18:50:00,user_001945,sess_001938,page_069,estilo de vida,computador,orgânico,0,1,22.0,15.0,1
evt_005929,2026-03-16 10:17:00,user_001106,sess_001389,page_036,tecnologia,tablet,orgânico,1,1,38.4,80.5,1
evt_005930,2026-04-25 14:47:00,user_000457,sess_000448,page_057,finanças,celular,referência,0,1,89.3,66.4,0
evt_005931,2026-04-02 13:50:00,user_000503,sess_000482,page_016,finanças,celular,redes sociais,1,1,67.0,61.4,0
evt_005932,2026-03-21 07:23:00,user_002819,sess_000150,page_132,notícias,tablet,orgânico,0,1,81.5,59.0,0
evt_005933,2026-03-20 05:27:00,user_001516,sess_001545,page_101,entretenimento,computador,direto,0,1,30.3,41.5,0
evt_005934,2026-04-20 06:31:00,user_001251,sess_000275,page_126,esportes,celular,orgânico,0,1,72.8,54.0,0
evt_005935,2026-03-18 00:11:00,user_000958,sess_000573,page_042,finanças,celular,direto,0,1,43.4,71.1,0
evt_005936,2026-03-10 12:48:00,user_002165,sess_000697,page_122,notícias,celular,redes sociais,1,1,20.2,67.6,0
evt_005937,2026-04-04 10:20:00,user_002738,sess_001242,page_073,estilo de vida,celular,direto,0,1,108.5,58.5,1
evt_005938,2026-04-29 13:12:00,user_002307,sess_001213,page_028,esportes,computador,newsletter,1,1,67.6,9.6,0
evt_005939,2026-03-11 23:58:00,user_001603,sess_001598,page_047,tecnologia,celular,orgânico,1,1,76.7,51.3,1
evt_005940,2026-03-16 07:39:00,user_001426,sess_000595,page_113,finanças,celular,newsletter,0,1,11.3,66.8,0
evt_005941,2026-03-29 03:33:00,user_002598,sess_000771,page_108,notícias,celular,direto,0,1,24.2,60.5,0
evt_005942,2026-03-12 23:43:00,user_002569,sess_000777,page_101,notícias,celular,referência,0,1,22.1,49.2,1
evt_005943,2026-04-09 01:10:00,user_001171,sess_000094,page_032,notícias,celular,referência,0,1,27.8,97.0,0
evt_005944,2026-03-16 05:12:00,user_002892,sess_001475,page_091,tecnologia,tablet,orgânico,0,1,105.6,48.8,0
evt_005945,2026-03-08 16:34:00,user_002482,sess_001071,page_131,tecnologia,computador,redes sociais,0,1,23.6,66.7,0
evt_005946,2026-03-16 16:13:00,user_002538,sess_000951,page_007,esportes,computador,orgânico,0,1,64.2,48.5,1
evt_005947,2026-04-25 20:03:00,user_000170,sess_001990,page_045,finanças,computador,direto,0,1,61.1,75.2,0
evt_005948,2026-04-26 02:14:00,user_000390,sess_000358,page_012,esportes,computador,orgânico,0,1,27.8,28.1,0
evt_005949,2026-03-31 08:14:00,user_000895,sess_001938,page_015,entretenimento,celular,orgânico,0,1,112.1,87.9,0
evt_005950,2026-03-25 00:39:00,user_002284,sess_001361,page_139,entretenimento,computador,referência,0,1,46.7,64.4,0
evt_005951,2026-04-19 04:07:00,user_000235,sess_000442,page_034,tecnologia,celular,referência,0,1,93.6,47.1,1
evt_005952,2026-03-12 15:44:00,user_000249,sess_001357,page_025,notícias,tablet,direto,0,1,40.4,49.7,0
evt_005953,2026-04-09 05:37:00,user_000095,sess_001511,page_011,finanças,celular,redes sociais,0,1,30.8,50.9,0
evt_005954,2026-04-10 19:16:00,user_000576,sess_000725,page_137,entretenimento,celular,referência,0,1,10.2,50.6,0
evt_005955,2026-04-12 14:24:00,user_002756,sess_000690,page_066,esportes,tablet,newsletter,0,1,55.2,57.3,0
evt_005956,2026-03-14 01:50:00,user_002163,sess_001670,page_111,estilo de vida,celular,orgânico,0,1,119.6,46.5,1
evt_005957,2026-04-12 23:13:00,user_002150,sess_000321,page_035,entretenimento,celular,orgânico,0,1,71.5,72.4,0
evt_005958,2026-04-06 17:16:00,user_000878,sess_000027,page_090,tecnologia,computador,referência,0,1,70.6,100.0,1
evt_005959,2026-04-22 12:08:00,user_001875,sess_001332,page_124,estilo de vida,celular,orgânico,1,1,96.5,53.2,0
evt_005960,2026-03-11 11:07:00,user_002337,sess_001813,page_094,finanças,computador,direto,0,1,68.8,21.1,0
evt_005961,2026-04-06 19:35:00,user_001597,sess_001002,page_072,entretenimento,computador,redes sociais,0,1,22.6,50.8,1
evt_005962,2026-04-19 18:40:00,user_002568,sess_000270,page_030,esportes,computador,redes sociais,1,1,39.9,55.6,0
evt_005963,2026-03-17 16:37:00,user_001709,sess_001078,page_033,entretenimento,celular,orgânico,0,1,70.3,72.8,0
evt_005964,2026-04-14 15:02:00,user_000974,sess_000504,page_083,finanças,computador,direto,0,1,108.1,51.5,0
evt_005965,2026-03-06 23:17:00,user_001916,sess_001654,page_063,tecnologia,celular,redes sociais,0,1,50.9,43.9,1
evt_005966,2026-04-13 02:03:00,user_002829,sess_001224,page_007,entretenimento,celular,newsletter,0,1,83.0,43.4,0
evt_005967,2026-04-06 09:00:00,user_002479,sess_000673,page_028,estilo de vida,computador,redes sociais,0,1,28.7,32.0,1
evt_005968,2026-03-12 13:16:00,user_001495,sess_001249,page_061,esportes,computador,referência,0,1,154.0,22.1,1
evt_005969,2026-03-04 23:32:00,user_001791,sess_001334,page_025,notícias,celular,orgânico,1,1,72.5,59.4,1
evt_005970,2026-04-14 17:30:00,user_002927,sess_001357,page_077,tecnologia,tablet,orgânico,0,1,63.9,28.7,0
evt_005971,2026-03-15 11:27:00,user_002245,sess_000733,page_042,estilo de vida,celular,newsletter,0,1,69.7,51.6,1
evt_005972,2026-03-30 20:19:00,user_001508,sess_001141,page_041,esportes,celular,orgânico,0,1,209.7,70.8,0
evt_005973,2026-03-04 15:25:00,user_000843,sess_000086,page_016,entretenimento,computador,orgânico,1,1,22.5,39.4,0
evt_005974,2026-04-27 19:25:00,user_002717,sess_000807,page_070,entretenimento,computador,orgânico,0,1,20.3,80.6,0
evt_005975,2026-04-02 22:23:00,user_002930,sess_000756,page_027,entretenimento,celular,direto,0,1,40.9,43.1,0
evt_005976,2026-04-25 21:28:00,user_000213,sess_001069,page_088,estilo de vida,tablet,direto,1,1,17.1,27.3,0
evt_005977,2026-03-10 14:53:00,user_000096,sess_001900,page_131,entretenimento,computador,referência,1,1,6.9,49.4,1
evt_005978,2026-03-13 08:20:00,user_000346,sess_001907,page_127,entretenimento,computador,orgânico,0,1,82.8,64.6,0
evt_005979,2026-04-06 14:59:00,user_001160,sess_000967,page_093,notícias,celular,orgânico,0,1,69.9,73.7,1
evt_005980,2026-04-06 06:28:00,user_000480,sess_001292,page_113,entretenimento,celular,orgânico,1,1,102.8,65.3,0
evt_005981,2026-04-17 10:50:00,user_002646,sess_000217,page_129,estilo de vida,computador,newsletter,0,1,10.3,93.0,1
evt_005982,2026-04-25 16:24:00,user_002742,sess_000965,page_095,entretenimento,celular,redes sociais,0,1,102.4,61.7,1
evt_005983,2026-04-19 07:30:00,user_000542,sess_001375,page_036,tecnologia,celular,orgânico,0,1,46.8,47.2,1
evt_005984,2026-03-09 09:54:00,user_002487,sess_001365,page_070,estilo de vida,tablet,orgânico,0,1,72.5,56.7,0
evt_005985,2026-03-19 13:44:00,user_000424,sess_001926,page_120,esportes,computador,orgânico,1,1,103.7,31.8,0
evt_005986,2026-04-24 19:54:00,user_002362,sess_000933,page_093,notícias,celular,direto,1,1,91.2,74.6,1
evt_005987,2026-04-02 22:29:00,user_001096,sess_001815,page_051,esportes,computador,redes sociais,0,1,93.4,30.1,0
evt_005988,2026-04-22 00:30:00,user_000121,sess_001957,page_024,estilo de vida,computador,direto,1,1,71.3,37.1,0
evt_005989,2026-04-03 18:44:00,user_001285,sess_001144,page_021,tecnologia,computador,redes sociais,1,1,97.6,55.1,0
evt_005990,2026-03-03 23:37:00,user_002468,sess_000183,page_053,notícias,computador,orgânico,0,1,23.9,38.8,0
evt_005991,2026-03-29 08:57:00,user_002800,sess_000753,page_112,notícias,computador,direto,0,1,14.1,65.3,1
evt_005992,2026-04-19 11:30:00,user_000364,sess_001529,page_077,estilo de vida,celular,direto,1,1,12.2,63.6,1
evt_005993,2026-04-09 07:21:00,user_002508,sess_001161,page_009,esportes,computador,orgânico,0,1,106.5,72.4,1
evt_005994,2026-03-08 23:12:00,user_000880,sess_001872,page_128,notícias,computador,direto,0,1,10.5,69.4,0
evt_005995,2026-03-13 14:31:00,user_001392,sess_001632,page_057,notícias,celular,referência,1,1,72.4,62.4,1
evt_005996,2026-04-21 06:17:00,user_000327,sess_000127,page_055,estilo de vida,computador,redes sociais,1,1,13.4,56.3,0
evt_005997,2026-04-28 18:06:00,user_002918,sess_001722,page_114,estilo de vida,computador,direto,0,1,98.1,71.9,0
evt_005998,2026-04-15 04:09:00,user_002370,sess_000715,page_053,tecnologia,tablet,direto,1,1,13.9,57.9,0
evt_005999,2026-03-06 21:14:00,user_001927,sess_001637,page_086,esportes,celular,orgânico,1,1,9.6,85.9,1
