event_id,timestamp,publisher_id,site_id,session_id,page_id,page_category,ad_unit,ad_format,device,country,ad_requests,impressions,viewable_impressions,clicks,revenue
evt_000000,2026-03-06 08:31:00,demo_publisher,site A,sess_001238,page_102,finanças,rodapé fixo,banner,computador,BR,1,1,1,0,0.00398
evt_000001,2026-04-16 10:29:00,demo_publisher,site A,sess_001658,page_122,esportes,meio do artigo,vídeo,celular,BR,1,1,1,0,0.00625
evt_000002,2026-04-09 06:34:00,demo_publisher,site A,sess_001280,page_020,notícias,topo da página,mídia rica,tablet,BR,1,1,1,0,0.01227
evt_000003,2026-03-27 07:59:00,demo_publisher,site B,sess_001188,page_035,entretenimento,topo da página,banner,computador,BR,3,3,3,0,0.00381
evt_000004,2026-03-26 23:32:00,demo_publisher,site A,sess_000935,page_006,notícias,meio do artigo,vídeo,computador,BR,1,1,0,0,0.00619
evt_000005,2026-04-21 12:22:00,demo_publisher,site B,sess_000490,page_068,esportes,meio do artigo,vídeo,celular,BR,2,2,2,0,0.01237
evt_000006,2026-03-06 03:45:00,demo_publisher,site B,sess_000562,page_069,esportes,topo da página,mídia rica,computador,BR,3,2,0,0,0.00761
evt_000007,2026-04-11 20:12:00,demo_publisher,site A,sess_001491,page_005,entretenimento,rodapé fixo,banner,celular,BR,5,5,4,0,0.00558
evt_000008,2026-03-13 02:06:00,demo_publisher,site A,sess_000140,page_092,tecnologia,meio do artigo,banner,computador,BR,1,0,0,0,0.0
evt_000009,2026-03-06 15:36:00,demo_publisher,site A,sess_000169,page_002,finanças,rodapé fixo,banner,celular,BR,5,5,2,0,0.03003
evt_000010,2026-04-01 14:07:00,demo_publisher,site A,sess_000793,page_111,entretenimento,intersticial,vídeo,celular,BR,4,2,1,0,0.01041
evt_000011,2026-04-28 12:53:00,demo_publisher,site A,sess_001549,page_099,notícias,meio do artigo,vídeo,celular,BR,1,0,0,0,0.0
evt_000012,2026-04-14 03:29:00,demo_publisher,site B,sess_001314,page_114,entretenimento,intersticial,banner,celular,BR,1,1,1,0,0.00323
evt_000013,2026-04-15 16:02:00,demo_publisher,site C,sess_001180,page_017,notícias,topo da página,banner,computador,BR,6,3,3,0,0.01568
evt_000014,2026-04-13 01:10:00,demo_publisher,site A,sess_001068,page_121,esportes,lateral,banner,celular,BR,3,2,0,0,0.00722
evt_000015,2026-04-17 03:55:00,demo_publisher,site C,sess_000222,page_077,notícias,intersticial,nativo,celular,BR,6,3,1,0,0.01105
evt_000016,2026-03-31 19:02:00,demo_publisher,site A,sess_000664,page_121,entretenimento,rodapé fixo,mídia rica,computador,BR,4,3,3,0,0.01829
evt_000017,2026-03-08 16:29:00,demo_publisher,site B,sess_000159,page_097,entretenimento,topo da página,banner,computador,BR,1,0,0,0,0.00081
evt_000018,2026-04-20 09:14:00,demo_publisher,site B,sess_001516,page_092,estilo de vida,topo da página,nativo,celular,US,5,4,1,0,0.004
evt_000019,2026-03-28 00:33:00,demo_publisher,site C,sess_001501,page_005,notícias,topo da página,nativo,celular,BR,3,3,2,0,0.01337
evt_000020,2026-03-31 00:30:00,demo_publisher,site B,sess_000516,page_097,esportes,intersticial,mídia rica,celular,BR,3,0,0,0,0.00077
evt_000021,2026-03-23 05:56:00,demo_publisher,site B,sess_000586,page_063,finanças,topo da página,vídeo,computador,BR,2,1,1,0,0.00559
evt_000022,2026-03-11 22:52:00,demo_publisher,site A,sess_000635,page_119,esportes,meio do artigo,banner,computador,BR,3,3,2,1,0.01577
evt_000023,2026-04-25 14:32:00,demo_publisher,site C,sess_001778,page_096,notícias,meio do artigo,nativo,tablet,BR,6,5,2,0,0.02331
evt_000024,2026-04-16 21:27:00,demo_publisher,site C,sess_000977,page_011,estilo de vida,meio do artigo,vídeo,computador,BR,2,0,0,0,0.00404
evt_000025,2026-04-08 15:09:00,demo_publisher,site A,sess_001524,page_124,estilo de vida,meio do artigo,mídia rica,tablet,BR,4,3,2,0,0.01238
evt_000026,2026-03-25 03:28:00,demo_publisher,site A,sess_000898,page_009,entretenimento,meio do artigo,nativo,celular,MX,1,1,0,0,0.0
evt_000027,2026-04-19 08:46:00,demo_publisher,site C,sess_001396,page_042,finanças,lateral,banner,celular,BR,5,5,3,0,0.00929
evt_000028,2026-04-02 17:25:00,demo_publisher,site B,sess_001057,page_031,esportes,meio do artigo,nativo,computador,MX,6,5,4,0,0.03355
evt_000029,2026-03-27 14:30:00,demo_publisher,site A,sess_000557,page_136,finanças,meio do artigo,nativo,celular,BR,6,5,4,0,0.0194
evt_000030,2026-03-28 00:39:00,demo_publisher,site A,sess_001752,page_022,notícias,meio do artigo,banner,tablet,BR,5,3,1,0,0.00835
evt_000031,2026-03-14 15:13:00,demo_publisher,site B,sess_001418,page_118,estilo de vida,meio do artigo,mídia rica,celular,BR,5,4,3,0,0.02612
evt_000032,2026-03-06 12:40:00,demo_publisher,site C,sess_001538,page_031,tecnologia,rodapé fixo,banner,celular,BR,4,3,1,0,0.0072
evt_000033,2026-04-03 06:36:00,demo_publisher,site A,sess_001896,page_091,notícias,meio do artigo,mídia rica,celular,AR,6,6,4,0,0.01606
evt_000034,2026-04-23 06:33:00,demo_publisher,site A,sess_000498,page_013,esportes,meio do artigo,banner,computador,MX,1,0,0,0,0.0
evt_000035,2026-03-04 19:53:00,demo_publisher,site A,sess_000184,page_055,tecnologia,topo da página,banner,tablet,US,2,2,0,0,0.01305
evt_000036,2026-04-21 11:56:00,demo_publisher,site C,sess_001164,page_087,finanças,topo da página,nativo,computador,BR,1,1,1,0,0.00474
evt_000037,2026-04-19 15:47:00,demo_publisher,site C,sess_000652,page_099,finanças,rodapé fixo,nativo,celular,BR,2,1,1,0,0.00561
evt_000038,2026-03-17 14:32:00,demo_publisher,site B,sess_000872,page_122,tecnologia,rodapé fixo,vídeo,computador,BR,2,1,1,0,0.00881
evt_000039,2026-04-07 21:35:00,demo_publisher,site A,sess_000470,page_114,estilo de vida,topo da página,nativo,celular,BR,3,3,2,1,0.00904
evt_000040,2026-03-10 21:55:00,demo_publisher,site B,sess_000797,page_073,notícias,meio do artigo,banner,celular,US,5,3,1,0,0.00695
evt_000041,2026-04-15 11:38:00,demo_publisher,site B,sess_000787,page_043,tecnologia,meio do artigo,mídia rica,celular,BR,6,6,5,0,0.01966
evt_000042,2026-04-12 00:45:00,demo_publisher,site C,sess_000701,page_037,entretenimento,lateral,nativo,computador,CL,4,4,1,0,0.0259
evt_000043,2026-03-22 06:31:00,demo_publisher,site B,sess_001484,page_139,notícias,topo da página,banner,computador,BR,1,0,0,0,0.00065
evt_000044,2026-03-05 01:48:00,demo_publisher,site B,sess_001185,page_085,notícias,intersticial,mídia rica,computador,BR,1,1,1,0,0.0051
evt_000045,2026-04-28 05:48:00,demo_publisher,site C,sess_000949,page_127,tecnologia,topo da página,banner,tablet,BR,3,3,1,0,0.02311
evt_000046,2026-03-27 17:47:00,demo_publisher,site A,sess_000226,page_061,estilo de vida,intersticial,banner,computador,BR,4,1,1,0,0.00434
evt_000047,2026-04-23 14:05:00,demo_publisher,site B,sess_001141,page_068,esportes,topo da página,nativo,tablet,BR,5,5,1,0,0.01513
evt_000048,2026-04-10 16:12:00,demo_publisher,site C,sess_000350,page_115,finanças,meio do artigo,nativo,computador,CL,3,2,1,0,0.01723
evt_000049,2026-04-16 16:52:00,demo_publisher,site A,sess_000628,page_101,tecnologia,topo da página,nativo,celular,CL,2,2,0,1,0.01055
evt_000050,2026-04-15 14:15:00,demo_publisher,site A,sess_000830,page_028,finanças,topo da página,mídia rica,celular,US,1,1,1,0,0.01406
evt_000051,2026-03-12 16:16:00,demo_publisher,site A,sess_000283,page_073,notícias,intersticial,banner,celular,BR,4,3,2,0,0.0369
evt_000052,2026-03-22 20:01:00,demo_publisher,site C,sess_000779,page_030,notícias,meio do artigo,mídia rica,celular,CL,6,5,2,0,0.02314
evt_000053,2026-03-29 00:04:00,demo_publisher,site B,sess_000534,page_106,finanças,topo da página,banner,celular,AR,1,0,0,0,0.00154
evt_000054,2026-03-30 20:49:00,demo_publisher,site B,sess_001699,page_005,entretenimento,intersticial,banner,celular,BR,1,0,0,0,0.0
evt_000055,2026-03-03 15:04:00,demo_publisher,site B,sess_001719,page_115,estilo de vida,topo da página,banner,computador,BR,1,1,0,0,0.00473
evt_000056,2026-04-02 19:03:00,demo_publisher,site A,sess_000010,page_130,esportes,topo da página,banner,tablet,BR,4,3,2,1,0.01478
evt_000057,2026-03-10 06:10:00,demo_publisher,site A,sess_001205,page_004,entretenimento,topo da página,banner,celular,BR,2,2,1,0,0.01478
evt_000058,2026-04-14 14:27:00,demo_publisher,site A,sess_001281,page_088,esportes,meio do artigo,vídeo,computador,BR,5,3,2,0,0.0247
evt_000059,2026-04-10 23:35:00,demo_publisher,site A,sess_000756,page_011,finanças,rodapé fixo,vídeo,computador,BR,5,5,4,0,0.04201
evt_000060,2026-04-25 08:26:00,demo_publisher,site C,sess_000938,page_051,notícias,topo da página,vídeo,celular,BR,4,4,3,0,0.02441
evt_000061,2026-04-14 16:27:00,demo_publisher,site C,sess_001580,page_047,tecnologia,lateral,banner,celular,CL,1,1,1,0,0.0
evt_000062,2026-03-22 23:57:00,demo_publisher,site A,sess_000756,page_073,tecnologia,topo da página,vídeo,celular,BR,4,3,2,0,0.00875
evt_000063,2026-04-28 01:12:00,demo_publisher,site A,sess_000129,page_128,tecnologia,topo da página,banner,computador,BR,3,3,2,0,0.01739
evt_000064,2026-03-25 15:37:00,demo_publisher,site B,sess_000745,page_065,esportes,lateral,vídeo,celular,BR,6,5,4,0,0.07898
evt_000065,2026-03-20 13:11:00,demo_publisher,site B,sess_000508,page_056,finanças,rodapé fixo,vídeo,computador,BR,5,2,2,0,0.02845
evt_000066,2026-04-24 07:58:00,demo_publisher,site A,sess_000766,page_013,notícias,meio do artigo,banner,computador,BR,6,6,3,0,0.02377
evt_000067,2026-03-23 05:27:00,demo_publisher,site A,sess_000460,page_124,entretenimento,topo da página,nativo,celular,BR,3,3,0,0,0.00984
evt_000068,2026-03-05 13:56:00,demo_publisher,site B,sess_000300,page_044,notícias,topo da página,mídia rica,computador,BR,2,2,2,0,0.03132
evt_000069,2026-03-29 04:09:00,demo_publisher,site B,sess_001970,page_065,estilo de vida,lateral,banner,computador,MX,3,2,0,0,0.00808
evt_000070,2026-04-17 17:46:00,demo_publisher,site B,sess_000258,page_013,tecnologia,lateral,vídeo,computador,BR,5,5,2,0,0.03012
evt_000071,2026-03-12 08:50:00,demo_publisher,site A,sess_001412,page_041,notícias,meio do artigo,mídia rica,computador,BR,4,2,0,0,0.01028
evt_000072,2026-03-28 18:38:00,demo_publisher,site B,sess_001435,page_077,esportes,topo da página,banner,computador,BR,3,3,2,0,0.02029
evt_000073,2026-03-08 19:05:00,demo_publisher,site B,sess_001235,page_126,notícias,rodapé fixo,banner,computador,BR,6,3,2,0,0.01418
evt_000074,2026-04-11 04:31:00,demo_publisher,site A,sess_001823,page_046,estilo de vida,topo da página,banner,celular,BR,3,3,2,0,0.0182
evt_000075,2026-03-29 13:00:00,demo_publisher,site A,sess_000010,page_078,entretenimento,lateral,vídeo,tablet,BR,6,4,0,0,0.02475
evt_000076,2026-03-20 19:28:00,demo_publisher,site B,sess_000603,page_122,finanças,lateral,banner,computador,BR,4,4,4,1,0.01183
evt_000077,2026-03-14 14:44:00,demo_publisher,site B,sess_000369,page_051,entretenimento,topo da página,nativo,celular,BR,1,1,1,0,0.00583
evt_000078,2026-04-03 20:52:00,demo_publisher,site A,sess_001154,page_041,notícias,meio do artigo,banner,celular,BR,3,1,0,0,0.00359
evt_000079,2026-04-10 04:31:00,demo_publisher,site A,sess_001271,page_007,esportes,meio do artigo,mídia rica,computador,BR,5,4,4,0,0.02666
evt_000080,2026-04-26 10:02:00,demo_publisher,site A,sess_001795,page_127,entretenimento,lateral,mídia rica,computador,US,6,4,1,0,0.01701
evt_000081,2026-03-27 05:29:00,demo_publisher,site C,sess_000760,page_016,entretenimento,rodapé fixo,nativo,computador,BR,4,3,3,0,0.03082
evt_000082,2026-03-10 15:23:00,demo_publisher,site C,sess_000472,page_030,esportes,meio do artigo,mídia rica,celular,BR,1,1,1,0,0.00841
evt_000083,2026-04-19 23:03:00,demo_publisher,site B,sess_001848,page_020,estilo de vida,topo da página,nativo,celular,BR,3,3,2,0,0.01001
evt_000084,2026-04-07 18:51:00,demo_publisher,site A,sess_001346,page_099,entretenimento,meio do artigo,mídia rica,computador,BR,6,3,1,0,0.01318
evt_000085,2026-04-12 00:22:00,demo_publisher,site B,sess_001529,page_051,tecnologia,lateral,banner,computador,US,3,2,1,0,0.01643
evt_000086,2026-03-06 20:00:00,demo_publisher,site C,sess_000890,page_098,estilo de vida,meio do artigo,banner,computador,BR,3,1,0,0,0.00265
evt_000087,2026-03-19 17:48:00,demo_publisher,site B,sess_000895,page_085,notícias,rodapé fixo,mídia rica,celular,US,6,4,3,0,0.02399
evt_000088,2026-04-16 01:41:00,demo_publisher,site A,sess_000778,page_003,notícias,topo da página,banner,computador,US,3,2,1,0,0.0098
evt_000089,2026-04-19 22:27:00,demo_publisher,site A,sess_001499,page_043,estilo de vida,topo da página,banner,celular,BR,5,4,2,0,0.00927
evt_000090,2026-03-27 02:42:00,demo_publisher,site A,sess_000422,page_001,finanças,topo da página,vídeo,celular,BR,1,1,1,0,0.00622
evt_000091,2026-04-18 06:51:00,demo_publisher,site A,sess_001950,page_010,esportes,rodapé fixo,nativo,celular,BR,4,2,1,0,0.01224
evt_000092,2026-04-20 12:02:00,demo_publisher,site B,sess_000352,page_066,esportes,lateral,banner,computador,BR,1,0,0,0,0.00617
evt_000093,2026-03-24 05:58:00,demo_publisher,site B,sess_000922,page_037,esportes,meio do artigo,banner,celular,MX,2,1,0,0,0.00585
evt_000094,2026-04-23 21:14:00,demo_publisher,site B,sess_000629,page_013,finanças,meio do artigo,banner,celular,CL,4,2,0,0,0.00584
evt_000095,2026-03-18 07:11:00,demo_publisher,site B,sess_001285,page_057,esportes,rodapé fixo,banner,celular,BR,4,4,4,0,0.00967
evt_000096,2026-03-15 08:57:00,demo_publisher,site A,sess_001361,page_063,esportes,rodapé fixo,banner,celular,BR,1,1,1,0,0.00452
evt_000097,2026-04-10 22:47:00,demo_publisher,site C,sess_001837,page_138,notícias,meio do artigo,nativo,computador,BR,3,3,2,0,0.02132
evt_000098,2026-04-08 04:56:00,demo_publisher,site A,sess_001578,page_092,tecnologia,rodapé fixo,vídeo,computador,BR,3,2,1,0,0.00254
evt_000099,2026-03-09 09:14:00,demo_publisher,site A,sess_000498,page_055,estilo de vida,rodapé fixo,banner,celular,BR,3,3,3,0,0.00974
evt_000100,2026-04-19 23:08:00,demo_publisher,site C,sess_000414,page_066,notícias,meio do artigo,banner,celular,AR,5,5,1,0,0.01983
evt_000101,2026-03-12 23:52:00,demo_publisher,site B,sess_001773,page_013,finanças,meio do artigo,nativo,celular,BR,6,4,3,0,0.01379
evt_000102,2026-04-18 07:03:00,demo_publisher,site A,sess_000976,page_054,finanças,meio do artigo,banner,celular,MX,1,1,1,0,0.0
evt_000103,2026-03-01 10:36:00,demo_publisher,site B,sess_000195,page_081,estilo de vida,meio do artigo,banner,celular,MX,6,5,2,0,0.01369
evt_000104,2026-04-17 19:27:00,demo_publisher,site B,sess_001650,page_003,estilo de vida,rodapé fixo,banner,celular,BR,1,1,1,0,0.00622
evt_000105,2026-04-17 05:10:00,demo_publisher,site C,sess_001297,page_128,estilo de vida,meio do artigo,nativo,computador,US,6,6,2,0,0.02618
evt_000106,2026-04-16 19:43:00,demo_publisher,site B,sess_000052,page_072,estilo de vida,topo da página,banner,computador,BR,4,3,3,0,0.02514
evt_000107,2026-04-09 21:23:00,demo_publisher,site C,sess_001565,page_110,notícias,meio do artigo,banner,tablet,US,5,5,5,0,0.01882
evt_000108,2026-03-29 07:03:00,demo_publisher,site B,sess_001215,page_039,esportes,lateral,nativo,celular,BR,2,2,0,0,0.00715
evt_000109,2026-04-12 07:26:00,demo_publisher,site B,sess_001229,page_117,notícias,topo da página,vídeo,tablet,US,4,4,3,0,0.02651
evt_000110,2026-03-17 15:03:00,demo_publisher,site C,sess_001730,page_051,finanças,meio do artigo,vídeo,celular,AR,4,2,2,0,0.01251
evt_000111,2026-04-16 20:14:00,demo_publisher,site A,sess_000991,page_130,finanças,topo da página,mídia rica,tablet,BR,2,2,1,0,0.01027
evt_000112,2026-04-03 08:07:00,demo_publisher,site A,sess_000923,page_073,tecnologia,rodapé fixo,nativo,computador,BR,4,4,0,0,0.01982
evt_000113,2026-03-28 12:50:00,demo_publisher,site A,sess_001235,page_089,notícias,topo da página,banner,celular,BR,6,4,0,0,0.01302
evt_000114,2026-03-31 08:04:00,demo_publisher,site A,sess_000396,page_029,estilo de vida,topo da página,banner,celular,BR,1,1,0,0,0.00144
evt_000115,2026-04-04 02:59:00,demo_publisher,site B,sess_000304,page_139,esportes,rodapé fixo,banner,computador,BR,3,2,2,0,0.00717
evt_000116,2026-03-03 05:39:00,demo_publisher,site A,sess_001687,page_027,esportes,topo da página,banner,computador,US,3,2,1,0,0.00947
evt_000117,2026-03-09 09:18:00,demo_publisher,site B,sess_000431,page_005,tecnologia,lateral,banner,computador,MX,2,2,2,0,0.00954
evt_000118,2026-03-15 17:29:00,demo_publisher,site C,sess_001009,page_062,notícias,meio do artigo,banner,computador,BR,3,1,1,0,0.00402
evt_000119,2026-03-07 20:55:00,demo_publisher,site A,sess_000540,page_117,esportes,rodapé fixo,vídeo,tablet,BR,1,1,1,0,0.00885
evt_000120,2026-03-27 09:02:00,demo_publisher,site B,sess_000461,page_129,esportes,topo da página,nativo,tablet,BR,1,1,1,0,0.00354
evt_000121,2026-04-10 02:30:00,demo_publisher,site C,sess_001195,page_120,tecnologia,topo da página,banner,celular,BR,6,3,3,0,0.02384
evt_000122,2026-04-09 06:22:00,demo_publisher,site A,sess_001604,page_077,notícias,topo da página,nativo,tablet,BR,2,1,0,0,0.00604
evt_000123,2026-03-29 06:22:00,demo_publisher,site A,sess_000884,page_128,entretenimento,rodapé fixo,banner,celular,MX,2,2,0,0,0.0074
evt_000124,2026-04-21 07:18:00,demo_publisher,site C,sess_000278,page_069,entretenimento,rodapé fixo,nativo,tablet,BR,4,3,3,0,0.01104
evt_000125,2026-04-03 21:56:00,demo_publisher,site A,sess_000489,page_067,tecnologia,meio do artigo,nativo,computador,CL,5,4,4,0,0.0499
evt_000126,2026-03-05 18:02:00,demo_publisher,site C,sess_000329,page_026,esportes,topo da página,banner,computador,MX,6,5,4,0,0.0154
evt_000127,2026-04-15 21:35:00,demo_publisher,site A,sess_001765,page_110,estilo de vida,topo da página,banner,celular,MX,4,3,2,0,0.00654
evt_000128,2026-04-04 11:25:00,demo_publisher,site B,sess_000639,page_044,notícias,topo da página,mídia rica,celular,BR,2,2,0,0,0.01649
evt_000129,2026-04-08 01:59:00,demo_publisher,site C,sess_000748,page_028,entretenimento,topo da página,nativo,celular,BR,2,2,1,0,0.00679
evt_000130,2026-04-03 22:08:00,demo_publisher,site C,sess_000143,page_052,finanças,rodapé fixo,nativo,celular,BR,5,4,3,0,0.01838
evt_000131,2026-04-03 05:09:00,demo_publisher,site A,sess_000892,page_084,notícias,topo da página,banner,computador,BR,6,6,2,0,0.02305
evt_000132,2026-03-06 10:24:00,demo_publisher,site A,sess_001827,page_038,esportes,rodapé fixo,banner,computador,CL,6,4,3,0,0.03403
evt_000133,2026-04-03 13:15:00,demo_publisher,site A,sess_000819,page_050,tecnologia,topo da página,banner,celular,BR,6,6,3,0,0.05572
evt_000134,2026-04-17 16:40:00,demo_publisher,site B,sess_001302,page_046,entretenimento,rodapé fixo,mídia rica,celular,BR,4,3,2,0,0.01483
evt_000135,2026-03-19 05:41:00,demo_publisher,site A,sess_000364,page_083,finanças,meio do artigo,banner,computador,BR,2,2,1,0,0.01228
evt_000136,2026-04-06 04:05:00,demo_publisher,site A,sess_000286,page_100,finanças,topo da página,banner,celular,BR,3,2,2,0,0.01139
evt_000137,2026-03-02 20:22:00,demo_publisher,site B,sess_001463,page_094,tecnologia,rodapé fixo,mídia rica,computador,BR,1,1,1,0,0.00721
evt_000138,2026-03-21 20:23:00,demo_publisher,site C,sess_000132,page_020,tecnologia,topo da página,nativo,celular,BR,3,2,1,0,0.01191
evt_000139,2026-03-27 04:52:00,demo_publisher,site C,sess_000897,page_049,tecnologia,rodapé fixo,banner,celular,BR,4,3,3,0,0.01187
evt_000140,2026-04-28 23:08:00,demo_publisher,site A,sess_000634,page_091,esportes,rodapé fixo,nativo,celular,BR,5,4,3,0,0.01414
evt_000141,2026-03-13 21:00:00,demo_publisher,site C,sess_000033,page_031,estilo de vida,intersticial,nativo,tablet,BR,2,1,0,0,0.00321
evt_000142,2026-03-17 14:13:00,demo_publisher,site A,sess_001062,page_010,tecnologia,rodapé fixo,mídia rica,celular,BR,5,3,2,1,0.02077
evt_000143,2026-03-25 12:16:00,demo_publisher,site C,sess_001928,page_045,notícias,topo da página,banner,tablet,BR,2,2,2,0,0.01555
evt_000144,2026-04-29 13:26:00,demo_publisher,site B,sess_000139,page_095,esportes,meio do artigo,vídeo,celular,BR,5,3,1,0,0.01958
evt_000145,2026-04-21 04:54:00,demo_publisher,site A,sess_001631,page_093,notícias,lateral,banner,celular,BR,6,5,4,1,0.01113
evt_000146,2026-03-03 01:57:00,demo_publisher,site C,sess_001078,page_019,finanças,meio do artigo,vídeo,celular,BR,2,1,1,0,0.01196
evt_000147,2026-03-15 00:52:00,demo_publisher,site A,sess_001447,page_095,tecnologia,meio do artigo,vídeo,celular,US,2,1,1,0,0.00589
evt_000148,2026-04-19 07:12:00,demo_publisher,site B,sess_000194,page_028,notícias,topo da página,vídeo,celular,BR,6,5,5,0,0.01608
evt_000149,2026-03-04 11:57:00,demo_publisher,site B,sess_001738,page_104,estilo de vida,lateral,vídeo,celular,BR,3,3,2,0,0.03071
evt_000150,2026-04-21 08:09:00,demo_publisher,site A,sess_000023,page_079,notícias,meio do artigo,vídeo,computador,BR,2,2,1,0,0.01409
evt_000151,2026-03-17 21:11:00,demo_publisher,site A,sess_001813,page_018,entretenimento,topo da página,banner,computador,BR,2,2,1,0,0.00605
evt_000152,2026-04-25 01:25:00,demo_publisher,site A,sess_001315,page_049,tecnologia,intersticial,banner,computador,MX,3,3,2,0,0.01962
evt_000153,2026-03-18 14:46:00,demo_publisher,site A,sess_000675,page_114,finanças,rodapé fixo,banner,celular,AR,3,2,2,0,0.023
evt_000154,2026-03-27 01:24:00,demo_publisher,site C,sess_000015,page_061,tecnologia,meio do artigo,nativo,computador,BR,6,4,1,0,0.02155
evt_000155,2026-04-09 17:09:00,demo_publisher,site A,sess_001222,page_096,notícias,topo da página,banner,celular,BR,3,2,1,0,0.00124
evt_000156,2026-03-08 13:50:00,demo_publisher,site B,sess_000175,page_105,tecnologia,lateral,vídeo,computador,BR,3,3,3,0,0.02289
evt_000157,2026-04-03 10:07:00,demo_publisher,site B,sess_001218,page_005,tecnologia,topo da página,vídeo,computador,BR,2,1,1,0,0.00618
evt_000158,2026-03-31 07:13:00,demo_publisher,site B,sess_001546,page_130,notícias,lateral,mídia rica,celular,BR,5,4,1,1,0.02432
evt_000159,2026-04-17 00:48:00,demo_publisher,site A,sess_000535,page_047,entretenimento,rodapé fixo,banner,celular,BR,5,5,2,0,0.01735
evt_000160,2026-04-29 18:23:00,demo_publisher,site B,sess_000478,page_111,notícias,topo da página,vídeo,computador,US,4,3,2,0,0.01872
evt_000161,2026-04-09 20:36:00,demo_publisher,site C,sess_000444,page_065,estilo de vida,meio do artigo,vídeo,tablet,BR,5,4,2,0,0.01793
evt_000162,2026-03-25 13:13:00,demo_publisher,site A,sess_000450,page_081,notícias,topo da página,mídia rica,computador,BR,2,2,1,0,0.03298
evt_000163,2026-03-25 09:11:00,demo_publisher,site A,sess_000228,page_051,tecnologia,meio do artigo,vídeo,celular,BR,4,2,1,0,0.00693
evt_000164,2026-03-26 01:51:00,demo_publisher,site C,sess_000500,page_119,notícias,lateral,banner,computador,BR,5,5,1,0,0.01416
evt_000165,2026-04-18 20:11:00,demo_publisher,site C,sess_001318,page_017,notícias,topo da página,banner,computador,CL,6,5,3,0,0.02213
evt_000166,2026-03-20 06:33:00,demo_publisher,site B,sess_000605,page_125,finanças,intersticial,mídia rica,computador,BR,2,2,2,0,0.0215
evt_000167,2026-03-11 00:26:00,demo_publisher,site C,sess_001562,page_029,entretenimento,lateral,vídeo,computador,BR,1,1,0,0,0.00485
evt_000168,2026-03-21 01:22:00,demo_publisher,site C,sess_001638,page_123,esportes,topo da página,vídeo,celular,BR,5,5,1,0,0.03181
evt_000169,2026-03-02 08:42:00,demo_publisher,site A,sess_001522,page_004,estilo de vida,meio do artigo,vídeo,celular,BR,4,3,1,0,0.0227
evt_000170,2026-03-07 08:50:00,demo_publisher,site A,sess_001079,page_002,finanças,meio do artigo,vídeo,computador,BR,1,1,1,0,0.03209
evt_000171,2026-03-06 09:40:00,demo_publisher,site B,sess_000633,page_013,tecnologia,meio do artigo,vídeo,tablet,BR,5,4,1,0,0.02363
evt_000172,2026-04-16 07:02:00,demo_publisher,site B,sess_001859,page_077,esportes,meio do artigo,mídia rica,celular,BR,3,2,2,0,0.00721
evt_000173,2026-04-13 08:11:00,demo_publisher,site C,sess_000411,page_038,estilo de vida,topo da página,mídia rica,computador,BR,4,4,1,0,0.01856
evt_000174,2026-04-11 19:20:00,demo_publisher,site B,sess_000929,page_084,entretenimento,topo da página,banner,computador,US,3,3,1,0,0.01477
evt_000175,2026-03-28 17:06:00,demo_publisher,site A,sess_000907,page_114,esportes,topo da página,banner,computador,BR,6,5,4,0,0.06042
evt_000176,2026-04-13 00:33:00,demo_publisher,site A,sess_001491,page_004,finanças,topo da página,banner,celular,BR,3,2,2,0,0.01136
evt_000177,2026-03-10 16:13:00,demo_publisher,site C,sess_001094,page_074,entretenimento,lateral,banner,celular,AR,4,2,2,0,0.00555
evt_000178,2026-04-24 00:53:00,demo_publisher,site B,sess_001599,page_103,esportes,intersticial,vídeo,computador,BR,4,3,3,0,0.01051
evt_000179,2026-03-31 01:30:00,demo_publisher,site A,sess_001838,page_060,esportes,lateral,vídeo,computador,BR,6,5,5,1,0.04049
evt_000180,2026-04-26 06:47:00,demo_publisher,site B,sess_000781,page_129,esportes,intersticial,banner,computador,BR,4,3,1,0,0.01067
evt_000181,2026-03-10 03:19:00,demo_publisher,site B,sess_001749,page_093,tecnologia,meio do artigo,banner,computador,BR,1,0,0,0,0.00044
evt_000182,2026-03-30 20:09:00,demo_publisher,site A,sess_000340,page_005,entretenimento,meio do artigo,nativo,celular,BR,6,5,4,0,0.01548
evt_000183,2026-04-11 18:42:00,demo_publisher,site C,sess_001832,page_076,estilo de vida,rodapé fixo,vídeo,tablet,US,1,1,0,0,0.00364
evt_000184,2026-03-30 17:42:00,demo_publisher,site A,sess_000356,page_054,estilo de vida,topo da página,nativo,computador,BR,4,2,2,0,0.00779
evt_000185,2026-03-27 18:27:00,demo_publisher,site B,sess_001700,page_019,esportes,topo da página,banner,computador,US,3,3,2,0,0.0075
evt_000186,2026-03-10 23:20:00,demo_publisher,site A,sess_000781,page_133,notícias,intersticial,banner,computador,BR,3,0,0,0,0.0
evt_000187,2026-03-23 20:40:00,demo_publisher,site B,sess_001929,page_031,notícias,lateral,nativo,computador,BR,6,4,2,0,0.02171
evt_000188,2026-03-15 07:49:00,demo_publisher,site C,sess_000259,page_012,notícias,rodapé fixo,nativo,celular,BR,1,1,1,0,0.00319
evt_000189,2026-03-19 02:10:00,demo_publisher,site B,sess_000931,page_031,notícias,topo da página,vídeo,tablet,CL,1,1,1,0,0.00568
evt_000190,2026-04-11 00:31:00,demo_publisher,site B,sess_001803,page_115,estilo de vida,rodapé fixo,mídia rica,celular,BR,6,3,2,0,0.02782
evt_000191,2026-04-07 19:36:00,demo_publisher,site B,sess_000095,page_084,notícias,topo da página,banner,computador,AR,2,2,2,0,0.00337
evt_000192,2026-04-06 10:21:00,demo_publisher,site B,sess_000530,page_114,notícias,meio do artigo,banner,celular,US,3,3,2,0,0.00689
evt_000193,2026-03-22 17:00:00,demo_publisher,site C,sess_000168,page_065,esportes,rodapé fixo,banner,celular,US,6,6,4,0,0.02787
evt_000194,2026-04-27 13:57:00,demo_publisher,site B,sess_000643,page_017,esportes,meio do artigo,banner,computador,BR,5,5,4,0,0.03597
evt_000195,2026-03-06 06:12:00,demo_publisher,site B,sess_000781,page_054,notícias,lateral,banner,tablet,BR,4,3,3,0,0.0117
evt_000196,2026-03-21 13:19:00,demo_publisher,site A,sess_001238,page_028,notícias,rodapé fixo,banner,celular,BR,1,1,1,0,0.00765
evt_000197,2026-03-08 01:55:00,demo_publisher,site A,sess_000516,page_078,esportes,rodapé fixo,banner,celular,BR,3,2,1,0,0.01413
evt_000198,2026-03-21 08:04:00,demo_publisher,site A,sess_000318,page_038,finanças,topo da página,vídeo,celular,BR,4,3,0,0,0.02508
evt_000199,2026-04-27 17:07:00,demo_publisher,site B,sess_000340,page_135,tecnologia,topo da página,banner,computador,MX,1,1,1,0,0.00743
evt_000200,2026-03-22 23:25:00,demo_publisher,site C,sess_001876,page_053,tecnologia,rodapé fixo,vídeo,celular,BR,4,3,2,0,0.02328
evt_000201,2026-04-24 12:21:00,demo_publisher,site B,sess_001906,page_044,tecnologia,meio do artigo,banner,celular,BR,5,5,4,0,0.01998
evt_000202,2026-03-30 16:53:00,demo_publisher,site A,sess_000443,page_137,estilo de vida,meio do artigo,banner,tablet,BR,3,2,0,0,0.00795
evt_000203,2026-04-11 23:34:00,demo_publisher,site B,sess_000391,page_073,entretenimento,topo da página,banner,computador,BR,6,6,2,0,0.01446
evt_000204,2026-03-28 10:40:00,demo_publisher,site A,sess_000109,page_024,finanças,topo da página,banner,computador,US,6,5,3,1,0.02841
evt_000205,2026-03-16 22:51:00,demo_publisher,site B,sess_001918,page_067,estilo de vida,intersticial,banner,celular,MX,5,2,2,0,0.01009
evt_000206,2026-04-15 20:29:00,demo_publisher,site B,sess_001412,page_036,finanças,meio do artigo,vídeo,celular,BR,2,1,1,0,0.01046
evt_000207,2026-04-28 03:36:00,demo_publisher,site B,sess_001521,page_100,esportes,rodapé fixo,mídia rica,celular,BR,1,1,1,0,0.00333
evt_000208,2026-03-16 19:28:00,demo_publisher,site C,sess_000581,page_080,esportes,topo da página,banner,celular,BR,5,4,2,0,0.01395
evt_000209,2026-04-16 17:24:00,demo_publisher,site B,sess_001282,page_102,notícias,topo da página,banner,celular,CL,4,2,2,0,0.00349
evt_000210,2026-03-16 16:02:00,demo_publisher,site B,sess_000120,page_131,tecnologia,meio do artigo,banner,celular,BR,5,3,3,0,0.01894
evt_000211,2026-04-13 00:19:00,demo_publisher,site B,sess_001352,page_102,notícias,rodapé fixo,vídeo,computador,BR,3,2,2,0,0.0096
evt_000212,2026-04-17 08:10:00,demo_publisher,site C,sess_001159,page_048,estilo de vida,meio do artigo,banner,celular,BR,1,1,0,0,0.00501
evt_000213,2026-03-27 23:04:00,demo_publisher,site B,sess_000663,page_029,tecnologia,meio do artigo,banner,celular,BR,6,5,3,0,0.01768
evt_000214,2026-04-14 05:09:00,demo_publisher,site A,sess_001421,page_074,finanças,meio do artigo,mídia rica,celular,BR,6,3,2,0,0.01868
evt_000215,2026-03-17 08:01:00,demo_publisher,site A,sess_001293,page_063,notícias,topo da página,vídeo,celular,BR,5,5,2,0,0.04967
evt_000216,2026-03-05 18:07:00,demo_publisher,site A,sess_000878,page_044,finanças,meio do artigo,nativo,celular,BR,1,0,0,0,0.0
evt_000217,2026-03-06 18:48:00,demo_publisher,site A,sess_000374,page_113,esportes,meio do artigo,banner,computador,BR,5,4,1,0,0.02073
evt_000218,2026-03-27 19:42:00,demo_publisher,site C,sess_000048,page_127,entretenimento,topo da página,banner,computador,BR,6,4,2,0,0.0165
evt_000219,2026-04-24 03:44:00,demo_publisher,site A,sess_001875,page_054,estilo de vida,lateral,banner,computador,BR,3,3,1,0,0.0085
evt_000220,2026-03-08 15:42:00,demo_publisher,site A,sess_000563,page_095,tecnologia,topo da página,nativo,celular,BR,4,4,2,0,0.02182
evt_000221,2026-03-28 08:19:00,demo_publisher,site B,sess_000604,page_137,finanças,lateral,vídeo,celular,BR,1,1,1,0,0.00886
evt_000222,2026-04-12 05:48:00,demo_publisher,site A,sess_001362,page_002,tecnologia,rodapé fixo,banner,tablet,BR,4,2,2,0,0.00873
evt_000223,2026-03-13 03:24:00,demo_publisher,site A,sess_000511,page_051,tecnologia,rodapé fixo,mídia rica,celular,BR,5,3,2,0,0.01883
evt_000224,2026-04-13 07:07:00,demo_publisher,site B,sess_000752,page_103,notícias,lateral,nativo,celular,BR,2,1,1,0,0.00881
evt_000225,2026-03-19 08:34:00,demo_publisher,site A,sess_001422,page_070,esportes,meio do artigo,vídeo,celular,BR,4,0,0,0,0.0
evt_000226,2026-04-18 12:28:00,demo_publisher,site A,sess_001191,page_111,notícias,meio do artigo,banner,celular,BR,2,2,1,0,0.00958
evt_000227,2026-04-04 18:04:00,demo_publisher,site B,sess_001313,page_066,finanças,meio do artigo,banner,celular,MX,1,0,0,0,0.0
evt_000228,2026-04-02 19:32:00,demo_publisher,site C,sess_000010,page_009,entretenimento,topo da página,banner,computador,BR,1,1,0,0,0.00848
evt_000229,2026-03-11 14:33:00,demo_publisher,site A,sess_000903,page_061,estilo de vida,lateral,vídeo,celular,BR,5,5,3,0,0.02296
evt_000230,2026-03-28 19:00:00,demo_publisher,site B,sess_000951,page_057,finanças,topo da página,banner,tablet,BR,2,2,1,0,0.00556
evt_000231,2026-04-21 09:31:00,demo_publisher,site A,sess_001265,page_118,entretenimento,meio do artigo,banner,celular,BR,1,0,0,0,0.0
evt_000232,2026-03-02 04:06:00,demo_publisher,site A,sess_000303,page_021,notícias,meio do artigo,vídeo,computador,BR,6,4,3,0,0.02566
evt_000233,2026-04-15 12:16:00,demo_publisher,site A,sess_000319,page_022,notícias,lateral,vídeo,celular,BR,5,5,2,0,0.02939
evt_000234,2026-03-30 13:34:00,demo_publisher,site C,sess_001525,page_020,entretenimento,meio do artigo,nativo,tablet,US,2,0,0,0,0.0
evt_000235,2026-04-13 04:01:00,demo_publisher,site A,sess_001346,page_079,entretenimento,meio do artigo,nativo,computador,US,5,3,0,0,0.0133
evt_000236,2026-04-09 19:08:00,demo_publisher,site A,sess_001622,page_139,estilo de vida,lateral,nativo,tablet,US,3,2,1,0,0.0049
evt_000237,2026-03-26 22:12:00,demo_publisher,site B,sess_000541,page_086,esportes,rodapé fixo,nativo,tablet,BR,1,1,1,0,0.0061
evt_000238,2026-03-19 12:28:00,demo_publisher,site C,sess_001995,page_114,entretenimento,lateral,banner,celular,BR,2,2,2,0,0.00955
evt_000239,2026-04-07 15:19:00,demo_publisher,site A,sess_000546,page_119,tecnologia,topo da página,banner,computador,BR,5,5,2,0,0.04803
evt_000240,2026-03-09 09:55:00,demo_publisher,site A,sess_001302,page_084,estilo de vida,rodapé fixo,banner,computador,BR,5,4,3,0,0.01774
evt_000241,2026-04-05 01:06:00,demo_publisher,site A,sess_000325,page_085,esportes,topo da página,banner,computador,AR,3,3,1,0,0.01501
evt_000242,2026-03-06 16:21:00,demo_publisher,site C,sess_001837,page_034,finanças,topo da página,nativo,computador,BR,6,5,3,0,0.07432
evt_000243,2026-04-08 23:46:00,demo_publisher,site C,sess_000665,page_134,tecnologia,topo da página,nativo,celular,BR,4,3,1,0,0.01953
evt_000244,2026-04-07 17:23:00,demo_publisher,site C,sess_001605,page_110,tecnologia,meio do artigo,banner,tablet,MX,1,1,1,0,0.00468
evt_000245,2026-03-06 01:35:00,demo_publisher,site A,sess_000663,page_122,estilo de vida,lateral,vídeo,computador,BR,6,4,2,0,0.0209
evt_000246,2026-04-15 10:46:00,demo_publisher,site A,sess_001581,page_137,finanças,meio do artigo,vídeo,celular,BR,1,1,1,0,0.01637
evt_000247,2026-03-25 22:45:00,demo_publisher,site A,sess_000908,page_049,estilo de vida,rodapé fixo,nativo,celular,BR,6,5,2,0,0.01272
evt_000248,2026-04-17 05:06:00,demo_publisher,site A,sess_000125,page_020,finanças,meio do artigo,mídia rica,computador,BR,1,1,1,0,0.00521
evt_000249,2026-03-03 11:55:00,demo_publisher,site A,sess_000381,page_120,finanças,topo da página,banner,celular,BR,3,3,2,0,0.01048
evt_000250,2026-03-11 18:25:00,demo_publisher,site A,sess_001367,page_066,notícias,meio do artigo,banner,tablet,BR,1,1,1,0,0.00177
evt_000251,2026-03-30 15:20:00,demo_publisher,site C,sess_000386,page_134,notícias,lateral,banner,celular,BR,5,5,2,0,0.01843
evt_000252,2026-03-12 07:02:00,demo_publisher,site B,sess_000551,page_097,tecnologia,meio do artigo,nativo,computador,BR,2,2,1,0,0.01332
evt_000253,2026-03-20 19:00:00,demo_publisher,site A,sess_001083,page_036,notícias,meio do artigo,banner,celular,BR,4,3,2,0,0.01346
evt_000254,2026-04-09 15:15:00,demo_publisher,site A,sess_000506,page_050,notícias,meio do artigo,vídeo,computador,AR,2,1,1,0,0.00744
evt_000255,2026-03-09 16:06:00,demo_publisher,site C,sess_000258,page_085,entretenimento,meio do artigo,banner,tablet,AR,5,5,3,0,0.01053
evt_000256,2026-04-10 15:53:00,demo_publisher,site C,sess_001248,page_055,tecnologia,meio do artigo,nativo,tablet,BR,3,3,1,0,0.0186
evt_000257,2026-03-07 04:54:00,demo_publisher,site A,sess_001378,page_040,notícias,rodapé fixo,nativo,computador,MX,2,1,1,0,0.00473
evt_000258,2026-03-11 12:15:00,demo_publisher,site C,sess_001466,page_030,esportes,topo da página,banner,celular,US,1,1,0,0,0.00289
evt_000259,2026-04-05 06:12:00,demo_publisher,site B,sess_001887,page_091,tecnologia,topo da página,vídeo,celular,CL,3,2,2,0,0.00758
evt_000260,2026-04-17 14:36:00,demo_publisher,site B,sess_000249,page_005,finanças,rodapé fixo,nativo,celular,BR,5,3,2,0,0.01392
evt_000261,2026-03-11 05:39:00,demo_publisher,site B,sess_000854,page_014,finanças,rodapé fixo,vídeo,celular,BR,1,1,1,0,0.01023
evt_000262,2026-03-18 23:59:00,demo_publisher,site B,sess_000468,page_006,finanças,lateral,nativo,tablet,BR,4,4,0,0,0.02144
evt_000263,2026-04-25 12:10:00,demo_publisher,site A,sess_001802,page_103,notícias,meio do artigo,nativo,computador,MX,6,6,4,0,0.04646
evt_000264,2026-04-29 09:08:00,demo_publisher,site B,sess_001080,page_005,tecnologia,intersticial,banner,celular,BR,6,1,0,0,0.00602
evt_000265,2026-04-04 20:43:00,demo_publisher,site A,sess_000197,page_059,notícias,meio do artigo,vídeo,computador,BR,6,3,1,0,0.02147
evt_000266,2026-03-27 19:44:00,demo_publisher,site A,sess_001384,page_017,finanças,meio do artigo,banner,computador,BR,6,4,2,1,0.03988
evt_000267,2026-03-21 19:29:00,demo_publisher,site A,sess_000086,page_082,notícias,lateral,banner,celular,CL,2,2,0,0,0.00789
evt_000268,2026-04-06 17:55:00,demo_publisher,site B,sess_000549,page_005,notícias,meio do artigo,banner,celular,MX,1,1,1,0,0.00332
evt_000269,2026-04-05 10:55:00,demo_publisher,site A,sess_001443,page_004,notícias,meio do artigo,nativo,celular,AR,4,3,1,0,0.01912
evt_000270,2026-03-18 16:26:00,demo_publisher,site A,sess_001012,page_058,tecnologia,intersticial,banner,computador,BR,5,5,1,0,0.04858
evt_000271,2026-03-02 08:50:00,demo_publisher,site A,sess_001522,page_097,notícias,topo da página,mídia rica,celular,BR,3,1,1,0,0.01037
evt_000272,2026-03-10 02:09:00,demo_publisher,site B,sess_001142,page_016,esportes,topo da página,banner,computador,BR,2,1,0,0,0.00849
evt_000273,2026-04-27 12:19:00,demo_publisher,site B,sess_001686,page_069,notícias,meio do artigo,banner,celular,MX,1,1,1,0,0.00151
evt_000274,2026-03-26 02:08:00,demo_publisher,site A,sess_001125,page_113,tecnologia,meio do artigo,banner,computador,BR,4,4,3,1,0.02383
evt_000275,2026-03-29 22:31:00,demo_publisher,site B,sess_000114,page_087,finanças,lateral,banner,celular,BR,1,1,1,0,0.00858
evt_000276,2026-03-29 00:38:00,demo_publisher,site A,sess_000143,page_105,entretenimento,intersticial,banner,celular,BR,5,4,4,0,0.00818
evt_000277,2026-04-16 23:08:00,demo_publisher,site C,sess_001554,page_044,estilo de vida,lateral,vídeo,computador,BR,5,4,2,0,0.04354
evt_000278,2026-03-04 21:32:00,demo_publisher,site A,sess_000078,page_131,finanças,intersticial,banner,celular,BR,5,3,1,0,0.01244
evt_000279,2026-03-05 23:07:00,demo_publisher,site B,sess_000753,page_021,estilo de vida,topo da página,banner,computador,BR,2,2,2,0,0.0049
evt_000280,2026-03-17 13:13:00,demo_publisher,site C,sess_000033,page_085,notícias,topo da página,banner,celular,BR,1,1,1,0,0.00119
evt_000281,2026-03-30 04:47:00,demo_publisher,site A,sess_000607,page_061,entretenimento,meio do artigo,banner,celular,BR,4,4,3,0,0.00636
evt_000282,2026-04-10 06:25:00,demo_publisher,site B,sess_001190,page_005,entretenimento,rodapé fixo,mídia rica,celular,US,5,4,2,0,0.02381
evt_000283,2026-03-30 10:37:00,demo_publisher,site A,sess_000346,page_132,esportes,topo da página,banner,computador,BR,6,5,3,0,0.04491
evt_000284,2026-03-27 11:16:00,demo_publisher,site C,sess_000932,page_098,estilo de vida,topo da página,vídeo,computador,AR,1,0,0,0,0.00192
evt_000285,2026-04-26 06:28:00,demo_publisher,site A,sess_001992,page_032,notícias,meio do artigo,nativo,computador,BR,1,1,0,0,0.00726
evt_000286,2026-03-10 15:52:00,demo_publisher,site A,sess_000141,page_008,estilo de vida,meio do artigo,banner,computador,BR,1,0,0,0,0.00341
evt_000287,2026-04-04 07:17:00,demo_publisher,site A,sess_000128,page_094,tecnologia,lateral,vídeo,celular,BR,4,4,3,1,0.03405
evt_000288,2026-04-02 12:49:00,demo_publisher,site C,sess_000543,page_076,entretenimento,rodapé fixo,banner,computador,BR,1,1,1,0,0.00647
evt_000289,2026-03-29 09:49:00,demo_publisher,site A,sess_001654,page_007,esportes,topo da página,vídeo,computador,BR,6,6,3,0,0.03232
evt_000290,2026-04-18 10:56:00,demo_publisher,site C,sess_000812,page_138,estilo de vida,meio do artigo,nativo,computador,BR,3,3,1,0,0.01462
evt_000291,2026-03-17 00:26:00,demo_publisher,site C,sess_001279,page_100,tecnologia,topo da página,banner,celular,BR,5,4,2,0,0.03409
evt_000292,2026-04-27 05:25:00,demo_publisher,site C,sess_000068,page_065,esportes,topo da página,mídia rica,celular,BR,2,1,0,0,0.0058
evt_000293,2026-03-20 21:27:00,demo_publisher,site A,sess_001470,page_034,estilo de vida,meio do artigo,banner,celular,BR,2,2,2,0,0.00304
evt_000294,2026-04-02 16:48:00,demo_publisher,site B,sess_000135,page_038,estilo de vida,meio do artigo,mídia rica,tablet,MX,1,1,1,0,0.00274
evt_000295,2026-04-01 05:46:00,demo_publisher,site A,sess_001423,page_063,tecnologia,meio do artigo,mídia rica,computador,BR,2,2,1,0,0.01972
evt_000296,2026-04-20 23:40:00,demo_publisher,site B,sess_000296,page_008,entretenimento,lateral,banner,celular,CL,5,3,0,0,0.01172
evt_000297,2026-03-27 08:01:00,demo_publisher,site A,sess_001717,page_052,notícias,rodapé fixo,banner,computador,BR,5,5,4,0,0.0206
evt_000298,2026-03-18 01:45:00,demo_publisher,site C,sess_000592,page_031,notícias,topo da página,vídeo,celular,AR,5,5,3,0,0.0797
evt_000299,2026-03-02 07:07:00,demo_publisher,site A,sess_000368,page_016,notícias,rodapé fixo,banner,computador,BR,1,1,0,0,0.00517
evt_000300,2026-03-22 19:41:00,demo_publisher,site C,sess_000674,page_018,notícias,lateral,vídeo,tablet,BR,2,2,2,0,0.01248
evt_000301,2026-04-19 13:51:00,demo_publisher,site A,sess_000002,page_049,finanças,topo da página,banner,celular,BR,4,4,3,0,0.03284
evt_000302,2026-03-01 14:16:00,demo_publisher,site B,sess_000331,page_054,entretenimento,meio do artigo,banner,celular,BR,6,5,4,0,0.01692
evt_000303,2026-04-23 18:28:00,demo_publisher,site B,sess_001197,page_049,finanças,topo da página,nativo,celular,BR,2,2,2,0,0.00796
evt_000304,2026-04-02 13:40:00,demo_publisher,site A,sess_000602,page_096,estilo de vida,topo da página,vídeo,computador,BR,2,1,1,0,0.00091
evt_000305,2026-03-09 09:57:00,demo_publisher,site B,sess_000708,page_073,esportes,meio do artigo,vídeo,computador,BR,6,4,3,0,0.06903
evt_000306,2026-03-19 03:08:00,demo_publisher,site A,sess_001614,page_027,esportes,topo da página,nativo,tablet,BR,3,2,2,0,0.00992
evt_000307,2026-04-03 05:48:00,demo_publisher,site A,sess_000248,page_136,tecnologia,rodapé fixo,banner,celular,BR,3,2,2,0,0.01663
evt_000308,2026-03-19 22:35:00,demo_publisher,site B,sess_000792,page_102,estilo de vida,rodapé fixo,banner,computador,BR,3,3,3,0,0.00853
evt_000309,2026-03-07 12:20:00,demo_publisher,site B,sess_000373,page_066,esportes,meio do artigo,banner,computador,BR,3,1,1,0,0.00309
evt_000310,2026-04-09 23:01:00,demo_publisher,site B,sess_000966,page_007,entretenimento,lateral,banner,computador,BR,3,3,1,0,0.00787
evt_000311,2026-04-10 08:01:00,demo_publisher,site C,sess_000664,page_128,finanças,intersticial,banner,celular,BR,5,3,3,0,0.01957
evt_000312,2026-03-08 03:10:00,demo_publisher,site B,sess_000093,page_104,notícias,meio do artigo,nativo,celular,BR,5,4,1,0,0.00992
evt_000313,2026-03-17 20:58:00,demo_publisher,site A,sess_000141,page_065,finanças,meio do artigo,banner,celular,BR,1,1,1,0,0.00358
evt_000314,2026-03-15 15:10:00,demo_publisher,site C,sess_001704,page_023,estilo de vida,lateral,banner,computador,BR,1,0,0,0,0.0
evt_000315,2026-04-09 13:34:00,demo_publisher,site C,sess_000114,page_015,esportes,rodapé fixo,nativo,tablet,BR,4,2,2,0,0.01095
evt_000316,2026-04-13 19:37:00,demo_publisher,site B,sess_001565,page_041,tecnologia,rodapé fixo,banner,computador,MX,6,3,3,0,0.01442
evt_000317,2026-04-13 14:52:00,demo_publisher,site C,sess_001832,page_032,finanças,topo da página,mídia rica,computador,BR,6,4,3,0,0.01803
evt_000318,2026-04-26 07:48:00,demo_publisher,site C,sess_000932,page_030,finanças,lateral,banner,tablet,US,6,5,0,0,0.03038
evt_000319,2026-04-16 02:51:00,demo_publisher,site B,sess_000624,page_057,tecnologia,topo da página,banner,celular,BR,4,4,2,0,0.02495
evt_000320,2026-03-20 05:46:00,demo_publisher,site C,sess_001552,page_007,finanças,topo da página,mídia rica,celular,US,2,2,2,0,0.01189
evt_000321,2026-03-07 11:08:00,demo_publisher,site A,sess_001964,page_046,finanças,meio do artigo,nativo,celular,BR,1,1,0,0,0.00985
evt_000322,2026-04-06 21:05:00,demo_publisher,site A,sess_000241,page_122,notícias,lateral,vídeo,computador,BR,5,4,2,0,0.02484
evt_000323,2026-04-24 23:03:00,demo_publisher,site A,sess_001928,page_121,esportes,topo da página,banner,computador,BR,6,6,3,0,0.01865
evt_000324,2026-04-28 12:13:00,demo_publisher,site A,sess_001887,page_002,esportes,meio do artigo,banner,computador,BR,3,1,1,0,0.01026
evt_000325,2026-03-14 19:30:00,demo_publisher,site B,sess_000285,page_095,notícias,lateral,nativo,computador,BR,1,1,1,0,0.00492
evt_000326,2026-03-15 04:29:00,demo_publisher,site A,sess_000110,page_138,estilo de vida,topo da página,banner,celular,BR,5,5,3,0,0.01566
evt_000327,2026-03-03 05:52:00,demo_publisher,site A,sess_001430,page_081,notícias,rodapé fixo,nativo,celular,CL,3,2,2,0,0.00901
evt_000328,2026-03-09 11:25:00,demo_publisher,site A,sess_000156,page_055,esportes,meio do artigo,banner,celular,CL,4,2,0,0,0.01077
evt_000329,2026-04-03 06:59:00,demo_publisher,site A,sess_001202,page_069,estilo de vida,lateral,banner,celular,BR,2,1,1,0,0.0035
evt_000330,2026-04-02 19:23:00,demo_publisher,site C,sess_000130,page_030,esportes,topo da página,banner,computador,BR,3,3,3,0,0.00581
evt_000331,2026-03-23 06:07:00,demo_publisher,site C,sess_001381,page_056,estilo de vida,intersticial,vídeo,computador,BR,5,3,2,0,0.02806
evt_000332,2026-03-19 14:20:00,demo_publisher,site A,sess_000464,page_131,estilo de vida,rodapé fixo,banner,computador,BR,6,5,4,0,0.02522
evt_000333,2026-04-19 18:53:00,demo_publisher,site B,sess_000193,page_086,esportes,topo da página,mídia rica,celular,BR,2,1,1,0,0.00627
evt_000334,2026-03-28 14:26:00,demo_publisher,site B,sess_000134,page_060,notícias,lateral,banner,celular,BR,5,3,2,0,0.01291
evt_000335,2026-04-18 11:52:00,demo_publisher,site B,sess_000377,page_018,finanças,rodapé fixo,nativo,tablet,BR,2,2,2,0,0.00614
evt_000336,2026-04-27 19:01:00,demo_publisher,site A,sess_001081,page_126,notícias,topo da página,banner,celular,BR,5,5,5,1,0.01167
evt_000337,2026-03-20 00:40:00,demo_publisher,site A,sess_000154,page_023,finanças,meio do artigo,nativo,celular,BR,3,3,1,0,0.01299
evt_000338,2026-03-13 03:56:00,demo_publisher,site A,sess_001604,page_101,tecnologia,rodapé fixo,vídeo,celular,MX,5,4,3,0,0.02415
evt_000339,2026-04-27 04:10:00,demo_publisher,site B,sess_001208,page_043,estilo de vida,meio do artigo,nativo,celular,CL,2,2,0,0,0.00629
evt_000340,2026-04-08 02:09:00,demo_publisher,site B,sess_000595,page_039,finanças,rodapé fixo,banner,tablet,BR,1,0,0,0,0.00203
evt_000341,2026-03-18 10:55:00,demo_publisher,site B,sess_001973,page_024,entretenimento,topo da página,vídeo,celular,BR,5,4,3,0,0.01233
evt_000342,2026-04-07 07:28:00,demo_publisher,site B,sess_001317,page_053,notícias,rodapé fixo,banner,computador,US,1,1,0,0,0.00362
evt_000343,2026-03-31 21:40:00,demo_publisher,site B,sess_001344,page_095,entretenimento,intersticial,nativo,computador,AR,4,2,0,0,0.00983
evt_000344,2026-04-24 07:57:00,demo_publisher,site B,sess_000348,page_058,tecnologia,topo da página,vídeo,celular,BR,1,1,1,0,0.0083
evt_000345,2026-03-16 08:35:00,demo_publisher,site A,sess_001421,page_004,finanças,meio do artigo,banner,computador,MX,4,4,2,0,0.0238
evt_000346,2026-04-29 11:35:00,demo_publisher,site B,sess_001118,page_037,notícias,lateral,nativo,celular,BR,1,0,0,0,0.00163
evt_000347,2026-04-26 03:54:00,demo_publisher,site A,sess_001969,page_023,notícias,rodapé fixo,vídeo,tablet,BR,1,1,1,0,0.00821
evt_000348,2026-03-11 20:12:00,demo_publisher,site A,sess_000956,page_056,entretenimento,topo da página,banner,computador,BR,6,6,5,0,0.01674
evt_000349,2026-03-10 21:02:00,demo_publisher,site C,sess_001356,page_126,esportes,meio do artigo,banner,computador,BR,6,6,3,0,0.03016
evt_000350,2026-04-01 23:44:00,demo_publisher,site B,sess_000682,page_134,entretenimento,rodapé fixo,banner,computador,BR,3,2,2,0,0.00859
evt_000351,2026-03-03 16:40:00,demo_publisher,site B,sess_000081,page_139,finanças,meio do artigo,vídeo,celular,MX,3,3,1,0,0.0409
evt_000352,2026-03-18 22:16:00,demo_publisher,site A,sess_000256,page_016,finanças,lateral,nativo,celular,AR,5,5,4,0,0.01155
evt_000353,2026-03-27 02:32:00,demo_publisher,site B,sess_001734,page_068,estilo de vida,meio do artigo,banner,computador,BR,3,3,3,0,0.01628
evt_000354,2026-04-28 03:53:00,demo_publisher,site A,sess_001476,page_007,notícias,intersticial,banner,celular,US,1,0,0,0,0.00088
evt_000355,2026-04-29 13:01:00,demo_publisher,site A,sess_000729,page_069,finanças,topo da página,banner,celular,BR,2,1,1,0,0.00766
evt_000356,2026-03-10 02:13:00,demo_publisher,site A,sess_001395,page_081,entretenimento,intersticial,banner,computador,BR,4,2,0,0,0.00426
evt_000357,2026-04-23 12:00:00,demo_publisher,site B,sess_000009,page_108,esportes,meio do artigo,banner,computador,BR,6,5,3,0,0.01971
evt_000358,2026-03-06 10:56:00,demo_publisher,site A,sess_000075,page_047,entretenimento,rodapé fixo,banner,computador,BR,4,2,1,0,0.00144
evt_000359,2026-04-14 21:59:00,demo_publisher,site A,sess_001014,page_006,entretenimento,topo da página,banner,celular,BR,4,4,2,0,0.0119
evt_000360,2026-04-20 17:43:00,demo_publisher,site A,sess_001250,page_064,notícias,lateral,nativo,computador,BR,5,2,0,0,0.01165
evt_000361,2026-04-23 10:44:00,demo_publisher,site B,sess_001874,page_060,finanças,rodapé fixo,nativo,computador,BR,1,1,1,0,0.00705
evt_000362,2026-03-14 09:43:00,demo_publisher,site A,sess_001519,page_087,notícias,rodapé fixo,banner,celular,BR,4,3,1,0,0.02365
evt_000363,2026-04-23 14:33:00,demo_publisher,site B,sess_000515,page_014,estilo de vida,topo da página,nativo,celular,BR,2,1,1,0,0.00106
evt_000364,2026-03-07 23:00:00,demo_publisher,site A,sess_001630,page_086,entretenimento,meio do artigo,banner,celular,BR,3,1,1,0,0.00201
evt_000365,2026-04-01 03:09:00,demo_publisher,site B,sess_000983,page_056,entretenimento,topo da página,banner,computador,BR,3,3,1,0,0.02084
evt_000366,2026-03-29 04:08:00,demo_publisher,site A,sess_001652,page_103,entretenimento,topo da página,mídia rica,celular,BR,5,5,2,0,0.00902
evt_000367,2026-03-19 22:56:00,demo_publisher,site A,sess_000348,page_137,notícias,lateral,nativo,celular,BR,2,1,1,0,0.00453
evt_000368,2026-03-02 07:50:00,demo_publisher,site A,sess_000053,page_032,estilo de vida,intersticial,banner,celular,BR,6,6,4,0,0.02544
evt_000369,2026-04-16 07:41:00,demo_publisher,site A,sess_000116,page_105,esportes,lateral,banner,celular,US,4,4,2,0,0.00134
evt_000370,2026-03-21 03:14:00,demo_publisher,site C,sess_001981,page_018,entretenimento,topo da página,nativo,celular,MX,3,3,3,0,0.01093
evt_000371,2026-04-09 16:47:00,demo_publisher,site A,sess_000162,page_137,notícias,topo da página,banner,computador,CL,2,2,1,0,0.00431
evt_000372,2026-03-25 14:43:00,demo_publisher,site C,sess_001878,page_067,notícias,meio do artigo,mídia rica,celular,BR,1,1,0,0,0.00502
evt_000373,2026-03-23 10:04:00,demo_publisher,site A,sess_001454,page_104,notícias,topo da página,banner,celular,MX,3,3,2,0,0.00864
evt_000374,2026-04-23 04:15:00,demo_publisher,site A,sess_000292,page_109,notícias,rodapé fixo,banner,computador,BR,1,1,1,0,0.00263
evt_000375,2026-03-06 16:01:00,demo_publisher,site A,sess_001728,page_085,notícias,topo da página,nativo,computador,BR,5,4,2,0,0.01103
evt_000376,2026-04-14 04:43:00,demo_publisher,site A,sess_000289,page_054,notícias,topo da página,nativo,celular,MX,5,2,2,0,0.00473
evt_000377,2026-04-14 19:22:00,demo_publisher,site C,sess_000287,page_105,tecnologia,lateral,banner,tablet,BR,4,4,2,0,0.01648
evt_000378,2026-03-23 19:11:00,demo_publisher,site B,sess_001151,page_067,tecnologia,topo da página,mídia rica,computador,BR,6,4,2,0,0.03237
evt_000379,2026-03-16 17:56:00,demo_publisher,site B,sess_000577,page_092,esportes,meio do artigo,mídia rica,celular,AR,1,0,0,0,0.00145
evt_000380,2026-03-01 07:38:00,demo_publisher,site A,sess_000582,page_086,tecnologia,meio do artigo,banner,computador,BR,6,5,4,0,0.04648
evt_000381,2026-04-26 05:00:00,demo_publisher,site A,sess_000390,page_065,finanças,topo da página,banner,celular,BR,3,2,0,0,0.01157
evt_000382,2026-04-26 20:43:00,demo_publisher,site B,sess_001215,page_017,tecnologia,meio do artigo,banner,celular,BR,5,5,3,0,0.01315
evt_000383,2026-03-15 10:59:00,demo_publisher,site B,sess_000054,page_041,esportes,meio do artigo,nativo,celular,BR,6,5,4,1,0.0312
evt_000384,2026-03-02 21:57:00,demo_publisher,site A,sess_000490,page_131,estilo de vida,lateral,nativo,tablet,BR,1,1,1,0,0.00667
evt_000385,2026-03-08 08:46:00,demo_publisher,site B,sess_001107,page_073,esportes,topo da página,banner,tablet,BR,6,5,5,0,0.02051
evt_000386,2026-03-05 01:24:00,demo_publisher,site B,sess_000973,page_089,notícias,meio do artigo,mídia rica,tablet,BR,6,3,1,0,0.02177
evt_000387,2026-04-19 20:48:00,demo_publisher,site A,sess_001400,page_036,estilo de vida,lateral,banner,celular,BR,5,5,4,0,0.02579
evt_000388,2026-04-23 12:21:00,demo_publisher,site A,sess_000433,page_099,tecnologia,topo da página,vídeo,celular,MX,1,1,1,0,0.00409
evt_000389,2026-03-10 04:43:00,demo_publisher,site B,sess_001296,page_068,tecnologia,topo da página,vídeo,computador,AR,6,4,2,0,0.0253
evt_000390,2026-04-14 19:18:00,demo_publisher,site A,sess_001520,page_031,esportes,meio do artigo,banner,computador,BR,2,2,2,0,0.00993
evt_000391,2026-03-11 18:08:00,demo_publisher,site A,sess_000776,page_021,finanças,topo da página,banner,celular,BR,1,1,1,0,0.00331
evt_000392,2026-03-23 00:46:00,demo_publisher,site B,sess_000514,page_055,tecnologia,topo da página,banner,computador,MX,4,3,2,0,0.01619
evt_000393,2026-04-05 23:06:00,demo_publisher,site C,sess_001110,page_079,notícias,intersticial,mídia rica,tablet,BR,1,1,0,0,0.00128
evt_000394,2026-04-13 04:41:00,demo_publisher,site A,sess_001158,page_039,notícias,meio do artigo,banner,computador,MX,4,4,0,0,0.02681
evt_000395,2026-04-22 11:22:00,demo_publisher,site A,sess_000189,page_035,esportes,meio do artigo,vídeo,computador,BR,1,1,0,0,0.00563
evt_000396,2026-03-03 16:29:00,demo_publisher,site A,sess_001130,page_038,esportes,topo da página,nativo,computador,BR,5,4,4,0,0.02468
evt_000397,2026-03-12 18:51:00,demo_publisher,site B,sess_000309,page_041,esportes,topo da página,banner,computador,BR,1,1,0,0,0.00625
evt_000398,2026-03-17 19:55:00,demo_publisher,site A,sess_001138,page_103,notícias,rodapé fixo,mídia rica,computador,BR,5,4,3,0,0.01441
evt_000399,2026-03-19 14:51:00,demo_publisher,site C,sess_001863,page_070,estilo de vida,lateral,banner,celular,BR,5,4,1,0,0.02075
evt_000400,2026-04-29 21:09:00,demo_publisher,site C,sess_001074,page_066,estilo de vida,intersticial,vídeo,computador,BR,1,1,1,0,0.01092
evt_000401,2026-04-16 15:27:00,demo_publisher,site A,sess_001523,page_023,tecnologia,topo da página,banner,celular,MX,1,1,1,0,0.00205
evt_000402,2026-03-20 05:24:00,demo_publisher,site C,sess_000620,page_076,estilo de vida,topo da página,banner,computador,US,6,5,3,0,0.01227
evt_000403,2026-04-28 07:25:00,demo_publisher,site A,sess_001845,page_134,esportes,lateral,banner,celular,BR,3,2,0,0,0.00482
evt_000404,2026-03-30 23:00:00,demo_publisher,site A,sess_001625,page_104,entretenimento,meio do artigo,banner,celular,US,4,3,2,0,0.01036
evt_000405,2026-03-31 01:04:00,demo_publisher,site C,sess_001833,page_063,tecnologia,topo da página,vídeo,computador,BR,2,2,2,0,0.01812
evt_000406,2026-03-27 00:31:00,demo_publisher,site A,sess_001483,page_043,finanças,meio do artigo,banner,computador,BR,3,3,1,0,0.01688
evt_000407,2026-03-09 15:12:00,demo_publisher,site A,sess_001299,page_049,notícias,topo da página,banner,celular,US,5,4,2,0,0.0118
evt_000408,2026-04-26 01:29:00,demo_publisher,site A,sess_001050,page_004,estilo de vida,rodapé fixo,banner,celular,MX,6,4,4,0,0.02001
evt_000409,2026-03-01 20:04:00,demo_publisher,site A,sess_001856,page_005,estilo de vida,rodapé fixo,nativo,computador,MX,5,3,2,0,0.01191
evt_000410,2026-03-11 10:57:00,demo_publisher,site C,sess_001696,page_108,estilo de vida,lateral,vídeo,celular,BR,2,2,2,0,0.02734
evt_000411,2026-03-14 18:42:00,demo_publisher,site A,sess_000833,page_118,tecnologia,meio do artigo,nativo,computador,BR,5,4,2,0,0.02681
evt_000412,2026-03-17 18:11:00,demo_publisher,site A,sess_000172,page_135,entretenimento,rodapé fixo,mídia rica,computador,BR,3,3,2,0,0.01019
evt_000413,2026-03-08 21:49:00,demo_publisher,site C,sess_000008,page_087,entretenimento,lateral,banner,computador,US,3,2,0,0,0.00328
evt_000414,2026-03-02 01:51:00,demo_publisher,site A,sess_000467,page_130,estilo de vida,rodapé fixo,banner,celular,BR,2,0,0,0,0.0015
evt_000415,2026-04-10 15:49:00,demo_publisher,site C,sess_000126,page_058,entretenimento,meio do artigo,nativo,computador,US,6,4,4,0,0.01527
evt_000416,2026-04-28 03:48:00,demo_publisher,site A,sess_000423,page_036,entretenimento,intersticial,banner,celular,US,2,2,1,0,0.0065
evt_000417,2026-03-08 07:26:00,demo_publisher,site B,sess_000219,page_035,notícias,meio do artigo,nativo,computador,BR,6,6,5,0,0.01582
evt_000418,2026-03-18 19:00:00,demo_publisher,site C,sess_001962,page_033,estilo de vida,lateral,vídeo,computador,AR,6,5,5,0,0.02217
evt_000419,2026-03-31 09:06:00,demo_publisher,site C,sess_000191,page_104,notícias,rodapé fixo,banner,computador,BR,4,3,2,0,0.01955
evt_000420,2026-04-25 15:36:00,demo_publisher,site A,sess_001254,page_002,esportes,rodapé fixo,mídia rica,celular,CL,1,0,0,0,0.0
evt_000421,2026-04-11 15:44:00,demo_publisher,site B,sess_000704,page_132,esportes,intersticial,banner,celular,BR,4,3,1,0,0.00391
evt_000422,2026-04-15 23:18:00,demo_publisher,site A,sess_000349,page_108,finanças,meio do artigo,nativo,celular,BR,1,0,0,0,0.0
evt_000423,2026-04-04 20:48:00,demo_publisher,site A,sess_001402,page_053,notícias,lateral,banner,computador,BR,3,3,0,0,0.01821
evt_000424,2026-03-26 00:31:00,demo_publisher,site A,sess_001941,page_098,esportes,meio do artigo,nativo,computador,AR,1,1,1,0,0.00525
evt_000425,2026-03-12 23:40:00,demo_publisher,site B,sess_001581,page_019,notícias,lateral,banner,computador,BR,5,4,3,0,0.00621
evt_000426,2026-04-21 20:36:00,demo_publisher,site A,sess_001950,page_060,estilo de vida,topo da página,mídia rica,celular,BR,3,3,2,0,0.00912
evt_000427,2026-04-18 05:56:00,demo_publisher,site C,sess_001180,page_016,entretenimento,meio do artigo,mídia rica,celular,BR,6,5,3,0,0.02006
evt_000428,2026-03-02 12:08:00,demo_publisher,site A,sess_001347,page_016,entretenimento,rodapé fixo,nativo,celular,BR,5,5,3,0,0.03759
evt_000429,2026-04-12 22:11:00,demo_publisher,site A,sess_000293,page_001,finanças,rodapé fixo,nativo,computador,BR,2,2,2,0,0.00939
evt_000430,2026-03-06 01:31:00,demo_publisher,site B,sess_001704,page_111,esportes,meio do artigo,nativo,celular,BR,5,5,2,0,0.03048
evt_000431,2026-04-14 08:08:00,demo_publisher,site B,sess_001496,page_104,tecnologia,topo da página,nativo,celular,BR,2,0,0,0,0.00143
evt_000432,2026-04-19 13:22:00,demo_publisher,site A,sess_000508,page_125,notícias,meio do artigo,nativo,celular,BR,2,1,0,0,0.00736
evt_000433,2026-03-08 20:43:00,demo_publisher,site B,sess_000710,page_137,entretenimento,topo da página,nativo,celular,US,2,1,0,0,0.00431
evt_000434,2026-03-27 00:43:00,demo_publisher,site A,sess_001222,page_135,tecnologia,topo da página,vídeo,computador,BR,5,4,3,0,0.02568
evt_000435,2026-03-08 10:12:00,demo_publisher,site B,sess_000026,page_139,finanças,rodapé fixo,nativo,celular,BR,6,6,5,0,0.02752
evt_000436,2026-04-04 00:53:00,demo_publisher,site C,sess_001636,page_003,notícias,meio do artigo,banner,tablet,BR,6,4,2,0,0.0144
evt_000437,2026-04-25 15:41:00,demo_publisher,site B,sess_000561,page_110,notícias,topo da página,mídia rica,computador,AR,4,4,3,0,0.02676
evt_000438,2026-03-05 20:27:00,demo_publisher,site A,sess_000150,page_101,estilo de vida,lateral,banner,celular,BR,1,1,1,0,0.00146
evt_000439,2026-03-24 20:30:00,demo_publisher,site C,sess_000661,page_023,finanças,topo da página,banner,tablet,BR,6,6,3,0,0.02802
evt_000440,2026-04-28 09:17:00,demo_publisher,site C,sess_001671,page_020,tecnologia,meio do artigo,mídia rica,celular,BR,3,2,2,0,0.02864
evt_000441,2026-03-19 01:21:00,demo_publisher,site A,sess_000549,page_136,estilo de vida,topo da página,banner,celular,BR,4,3,3,0,0.00918
evt_000442,2026-03-08 22:23:00,demo_publisher,site C,sess_001078,page_123,finanças,topo da página,banner,computador,BR,3,3,3,0,0.01737
evt_000443,2026-03-30 07:33:00,demo_publisher,site B,sess_001623,page_046,esportes,meio do artigo,nativo,celular,BR,2,1,1,0,0.00414
evt_000444,2026-03-31 12:03:00,demo_publisher,site C,sess_000068,page_011,finanças,lateral,vídeo,tablet,BR,2,2,1,0,0.01938
evt_000445,2026-04-09 18:31:00,demo_publisher,site B,sess_001520,page_047,notícias,meio do artigo,banner,tablet,BR,4,4,2,0,0.02096
evt_000446,2026-03-19 19:46:00,demo_publisher,site A,sess_000578,page_001,estilo de vida,rodapé fixo,nativo,computador,BR,3,3,3,0,0.0077
evt_000447,2026-04-27 08:05:00,demo_publisher,site A,sess_001391,page_096,estilo de vida,rodapé fixo,banner,tablet,BR,1,1,1,0,0.00266
evt_000448,2026-04-01 06:16:00,demo_publisher,site B,sess_000376,page_053,tecnologia,rodapé fixo,banner,computador,US,3,3,3,0,0.01328
evt_000449,2026-03-18 04:28:00,demo_publisher,site A,sess_000278,page_007,finanças,intersticial,banner,celular,AR,3,1,1,0,0.00589
evt_000450,2026-04-27 14:48:00,demo_publisher,site B,sess_001576,page_137,esportes,rodapé fixo,banner,computador,BR,4,4,4,1,0.01785
evt_000451,2026-04-25 11:43:00,demo_publisher,site A,sess_001615,page_115,tecnologia,rodapé fixo,mídia rica,computador,AR,3,3,3,0,0.01917
evt_000452,2026-03-30 22:47:00,demo_publisher,site A,sess_001962,page_126,estilo de vida,meio do artigo,nativo,celular,BR,2,1,0,0,0.0
evt_000453,2026-03-02 11:47:00,demo_publisher,site B,sess_001354,page_139,tecnologia,topo da página,vídeo,celular,BR,4,4,1,0,0.01791
evt_000454,2026-04-05 19:35:00,demo_publisher,site B,sess_000932,page_002,finanças,lateral,mídia rica,tablet,BR,6,5,3,0,0.07924
evt_000455,2026-04-03 07:29:00,demo_publisher,site A,sess_000390,page_108,entretenimento,rodapé fixo,mídia rica,computador,BR,3,3,3,0,0.01131
evt_000456,2026-03-09 21:25:00,demo_publisher,site A,sess_000591,page_110,esportes,rodapé fixo,vídeo,celular,BR,4,3,2,0,0.03267
evt_000457,2026-04-08 00:55:00,demo_publisher,site B,sess_001296,page_109,finanças,lateral,banner,celular,BR,3,3,1,0,0.00919
evt_000458,2026-04-20 10:44:00,demo_publisher,site A,sess_000692,page_037,tecnologia,rodapé fixo,vídeo,computador,BR,2,2,2,0,0.01927
evt_000459,2026-03-07 08:29:00,demo_publisher,site A,sess_000967,page_055,notícias,lateral,nativo,computador,BR,6,5,1,0,0.02802
evt_000460,2026-04-13 09:35:00,demo_publisher,site C,sess_000336,page_130,tecnologia,lateral,banner,celular,BR,6,4,2,0,0.01288
evt_000461,2026-03-09 10:05:00,demo_publisher,site A,sess_000879,page_010,esportes,topo da página,banner,celular,BR,2,1,0,0,0.00596
evt_000462,2026-04-14 22:18:00,demo_publisher,site C,sess_000476,page_090,notícias,meio do artigo,banner,computador,BR,4,3,1,0,0.00977
evt_000463,2026-03-26 03:31:00,demo_publisher,site A,sess_000225,page_111,notícias,topo da página,nativo,computador,BR,6,3,1,0,0.02528
evt_000464,2026-03-01 09:22:00,demo_publisher,site C,sess_000264,page_111,tecnologia,topo da página,vídeo,celular,US,4,4,4,0,0.03205
evt_000465,2026-04-27 23:22:00,demo_publisher,site A,sess_001037,page_084,tecnologia,meio do artigo,nativo,celular,BR,4,2,2,0,0.02026
evt_000466,2026-03-10 22:59:00,demo_publisher,site B,sess_000733,page_107,esportes,topo da página,banner,celular,BR,6,3,2,0,0.00902
evt_000467,2026-04-05 18:18:00,demo_publisher,site C,sess_000200,page_127,notícias,rodapé fixo,banner,celular,BR,4,3,2,0,0.01188
evt_000468,2026-03-11 21:18:00,demo_publisher,site A,sess_001029,page_107,esportes,meio do artigo,vídeo,computador,BR,6,6,4,0,0.02029
evt_000469,2026-04-25 23:33:00,demo_publisher,site A,sess_000329,page_017,notícias,lateral,banner,computador,BR,1,0,0,0,0.0
evt_000470,2026-04-14 07:11:00,demo_publisher,site A,sess_000031,page_034,tecnologia,topo da página,banner,computador,BR,4,3,3,0,0.01796
evt_000471,2026-04-18 06:16:00,demo_publisher,site B,sess_000265,page_043,notícias,rodapé fixo,vídeo,tablet,MX,1,1,1,0,0.00034
evt_000472,2026-03-26 22:11:00,demo_publisher,site B,sess_000897,page_048,notícias,meio do artigo,vídeo,celular,BR,2,1,1,0,0.00623
evt_000473,2026-03-29 01:01:00,demo_publisher,site C,sess_001908,page_051,notícias,meio do artigo,nativo,computador,BR,5,4,2,0,0.0221
evt_000474,2026-04-08 01:23:00,demo_publisher,site A,sess_000484,page_031,estilo de vida,lateral,nativo,celular,US,6,5,0,0,0.01476
evt_000475,2026-04-17 02:03:00,demo_publisher,site A,sess_000570,page_095,estilo de vida,meio do artigo,banner,celular,BR,6,4,3,0,0.01148
evt_000476,2026-04-20 19:39:00,demo_publisher,site A,sess_000486,page_016,estilo de vida,meio do artigo,mídia rica,computador,BR,5,3,3,0,0.03543
evt_000477,2026-03-02 01:41:00,demo_publisher,site A,sess_000711,page_110,estilo de vida,rodapé fixo,nativo,computador,BR,4,3,2,0,0.01221
evt_000478,2026-04-09 19:31:00,demo_publisher,site A,sess_001434,page_092,entretenimento,rodapé fixo,vídeo,celular,BR,3,1,1,0,0.00631
evt_000479,2026-03-07 13:10:00,demo_publisher,site A,sess_000644,page_134,finanças,meio do artigo,banner,celular,BR,2,2,1,0,0.00531
evt_000480,2026-03-18 06:37:00,demo_publisher,site A,sess_001315,page_001,tecnologia,rodapé fixo,nativo,computador,US,5,4,3,0,0.024
evt_000481,2026-04-19 18:22:00,demo_publisher,site A,sess_001796,page_042,estilo de vida,meio do artigo,banner,computador,BR,5,4,3,0,0.01637
evt_000482,2026-03-16 00:44:00,demo_publisher,site B,sess_001892,page_125,notícias,topo da página,banner,computador,BR,1,1,1,0,0.0074
evt_000483,2026-04-17 19:24:00,demo_publisher,site B,sess_001126,page_069,tecnologia,meio do artigo,nativo,celular,BR,6,5,3,0,0.02703
evt_000484,2026-03-28 18:43:00,demo_publisher,site C,sess_001426,page_078,estilo de vida,meio do artigo,vídeo,computador,BR,2,2,0,0,0.02286
evt_000485,2026-03-14 23:00:00,demo_publisher,site A,sess_001838,page_005,estilo de vida,meio do artigo,banner,computador,BR,5,4,1,0,0.01772
evt_000486,2026-03-21 01:18:00,demo_publisher,site B,sess_001573,page_106,notícias,rodapé fixo,vídeo,computador,BR,1,1,0,0,0.0114
evt_000487,2026-04-01 20:18:00,demo_publisher,site B,sess_000600,page_036,finanças,meio do artigo,banner,tablet,BR,2,2,2,0,0.00911
evt_000488,2026-04-15 21:48:00,demo_publisher,site C,sess_000264,page_134,entretenimento,intersticial,nativo,celular,BR,4,2,0,0,0.00881
evt_000489,2026-04-06 08:39:00,demo_publisher,site B,sess_000230,page_052,notícias,topo da página,banner,computador,BR,3,2,1,0,0.00512
evt_000490,2026-04-25 23:50:00,demo_publisher,site A,sess_001764,page_027,notícias,lateral,banner,celular,BR,1,1,1,0,0.00445
evt_000491,2026-04-22 01:32:00,demo_publisher,site A,sess_001112,page_083,esportes,topo da página,mídia rica,celular,BR,6,4,3,0,0.02235
evt_000492,2026-04-15 04:49:00,demo_publisher,site B,sess_000593,page_067,finanças,meio do artigo,banner,celular,BR,6,4,2,1,0.01441
evt_000493,2026-04-06 04:28:00,demo_publisher,site B,sess_000691,page_066,tecnologia,meio do artigo,mídia rica,tablet,BR,2,0,0,0,0.0
evt_000494,2026-03-18 09:23:00,demo_publisher,site A,sess_000564,page_133,estilo de vida,lateral,banner,celular,US,4,2,1,0,0.01022
evt_000495,2026-03-25 18:06:00,demo_publisher,site B,sess_001604,page_051,entretenimento,rodapé fixo,nativo,celular,BR,2,2,1,0,0.00407
evt_000496,2026-03-08 03:12:00,demo_publisher,site A,sess_001225,page_056,finanças,topo da página,banner,computador,BR,5,4,3,0,0.04449
evt_000497,2026-03-23 10:49:00,demo_publisher,site C,sess_001758,page_087,esportes,topo da página,nativo,celular,BR,5,4,3,1,0.01401
evt_000498,2026-04-25 14:07:00,demo_publisher,site C,sess_000604,page_024,esportes,meio do artigo,mídia rica,celular,BR,5,3,2,0,0.02073
evt_000499,2026-03-26 13:16:00,demo_publisher,site C,sess_000945,page_116,notícias,topo da página,nativo,computador,BR,4,4,3,0,0.02727
evt_000500,2026-03-07 19:46:00,demo_publisher,site C,sess_000244,page_032,tecnologia,lateral,banner,celular,BR,1,1,1,0,0.00408
evt_000501,2026-04-09 02:46:00,demo_publisher,site C,sess_001942,page_034,notícias,meio do artigo,vídeo,computador,US,2,1,1,0,0.00432
evt_000502,2026-04-27 18:09:00,demo_publisher,site A,sess_001024,page_002,esportes,rodapé fixo,vídeo,celular,US,6,2,1,0,0.01544
evt_000503,2026-04-22 01:11:00,demo_publisher,site B,sess_001106,page_048,entretenimento,intersticial,banner,computador,BR,4,3,2,0,0.01248
evt_000504,2026-03-17 10:40:00,demo_publisher,site A,sess_000827,page_081,estilo de vida,meio do artigo,nativo,computador,MX,3,2,1,0,0.01726
evt_000505,2026-03-28 05:36:00,demo_publisher,site B,sess_000542,page_098,notícias,rodapé fixo,nativo,computador,BR,6,5,2,0,0.0324
evt_000506,2026-04-01 20:39:00,demo_publisher,site A,sess_001896,page_125,tecnologia,rodapé fixo,vídeo,computador,BR,3,2,2,0,0.01593
evt_000507,2026-03-15 20:53:00,demo_publisher,site B,sess_000978,page_109,finanças,topo da página,banner,computador,BR,6,6,4,0,0.02942
evt_000508,2026-03-17 02:54:00,demo_publisher,site A,sess_001349,page_045,tecnologia,rodapé fixo,banner,celular,BR,5,2,2,0,0.00698
evt_000509,2026-03-15 04:47:00,demo_publisher,site C,sess_000075,page_115,estilo de vida,meio do artigo,mídia rica,celular,BR,1,1,0,0,0.00298
evt_000510,2026-04-29 16:11:00,demo_publisher,site C,sess_000552,page_028,notícias,lateral,nativo,celular,AR,6,5,3,0,0.02642
evt_000511,2026-04-14 18:15:00,demo_publisher,site C,sess_001608,page_030,notícias,lateral,nativo,computador,MX,6,6,3,0,0.04239
evt_000512,2026-04-20 10:49:00,demo_publisher,site A,sess_000176,page_050,esportes,rodapé fixo,mídia rica,celular,BR,6,4,3,0,0.02678
evt_000513,2026-04-18 23:51:00,demo_publisher,site C,sess_000203,page_075,tecnologia,rodapé fixo,banner,celular,BR,4,3,2,0,0.01637
evt_000514,2026-04-27 13:09:00,demo_publisher,site A,sess_001619,page_029,finanças,rodapé fixo,banner,celular,BR,5,3,2,0,0.02035
evt_000515,2026-03-07 07:36:00,demo_publisher,site A,sess_000618,page_126,tecnologia,meio do artigo,vídeo,celular,BR,2,2,1,0,0.01104
evt_000516,2026-04-22 21:33:00,demo_publisher,site B,sess_000548,page_038,finanças,intersticial,vídeo,celular,BR,1,1,0,0,0.01444
evt_000517,2026-03-04 23:50:00,demo_publisher,site A,sess_001131,page_055,esportes,lateral,mídia rica,celular,BR,1,1,0,0,0.00953
evt_000518,2026-03-29 12:36:00,demo_publisher,site C,sess_000390,page_085,notícias,rodapé fixo,nativo,computador,US,2,2,1,0,0.01094
evt_000519,2026-04-05 15:59:00,demo_publisher,site C,sess_000086,page_060,notícias,rodapé fixo,banner,celular,US,6,5,4,0,0.02651
evt_000520,2026-03-22 11:19:00,demo_publisher,site B,sess_000009,page_057,finanças,topo da página,banner,computador,BR,2,2,0,0,0.01078
evt_000521,2026-03-09 18:29:00,demo_publisher,site A,sess_000159,page_137,estilo de vida,meio do artigo,banner,celular,US,1,0,0,0,0.00023
evt_000522,2026-03-12 12:54:00,demo_publisher,site C,sess_000317,page_061,entretenimento,rodapé fixo,mídia rica,celular,BR,5,5,4,0,0.03135
evt_000523,2026-04-19 11:30:00,demo_publisher,site B,sess_001392,page_016,esportes,rodapé fixo,banner,tablet,BR,2,1,0,0,0.00159
evt_000524,2026-03-20 02:57:00,demo_publisher,site A,sess_000596,page_102,estilo de vida,rodapé fixo,nativo,computador,BR,4,4,3,0,0.04464
evt_000525,2026-03-19 14:52:00,demo_publisher,site A,sess_000144,page_099,notícias,meio do artigo,banner,celular,BR,5,5,4,0,0.01415
evt_000526,2026-04-25 09:38:00,demo_publisher,site A,sess_000029,page_031,tecnologia,topo da página,banner,celular,BR,4,4,3,0,0.01359
evt_000527,2026-03-09 15:10:00,demo_publisher,site C,sess_000954,page_119,notícias,meio do artigo,banner,celular,US,5,4,2,0,0.01716
evt_000528,2026-04-24 21:59:00,demo_publisher,site C,sess_001680,page_055,estilo de vida,meio do artigo,nativo,celular,AR,1,1,1,0,0.00414
evt_000529,2026-04-25 06:11:00,demo_publisher,site B,sess_000678,page_021,notícias,rodapé fixo,banner,computador,BR,2,1,0,0,0.00452
evt_000530,2026-04-05 21:55:00,demo_publisher,site A,sess_000128,page_024,notícias,meio do artigo,mídia rica,tablet,BR,3,3,2,0,0.02714
evt_000531,2026-03-10 22:21:00,demo_publisher,site B,sess_000456,page_100,estilo de vida,meio do artigo,mídia rica,tablet,BR,5,4,2,0,0.01986
evt_000532,2026-03-10 08:26:00,demo_publisher,site B,sess_000999,page_031,esportes,meio do artigo,banner,tablet,BR,4,1,1,0,0.00446
evt_000533,2026-03-18 01:59:00,demo_publisher,site A,sess_000378,page_066,finanças,rodapé fixo,vídeo,celular,MX,5,4,3,0,0.01974
evt_000534,2026-04-04 15:28:00,demo_publisher,site C,sess_001956,page_103,esportes,lateral,banner,celular,US,5,4,3,0,0.00763
evt_000535,2026-03-10 05:12:00,demo_publisher,site C,sess_001527,page_119,entretenimento,topo da página,banner,computador,BR,5,4,3,0,0.01123
evt_000536,2026-03-28 08:08:00,demo_publisher,site A,sess_000689,page_069,esportes,meio do artigo,banner,computador,BR,4,4,2,0,0.01743
evt_000537,2026-03-07 22:18:00,demo_publisher,site C,sess_001903,page_127,estilo de vida,meio do artigo,vídeo,computador,BR,5,5,4,0,0.03436
evt_000538,2026-04-02 10:00:00,demo_publisher,site A,sess_000650,page_043,tecnologia,meio do artigo,nativo,celular,AR,5,3,3,0,0.02068
evt_000539,2026-03-02 06:27:00,demo_publisher,site A,sess_000281,page_122,estilo de vida,lateral,banner,tablet,BR,1,1,1,0,0.00551
evt_000540,2026-04-12 13:00:00,demo_publisher,site B,sess_001876,page_035,esportes,topo da página,vídeo,celular,US,2,2,2,0,0.01068
evt_000541,2026-03-04 07:46:00,demo_publisher,site B,sess_001919,page_009,estilo de vida,meio do artigo,vídeo,celular,BR,6,5,4,0,0.06988
evt_000542,2026-03-12 16:32:00,demo_publisher,site B,sess_000626,page_101,notícias,meio do artigo,vídeo,celular,BR,1,1,0,0,0.00101
evt_000543,2026-03-11 11:29:00,demo_publisher,site A,sess_001189,page_106,estilo de vida,meio do artigo,nativo,celular,BR,4,2,2,0,0.01469
evt_000544,2026-04-19 20:37:00,demo_publisher,site B,sess_000347,page_129,finanças,meio do artigo,vídeo,celular,BR,5,3,2,0,0.0173
evt_000545,2026-03-04 04:52:00,demo_publisher,site B,sess_001283,page_129,tecnologia,lateral,nativo,celular,BR,3,1,1,0,0.00713
evt_000546,2026-03-26 18:08:00,demo_publisher,site B,sess_001380,page_015,tecnologia,topo da página,banner,celular,BR,2,2,2,0,0.00491
evt_000547,2026-04-05 11:14:00,demo_publisher,site A,sess_001420,page_087,notícias,meio do artigo,vídeo,celular,BR,1,0,0,0,0.0
evt_000548,2026-03-31 23:02:00,demo_publisher,site B,sess_001137,page_098,notícias,rodapé fixo,banner,celular,BR,4,3,3,0,0.00838
evt_000549,2026-04-10 20:13:00,demo_publisher,site B,sess_001408,page_084,esportes,rodapé fixo,vídeo,celular,BR,4,3,3,0,0.02233
evt_000550,2026-04-18 04:27:00,demo_publisher,site B,sess_001110,page_003,finanças,topo da página,nativo,computador,BR,5,4,4,0,0.02236
evt_000551,2026-03-24 14:49:00,demo_publisher,site B,sess_001639,page_007,esportes,topo da página,banner,celular,BR,1,1,1,0,0.00233
evt_000552,2026-04-19 16:38:00,demo_publisher,site A,sess_000359,page_094,estilo de vida,rodapé fixo,banner,tablet,BR,3,3,2,0,0.0119
evt_000553,2026-03-20 01:54:00,demo_publisher,site A,sess_000967,page_119,finanças,topo da página,nativo,celular,BR,4,3,2,0,0.01787
evt_000554,2026-04-29 01:34:00,demo_publisher,site A,sess_000833,page_025,entretenimento,intersticial,vídeo,celular,BR,6,4,2,0,0.02849
evt_000555,2026-03-31 06:31:00,demo_publisher,site A,sess_001067,page_007,finanças,rodapé fixo,vídeo,celular,MX,2,2,2,0,0.01303
evt_000556,2026-04-14 03:51:00,demo_publisher,site B,sess_000285,page_057,notícias,topo da página,nativo,computador,BR,5,5,2,0,0.01828
evt_000557,2026-04-22 12:00:00,demo_publisher,site C,sess_000648,page_044,esportes,topo da página,banner,celular,BR,5,4,3,0,0.02131
evt_000558,2026-04-17 13:25:00,demo_publisher,site B,sess_001908,page_137,estilo de vida,intersticial,banner,computador,BR,4,3,3,0,0.02228
evt_000559,2026-04-21 01:37:00,demo_publisher,site B,sess_000211,page_129,esportes,topo da página,vídeo,computador,BR,1,1,1,0,0.007
evt_000560,2026-04-02 04:34:00,demo_publisher,site B,sess_001270,page_078,esportes,meio do artigo,banner,computador,BR,1,1,0,0,0.00349
evt_000561,2026-03-03 14:36:00,demo_publisher,site C,sess_001329,page_133,esportes,topo da página,vídeo,celular,BR,4,3,2,1,0.03531
evt_000562,2026-03-30 14:02:00,demo_publisher,site C,sess_000949,page_032,tecnologia,lateral,banner,celular,AR,4,4,3,0,0.04815
evt_000563,2026-03-11 21:21:00,demo_publisher,site C,sess_000068,page_138,entretenimento,rodapé fixo,banner,celular,BR,4,3,3,0,0.01046
evt_000564,2026-04-23 08:19:00,demo_publisher,site A,sess_000069,page_063,esportes,lateral,nativo,celular,BR,5,4,1,0,0.02397
evt_000565,2026-03-15 04:54:00,demo_publisher,site B,sess_000551,page_067,notícias,topo da página,nativo,computador,CL,3,2,1,0,0.01051
evt_000566,2026-03-14 16:25:00,demo_publisher,site B,sess_000205,page_008,finanças,lateral,nativo,celular,US,2,2,2,0,0.00998
evt_000567,2026-03-15 23:07:00,demo_publisher,site A,sess_000189,page_025,esportes,lateral,banner,tablet,BR,6,3,2,0,0.01703
evt_000568,2026-04-08 13:17:00,demo_publisher,site A,sess_000321,page_028,entretenimento,topo da página,vídeo,celular,BR,5,5,5,0,0.04425
evt_000569,2026-04-04 06:34:00,demo_publisher,site A,sess_000382,page_068,finanças,rodapé fixo,nativo,computador,BR,4,3,3,0,0.01405
evt_000570,2026-04-26 22:19:00,demo_publisher,site A,sess_001677,page_027,estilo de vida,lateral,vídeo,tablet,BR,4,3,3,0,0.00807
evt_000571,2026-03-25 23:25:00,demo_publisher,site A,sess_001277,page_015,entretenimento,topo da página,nativo,celular,AR,5,5,3,0,0.02022
evt_000572,2026-03-17 22:28:00,demo_publisher,site A,sess_000061,page_085,estilo de vida,intersticial,banner,computador,US,2,1,1,0,0.00048
evt_000573,2026-03-03 22:55:00,demo_publisher,site B,sess_001257,page_122,esportes,meio do artigo,nativo,computador,BR,3,3,1,0,0.01027
evt_000574,2026-03-01 10:11:00,demo_publisher,site A,sess_000274,page_010,estilo de vida,topo da página,nativo,computador,BR,1,1,1,0,0.00136
evt_000575,2026-03-23 10:00:00,demo_publisher,site C,sess_000842,page_078,finanças,topo da página,nativo,celular,CL,5,4,3,0,0.01034
evt_000576,2026-04-25 13:10:00,demo_publisher,site A,sess_000077,page_134,finanças,meio do artigo,nativo,celular,BR,4,3,0,0,0.028
evt_000577,2026-04-01 10:12:00,demo_publisher,site B,sess_000181,page_057,entretenimento,meio do artigo,banner,computador,BR,6,5,4,0,0.02101
evt_000578,2026-04-23 14:42:00,demo_publisher,site A,sess_000266,page_026,esportes,meio do artigo,mídia rica,computador,US,2,2,2,0,0.02818
evt_000579,2026-03-07 02:24:00,demo_publisher,site A,sess_000867,page_012,finanças,rodapé fixo,banner,celular,BR,3,3,2,1,0.01909
evt_000580,2026-03-06 14:22:00,demo_publisher,site A,sess_000926,page_131,notícias,lateral,banner,celular,MX,1,1,1,0,0.0075
evt_000581,2026-04-20 00:10:00,demo_publisher,site C,sess_000706,page_057,notícias,topo da página,vídeo,celular,BR,6,5,3,1,0.02566
evt_000582,2026-03-07 09:42:00,demo_publisher,site B,sess_001240,page_015,estilo de vida,lateral,banner,computador,BR,3,2,1,0,0.00987
evt_000583,2026-03-04 02:49:00,demo_publisher,site A,sess_001441,page_121,tecnologia,lateral,mídia rica,celular,BR,1,1,1,0,0.0032
evt_000584,2026-03-25 05:53:00,demo_publisher,site C,sess_001457,page_112,estilo de vida,meio do artigo,banner,tablet,AR,4,4,2,0,0.0107
evt_000585,2026-04-25 11:46:00,demo_publisher,site B,sess_001158,page_098,esportes,intersticial,banner,computador,BR,6,4,1,0,0.03279
evt_000586,2026-04-11 08:42:00,demo_publisher,site A,sess_001091,page_012,notícias,meio do artigo,banner,celular,BR,1,1,1,0,0.00424
evt_000587,2026-03-06 22:43:00,demo_publisher,site B,sess_000983,page_012,finanças,topo da página,banner,computador,BR,4,4,2,0,0.01853
evt_000588,2026-04-20 05:28:00,demo_publisher,site A,sess_000476,page_031,finanças,topo da página,banner,computador,BR,3,2,1,0,0.01145
evt_000589,2026-04-20 14:44:00,demo_publisher,site B,sess_000974,page_023,tecnologia,meio do artigo,banner,celular,BR,1,1,1,0,0.00524
evt_000590,2026-04-18 01:00:00,demo_publisher,site A,sess_000021,page_074,estilo de vida,meio do artigo,banner,tablet,BR,2,2,2,0,0.00725
evt_000591,2026-04-24 03:49:00,demo_publisher,site A,sess_001932,page_055,entretenimento,topo da página,banner,computador,CL,4,4,3,0,0.02871
evt_000592,2026-03-15 09:25:00,demo_publisher,site B,sess_000740,page_107,tecnologia,meio do artigo,banner,computador,BR,6,5,3,0,0.02309
evt_000593,2026-04-28 18:34:00,demo_publisher,site A,sess_001512,page_015,esportes,rodapé fixo,banner,computador,BR,1,1,0,0,0.00174
evt_000594,2026-03-20 05:48:00,demo_publisher,site B,sess_001913,page_102,estilo de vida,rodapé fixo,banner,celular,BR,4,3,1,0,0.00984
evt_000595,2026-04-18 02:55:00,demo_publisher,site C,sess_000994,page_130,tecnologia,lateral,banner,computador,BR,6,4,1,0,0.0169
evt_000596,2026-04-04 18:17:00,demo_publisher,site A,sess_001723,page_019,entretenimento,lateral,banner,celular,MX,5,5,3,0,0.01293
evt_000597,2026-04-16 18:26:00,demo_publisher,site A,sess_000958,page_091,finanças,lateral,banner,computador,BR,5,3,2,0,0.02528
evt_000598,2026-04-07 16:03:00,demo_publisher,site A,sess_000265,page_071,estilo de vida,meio do artigo,banner,celular,CL,6,3,2,0,0.00599
evt_000599,2026-04-08 13:10:00,demo_publisher,site B,sess_000053,page_014,esportes,meio do artigo,banner,tablet,BR,4,2,2,0,0.02096
evt_000600,2026-04-06 23:26:00,demo_publisher,site C,sess_000272,page_041,tecnologia,meio do artigo,mídia rica,computador,BR,1,1,0,0,0.01505
evt_000601,2026-04-16 17:45:00,demo_publisher,site A,sess_001885,page_110,entretenimento,topo da página,banner,celular,AR,2,1,1,0,0.00265
evt_000602,2026-04-14 08:13:00,demo_publisher,site A,sess_000950,page_121,entretenimento,meio do artigo,banner,celular,BR,3,3,2,0,0.01674
evt_000603,2026-03-09 01:45:00,demo_publisher,site B,sess_000639,page_052,notícias,meio do artigo,nativo,computador,BR,6,5,4,0,0.03643
evt_000604,2026-04-19 13:31:00,demo_publisher,site B,sess_000892,page_015,notícias,topo da página,nativo,tablet,BR,2,2,1,0,0.0095
evt_000605,2026-04-02 03:56:00,demo_publisher,site A,sess_000512,page_035,tecnologia,topo da página,banner,celular,BR,6,5,3,0,0.0238
evt_000606,2026-03-20 09:14:00,demo_publisher,site A,sess_001741,page_118,estilo de vida,rodapé fixo,vídeo,celular,BR,4,4,4,0,0.06351
evt_000607,2026-03-31 20:28:00,demo_publisher,site A,sess_001998,page_080,entretenimento,topo da página,vídeo,celular,BR,5,5,3,0,0.02095
evt_000608,2026-04-28 00:27:00,demo_publisher,site A,sess_000170,page_060,esportes,meio do artigo,mídia rica,computador,BR,1,1,1,0,0.00409
evt_000609,2026-04-21 10:54:00,demo_publisher,site A,sess_001437,page_002,tecnologia,topo da página,mídia rica,computador,BR,3,2,1,0,0.0157
evt_000610,2026-04-20 00:31:00,demo_publisher,site A,sess_000671,page_109,estilo de vida,topo da página,nativo,celular,BR,3,2,2,0,0.01208
evt_000611,2026-03-28 18:25:00,demo_publisher,site A,sess_000095,page_065,notícias,rodapé fixo,nativo,celular,US,3,2,2,0,0.01984
evt_000612,2026-04-17 01:09:00,demo_publisher,site C,sess_001844,page_076,notícias,topo da página,banner,tablet,CL,6,6,4,0,0.02618
evt_000613,2026-03-24 02:31:00,demo_publisher,site A,sess_000124,page_118,tecnologia,meio do artigo,mídia rica,celular,BR,3,2,2,0,0.02124
evt_000614,2026-04-11 04:04:00,demo_publisher,site B,sess_000412,page_079,notícias,intersticial,nativo,computador,MX,6,4,2,0,0.02295
evt_000615,2026-04-08 08:58:00,demo_publisher,site A,sess_000051,page_130,tecnologia,meio do artigo,banner,computador,BR,6,6,2,0,0.03426
evt_000616,2026-03-15 23:42:00,demo_publisher,site A,sess_000943,page_078,estilo de vida,lateral,banner,tablet,BR,4,1,1,0,0.00649
evt_000617,2026-03-16 23:42:00,demo_publisher,site C,sess_001199,page_048,finanças,lateral,nativo,computador,BR,2,1,1,0,0.00742
evt_000618,2026-03-04 16:01:00,demo_publisher,site B,sess_000642,page_129,esportes,topo da página,nativo,tablet,BR,1,1,1,0,0.00716
evt_000619,2026-03-09 09:15:00,demo_publisher,site A,sess_000144,page_090,entretenimento,meio do artigo,vídeo,computador,US,2,2,1,0,0.01319
evt_000620,2026-03-27 00:24:00,demo_publisher,site B,sess_000233,page_106,tecnologia,meio do artigo,banner,computador,BR,4,3,1,0,0.01214
evt_000621,2026-03-29 16:08:00,demo_publisher,site B,sess_001866,page_032,tecnologia,topo da página,vídeo,computador,BR,2,1,0,0,0.00388
evt_000622,2026-03-10 21:46:00,demo_publisher,site B,sess_001612,page_094,tecnologia,topo da página,banner,celular,AR,6,4,3,0,0.02108
evt_000623,2026-03-26 00:19:00,demo_publisher,site A,sess_001873,page_078,estilo de vida,lateral,nativo,computador,MX,3,3,0,0,0.02222
evt_000624,2026-04-06 06:00:00,demo_publisher,site A,sess_001062,page_015,entretenimento,topo da página,banner,tablet,BR,2,2,2,0,0.01423
evt_000625,2026-03-14 22:54:00,demo_publisher,site C,sess_001092,page_036,estilo de vida,topo da página,banner,celular,BR,4,4,2,0,0.01167
evt_000626,2026-03-21 07:03:00,demo_publisher,site A,sess_001572,page_127,finanças,meio do artigo,banner,computador,BR,1,0,0,0,0.00081
evt_000627,2026-03-23 01:13:00,demo_publisher,site B,sess_001233,page_080,esportes,meio do artigo,banner,celular,BR,5,4,2,0,0.02181
evt_000628,2026-03-31 07:16:00,demo_publisher,site B,sess_000873,page_108,esportes,lateral,banner,computador,BR,4,4,3,0,0.01252
evt_000629,2026-03-22 23:36:00,demo_publisher,site B,sess_000584,page_024,tecnologia,topo da página,vídeo,celular,BR,6,6,6,0,0.04636
evt_000630,2026-04-14 05:12:00,demo_publisher,site B,sess_000971,page_031,esportes,lateral,banner,celular,AR,6,5,0,0,0.0298
evt_000631,2026-03-20 15:35:00,demo_publisher,site A,sess_000128,page_131,tecnologia,rodapé fixo,vídeo,tablet,AR,1,0,0,0,0.0019
evt_000632,2026-03-27 00:48:00,demo_publisher,site C,sess_000385,page_059,entretenimento,meio do artigo,vídeo,celular,BR,6,4,3,0,0.01744
evt_000633,2026-03-23 18:25:00,demo_publisher,site A,sess_001475,page_124,finanças,rodapé fixo,banner,computador,MX,1,1,1,0,0.00499
evt_000634,2026-03-11 23:23:00,demo_publisher,site B,sess_001736,page_113,notícias,meio do artigo,mídia rica,celular,BR,5,3,3,0,0.01232
evt_000635,2026-04-11 03:28:00,demo_publisher,site C,sess_000204,page_047,estilo de vida,topo da página,vídeo,computador,BR,3,1,0,0,0.00648
evt_000636,2026-03-15 03:02:00,demo_publisher,site B,sess_000194,page_132,notícias,meio do artigo,vídeo,celular,BR,3,2,2,0,0.01285
evt_000637,2026-03-18 19:30:00,demo_publisher,site B,sess_000172,page_108,tecnologia,meio do artigo,vídeo,computador,BR,5,4,2,0,0.07228
evt_000638,2026-04-17 13:33:00,demo_publisher,site C,sess_001583,page_018,finanças,rodapé fixo,nativo,computador,BR,2,1,1,0,0.00572
evt_000639,2026-04-26 22:21:00,demo_publisher,site A,sess_000623,page_014,finanças,meio do artigo,mídia rica,tablet,US,6,4,4,0,0.01293
evt_000640,2026-04-10 06:00:00,demo_publisher,site A,sess_000654,page_018,estilo de vida,meio do artigo,banner,tablet,BR,1,0,0,0,0.0
evt_000641,2026-04-24 23:32:00,demo_publisher,site C,sess_000025,page_103,finanças,rodapé fixo,banner,computador,BR,2,1,0,0,0.01355
evt_000642,2026-04-21 06:02:00,demo_publisher,site B,sess_001945,page_020,esportes,topo da página,vídeo,tablet,BR,3,2,1,0,0.00881
evt_000643,2026-03-29 20:30:00,demo_publisher,site A,sess_000868,page_040,esportes,lateral,banner,celular,AR,2,2,1,0,0.01155
evt_000644,2026-04-16 05:13:00,demo_publisher,site C,sess_001595,page_061,finanças,meio do artigo,nativo,computador,BR,6,5,4,0,0.0288
evt_000645,2026-03-20 16:50:00,demo_publisher,site B,sess_001415,page_019,entretenimento,intersticial,banner,tablet,MX,6,6,4,0,0.02091
evt_000646,2026-03-28 15:06:00,demo_publisher,site C,sess_000284,page_046,notícias,topo da página,banner,tablet,US,3,2,1,0,0.00612
evt_000647,2026-04-02 03:01:00,demo_publisher,site B,sess_001602,page_095,esportes,lateral,mídia rica,celular,BR,4,1,0,0,0.00603
evt_000648,2026-04-27 15:06:00,demo_publisher,site A,sess_001101,page_136,notícias,meio do artigo,banner,celular,BR,3,3,2,0,0.02113
evt_000649,2026-04-20 21:55:00,demo_publisher,site C,sess_001209,page_066,finanças,intersticial,banner,computador,BR,3,2,2,0,0.02183
evt_000650,2026-03-30 08:31:00,demo_publisher,site C,sess_000401,page_104,notícias,intersticial,nativo,celular,BR,3,2,1,1,0.01147
evt_000651,2026-04-09 03:43:00,demo_publisher,site B,sess_001693,page_074,tecnologia,rodapé fixo,vídeo,celular,BR,2,2,1,0,0.03194
evt_000652,2026-03-13 03:23:00,demo_publisher,site A,sess_001863,page_065,notícias,topo da página,vídeo,celular,BR,5,4,3,0,0.01365
evt_000653,2026-04-18 06:19:00,demo_publisher,site C,sess_000813,page_073,estilo de vida,meio do artigo,banner,computador,MX,1,0,0,0,0.0004
evt_000654,2026-04-03 04:22:00,demo_publisher,site B,sess_000185,page_134,esportes,rodapé fixo,mídia rica,celular,BR,2,2,2,0,0.01051
evt_000655,2026-04-01 23:07:00,demo_publisher,site A,sess_001697,page_009,finanças,lateral,nativo,celular,AR,1,1,1,0,0.00777
evt_000656,2026-04-15 23:26:00,demo_publisher,site B,sess_001774,page_072,notícias,rodapé fixo,vídeo,celular,MX,3,2,0,0,0.00758
evt_000657,2026-04-07 23:24:00,demo_publisher,site C,sess_001013,page_008,tecnologia,rodapé fixo,banner,computador,BR,5,3,1,0,0.02045
evt_000658,2026-03-05 08:21:00,demo_publisher,site B,sess_001158,page_122,entretenimento,meio do artigo,banner,celular,BR,4,4,4,0,0.01105
evt_000659,2026-03-18 06:56:00,demo_publisher,site B,sess_000446,page_084,esportes,topo da página,nativo,computador,BR,5,5,2,0,0.03653
evt_000660,2026-03-11 14:28:00,demo_publisher,site B,sess_000135,page_007,entretenimento,meio do artigo,nativo,celular,BR,4,4,2,0,0.02323
evt_000661,2026-04-14 02:14:00,demo_publisher,site B,sess_001888,page_087,esportes,lateral,banner,computador,BR,3,2,0,0,0.00141
evt_000662,2026-03-03 02:36:00,demo_publisher,site B,sess_000966,page_061,estilo de vida,meio do artigo,nativo,tablet,BR,6,6,4,0,0.02469
evt_000663,2026-03-13 03:27:00,demo_publisher,site A,sess_000550,page_007,tecnologia,topo da página,nativo,celular,BR,4,3,3,0,0.02535
evt_000664,2026-04-05 20:19:00,demo_publisher,site A,sess_001386,page_136,notícias,rodapé fixo,banner,computador,BR,1,1,0,0,0.00874
evt_000665,2026-04-11 16:30:00,demo_publisher,site C,sess_000053,page_053,finanças,topo da página,nativo,celular,US,1,0,0,0,0.00142
evt_000666,2026-03-31 04:45:00,demo_publisher,site A,sess_000160,page_004,notícias,meio do artigo,banner,computador,MX,5,3,1,0,0.01351
evt_000667,2026-04-21 15:26:00,demo_publisher,site A,sess_000486,page_086,estilo de vida,meio do artigo,vídeo,computador,BR,1,1,1,0,0.00835
evt_000668,2026-04-25 03:16:00,demo_publisher,site A,sess_000901,page_053,finanças,meio do artigo,nativo,computador,CL,2,2,1,0,0.0176
evt_000669,2026-03-08 22:13:00,demo_publisher,site C,sess_000734,page_092,entretenimento,topo da página,nativo,celular,BR,1,1,0,0,0.00369
evt_000670,2026-04-27 03:36:00,demo_publisher,site A,sess_000375,page_023,esportes,rodapé fixo,mídia rica,celular,BR,5,3,3,0,0.01037
evt_000671,2026-04-06 20:42:00,demo_publisher,site B,sess_000703,page_116,entretenimento,rodapé fixo,nativo,computador,BR,1,1,0,0,0.00106
evt_000672,2026-04-08 04:09:00,demo_publisher,site A,sess_000668,page_059,notícias,lateral,banner,celular,BR,2,2,0,0,0.00546
evt_000673,2026-03-06 16:56:00,demo_publisher,site A,sess_001049,page_059,estilo de vida,intersticial,nativo,computador,BR,6,4,3,0,0.02423
evt_000674,2026-04-07 07:29:00,demo_publisher,site A,sess_001125,page_112,esportes,topo da página,mídia rica,computador,BR,1,1,1,0,0.00656
evt_000675,2026-04-13 13:01:00,demo_publisher,site C,sess_001766,page_077,notícias,topo da página,banner,celular,BR,2,2,2,0,0.01243
evt_000676,2026-04-04 20:20:00,demo_publisher,site A,sess_001613,page_001,notícias,topo da página,nativo,celular,BR,5,4,1,0,0.01106
evt_000677,2026-03-06 01:40:00,demo_publisher,site A,sess_000585,page_081,estilo de vida,lateral,banner,tablet,BR,1,1,0,0,0.00198
evt_000678,2026-04-01 09:26:00,demo_publisher,site A,sess_001805,page_090,esportes,topo da página,vídeo,celular,US,2,1,1,0,0.00587
evt_000679,2026-04-26 03:45:00,demo_publisher,site B,sess_001042,page_044,estilo de vida,rodapé fixo,nativo,celular,BR,5,3,1,0,0.01211
evt_000680,2026-04-13 09:43:00,demo_publisher,site A,sess_000376,page_026,entretenimento,lateral,mídia rica,computador,US,1,1,0,0,0.00838
evt_000681,2026-03-09 05:52:00,demo_publisher,site B,sess_000680,page_008,esportes,rodapé fixo,nativo,computador,BR,3,2,1,0,0.01445
evt_000682,2026-04-27 14:18:00,demo_publisher,site B,sess_001483,page_118,notícias,meio do artigo,banner,tablet,CL,2,2,1,0,0.01106
evt_000683,2026-04-27 12:47:00,demo_publisher,site B,sess_001643,page_001,notícias,lateral,nativo,celular,BR,2,2,0,0,0.0056
evt_000684,2026-03-11 03:55:00,demo_publisher,site A,sess_000748,page_082,notícias,meio do artigo,mídia rica,computador,CL,3,2,2,1,0.02663
evt_000685,2026-04-18 01:16:00,demo_publisher,site B,sess_000316,page_117,finanças,meio do artigo,banner,computador,BR,2,2,2,0,0.01009
evt_000686,2026-03-25 09:40:00,demo_publisher,site A,sess_000384,page_049,tecnologia,rodapé fixo,banner,computador,BR,5,3,2,0,0.02383
evt_000687,2026-04-05 14:54:00,demo_publisher,site C,sess_000207,page_028,esportes,topo da página,vídeo,celular,BR,1,1,1,0,0.00909
evt_000688,2026-03-27 17:04:00,demo_publisher,site B,sess_001397,page_100,notícias,rodapé fixo,nativo,computador,MX,3,3,3,0,0.01954
evt_000689,2026-04-16 22:58:00,demo_publisher,site A,sess_001006,page_088,estilo de vida,lateral,banner,tablet,US,1,1,1,0,0.00461
evt_000690,2026-04-29 19:11:00,demo_publisher,site B,sess_000902,page_003,esportes,rodapé fixo,banner,celular,BR,1,1,1,0,0.0002
evt_000691,2026-04-17 16:57:00,demo_publisher,site C,sess_001344,page_081,estilo de vida,topo da página,banner,celular,BR,5,5,3,0,0.02146
evt_000692,2026-04-25 21:10:00,demo_publisher,site A,sess_001657,page_001,entretenimento,topo da página,nativo,computador,MX,3,2,0,0,0.00616
evt_000693,2026-04-26 18:16:00,demo_publisher,site A,sess_001591,page_056,esportes,topo da página,nativo,computador,MX,3,3,2,1,0.01922
evt_000694,2026-03-06 09:45:00,demo_publisher,site A,sess_000275,page_043,finanças,lateral,nativo,computador,BR,2,2,1,0,0.01563
evt_000695,2026-03-16 04:52:00,demo_publisher,site A,sess_001179,page_116,tecnologia,topo da página,vídeo,computador,BR,1,0,0,0,0.00174
evt_000696,2026-04-13 07:28:00,demo_publisher,site B,sess_001765,page_136,estilo de vida,intersticial,banner,tablet,CL,6,5,2,0,0.01176
evt_000697,2026-04-05 09:42:00,demo_publisher,site C,sess_001547,page_098,tecnologia,intersticial,nativo,celular,BR,5,4,2,1,0.03645
evt_000698,2026-03-04 00:12:00,demo_publisher,site A,sess_000659,page_103,tecnologia,topo da página,banner,computador,BR,3,3,2,0,0.01786
evt_000699,2026-03-06 16:52:00,demo_publisher,site C,sess_000786,page_004,finanças,lateral,banner,celular,CL,1,1,0,0,0.00225
evt_000700,2026-04-01 05:35:00,demo_publisher,site A,sess_001780,page_009,finanças,topo da página,nativo,celular,US,6,5,2,1,0.02211
evt_000701,2026-04-06 23:16:00,demo_publisher,site C,sess_000066,page_108,tecnologia,meio do artigo,nativo,celular,BR,3,2,1,0,0.01521
evt_000702,2026-03-11 01:30:00,demo_publisher,site A,sess_001051,page_060,estilo de vida,topo da página,mídia rica,computador,BR,2,2,2,0,0.00759
evt_000703,2026-03-11 06:39:00,demo_publisher,site C,sess_000233,page_071,estilo de vida,rodapé fixo,banner,computador,BR,1,1,0,0,0.00958
evt_000704,2026-03-08 18:14:00,demo_publisher,site C,sess_001789,page_097,esportes,rodapé fixo,banner,computador,BR,6,6,4,0,0.02262
evt_000705,2026-04-03 21:31:00,demo_publisher,site A,sess_000078,page_049,tecnologia,topo da página,banner,tablet,BR,1,1,1,0,0.0065
evt_000706,2026-03-01 11:18:00,demo_publisher,site A,sess_000047,page_095,esportes,topo da página,nativo,computador,BR,3,2,1,0,0.01289
evt_000707,2026-04-04 08:17:00,demo_publisher,site A,sess_000658,page_102,notícias,meio do artigo,banner,celular,BR,4,2,2,0,0.00428
evt_000708,2026-03-29 13:20:00,demo_publisher,site A,sess_000401,page_034,esportes,meio do artigo,mídia rica,tablet,BR,2,1,1,0,0.00966
evt_000709,2026-03-28 23:01:00,demo_publisher,site C,sess_000991,page_096,esportes,topo da página,vídeo,computador,BR,1,0,0,0,0.00095
evt_000710,2026-04-10 18:09:00,demo_publisher,site B,sess_000599,page_024,estilo de vida,rodapé fixo,nativo,computador,BR,4,1,1,0,0.00666
evt_000711,2026-04-01 08:35:00,demo_publisher,site B,sess_000713,page_044,esportes,rodapé fixo,banner,computador,MX,1,0,0,0,0.00219
evt_000712,2026-04-13 15:57:00,demo_publisher,site B,sess_001130,page_109,estilo de vida,meio do artigo,banner,celular,BR,6,4,4,0,0.01038
evt_000713,2026-04-15 20:02:00,demo_publisher,site A,sess_001121,page_137,finanças,rodapé fixo,nativo,celular,AR,3,3,3,0,0.02013
evt_000714,2026-04-25 04:58:00,demo_publisher,site B,sess_001869,page_009,notícias,lateral,nativo,computador,BR,5,3,0,0,0.03308
evt_000715,2026-04-17 22:54:00,demo_publisher,site A,sess_000961,page_091,esportes,lateral,mídia rica,computador,AR,6,4,3,1,0.03155
evt_000716,2026-04-01 01:29:00,demo_publisher,site B,sess_001128,page_080,finanças,rodapé fixo,nativo,celular,BR,5,2,2,0,0.02044
evt_000717,2026-03-30 12:42:00,demo_publisher,site B,sess_001356,page_085,tecnologia,meio do artigo,banner,celular,CL,3,2,1,0,0.01252
evt_000718,2026-03-15 03:25:00,demo_publisher,site B,sess_000349,page_110,esportes,meio do artigo,banner,computador,US,1,1,0,0,0.00691
evt_000719,2026-04-05 23:24:00,demo_publisher,site A,sess_001334,page_010,esportes,topo da página,banner,celular,BR,1,1,0,0,0.00229
evt_000720,2026-03-09 08:21:00,demo_publisher,site B,sess_001723,page_103,esportes,lateral,mídia rica,computador,BR,3,3,1,0,0.02793
evt_000721,2026-04-25 20:58:00,demo_publisher,site A,sess_000636,page_039,notícias,topo da página,vídeo,computador,US,2,2,1,0,0.02912
evt_000722,2026-04-20 16:51:00,demo_publisher,site A,sess_000357,page_022,notícias,topo da página,vídeo,computador,BR,6,5,3,0,0.03255
evt_000723,2026-03-08 04:24:00,demo_publisher,site B,sess_000693,page_063,entretenimento,meio do artigo,vídeo,celular,BR,3,3,2,0,0.01903
evt_000724,2026-04-17 03:46:00,demo_publisher,site A,sess_000550,page_004,notícias,meio do artigo,banner,celular,BR,6,5,3,0,0.01153
evt_000725,2026-03-08 00:37:00,demo_publisher,site A,sess_001170,page_088,notícias,topo da página,vídeo,celular,BR,2,2,1,0,0.01788
evt_000726,2026-04-13 06:33:00,demo_publisher,site C,sess_001727,page_079,entretenimento,topo da página,vídeo,computador,BR,6,4,3,0,0.01249
evt_000727,2026-03-06 06:18:00,demo_publisher,site A,sess_001193,page_072,estilo de vida,rodapé fixo,banner,computador,CL,3,3,3,0,0.00841
evt_000728,2026-03-30 06:59:00,demo_publisher,site B,sess_000251,page_005,finanças,lateral,nativo,computador,BR,6,6,4,0,0.06017
evt_000729,2026-04-09 11:19:00,demo_publisher,site B,sess_000630,page_107,estilo de vida,meio do artigo,nativo,computador,BR,4,3,2,0,0.01386
evt_000730,2026-04-13 17:29:00,demo_publisher,site A,sess_001378,page_005,entretenimento,rodapé fixo,mídia rica,celular,BR,1,1,1,0,0.0045
evt_000731,2026-03-26 02:47:00,demo_publisher,site A,sess_000661,page_037,notícias,rodapé fixo,banner,celular,US,6,4,2,0,0.01102
evt_000732,2026-04-25 07:08:00,demo_publisher,site A,sess_001173,page_056,esportes,topo da página,mídia rica,computador,BR,2,1,0,0,0.00307
evt_000733,2026-04-16 11:01:00,demo_publisher,site A,sess_001388,page_098,tecnologia,meio do artigo,mídia rica,computador,US,5,5,4,0,0.06689
evt_000734,2026-03-13 11:54:00,demo_publisher,site A,sess_000659,page_057,tecnologia,meio do artigo,mídia rica,computador,BR,5,3,2,0,0.03119
evt_000735,2026-04-10 06:34:00,demo_publisher,site A,sess_001295,page_114,entretenimento,meio do artigo,banner,celular,US,2,1,1,0,0.00695
evt_000736,2026-04-13 19:58:00,demo_publisher,site C,sess_000796,page_130,esportes,lateral,banner,celular,AR,4,4,2,0,0.01181
evt_000737,2026-03-21 00:26:00,demo_publisher,site A,sess_000270,page_107,entretenimento,topo da página,nativo,celular,AR,5,5,5,0,0.01929
evt_000738,2026-04-14 07:03:00,demo_publisher,site A,sess_000744,page_006,esportes,meio do artigo,banner,computador,BR,6,5,1,0,0.0457
evt_000739,2026-04-23 21:38:00,demo_publisher,site B,sess_000882,page_108,tecnologia,meio do artigo,banner,computador,BR,3,3,3,0,0.02181
evt_000740,2026-04-19 00:38:00,demo_publisher,site A,sess_000005,page_029,entretenimento,meio do artigo,vídeo,computador,MX,3,3,1,0,0.01391
evt_000741,2026-04-15 18:02:00,demo_publisher,site B,sess_001785,page_124,notícias,topo da página,banner,computador,US,5,3,3,0,0.01775
evt_000742,2026-04-08 01:40:00,demo_publisher,site B,sess_001056,page_137,notícias,rodapé fixo,banner,celular,MX,3,3,2,0,0.00951
evt_000743,2026-03-17 05:34:00,demo_publisher,site C,sess_000073,page_012,estilo de vida,meio do artigo,mídia rica,computador,BR,4,2,2,0,0.00989
evt_000744,2026-04-17 17:07:00,demo_publisher,site A,sess_001736,page_014,tecnologia,topo da página,banner,computador,MX,1,1,0,0,0.00503
evt_000745,2026-03-22 20:26:00,demo_publisher,site A,sess_001710,page_097,notícias,rodapé fixo,mídia rica,computador,BR,5,4,2,0,0.02391
evt_000746,2026-04-01 22:21:00,demo_publisher,site A,sess_000025,page_020,tecnologia,topo da página,banner,computador,BR,3,2,0,0,0.01418
evt_000747,2026-03-19 20:47:00,demo_publisher,site B,sess_000327,page_135,esportes,lateral,banner,tablet,US,3,2,0,0,0.00574
evt_000748,2026-03-19 18:44:00,demo_publisher,site A,sess_000728,page_076,finanças,meio do artigo,banner,tablet,US,6,3,2,0,0.01445
evt_000749,2026-03-10 10:57:00,demo_publisher,site B,sess_001014,page_080,esportes,topo da página,banner,celular,BR,5,5,3,0,0.01433
evt_000750,2026-04-27 16:16:00,demo_publisher,site B,sess_001451,page_120,entretenimento,topo da página,banner,computador,US,4,4,1,0,0.01208
evt_000751,2026-03-09 20:48:00,demo_publisher,site B,sess_000849,page_031,notícias,topo da página,vídeo,celular,BR,4,4,1,1,0.01591
evt_000752,2026-03-06 04:12:00,demo_publisher,site A,sess_001223,page_078,estilo de vida,lateral,mídia rica,celular,BR,6,6,3,0,0.04669
evt_000753,2026-04-26 04:01:00,demo_publisher,site A,sess_000021,page_139,notícias,lateral,banner,celular,BR,4,4,2,0,0.0118
evt_000754,2026-04-03 07:13:00,demo_publisher,site A,sess_001317,page_004,entretenimento,topo da página,banner,computador,US,2,1,1,0,0.00644
evt_000755,2026-03-27 06:34:00,demo_publisher,site C,sess_001830,page_025,tecnologia,topo da página,nativo,computador,BR,4,4,3,0,0.01916
evt_000756,2026-04-14 05:59:00,demo_publisher,site A,sess_001052,page_021,esportes,rodapé fixo,nativo,computador,BR,4,2,2,0,0.01186
evt_000757,2026-03-23 23:58:00,demo_publisher,site C,sess_000910,page_047,esportes,topo da página,banner,computador,MX,1,1,0,0,0.0088
evt_000758,2026-03-08 16:12:00,demo_publisher,site C,sess_000594,page_019,esportes,meio do artigo,banner,celular,AR,1,1,1,0,0.00938
evt_000759,2026-04-13 18:44:00,demo_publisher,site A,sess_001908,page_024,finanças,lateral,banner,celular,BR,3,3,2,0,0.01519
evt_000760,2026-03-11 13:26:00,demo_publisher,site C,sess_000067,page_119,tecnologia,topo da página,nativo,computador,MX,4,3,3,0,0.02403
evt_000761,2026-04-03 04:18:00,demo_publisher,site C,sess_000574,page_065,estilo de vida,intersticial,banner,celular,BR,1,1,1,0,0.0065
evt_000762,2026-04-26 22:39:00,demo_publisher,site B,sess_000278,page_050,finanças,topo da página,vídeo,computador,BR,3,3,1,0,0.05207
evt_000763,2026-04-26 04:02:00,demo_publisher,site C,sess_001732,page_059,tecnologia,rodapé fixo,banner,computador,BR,2,2,2,0,0.01501
evt_000764,2026-03-22 15:31:00,demo_publisher,site A,sess_000965,page_135,finanças,meio do artigo,banner,celular,BR,5,5,1,1,0.03817
evt_000765,2026-04-16 19:38:00,demo_publisher,site B,sess_001844,page_069,notícias,topo da página,nativo,computador,BR,3,2,2,0,0.01388
evt_000766,2026-04-06 18:15:00,demo_publisher,site A,sess_001330,page_066,notícias,meio do artigo,banner,tablet,BR,1,1,0,0,0.00194
evt_000767,2026-03-29 18:17:00,demo_publisher,site C,sess_001114,page_129,esportes,intersticial,mídia rica,tablet,BR,3,2,2,0,0.01507
evt_000768,2026-03-09 09:29:00,demo_publisher,site B,sess_001035,page_006,estilo de vida,meio do artigo,nativo,computador,BR,6,4,2,0,0.01987
evt_000769,2026-03-23 13:57:00,demo_publisher,site A,sess_000406,page_067,notícias,topo da página,vídeo,computador,BR,1,1,0,0,0.00828
evt_000770,2026-04-09 02:45:00,demo_publisher,site B,sess_001124,page_105,estilo de vida,intersticial,nativo,computador,MX,3,2,2,0,0.00626
evt_000771,2026-04-29 04:44:00,demo_publisher,site B,sess_001370,page_072,esportes,topo da página,banner,tablet,CL,1,1,1,0,0.00186
evt_000772,2026-03-01 07:02:00,demo_publisher,site C,sess_001930,page_121,estilo de vida,topo da página,banner,computador,US,6,6,3,0,0.02043
evt_000773,2026-04-13 01:34:00,demo_publisher,site A,sess_001098,page_124,notícias,topo da página,nativo,celular,BR,3,3,3,0,0.01768
evt_000774,2026-04-20 18:43:00,demo_publisher,site B,sess_001877,page_047,finanças,rodapé fixo,nativo,computador,AR,4,3,2,1,0.03998
evt_000775,2026-04-27 01:43:00,demo_publisher,site B,sess_001889,page_114,notícias,topo da página,banner,celular,BR,6,4,2,0,0.01987
evt_000776,2026-03-26 10:16:00,demo_publisher,site B,sess_001045,page_034,esportes,topo da página,banner,computador,MX,1,1,0,0,0.00342
evt_000777,2026-03-08 02:36:00,demo_publisher,site B,sess_000879,page_034,notícias,intersticial,banner,celular,BR,3,1,1,0,0.0
evt_000778,2026-03-17 06:11:00,demo_publisher,site A,sess_000286,page_136,finanças,lateral,banner,celular,BR,1,1,0,0,0.00744
evt_000779,2026-04-21 00:46:00,demo_publisher,site A,sess_000537,page_002,tecnologia,meio do artigo,banner,computador,BR,5,4,1,0,0.02275
evt_000780,2026-04-22 16:13:00,demo_publisher,site A,sess_001758,page_050,notícias,lateral,nativo,computador,BR,4,2,1,0,0.00255
evt_000781,2026-04-08 05:23:00,demo_publisher,site B,sess_000277,page_088,tecnologia,topo da página,mídia rica,celular,MX,3,2,2,0,0.01869
evt_000782,2026-03-08 08:44:00,demo_publisher,site A,sess_000794,page_058,estilo de vida,meio do artigo,banner,celular,BR,2,2,2,0,0.00373
evt_000783,2026-03-08 07:34:00,demo_publisher,site C,sess_001397,page_118,finanças,meio do artigo,banner,celular,BR,2,2,1,0,0.00673
evt_000784,2026-03-29 16:34:00,demo_publisher,site A,sess_000482,page_035,estilo de vida,lateral,banner,computador,BR,6,4,2,0,0.02717
evt_000785,2026-04-05 07:05:00,demo_publisher,site A,sess_001948,page_077,esportes,rodapé fixo,banner,tablet,BR,1,0,0,0,0.0
evt_000786,2026-03-02 22:37:00,demo_publisher,site C,sess_001299,page_018,tecnologia,meio do artigo,nativo,computador,BR,1,1,1,0,0.00292
evt_000787,2026-04-11 03:58:00,demo_publisher,site A,sess_000057,page_030,tecnologia,topo da página,banner,celular,BR,3,3,2,0,0.02738
evt_000788,2026-04-02 16:05:00,demo_publisher,site A,sess_000495,page_025,tecnologia,meio do artigo,mídia rica,tablet,BR,3,2,0,0,0.0142
evt_000789,2026-03-01 17:42:00,demo_publisher,site A,sess_001481,page_104,esportes,rodapé fixo,vídeo,celular,BR,6,4,2,0,0.02591
evt_000790,2026-03-06 17:46:00,demo_publisher,site B,sess_001726,page_029,estilo de vida,rodapé fixo,nativo,tablet,BR,2,2,2,0,0.00619
evt_000791,2026-03-28 06:13:00,demo_publisher,site A,sess_001853,page_094,notícias,rodapé fixo,mídia rica,computador,BR,2,2,2,0,0.01325
evt_000792,2026-04-13 08:31:00,demo_publisher,site C,sess_001702,page_049,finanças,intersticial,nativo,celular,BR,2,1,0,0,0.00811
evt_000793,2026-04-19 12:34:00,demo_publisher,site B,sess_000150,page_079,notícias,rodapé fixo,mídia rica,computador,BR,3,1,1,0,0.01012
evt_000794,2026-03-26 21:04:00,demo_publisher,site A,sess_001459,page_122,notícias,intersticial,banner,computador,CL,2,1,1,0,0.0066
evt_000795,2026-03-18 17:19:00,demo_publisher,site B,sess_000221,page_121,estilo de vida,lateral,mídia rica,celular,BR,5,5,1,0,0.01775
evt_000796,2026-04-28 02:22:00,demo_publisher,site C,sess_000154,page_002,entretenimento,topo da página,banner,celular,US,5,5,2,0,0.01889
evt_000797,2026-03-28 12:18:00,demo_publisher,site C,sess_001384,page_110,notícias,lateral,banner,tablet,BR,5,4,1,0,0.01331
evt_000798,2026-03-19 22:09:00,demo_publisher,site A,sess_000956,page_133,estilo de vida,topo da página,mídia rica,celular,BR,5,3,1,0,0.01707
evt_000799,2026-03-27 12:55:00,demo_publisher,site C,sess_001296,page_093,estilo de vida,topo da página,banner,celular,BR,4,3,2,0,0.01566
evt_000800,2026-03-01 17:24:00,demo_publisher,site A,sess_001703,page_027,entretenimento,meio do artigo,banner,celular,BR,5,4,2,0,0.0084
evt_000801,2026-03-19 02:46:00,demo_publisher,site A,sess_000138,page_093,estilo de vida,meio do artigo,banner,celular,BR,3,1,1,0,0.00333
evt_000802,2026-03-31 22:23:00,demo_publisher,site B,sess_001055,page_089,notícias,lateral,banner,computador,BR,6,5,3,0,0.01788
evt_000803,2026-04-25 02:33:00,demo_publisher,site B,sess_001669,page_093,notícias,meio do artigo,banner,celular,BR,6,3,3,0,0.01305
evt_000804,2026-04-14 07:02:00,demo_publisher,site A,sess_000881,page_060,estilo de vida,topo da página,banner,celular,BR,1,1,1,0,0.00109
evt_000805,2026-04-16 21:03:00,demo_publisher,site B,sess_001047,page_073,notícias,rodapé fixo,nativo,celular,MX,3,2,2,1,0.00414
evt_000806,2026-04-02 16:39:00,demo_publisher,site A,sess_000996,page_091,entretenimento,lateral,vídeo,celular,BR,5,5,2,0,0.03628
evt_000807,2026-03-07 15:14:00,demo_publisher,site A,sess_001814,page_065,entretenimento,topo da página,banner,celular,US,2,2,1,0,0.00488
evt_000808,2026-03-24 10:56:00,demo_publisher,site C,sess_000100,page_108,entretenimento,topo da página,vídeo,tablet,AR,4,2,0,0,0.01862
evt_000809,2026-04-29 19:43:00,demo_publisher,site A,sess_001756,page_099,esportes,topo da página,nativo,celular,AR,6,4,3,0,0.01525
evt_000810,2026-03-03 15:36:00,demo_publisher,site B,sess_001632,page_043,tecnologia,rodapé fixo,vídeo,celular,BR,6,5,4,0,0.02901
evt_000811,2026-04-22 18:02:00,demo_publisher,site A,sess_001625,page_085,estilo de vida,topo da página,vídeo,celular,BR,6,5,4,2,0.02408
evt_000812,2026-04-11 01:40:00,demo_publisher,site A,sess_000825,page_106,notícias,intersticial,mídia rica,celular,AR,4,4,3,0,0.01222
evt_000813,2026-03-18 00:49:00,demo_publisher,site A,sess_001032,page_069,esportes,topo da página,banner,celular,CL,6,4,3,0,0.00903
evt_000814,2026-04-16 16:18:00,demo_publisher,site B,sess_000738,page_100,notícias,rodapé fixo,nativo,tablet,US,4,4,4,0,0.02978
evt_000815,2026-04-20 05:07:00,demo_publisher,site A,sess_000504,page_018,esportes,topo da página,mídia rica,celular,BR,4,4,2,0,0.02141
evt_000816,2026-03-03 14:14:00,demo_publisher,site B,sess_001750,page_054,entretenimento,meio do artigo,vídeo,celular,BR,2,2,2,0,0.01092
evt_000817,2026-03-07 09:14:00,demo_publisher,site A,sess_001012,page_098,tecnologia,meio do artigo,banner,computador,BR,6,4,1,0,0.0243
evt_000818,2026-04-09 22:40:00,demo_publisher,site A,sess_001446,page_125,esportes,meio do artigo,nativo,celular,BR,2,2,1,0,0.00405
evt_000819,2026-04-29 22:42:00,demo_publisher,site B,sess_000202,page_090,finanças,intersticial,vídeo,celular,BR,2,0,0,0,0.00137
evt_000820,2026-03-02 10:30:00,demo_publisher,site B,sess_001578,page_093,notícias,lateral,banner,tablet,BR,5,3,2,0,0.01386
evt_000821,2026-04-09 22:35:00,demo_publisher,site C,sess_001318,page_048,esportes,topo da página,nativo,tablet,BR,6,3,0,0,0.01384
evt_000822,2026-03-09 04:35:00,demo_publisher,site B,sess_001995,page_098,notícias,rodapé fixo,vídeo,celular,BR,6,5,3,0,0.02835
evt_000823,2026-04-09 00:10:00,demo_publisher,site A,sess_000268,page_050,estilo de vida,topo da página,nativo,celular,BR,5,5,4,0,0.02465
evt_000824,2026-04-07 09:34:00,demo_publisher,site A,sess_001080,page_008,estilo de vida,rodapé fixo,banner,computador,BR,6,2,2,0,0.0022
evt_000825,2026-03-06 10:14:00,demo_publisher,site B,sess_001022,page_035,tecnologia,meio do artigo,nativo,celular,BR,3,3,3,0,0.01115
evt_000826,2026-04-10 20:14:00,demo_publisher,site A,sess_001077,page_085,entretenimento,topo da página,nativo,computador,BR,1,0,0,0,0.00378
evt_000827,2026-04-23 19:43:00,demo_publisher,site A,sess_000109,page_134,notícias,topo da página,banner,celular,BR,2,2,1,0,0.00812
evt_000828,2026-04-21 19:21:00,demo_publisher,site B,sess_000946,page_069,tecnologia,topo da página,nativo,computador,BR,1,1,0,0,0.00412
evt_000829,2026-03-02 17:45:00,demo_publisher,site B,sess_000599,page_120,notícias,rodapé fixo,banner,tablet,BR,5,3,1,1,0.00969
evt_000830,2026-03-15 18:07:00,demo_publisher,site A,sess_001235,page_109,esportes,meio do artigo,vídeo,celular,MX,3,2,2,0,0.0214
evt_000831,2026-03-15 10:47:00,demo_publisher,site B,sess_000464,page_078,finanças,topo da página,vídeo,computador,US,3,2,2,0,0.0195
evt_000832,2026-03-28 04:44:00,demo_publisher,site A,sess_000870,page_112,notícias,rodapé fixo,vídeo,celular,US,6,6,5,0,0.04731
evt_000833,2026-03-09 13:57:00,demo_publisher,site B,sess_001240,page_056,notícias,topo da página,nativo,celular,BR,6,5,1,0,0.01179
evt_000834,2026-04-21 06:15:00,demo_publisher,site A,sess_000129,page_062,esportes,topo da página,banner,celular,MX,1,1,0,0,0.00317
evt_000835,2026-04-16 14:32:00,demo_publisher,site B,sess_001573,page_103,notícias,lateral,vídeo,celular,BR,6,2,1,0,0.01837
evt_000836,2026-04-18 12:01:00,demo_publisher,site A,sess_001431,page_089,entretenimento,topo da página,banner,celular,BR,4,3,2,0,0.00731
evt_000837,2026-03-12 21:24:00,demo_publisher,site A,sess_000115,page_074,esportes,rodapé fixo,nativo,computador,BR,5,5,3,0,0.02053
evt_000838,2026-03-01 20:59:00,demo_publisher,site A,sess_000130,page_061,finanças,meio do artigo,banner,celular,BR,6,5,3,0,0.01641
evt_000839,2026-04-24 15:19:00,demo_publisher,site C,sess_001700,page_136,entretenimento,topo da página,nativo,tablet,MX,3,2,0,0,0.01072
evt_000840,2026-03-18 08:01:00,demo_publisher,site C,sess_000567,page_010,estilo de vida,meio do artigo,nativo,celular,BR,5,3,1,0,0.01552
evt_000841,2026-04-09 09:01:00,demo_publisher,site A,sess_001721,page_008,finanças,topo da página,banner,computador,BR,5,3,1,0,0.01693
evt_000842,2026-04-24 13:35:00,demo_publisher,site B,sess_000999,page_067,entretenimento,meio do artigo,banner,celular,BR,4,4,2,0,0.01407
evt_000843,2026-03-03 04:04:00,demo_publisher,site C,sess_000685,page_005,esportes,meio do artigo,banner,computador,BR,5,3,3,0,0.01268
evt_000844,2026-03-01 07:52:00,demo_publisher,site A,sess_000547,page_048,notícias,rodapé fixo,banner,tablet,BR,5,4,4,0,0.01426
evt_000845,2026-03-01 07:49:00,demo_publisher,site B,sess_001318,page_080,finanças,meio do artigo,banner,computador,BR,3,2,0,0,0.00986
evt_000846,2026-03-10 09:06:00,demo_publisher,site A,sess_000220,page_057,finanças,rodapé fixo,vídeo,computador,BR,6,4,4,0,0.054
evt_000847,2026-03-04 02:23:00,demo_publisher,site A,sess_000805,page_029,tecnologia,topo da página,mídia rica,computador,CL,1,1,1,0,0.01003
evt_000848,2026-04-19 04:46:00,demo_publisher,site A,sess_000692,page_040,notícias,rodapé fixo,mídia rica,celular,BR,2,2,1,0,0.00714
evt_000849,2026-04-06 08:31:00,demo_publisher,site C,sess_000309,page_084,estilo de vida,topo da página,banner,celular,MX,5,5,5,0,0.01462
evt_000850,2026-04-28 19:16:00,demo_publisher,site B,sess_000706,page_133,tecnologia,rodapé fixo,banner,celular,CL,3,2,1,0,0.0123
evt_000851,2026-04-18 02:08:00,demo_publisher,site B,sess_001057,page_109,entretenimento,meio do artigo,nativo,computador,US,2,2,1,0,0.00717
evt_000852,2026-04-27 18:59:00,demo_publisher,site B,sess_001355,page_077,notícias,topo da página,nativo,celular,BR,4,4,4,0,0.03158
evt_000853,2026-03-15 07:30:00,demo_publisher,site A,sess_000173,page_020,esportes,meio do artigo,vídeo,celular,BR,1,1,1,0,0.00362
evt_000854,2026-03-18 06:25:00,demo_publisher,site B,sess_001744,page_034,entretenimento,rodapé fixo,vídeo,computador,US,1,1,1,0,0.00413
evt_000855,2026-04-20 23:08:00,demo_publisher,site B,sess_001757,page_062,estilo de vida,rodapé fixo,nativo,celular,BR,1,1,1,0,0.00996
evt_000856,2026-03-15 16:37:00,demo_publisher,site A,sess_001384,page_035,notícias,lateral,nativo,celular,BR,6,4,3,0,0.01114
evt_000857,2026-03-04 10:24:00,demo_publisher,site A,sess_001848,page_096,notícias,meio do artigo,mídia rica,celular,US,2,1,0,0,0.00318
evt_000858,2026-04-10 03:32:00,demo_publisher,site A,sess_000856,page_051,tecnologia,lateral,banner,computador,BR,6,5,1,0,0.04043
evt_000859,2026-04-18 01:23:00,demo_publisher,site B,sess_001643,page_116,estilo de vida,topo da página,vídeo,celular,US,4,3,3,0,0.01075
evt_000860,2026-04-28 02:12:00,demo_publisher,site B,sess_001454,page_038,estilo de vida,lateral,vídeo,computador,BR,2,0,0,0,0.00046
evt_000861,2026-04-25 16:01:00,demo_publisher,site A,sess_001125,page_069,entretenimento,topo da página,banner,celular,BR,1,1,1,0,0.00269
evt_000862,2026-03-08 05:07:00,demo_publisher,site A,sess_000359,page_100,esportes,rodapé fixo,mídia rica,celular,BR,1,0,0,0,0.00127
evt_000863,2026-04-16 07:50:00,demo_publisher,site B,sess_001115,page_029,notícias,lateral,vídeo,celular,BR,4,1,1,0,0.01313
evt_000864,2026-04-20 18:25:00,demo_publisher,site A,sess_001802,page_106,estilo de vida,meio do artigo,vídeo,computador,US,4,2,2,0,0.00633
evt_000865,2026-04-11 21:17:00,demo_publisher,site B,sess_001969,page_082,entretenimento,lateral,banner,computador,BR,6,6,1,0,0.01978
evt_000866,2026-04-19 04:30:00,demo_publisher,site B,sess_000896,page_091,esportes,meio do artigo,banner,computador,BR,2,2,2,0,0.00748
evt_000867,2026-04-20 06:41:00,demo_publisher,site C,sess_000496,page_064,estilo de vida,topo da página,nativo,celular,BR,4,4,1,0,0.01269
evt_000868,2026-03-27 19:01:00,demo_publisher,site A,sess_001495,page_130,notícias,topo da página,banner,computador,US,1,1,1,0,0.00698
evt_000869,2026-03-03 09:49:00,demo_publisher,site B,sess_000152,page_108,notícias,topo da página,banner,celular,MX,4,3,2,0,0.01682
evt_000870,2026-03-28 08:55:00,demo_publisher,site B,sess_000303,page_027,entretenimento,topo da página,banner,computador,BR,2,2,0,0,0.00647
evt_000871,2026-03-13 02:33:00,demo_publisher,site A,sess_001124,page_078,notícias,lateral,banner,celular,BR,2,2,1,0,0.00298
evt_000872,2026-03-07 19:46:00,demo_publisher,site B,sess_001980,page_126,notícias,lateral,vídeo,celular,BR,3,3,1,0,0.00998
evt_000873,2026-03-08 11:53:00,demo_publisher,site A,sess_000658,page_039,tecnologia,meio do artigo,nativo,computador,BR,3,2,2,0,0.01152
evt_000874,2026-04-11 20:13:00,demo_publisher,site B,sess_000887,page_075,esportes,intersticial,banner,celular,BR,1,1,1,0,0.00231
evt_000875,2026-03-31 06:31:00,demo_publisher,site B,sess_000645,page_105,esportes,rodapé fixo,nativo,celular,BR,4,4,3,0,0.01662
evt_000876,2026-04-02 09:22:00,demo_publisher,site C,sess_000881,page_038,tecnologia,topo da página,banner,celular,BR,3,2,1,1,0.00929
evt_000877,2026-04-14 17:04:00,demo_publisher,site C,sess_000015,page_072,notícias,meio do artigo,banner,celular,BR,6,6,5,0,0.02527
evt_000878,2026-04-02 21:30:00,demo_publisher,site C,sess_001189,page_077,estilo de vida,rodapé fixo,nativo,computador,BR,4,3,2,0,0.03091
evt_000879,2026-04-07 19:13:00,demo_publisher,site B,sess_001192,page_025,esportes,topo da página,nativo,computador,BR,6,5,3,0,0.01769
evt_000880,2026-03-06 03:52:00,demo_publisher,site B,sess_000631,page_025,notícias,meio do artigo,banner,celular,US,1,1,1,0,0.00519
evt_000881,2026-04-21 01:37:00,demo_publisher,site B,sess_000528,page_079,estilo de vida,intersticial,nativo,celular,BR,3,1,0,0,0.00401
evt_000882,2026-03-27 22:14:00,demo_publisher,site B,sess_001523,page_025,esportes,rodapé fixo,banner,computador,BR,6,6,5,0,0.0369
evt_000883,2026-03-10 07:30:00,demo_publisher,site C,sess_000376,page_132,tecnologia,rodapé fixo,nativo,computador,BR,2,2,1,0,0.01661
evt_000884,2026-04-18 19:11:00,demo_publisher,site A,sess_000095,page_073,entretenimento,rodapé fixo,banner,celular,MX,2,1,0,0,0.0
evt_000885,2026-04-14 01:51:00,demo_publisher,site B,sess_000081,page_099,tecnologia,topo da página,vídeo,celular,BR,5,4,3,0,0.05119
evt_000886,2026-03-04 04:21:00,demo_publisher,site A,sess_001763,page_056,esportes,lateral,nativo,tablet,MX,1,1,0,0,0.00922
evt_000887,2026-03-12 13:58:00,demo_publisher,site A,sess_000729,page_042,esportes,rodapé fixo,banner,computador,BR,6,4,2,0,0.02784
evt_000888,2026-03-01 22:40:00,demo_publisher,site B,sess_000204,page_068,entretenimento,topo da página,nativo,celular,BR,6,5,3,0,0.02442
evt_000889,2026-03-17 05:53:00,demo_publisher,site B,sess_001758,page_099,finanças,topo da página,vídeo,celular,BR,6,5,1,0,0.04836
evt_000890,2026-03-06 23:58:00,demo_publisher,site B,sess_000298,page_056,tecnologia,topo da página,banner,celular,BR,5,3,3,0,0.01268
evt_000891,2026-04-12 14:15:00,demo_publisher,site A,sess_000674,page_040,tecnologia,rodapé fixo,nativo,computador,BR,6,6,5,0,0.03433
evt_000892,2026-04-01 08:28:00,demo_publisher,site A,sess_000042,page_021,esportes,lateral,vídeo,computador,AR,6,4,2,0,0.03721
evt_000893,2026-04-28 19:29:00,demo_publisher,site B,sess_001358,page_076,notícias,rodapé fixo,banner,computador,BR,2,2,2,0,0.00649
evt_000894,2026-04-14 23:10:00,demo_publisher,site A,sess_001398,page_095,estilo de vida,meio do artigo,mídia rica,celular,MX,1,1,1,0,0.00547
evt_000895,2026-04-06 16:37:00,demo_publisher,site B,sess_001513,page_074,estilo de vida,lateral,banner,computador,CL,6,5,3,0,0.02539
evt_000896,2026-03-31 13:24:00,demo_publisher,site B,sess_000526,page_036,esportes,topo da página,vídeo,computador,BR,3,1,0,0,0.00877
evt_000897,2026-03-04 06:28:00,demo_publisher,site B,sess_000656,page_035,estilo de vida,rodapé fixo,mídia rica,computador,AR,1,1,0,0,0.00824
evt_000898,2026-03-05 05:05:00,demo_publisher,site A,sess_001876,page_053,tecnologia,meio do artigo,mídia rica,celular,US,3,2,1,0,0.01092
evt_000899,2026-04-06 23:29:00,demo_publisher,site A,sess_001643,page_049,esportes,rodapé fixo,nativo,computador,US,1,1,0,0,0.00968
evt_000900,2026-03-01 06:18:00,demo_publisher,site A,sess_000075,page_029,esportes,meio do artigo,vídeo,celular,BR,4,3,2,0,0.01756
evt_000901,2026-03-03 12:59:00,demo_publisher,site B,sess_001384,page_131,tecnologia,topo da página,banner,celular,BR,5,3,1,0,0.03286
evt_000902,2026-03-14 03:33:00,demo_publisher,site C,sess_001625,page_046,tecnologia,topo da página,banner,celular,BR,1,1,1,0,0.00894
evt_000903,2026-04-23 01:10:00,demo_publisher,site B,sess_001118,page_035,entretenimento,rodapé fixo,vídeo,celular,BR,1,0,0,0,0.002
evt_000904,2026-03-28 12:51:00,demo_publisher,site C,sess_001280,page_085,notícias,topo da página,banner,celular,BR,6,5,1,0,0.02295
evt_000905,2026-04-12 13:47:00,demo_publisher,site B,sess_000002,page_112,entretenimento,rodapé fixo,vídeo,computador,AR,3,1,0,0,0.0052
evt_000906,2026-03-25 16:38:00,demo_publisher,site A,sess_000061,page_065,tecnologia,topo da página,banner,computador,AR,1,1,0,0,0.01437
evt_000907,2026-03-11 09:18:00,demo_publisher,site B,sess_000071,page_093,tecnologia,meio do artigo,banner,computador,BR,1,1,0,0,0.00965
evt_000908,2026-03-23 06:27:00,demo_publisher,site B,sess_000318,page_014,esportes,topo da página,banner,computador,BR,3,3,1,0,0.01668
evt_000909,2026-03-06 12:04:00,demo_publisher,site B,sess_001981,page_075,notícias,topo da página,nativo,computador,BR,1,0,0,0,0.00299
evt_000910,2026-04-16 05:09:00,demo_publisher,site C,sess_001269,page_010,finanças,meio do artigo,banner,celular,BR,1,1,1,0,0.0066
evt_000911,2026-03-12 00:17:00,demo_publisher,site B,sess_001564,page_020,esportes,meio do artigo,banner,computador,BR,2,1,0,0,0.00419
evt_000912,2026-03-23 13:58:00,demo_publisher,site B,sess_000591,page_083,esportes,meio do artigo,mídia rica,celular,BR,5,4,3,0,0.02012
evt_000913,2026-04-28 19:14:00,demo_publisher,site A,sess_001875,page_029,entretenimento,lateral,vídeo,computador,BR,4,2,0,0,0.00833
evt_000914,2026-04-05 12:25:00,demo_publisher,site A,sess_000398,page_006,notícias,meio do artigo,vídeo,tablet,BR,5,2,1,0,0.0086
evt_000915,2026-03-28 12:19:00,demo_publisher,site A,sess_001804,page_025,entretenimento,meio do artigo,banner,celular,BR,2,1,1,0,0.0045
evt_000916,2026-04-02 13:56:00,demo_publisher,site A,sess_000062,page_108,finanças,lateral,banner,computador,BR,1,1,1,0,0.00508
evt_000917,2026-04-17 01:04:00,demo_publisher,site B,sess_000041,page_082,tecnologia,topo da página,nativo,computador,BR,4,3,2,0,0.01817
evt_000918,2026-03-16 06:27:00,demo_publisher,site A,sess_000158,page_054,esportes,meio do artigo,banner,tablet,BR,6,5,3,0,0.02453
evt_000919,2026-04-08 04:25:00,demo_publisher,site A,sess_001583,page_136,estilo de vida,topo da página,banner,tablet,BR,4,3,1,0,0.01841
evt_000920,2026-04-22 08:40:00,demo_publisher,site B,sess_000515,page_054,estilo de vida,topo da página,mídia rica,computador,AR,2,2,1,0,0.0123
evt_000921,2026-04-04 08:16:00,demo_publisher,site C,sess_000902,page_122,entretenimento,topo da página,banner,computador,BR,1,0,0,0,0.0
evt_000922,2026-03-27 19:01:00,demo_publisher,site A,sess_000943,page_048,notícias,lateral,mídia rica,tablet,BR,1,1,1,0,0.00691
evt_000923,2026-03-09 16:59:00,demo_publisher,site B,sess_001579,page_004,notícias,topo da página,banner,celular,US,6,4,3,0,0.01068
evt_000924,2026-03-15 21:32:00,demo_publisher,site A,sess_000698,page_016,entretenimento,rodapé fixo,banner,celular,BR,2,2,2,0,0.01349
evt_000925,2026-04-26 18:16:00,demo_publisher,site C,sess_000014,page_039,notícias,rodapé fixo,banner,computador,AR,1,1,1,0,0.00448
evt_000926,2026-04-02 11:24:00,demo_publisher,site A,sess_000773,page_026,estilo de vida,topo da página,mídia rica,celular,BR,3,3,2,0,0.02298
evt_000927,2026-03-19 01:56:00,demo_publisher,site B,sess_000577,page_022,notícias,meio do artigo,nativo,celular,MX,6,6,5,0,0.01393
evt_000928,2026-03-26 02:27:00,demo_publisher,site A,sess_001462,page_054,notícias,topo da página,vídeo,celular,BR,3,1,0,0,0.01091
evt_000929,2026-04-04 16:20:00,demo_publisher,site C,sess_001502,page_136,estilo de vida,topo da página,banner,celular,CL,6,4,0,0,0.00686
evt_000930,2026-04-02 06:04:00,demo_publisher,site B,sess_000184,page_028,estilo de vida,intersticial,vídeo,computador,BR,4,4,2,0,0.0137
evt_000931,2026-04-11 23:40:00,demo_publisher,site C,sess_001586,page_033,estilo de vida,meio do artigo,nativo,celular,MX,6,4,4,0,0.00756
evt_000932,2026-03-16 10:47:00,demo_publisher,site A,sess_000141,page_139,finanças,topo da página,nativo,celular,BR,2,1,0,0,0.00288
evt_000933,2026-04-08 22:53:00,demo_publisher,site B,sess_001239,page_028,tecnologia,rodapé fixo,vídeo,celular,BR,4,3,3,0,0.05434
evt_000934,2026-03-27 13:27:00,demo_publisher,site A,sess_000779,page_116,entretenimento,rodapé fixo,vídeo,tablet,BR,3,2,2,0,0.01085
evt_000935,2026-04-26 10:27:00,demo_publisher,site A,sess_000603,page_087,esportes,meio do artigo,nativo,celular,BR,5,3,3,0,0.01502
evt_000936,2026-03-10 11:24:00,demo_publisher,site B,sess_000966,page_129,esportes,lateral,banner,computador,BR,1,1,1,0,0.00607
evt_000937,2026-03-09 21:45:00,demo_publisher,site A,sess_000621,page_078,esportes,rodapé fixo,vídeo,computador,BR,2,1,0,0,0.00862
evt_000938,2026-03-28 16:47:00,demo_publisher,site A,sess_001587,page_083,tecnologia,lateral,banner,celular,BR,2,2,0,0,0.01021
evt_000939,2026-03-31 12:01:00,demo_publisher,site A,sess_001933,page_032,esportes,meio do artigo,mídia rica,computador,US,6,4,3,0,0.02236
evt_000940,2026-04-11 10:51:00,demo_publisher,site A,sess_001631,page_080,estilo de vida,rodapé fixo,banner,celular,BR,6,5,4,0,0.03557
evt_000941,2026-03-25 05:48:00,demo_publisher,site B,sess_000878,page_094,finanças,meio do artigo,banner,computador,US,1,1,1,0,0.00693
evt_000942,2026-04-24 19:45:00,demo_publisher,site A,sess_001007,page_138,estilo de vida,topo da página,banner,computador,BR,3,1,0,0,0.00772
evt_000943,2026-03-29 10:48:00,demo_publisher,site C,sess_000894,page_014,tecnologia,topo da página,nativo,computador,BR,4,2,2,0,0.0095
evt_000944,2026-03-08 18:14:00,demo_publisher,site A,sess_001587,page_022,finanças,meio do artigo,banner,celular,BR,6,3,3,0,0.01032
evt_000945,2026-03-08 03:40:00,demo_publisher,site C,sess_001105,page_003,finanças,topo da página,vídeo,computador,BR,3,2,0,0,0.02289
evt_000946,2026-04-28 09:42:00,demo_publisher,site A,sess_000936,page_110,esportes,topo da página,nativo,celular,BR,5,5,4,1,0.02284
evt_000947,2026-03-09 01:05:00,demo_publisher,site B,sess_000819,page_012,finanças,meio do artigo,banner,computador,BR,5,4,3,0,0.03374
evt_000948,2026-04-26 20:54:00,demo_publisher,site B,sess_000750,page_128,esportes,intersticial,nativo,tablet,BR,4,3,0,0,0.01172
evt_000949,2026-03-17 16:25:00,demo_publisher,site A,sess_001105,page_051,tecnologia,topo da página,vídeo,celular,BR,5,5,5,0,0.03393
evt_000950,2026-03-06 14:30:00,demo_publisher,site A,sess_001378,page_041,esportes,topo da página,mídia rica,celular,BR,1,1,1,0,0.00358
evt_000951,2026-03-19 06:46:00,demo_publisher,site A,sess_000865,page_136,notícias,rodapé fixo,banner,celular,BR,2,2,2,0,0.00577
evt_000952,2026-04-06 21:09:00,demo_publisher,site C,sess_001613,page_101,esportes,meio do artigo,mídia rica,celular,BR,6,6,4,0,0.01839
evt_000953,2026-03-26 16:10:00,demo_publisher,site C,sess_001653,page_077,finanças,rodapé fixo,banner,celular,BR,1,1,0,0,0.00623
evt_000954,2026-04-17 03:14:00,demo_publisher,site A,sess_000858,page_124,entretenimento,meio do artigo,nativo,computador,MX,4,3,1,0,0.02232
evt_000955,2026-04-06 15:49:00,demo_publisher,site A,sess_001818,page_105,esportes,lateral,vídeo,computador,MX,5,2,1,0,0.01084
evt_000956,2026-03-25 01:07:00,demo_publisher,site A,sess_000346,page_089,esportes,topo da página,banner,celular,AR,4,4,4,0,0.01181
evt_000957,2026-04-08 01:51:00,demo_publisher,site A,sess_001864,page_045,finanças,meio do artigo,banner,celular,BR,6,6,5,0,0.03078
evt_000958,2026-04-28 06:54:00,demo_publisher,site A,sess_000588,page_138,entretenimento,lateral,nativo,celular,BR,6,5,1,1,0.01721
evt_000959,2026-03-25 17:00:00,demo_publisher,site B,sess_001129,page_100,tecnologia,topo da página,banner,celular,CL,1,1,1,0,0.00335
evt_000960,2026-03-10 04:57:00,demo_publisher,site B,sess_000567,page_132,notícias,topo da página,banner,computador,BR,4,4,4,1,0.00809
evt_000961,2026-03-25 12:38:00,demo_publisher,site A,sess_000884,page_135,estilo de vida,meio do artigo,banner,computador,AR,5,3,3,0,0.00412
evt_000962,2026-04-20 09:45:00,demo_publisher,site B,sess_000680,page_077,tecnologia,lateral,vídeo,celular,BR,5,5,2,0,0.03509
evt_000963,2026-03-14 01:23:00,demo_publisher,site A,sess_001410,page_050,tecnologia,meio do artigo,banner,celular,US,4,2,1,0,0.01168
evt_000964,2026-04-26 22:45:00,demo_publisher,site B,sess_000163,page_132,finanças,lateral,nativo,celular,US,3,2,2,0,0.01004
evt_000965,2026-04-05 07:09:00,demo_publisher,site A,sess_001676,page_139,tecnologia,lateral,mídia rica,celular,BR,2,2,2,0,0.01477
evt_000966,2026-04-06 02:15:00,demo_publisher,site A,sess_001807,page_017,estilo de vida,topo da página,vídeo,computador,BR,3,1,0,0,0.00937
evt_000967,2026-03-20 00:32:00,demo_publisher,site A,sess_001126,page_089,notícias,rodapé fixo,nativo,computador,MX,1,1,1,0,0.00681
evt_000968,2026-04-25 05:27:00,demo_publisher,site A,sess_001095,page_084,notícias,rodapé fixo,nativo,computador,BR,6,5,4,0,0.02367
evt_000969,2026-03-03 03:55:00,demo_publisher,site B,sess_001400,page_105,esportes,topo da página,banner,computador,US,5,4,3,0,0.01897
evt_000970,2026-03-18 22:05:00,demo_publisher,site A,sess_000398,page_136,notícias,meio do artigo,banner,celular,BR,2,2,2,0,0.01361
evt_000971,2026-03-26 02:29:00,demo_publisher,site A,sess_001499,page_036,esportes,meio do artigo,banner,celular,BR,1,0,0,0,0.0
evt_000972,2026-03-29 15:16:00,demo_publisher,site B,sess_000438,page_136,tecnologia,rodapé fixo,banner,celular,BR,4,4,4,0,0.01766
evt_000973,2026-03-29 10:45:00,demo_publisher,site B,sess_001353,page_090,tecnologia,meio do artigo,banner,celular,BR,6,3,1,0,0.00811
evt_000974,2026-03-09 21:00:00,demo_publisher,site A,sess_000611,page_012,notícias,meio do artigo,nativo,computador,AR,6,4,3,0,0.01728
evt_000975,2026-03-14 12:51:00,demo_publisher,site C,sess_001492,page_072,notícias,rodapé fixo,banner,celular,MX,2,1,1,0,0.00079
evt_000976,2026-03-06 17:08:00,demo_publisher,site B,sess_001582,page_019,estilo de vida,lateral,banner,computador,BR,3,3,1,0,0.01005
evt_000977,2026-04-04 08:20:00,demo_publisher,site C,sess_000418,page_133,finanças,topo da página,vídeo,computador,BR,4,4,2,0,0.03898
evt_000978,2026-03-22 01:15:00,demo_publisher,site C,sess_001235,page_107,notícias,lateral,banner,celular,BR,4,2,1,0,0.00497
evt_000979,2026-04-03 22:42:00,demo_publisher,site B,sess_000997,page_126,tecnologia,rodapé fixo,vídeo,computador,BR,2,2,2,0,0.01915
evt_000980,2026-04-05 09:11:00,demo_publisher,site A,sess_000588,page_084,notícias,meio do artigo,banner,computador,BR,5,2,2,0,0.00396
evt_000981,2026-04-12 02:52:00,demo_publisher,site B,sess_001176,page_056,notícias,meio do artigo,nativo,celular,BR,5,4,3,0,0.01307
evt_000982,2026-04-02 19:43:00,demo_publisher,site A,sess_001985,page_060,tecnologia,lateral,banner,celular,US,5,4,2,0,0.01925
evt_000983,2026-04-08 21:02:00,demo_publisher,site A,sess_000005,page_132,estilo de vida,meio do artigo,banner,computador,AR,1,0,0,0,0.00326
evt_000984,2026-04-05 05:29:00,demo_publisher,site A,sess_001913,page_022,esportes,intersticial,vídeo,celular,BR,5,3,2,0,0.02127
evt_000985,2026-04-09 03:30:00,demo_publisher,site A,sess_001712,page_123,estilo de vida,meio do artigo,nativo,computador,BR,3,3,2,0,0.0118
evt_000986,2026-04-06 23:58:00,demo_publisher,site B,sess_001059,page_059,entretenimento,lateral,banner,celular,BR,5,3,1,0,0.00399
evt_000987,2026-03-19 23:20:00,demo_publisher,site B,sess_001220,page_083,notícias,rodapé fixo,banner,celular,US,4,4,4,0,0.01222
evt_000988,2026-03-15 18:38:00,demo_publisher,site C,sess_000739,page_093,estilo de vida,topo da página,nativo,celular,AR,4,3,1,0,0.01759
evt_000989,2026-04-17 05:54:00,demo_publisher,site B,sess_000259,page_012,notícias,topo da página,banner,celular,BR,4,4,2,0,0.01814
evt_000990,2026-03-21 13:29:00,demo_publisher,site A,sess_001143,page_021,finanças,intersticial,nativo,computador,BR,2,0,0,0,0.0
evt_000991,2026-04-02 22:46:00,demo_publisher,site C,sess_001632,page_023,finanças,lateral,nativo,computador,MX,4,2,1,0,0.01474
evt_000992,2026-03-12 19:38:00,demo_publisher,site C,sess_000462,page_109,esportes,meio do artigo,nativo,celular,BR,6,3,1,0,0.02715
evt_000993,2026-03-26 21:14:00,demo_publisher,site A,sess_001434,page_011,notícias,topo da página,vídeo,computador,BR,1,1,0,0,0.01289
evt_000994,2026-04-01 18:42:00,demo_publisher,site C,sess_001496,page_085,tecnologia,topo da página,banner,computador,MX,2,1,0,0,0.0095
evt_000995,2026-04-07 13:27:00,demo_publisher,site B,sess_001516,page_016,esportes,topo da página,mídia rica,celular,BR,1,1,1,0,0.00787
evt_000996,2026-04-01 13:58:00,demo_publisher,site A,sess_000680,page_107,entretenimento,meio do artigo,nativo,computador,CL,3,3,2,0,0.01109
evt_000997,2026-03-22 15:20:00,demo_publisher,site A,sess_000784,page_136,esportes,meio do artigo,banner,celular,BR,2,1,1,0,0.00253
evt_000998,2026-04-27 16:57:00,demo_publisher,site B,sess_000833,page_058,tecnologia,topo da página,nativo,celular,BR,4,4,3,0,0.04125
evt_000999,2026-03-31 18:20:00,demo_publisher,site C,sess_001708,page_030,estilo de vida,lateral,nativo,celular,AR,1,1,1,0,0.0
evt_001000,2026-04-18 11:57:00,demo_publisher,site A,sess_001800,page_062,esportes,intersticial,banner,celular,BR,1,1,0,0,0.0016
evt_001001,2026-04-14 04:51:00,demo_publisher,site C,sess_000828,page_097,tecnologia,intersticial,mídia rica,celular,BR,2,1,1,0,0.00697
evt_001002,2026-04-03 11:58:00,demo_publisher,site A,sess_001939,page_102,tecnologia,rodapé fixo,mídia rica,celular,BR,4,3,2,0,0.02601
evt_001003,2026-04-23 04:25:00,demo_publisher,site B,sess_001141,page_089,finanças,meio do artigo,banner,celular,BR,1,1,1,0,0.0062
evt_001004,2026-03-08 16:42:00,demo_publisher,site B,sess_000770,page_081,finanças,meio do artigo,nativo,celular,BR,4,2,1,0,0.01382
evt_001005,2026-04-25 06:19:00,demo_publisher,site A,sess_000002,page_088,estilo de vida,meio do artigo,vídeo,celular,BR,4,4,3,0,0.01601
evt_001006,2026-04-21 00:19:00,demo_publisher,site A,sess_001222,page_031,estilo de vida,topo da página,mídia rica,celular,BR,2,1,1,0,0.0023
evt_001007,2026-03-31 05:13:00,demo_publisher,site A,sess_001290,page_029,finanças,rodapé fixo,nativo,celular,BR,1,1,1,0,0.00209
evt_001008,2026-04-14 00:05:00,demo_publisher,site A,sess_001936,page_130,tecnologia,lateral,banner,tablet,BR,5,4,2,0,0.00876
evt_001009,2026-04-01 05:11:00,demo_publisher,site A,sess_001436,page_081,esportes,lateral,nativo,celular,BR,3,3,2,0,0.0224
evt_001010,2026-03-17 03:01:00,demo_publisher,site B,sess_000060,page_120,finanças,topo da página,banner,tablet,BR,4,4,2,0,0.0033
evt_001011,2026-04-17 23:48:00,demo_publisher,site B,sess_001134,page_087,estilo de vida,topo da página,nativo,computador,BR,5,3,1,0,0.01537
evt_001012,2026-03-15 18:07:00,demo_publisher,site A,sess_001485,page_064,entretenimento,rodapé fixo,nativo,computador,MX,1,1,1,0,0.00509
evt_001013,2026-03-19 20:48:00,demo_publisher,site A,sess_000993,page_080,esportes,topo da página,nativo,computador,BR,5,5,2,0,0.03576
evt_001014,2026-04-01 03:46:00,demo_publisher,site B,sess_000859,page_097,esportes,topo da página,banner,celular,BR,1,1,1,0,0.0
evt_001015,2026-04-20 05:49:00,demo_publisher,site C,sess_001620,page_026,notícias,lateral,nativo,computador,BR,4,2,0,0,0.00939
evt_001016,2026-03-24 00:51:00,demo_publisher,site B,sess_001223,page_065,estilo de vida,lateral,nativo,computador,BR,1,1,1,0,0.00246
evt_001017,2026-03-30 15:33:00,demo_publisher,site A,sess_001363,page_101,finanças,topo da página,banner,computador,BR,1,1,0,0,0.00747
evt_001018,2026-03-03 11:59:00,demo_publisher,site A,sess_000928,page_013,esportes,topo da página,banner,celular,BR,3,1,1,0,0.0034
evt_001019,2026-03-07 22:50:00,demo_publisher,site B,sess_000556,page_011,notícias,rodapé fixo,banner,computador,BR,4,4,3,0,0.00661
evt_001020,2026-03-04 08:33:00,demo_publisher,site B,sess_001038,page_023,entretenimento,rodapé fixo,vídeo,celular,CL,2,1,1,0,0.00252
evt_001021,2026-03-05 07:45:00,demo_publisher,site A,sess_001918,page_083,finanças,meio do artigo,nativo,celular,BR,2,2,1,0,0.00983
evt_001022,2026-04-22 02:40:00,demo_publisher,site B,sess_001205,page_034,estilo de vida,rodapé fixo,nativo,celular,BR,2,2,0,0,0.01055
evt_001023,2026-04-20 12:28:00,demo_publisher,site A,sess_001414,page_061,notícias,meio do artigo,nativo,celular,BR,4,3,2,0,0.00883
evt_001024,2026-04-19 07:30:00,demo_publisher,site A,sess_000249,page_019,notícias,lateral,vídeo,computador,BR,3,1,1,0,0.01666
evt_001025,2026-03-04 08:01:00,demo_publisher,site B,sess_001975,page_035,notícias,meio do artigo,nativo,tablet,BR,6,4,3,0,0.01383
evt_001026,2026-03-05 15:48:00,demo_publisher,site A,sess_000490,page_003,esportes,rodapé fixo,banner,celular,BR,3,3,3,0,0.0066
evt_001027,2026-03-17 20:04:00,demo_publisher,site A,sess_001942,page_113,finanças,rodapé fixo,banner,computador,US,4,2,2,0,0.00859
evt_001028,2026-04-03 22:01:00,demo_publisher,site B,sess_000892,page_065,esportes,meio do artigo,banner,computador,BR,6,4,3,0,0.01443
evt_001029,2026-03-21 01:08:00,demo_publisher,site A,sess_001837,page_025,esportes,topo da página,vídeo,celular,BR,6,5,3,0,0.0425
evt_001030,2026-03-30 06:05:00,demo_publisher,site A,sess_001783,page_074,notícias,rodapé fixo,nativo,celular,BR,3,2,1,0,0.0062
evt_001031,2026-03-11 09:06:00,demo_publisher,site A,sess_001510,page_130,esportes,topo da página,vídeo,celular,BR,2,2,2,0,0.01202
evt_001032,2026-04-13 20:19:00,demo_publisher,site B,sess_001832,page_115,notícias,lateral,vídeo,celular,US,3,3,1,1,0.02251
evt_001033,2026-03-19 20:00:00,demo_publisher,site C,sess_001219,page_123,notícias,meio do artigo,vídeo,tablet,BR,2,1,0,0,0.00683
evt_001034,2026-03-04 23:49:00,demo_publisher,site B,sess_001697,page_057,notícias,topo da página,mídia rica,celular,BR,3,2,1,0,0.01433
evt_001035,2026-04-14 13:28:00,demo_publisher,site C,sess_000345,page_051,estilo de vida,lateral,nativo,computador,BR,1,0,0,0,0.0
evt_001036,2026-04-24 04:00:00,demo_publisher,site C,sess_000141,page_044,entretenimento,meio do artigo,banner,computador,BR,3,2,1,0,0.00247
evt_001037,2026-03-01 21:08:00,demo_publisher,site C,sess_001087,page_043,estilo de vida,rodapé fixo,banner,computador,BR,1,0,0,0,0.0022
evt_001038,2026-03-27 04:48:00,demo_publisher,site A,sess_001619,page_128,notícias,topo da página,nativo,computador,BR,6,4,2,0,0.01264
evt_001039,2026-04-19 15:07:00,demo_publisher,site B,sess_001530,page_020,entretenimento,topo da página,vídeo,computador,BR,1,0,0,0,0.0
evt_001040,2026-04-12 08:52:00,demo_publisher,site B,sess_001056,page_119,entretenimento,topo da página,nativo,celular,US,6,5,4,0,0.01885
evt_001041,2026-04-21 09:25:00,demo_publisher,site A,sess_001042,page_128,finanças,topo da página,banner,celular,MX,6,4,0,0,0.02007
evt_001042,2026-03-25 21:54:00,demo_publisher,site A,sess_001220,page_118,notícias,lateral,vídeo,computador,BR,6,4,3,0,0.01781
evt_001043,2026-03-23 08:03:00,demo_publisher,site C,sess_001736,page_088,tecnologia,meio do artigo,banner,celular,BR,3,3,3,0,0.01027
evt_001044,2026-04-12 13:12:00,demo_publisher,site A,sess_001683,page_119,entretenimento,topo da página,banner,tablet,BR,5,4,2,0,0.00519
evt_001045,2026-03-10 05:12:00,demo_publisher,site C,sess_000220,page_005,tecnologia,intersticial,vídeo,computador,BR,6,3,2,0,0.0143
evt_001046,2026-03-15 08:46:00,demo_publisher,site A,sess_001191,page_114,estilo de vida,topo da página,nativo,computador,MX,6,6,6,0,0.04544
evt_001047,2026-04-06 01:12:00,demo_publisher,site A,sess_000762,page_072,estilo de vida,meio do artigo,banner,celular,BR,6,5,4,0,0.01749
evt_001048,2026-04-10 02:34:00,demo_publisher,site A,sess_001599,page_134,entretenimento,rodapé fixo,banner,celular,MX,3,3,3,0,0.01102
evt_001049,2026-03-08 04:19:00,demo_publisher,site B,sess_001012,page_012,notícias,lateral,nativo,celular,BR,5,5,4,0,0.03321
evt_001050,2026-03-31 11:58:00,demo_publisher,site A,sess_001982,page_130,notícias,meio do artigo,banner,computador,BR,2,2,2,0,0.01028
evt_001051,2026-03-22 21:29:00,demo_publisher,site B,sess_000865,page_080,tecnologia,intersticial,banner,celular,BR,6,5,4,0,0.03119
evt_001052,2026-03-31 02:30:00,demo_publisher,site B,sess_001358,page_015,notícias,meio do artigo,nativo,celular,BR,3,2,1,0,0.00816
evt_001053,2026-04-27 12:08:00,demo_publisher,site A,sess_000218,page_071,esportes,topo da página,nativo,computador,BR,2,2,2,0,0.00803
evt_001054,2026-03-05 14:19:00,demo_publisher,site A,sess_001864,page_006,esportes,topo da página,banner,celular,BR,2,2,1,0,0.0081
evt_001055,2026-04-29 17:28:00,demo_publisher,site B,sess_000307,page_012,esportes,intersticial,nativo,celular,US,6,6,3,0,0.01892
evt_001056,2026-03-27 23:23:00,demo_publisher,site C,sess_000757,page_074,notícias,meio do artigo,nativo,computador,BR,2,2,1,0,0.01078
evt_001057,2026-04-16 07:49:00,demo_publisher,site B,sess_001675,page_114,estilo de vida,rodapé fixo,banner,tablet,US,5,4,4,0,0.02162
evt_001058,2026-03-26 11:14:00,demo_publisher,site B,sess_001934,page_016,finanças,topo da página,banner,computador,BR,2,1,1,0,0.00399
evt_001059,2026-03-19 15:47:00,demo_publisher,site B,sess_000969,page_037,estilo de vida,topo da página,banner,celular,AR,4,3,3,0,0.00325
evt_001060,2026-04-16 05:39:00,demo_publisher,site C,sess_000969,page_055,esportes,rodapé fixo,banner,celular,BR,4,4,1,0,0.01292
evt_001061,2026-04-11 06:14:00,demo_publisher,site A,sess_000098,page_076,entretenimento,intersticial,vídeo,computador,BR,4,3,3,0,0.01215
evt_001062,2026-03-09 15:26:00,demo_publisher,site A,sess_001957,page_001,estilo de vida,topo da página,nativo,celular,BR,2,1,1,0,0.00447
evt_001063,2026-04-12 07:47:00,demo_publisher,site A,sess_000033,page_089,entretenimento,topo da página,mídia rica,computador,BR,6,4,4,0,0.02042
evt_001064,2026-04-15 04:25:00,demo_publisher,site A,sess_000053,page_070,esportes,lateral,banner,computador,BR,6,4,0,0,0.02715
evt_001065,2026-03-24 06:29:00,demo_publisher,site A,sess_000947,page_134,notícias,meio do artigo,nativo,computador,BR,6,5,5,0,0.01632
evt_001066,2026-04-25 12:56:00,demo_publisher,site C,sess_000008,page_042,tecnologia,meio do artigo,nativo,celular,BR,3,3,3,0,0.01304
evt_001067,2026-04-08 10:52:00,demo_publisher,site B,sess_000329,page_069,tecnologia,topo da página,vídeo,tablet,BR,2,2,2,0,0.0154
evt_001068,2026-03-21 00:25:00,demo_publisher,site B,sess_001255,page_012,notícias,intersticial,mídia rica,computador,BR,4,3,1,0,0.0151
evt_001069,2026-03-01 15:26:00,demo_publisher,site C,sess_001410,page_128,estilo de vida,topo da página,nativo,celular,BR,1,1,1,0,0.00195
evt_001070,2026-04-10 11:56:00,demo_publisher,site A,sess_000597,page_116,estilo de vida,topo da página,nativo,tablet,CL,5,5,1,0,0.01505
evt_001071,2026-03-13 13:02:00,demo_publisher,site C,sess_001590,page_050,notícias,meio do artigo,mídia rica,celular,BR,2,1,0,0,0.00561
evt_001072,2026-04-15 09:23:00,demo_publisher,site B,sess_001215,page_065,estilo de vida,topo da página,mídia rica,computador,MX,2,1,0,0,0.00893
evt_001073,2026-04-01 12:07:00,demo_publisher,site A,sess_000457,page_120,esportes,meio do artigo,mídia rica,computador,BR,5,2,2,0,0.02156
evt_001074,2026-03-29 00:05:00,demo_publisher,site A,sess_001425,page_042,notícias,meio do artigo,banner,celular,US,4,2,0,0,0.00798
evt_001075,2026-03-10 19:48:00,demo_publisher,site A,sess_001184,page_033,tecnologia,lateral,banner,computador,AR,1,1,1,0,0.00596
evt_001076,2026-04-12 16:34:00,demo_publisher,site C,sess_001624,page_034,finanças,meio do artigo,banner,celular,BR,6,4,3,0,0.02732
evt_001077,2026-03-10 22:54:00,demo_publisher,site C,sess_000309,page_099,tecnologia,topo da página,vídeo,celular,BR,4,2,1,0,0.0125
evt_001078,2026-03-26 01:33:00,demo_publisher,site A,sess_000462,page_030,tecnologia,rodapé fixo,banner,celular,BR,2,2,1,0,0.01101
evt_001079,2026-04-20 04:16:00,demo_publisher,site B,sess_000607,page_013,entretenimento,meio do artigo,banner,computador,CL,3,3,0,0,0.00634
evt_001080,2026-04-25 05:19:00,demo_publisher,site A,sess_000683,page_023,finanças,meio do artigo,nativo,celular,BR,3,3,0,1,0.0168
evt_001081,2026-04-29 08:21:00,demo_publisher,site B,sess_001777,page_138,finanças,topo da página,banner,celular,BR,6,5,3,0,0.01684
evt_001082,2026-04-27 11:32:00,demo_publisher,site A,sess_001465,page_122,esportes,lateral,vídeo,celular,BR,4,3,3,0,0.02736
evt_001083,2026-04-03 08:35:00,demo_publisher,site A,sess_001088,page_133,estilo de vida,rodapé fixo,banner,computador,US,5,4,2,0,0.00588
evt_001084,2026-03-13 00:41:00,demo_publisher,site C,sess_001081,page_039,finanças,lateral,vídeo,computador,BR,1,1,1,1,0.00924
evt_001085,2026-04-20 08:15:00,demo_publisher,site A,sess_001771,page_062,tecnologia,rodapé fixo,banner,computador,BR,4,3,2,0,0.02418
evt_001086,2026-04-18 02:20:00,demo_publisher,site B,sess_000894,page_069,esportes,topo da página,nativo,computador,BR,1,0,0,0,0.00243
evt_001087,2026-04-29 10:03:00,demo_publisher,site A,sess_000451,page_073,notícias,intersticial,nativo,celular,US,3,3,3,0,0.01004
evt_001088,2026-04-09 01:21:00,demo_publisher,site A,sess_000274,page_004,tecnologia,topo da página,banner,celular,BR,4,3,2,0,0.01705
evt_001089,2026-03-09 11:53:00,demo_publisher,site B,sess_000660,page_084,tecnologia,topo da página,banner,computador,MX,6,3,2,0,0.02068
evt_001090,2026-03-31 04:10:00,demo_publisher,site C,sess_001306,page_006,esportes,meio do artigo,vídeo,celular,BR,2,2,1,0,0.01625
evt_001091,2026-03-27 21:28:00,demo_publisher,site B,sess_000942,page_039,estilo de vida,topo da página,nativo,celular,MX,2,2,0,0,0.01061
evt_001092,2026-04-20 13:50:00,demo_publisher,site A,sess_000844,page_041,finanças,meio do artigo,banner,celular,BR,6,6,2,0,0.01799
evt_001093,2026-03-24 13:18:00,demo_publisher,site C,sess_000960,page_094,tecnologia,topo da página,vídeo,celular,AR,4,3,2,0,0.01907
evt_001094,2026-03-20 17:10:00,demo_publisher,site A,sess_001949,page_125,esportes,rodapé fixo,banner,celular,BR,5,3,3,0,0.01006
evt_001095,2026-03-05 19:16:00,demo_publisher,site C,sess_001995,page_098,finanças,rodapé fixo,nativo,celular,AR,6,6,4,0,0.03898
evt_001096,2026-04-20 03:03:00,demo_publisher,site C,sess_000323,page_061,notícias,lateral,nativo,computador,BR,1,0,0,0,0.0
evt_001097,2026-04-15 07:40:00,demo_publisher,site C,sess_000229,page_073,notícias,meio do artigo,nativo,celular,BR,4,4,3,0,0.00916
evt_001098,2026-03-03 11:22:00,demo_publisher,site B,sess_000489,page_072,tecnologia,meio do artigo,banner,computador,CL,1,0,0,0,0.00177
evt_001099,2026-03-27 00:38:00,demo_publisher,site C,sess_001704,page_021,esportes,rodapé fixo,banner,celular,BR,6,5,4,0,0.00839
evt_001100,2026-03-29 18:47:00,demo_publisher,site C,sess_000919,page_134,notícias,meio do artigo,banner,tablet,BR,3,3,1,0,0.01022
evt_001101,2026-03-29 03:49:00,demo_publisher,site C,sess_001727,page_128,notícias,meio do artigo,banner,computador,BR,3,1,1,0,0.00431
evt_001102,2026-04-25 03:15:00,demo_publisher,site A,sess_001293,page_034,finanças,topo da página,nativo,computador,BR,2,2,2,0,0.02314
evt_001103,2026-03-10 00:58:00,demo_publisher,site A,sess_001106,page_016,tecnologia,topo da página,nativo,computador,BR,4,4,2,0,0.01481
evt_001104,2026-03-19 09:08:00,demo_publisher,site C,sess_000563,page_023,esportes,meio do artigo,banner,tablet,BR,4,2,2,0,0.02405
evt_001105,2026-03-11 20:32:00,demo_publisher,site A,sess_000688,page_088,tecnologia,lateral,banner,celular,BR,6,6,4,0,0.03276
evt_001106,2026-03-15 15:28:00,demo_publisher,site B,sess_000296,page_005,tecnologia,rodapé fixo,nativo,celular,MX,1,0,0,0,0.00083
evt_001107,2026-04-24 10:13:00,demo_publisher,site B,sess_001038,page_015,esportes,intersticial,nativo,computador,BR,5,4,2,0,0.02568
evt_001108,2026-04-26 10:38:00,demo_publisher,site A,sess_000561,page_091,tecnologia,meio do artigo,vídeo,computador,CL,6,5,4,0,0.02271
evt_001109,2026-03-03 16:17:00,demo_publisher,site A,sess_000585,page_021,notícias,meio do artigo,banner,computador,BR,6,5,3,0,0.01646
evt_001110,2026-04-07 22:12:00,demo_publisher,site A,sess_000080,page_010,finanças,rodapé fixo,banner,celular,US,4,3,2,0,0.00835
evt_001111,2026-03-14 23:18:00,demo_publisher,site A,sess_001598,page_003,notícias,meio do artigo,banner,computador,US,5,4,3,0,0.0217
evt_001112,2026-03-12 13:17:00,demo_publisher,site C,sess_001878,page_099,notícias,meio do artigo,nativo,tablet,BR,1,1,1,0,0.00351
evt_001113,2026-03-18 12:33:00,demo_publisher,site A,sess_000997,page_051,notícias,lateral,nativo,celular,BR,1,1,0,0,0.00092
evt_001114,2026-03-12 15:55:00,demo_publisher,site A,sess_001072,page_040,notícias,topo da página,banner,tablet,BR,5,5,3,0,0.01328
evt_001115,2026-03-30 09:53:00,demo_publisher,site A,sess_001851,page_089,tecnologia,topo da página,banner,computador,BR,2,1,0,0,0.00803
evt_001116,2026-04-29 17:40:00,demo_publisher,site A,sess_001023,page_024,estilo de vida,meio do artigo,nativo,celular,BR,5,5,2,0,0.01575
evt_001117,2026-04-05 04:28:00,demo_publisher,site B,sess_001245,page_073,entretenimento,meio do artigo,banner,computador,BR,5,3,3,0,0.00813
evt_001118,2026-04-13 09:28:00,demo_publisher,site A,sess_000856,page_068,finanças,topo da página,nativo,celular,BR,5,4,2,0,0.02436
evt_001119,2026-03-30 14:20:00,demo_publisher,site A,sess_001029,page_094,estilo de vida,topo da página,banner,celular,US,6,4,3,0,0.01003
evt_001120,2026-03-01 20:01:00,demo_publisher,site C,sess_001044,page_087,notícias,topo da página,banner,computador,BR,2,2,2,0,0.01252
evt_001121,2026-03-06 01:07:00,demo_publisher,site B,sess_001422,page_094,estilo de vida,rodapé fixo,banner,tablet,AR,5,3,3,0,0.01354
evt_001122,2026-03-17 03:10:00,demo_publisher,site A,sess_001208,page_030,esportes,rodapé fixo,mídia rica,computador,BR,5,3,3,1,0.01961
evt_001123,2026-03-15 14:52:00,demo_publisher,site B,sess_001008,page_020,entretenimento,rodapé fixo,banner,computador,BR,2,0,0,0,0.00021
evt_001124,2026-04-20 10:26:00,demo_publisher,site A,sess_000152,page_075,entretenimento,rodapé fixo,banner,celular,BR,2,2,1,0,0.00795
evt_001125,2026-04-20 14:46:00,demo_publisher,site A,sess_001809,page_008,notícias,topo da página,vídeo,celular,US,4,3,2,0,0.02618
evt_001126,2026-04-21 05:56:00,demo_publisher,site A,sess_001776,page_064,estilo de vida,topo da página,banner,computador,BR,6,5,4,0,0.02302
evt_001127,2026-04-08 06:07:00,demo_publisher,site B,sess_000369,page_087,estilo de vida,meio do artigo,banner,tablet,BR,4,1,0,0,0.00555
evt_001128,2026-04-03 08:53:00,demo_publisher,site A,sess_000587,page_115,estilo de vida,meio do artigo,banner,computador,BR,1,1,0,0,0.00362
evt_001129,2026-04-08 22:46:00,demo_publisher,site B,sess_001946,page_091,notícias,lateral,nativo,celular,BR,3,3,1,0,0.01477
evt_001130,2026-03-25 09:48:00,demo_publisher,site B,sess_000642,page_139,estilo de vida,topo da página,banner,computador,CL,3,2,2,0,0.00644
evt_001131,2026-04-10 05:05:00,demo_publisher,site A,sess_001624,page_078,tecnologia,rodapé fixo,vídeo,computador,CL,4,4,4,0,0.02607
evt_001132,2026-04-17 15:59:00,demo_publisher,site B,sess_001571,page_063,esportes,meio do artigo,vídeo,celular,BR,4,3,3,0,0.01437
evt_001133,2026-04-15 18:34:00,demo_publisher,site B,sess_001721,page_035,finanças,meio do artigo,nativo,celular,BR,6,5,4,0,0.0464
evt_001134,2026-04-06 19:54:00,demo_publisher,site C,sess_000032,page_094,notícias,rodapé fixo,banner,celular,BR,6,3,1,0,0.0076
evt_001135,2026-03-04 11:40:00,demo_publisher,site B,sess_000966,page_113,entretenimento,meio do artigo,vídeo,computador,BR,4,3,2,0,0.03624
evt_001136,2026-04-13 11:55:00,demo_publisher,site A,sess_001131,page_045,notícias,rodapé fixo,vídeo,computador,US,1,1,1,0,0.00704
evt_001137,2026-03-22 23:54:00,demo_publisher,site B,sess_001674,page_011,notícias,rodapé fixo,vídeo,tablet,BR,2,1,1,0,0.00301
evt_001138,2026-04-14 14:52:00,demo_publisher,site A,sess_000449,page_002,esportes,rodapé fixo,banner,computador,BR,2,2,1,0,0.00938
evt_001139,2026-04-02 08:55:00,demo_publisher,site A,sess_000614,page_088,tecnologia,rodapé fixo,nativo,celular,BR,4,4,2,0,0.02894
evt_001140,2026-04-22 20:54:00,demo_publisher,site A,sess_000360,page_093,tecnologia,meio do artigo,vídeo,computador,BR,1,0,0,0,0.00024
evt_001141,2026-03-21 07:22:00,demo_publisher,site B,sess_001524,page_017,notícias,meio do artigo,mídia rica,computador,BR,2,2,2,0,0.01445
evt_001142,2026-04-25 21:12:00,demo_publisher,site A,sess_001997,page_004,notícias,rodapé fixo,banner,computador,BR,1,1,0,0,0.00716
evt_001143,2026-04-20 16:02:00,demo_publisher,site C,sess_000281,page_091,tecnologia,meio do artigo,vídeo,computador,BR,5,4,3,0,0.01299
evt_001144,2026-03-20 20:47:00,demo_publisher,site A,sess_000466,page_056,finanças,lateral,nativo,celular,MX,2,2,2,0,0.00888
evt_001145,2026-03-29 22:54:00,demo_publisher,site A,sess_000614,page_059,notícias,meio do artigo,vídeo,computador,US,6,2,1,0,0.02052
evt_001146,2026-04-01 21:08:00,demo_publisher,site B,sess_001778,page_037,entretenimento,topo da página,nativo,celular,BR,3,2,1,0,0.01104
evt_001147,2026-04-16 02:49:00,demo_publisher,site C,sess_000892,page_100,notícias,meio do artigo,vídeo,computador,BR,5,3,3,0,0.0382
evt_001148,2026-04-11 08:23:00,demo_publisher,site A,sess_000564,page_104,finanças,intersticial,banner,celular,BR,4,2,2,0,0.01426
evt_001149,2026-04-21 02:54:00,demo_publisher,site B,sess_000645,page_008,esportes,meio do artigo,banner,celular,CL,6,3,2,0,0.01415
evt_001150,2026-03-23 04:36:00,demo_publisher,site B,sess_001196,page_013,tecnologia,topo da página,banner,computador,BR,1,1,0,0,0.01034
evt_001151,2026-03-31 06:53:00,demo_publisher,site B,sess_000774,page_078,tecnologia,topo da página,vídeo,computador,BR,5,4,2,0,0.02436
evt_001152,2026-03-26 20:26:00,demo_publisher,site A,sess_000281,page_084,esportes,meio do artigo,banner,computador,BR,4,2,2,0,0.0114
evt_001153,2026-04-24 13:45:00,demo_publisher,site A,sess_001640,page_021,estilo de vida,meio do artigo,nativo,computador,BR,3,2,1,0,0.02266
evt_001154,2026-03-19 07:10:00,demo_publisher,site C,sess_000845,page_022,entretenimento,lateral,mídia rica,computador,BR,5,1,0,0,0.00343
evt_001155,2026-04-05 05:27:00,demo_publisher,site B,sess_000514,page_095,tecnologia,topo da página,mídia rica,computador,MX,4,2,0,0,0.02099
evt_001156,2026-03-08 05:02:00,demo_publisher,site A,sess_001457,page_064,finanças,topo da página,nativo,computador,US,4,4,3,0,0.02358
evt_001157,2026-04-21 00:23:00,demo_publisher,site B,sess_001490,page_017,finanças,topo da página,vídeo,celular,MX,4,3,3,0,0.01516
evt_001158,2026-03-24 01:16:00,demo_publisher,site A,sess_000310,page_085,entretenimento,topo da página,banner,celular,US,1,1,0,0,0.00265
evt_001159,2026-03-21 10:27:00,demo_publisher,site A,sess_000148,page_011,notícias,rodapé fixo,nativo,computador,BR,3,1,1,0,0.00617
evt_001160,2026-04-04 23:24:00,demo_publisher,site B,sess_000091,page_033,notícias,rodapé fixo,nativo,celular,BR,6,3,2,0,0.02154
evt_001161,2026-03-30 22:17:00,demo_publisher,site A,sess_001531,page_100,notícias,rodapé fixo,vídeo,computador,BR,1,1,1,0,0.00854
evt_001162,2026-04-20 21:05:00,demo_publisher,site B,sess_001251,page_031,tecnologia,rodapé fixo,banner,tablet,US,2,2,2,0,0.01199
evt_001163,2026-04-01 21:13:00,demo_publisher,site A,sess_001584,page_009,notícias,topo da página,banner,computador,BR,5,5,2,0,0.01366
evt_001164,2026-04-01 00:28:00,demo_publisher,site A,sess_001253,page_134,esportes,rodapé fixo,nativo,computador,BR,1,1,1,0,0.00486
evt_001165,2026-03-07 07:10:00,demo_publisher,site A,sess_000803,page_032,estilo de vida,meio do artigo,nativo,celular,CL,1,1,1,0,0.00422
evt_001166,2026-03-02 07:35:00,demo_publisher,site A,sess_001179,page_072,notícias,rodapé fixo,vídeo,computador,BR,5,2,1,0,0.01179
evt_001167,2026-03-24 21:54:00,demo_publisher,site B,sess_001445,page_115,esportes,lateral,nativo,computador,BR,2,2,2,0,0.01164
evt_001168,2026-04-29 21:25:00,demo_publisher,site B,sess_000798,page_138,finanças,meio do artigo,vídeo,celular,BR,2,1,1,0,0.00794
evt_001169,2026-04-25 00:57:00,demo_publisher,site B,sess_001830,page_113,esportes,topo da página,nativo,celular,BR,3,2,2,0,0.00595
evt_001170,2026-04-07 17:43:00,demo_publisher,site C,sess_001799,page_048,entretenimento,topo da página,vídeo,celular,MX,6,4,4,0,0.02658
evt_001171,2026-04-07 20:23:00,demo_publisher,site A,sess_001601,page_119,notícias,meio do artigo,vídeo,computador,BR,6,6,6,0,0.07532
evt_001172,2026-03-24 11:45:00,demo_publisher,site B,sess_001984,page_002,tecnologia,meio do artigo,banner,computador,MX,2,2,2,0,0.01747
evt_001173,2026-03-11 15:36:00,demo_publisher,site B,sess_000781,page_046,finanças,intersticial,banner,computador,BR,2,2,1,0,0.00866
evt_001174,2026-03-01 12:18:00,demo_publisher,site A,sess_000229,page_028,notícias,topo da página,mídia rica,celular,BR,4,4,1,0,0.02511
evt_001175,2026-03-21 07:57:00,demo_publisher,site B,sess_000968,page_074,notícias,lateral,banner,computador,CL,5,5,2,0,0.02814
evt_001176,2026-03-19 23:42:00,demo_publisher,site B,sess_001492,page_124,finanças,meio do artigo,nativo,celular,BR,1,1,0,0,0.00948
evt_001177,2026-03-12 11:54:00,demo_publisher,site A,sess_001558,page_108,esportes,topo da página,banner,tablet,BR,3,2,1,0,0.01188
evt_001178,2026-03-16 13:12:00,demo_publisher,site B,sess_000777,page_139,esportes,meio do artigo,vídeo,tablet,BR,1,1,0,0,0.01092
evt_001179,2026-03-02 11:44:00,demo_publisher,site A,sess_000585,page_020,entretenimento,meio do artigo,banner,computador,BR,2,1,1,0,0.00143
evt_001180,2026-04-06 11:27:00,demo_publisher,site A,sess_000891,page_105,finanças,meio do artigo,nativo,celular,BR,4,3,0,0,0.01174
evt_001181,2026-04-25 15:32:00,demo_publisher,site B,sess_001607,page_101,entretenimento,topo da página,nativo,celular,MX,1,1,1,0,0.00327
evt_001182,2026-04-11 10:45:00,demo_publisher,site C,sess_000122,page_064,notícias,topo da página,banner,celular,US,6,6,3,0,0.01748
evt_001183,2026-03-27 21:25:00,demo_publisher,site C,sess_000656,page_014,notícias,meio do artigo,nativo,tablet,BR,1,1,1,0,0.00942
evt_001184,2026-03-26 05:11:00,demo_publisher,site B,sess_000460,page_015,estilo de vida,rodapé fixo,vídeo,celular,BR,5,4,2,0,0.01704
evt_001185,2026-03-19 10:51:00,demo_publisher,site A,sess_001612,page_127,esportes,rodapé fixo,nativo,celular,BR,3,2,2,0,0.01692
evt_001186,2026-03-09 13:03:00,demo_publisher,site B,sess_000939,page_042,notícias,topo da página,mídia rica,computador,BR,4,4,2,0,0.02791
evt_001187,2026-04-05 21:48:00,demo_publisher,site C,sess_000174,page_089,notícias,lateral,vídeo,celular,CL,3,3,1,0,0.01035
evt_001188,2026-04-03 23:47:00,demo_publisher,site C,sess_000524,page_132,notícias,rodapé fixo,nativo,celular,BR,3,3,3,0,0.01709
evt_001189,2026-03-01 10:31:00,demo_publisher,site C,sess_000089,page_069,tecnologia,topo da página,nativo,celular,CL,4,4,3,0,0.01981
evt_001190,2026-03-25 22:21:00,demo_publisher,site B,sess_000951,page_030,esportes,topo da página,mídia rica,celular,BR,2,1,0,0,0.01232
evt_001191,2026-03-17 16:21:00,demo_publisher,site B,sess_001995,page_068,entretenimento,topo da página,nativo,computador,BR,1,1,1,0,0.0
evt_001192,2026-03-11 05:12:00,demo_publisher,site A,sess_001134,page_032,notícias,topo da página,banner,celular,MX,1,1,0,0,0.00232
evt_001193,2026-04-12 04:22:00,demo_publisher,site B,sess_001739,page_026,esportes,rodapé fixo,vídeo,tablet,BR,2,1,1,0,0.0
evt_001194,2026-04-01 13:11:00,demo_publisher,site B,sess_001485,page_113,esportes,rodapé fixo,mídia rica,computador,BR,2,2,2,0,0.00829
evt_001195,2026-04-08 00:37:00,demo_publisher,site A,sess_001765,page_049,finanças,meio do artigo,nativo,celular,BR,1,1,0,0,0.01032
evt_001196,2026-04-12 19:24:00,demo_publisher,site B,sess_000622,page_096,entretenimento,meio do artigo,banner,celular,US,1,1,0,0,0.00044
evt_001197,2026-04-28 21:48:00,demo_publisher,site C,sess_001902,page_102,tecnologia,rodapé fixo,nativo,celular,BR,6,4,3,0,0.02195
evt_001198,2026-04-18 03:58:00,demo_publisher,site A,sess_000478,page_077,notícias,topo da página,vídeo,computador,BR,3,2,1,0,0.01759
evt_001199,2026-04-07 05:18:00,demo_publisher,site A,sess_000877,page_076,finanças,topo da página,banner,celular,US,3,2,2,0,0.0061
evt_001200,2026-04-22 17:47:00,demo_publisher,site A,sess_001362,page_026,tecnologia,topo da página,vídeo,celular,BR,6,5,5,0,0.03632
evt_001201,2026-03-29 15:36:00,demo_publisher,site B,sess_000574,page_074,notícias,rodapé fixo,nativo,computador,BR,4,2,1,0,0.00645
evt_001202,2026-04-29 02:03:00,demo_publisher,site C,sess_000529,page_105,finanças,lateral,banner,tablet,AR,1,0,0,0,0.00129
evt_001203,2026-04-15 16:27:00,demo_publisher,site B,sess_000260,page_028,esportes,lateral,nativo,celular,BR,5,2,0,0,0.00124
evt_001204,2026-04-09 01:16:00,demo_publisher,site A,sess_000009,page_033,finanças,lateral,banner,computador,BR,5,5,2,0,0.03628
evt_001205,2026-04-24 04:47:00,demo_publisher,site B,sess_001002,page_096,finanças,topo da página,vídeo,computador,BR,2,2,1,0,0.0144
evt_001206,2026-03-31 21:42:00,demo_publisher,site A,sess_001973,page_137,esportes,meio do artigo,banner,computador,BR,5,4,4,0,0.01794
evt_001207,2026-04-13 05:48:00,demo_publisher,site B,sess_000440,page_055,entretenimento,rodapé fixo,vídeo,computador,CL,1,1,1,0,0.01238
evt_001208,2026-03-18 02:00:00,demo_publisher,site B,sess_000880,page_116,finanças,rodapé fixo,banner,computador,BR,6,5,4,0,0.03245
evt_001209,2026-04-27 19:01:00,demo_publisher,site B,sess_001871,page_026,entretenimento,meio do artigo,mídia rica,computador,BR,4,3,0,0,0.03554
evt_001210,2026-04-07 09:38:00,demo_publisher,site B,sess_001544,page_080,tecnologia,topo da página,vídeo,tablet,BR,2,2,1,0,0.01308
evt_001211,2026-04-16 22:05:00,demo_publisher,site C,sess_000009,page_132,esportes,intersticial,banner,celular,CL,6,4,2,0,0.00597
evt_001212,2026-03-28 15:27:00,demo_publisher,site A,sess_001001,page_062,finanças,meio do artigo,mídia rica,celular,BR,4,4,4,0,0.06353
evt_001213,2026-04-22 00:11:00,demo_publisher,site A,sess_000287,page_071,esportes,meio do artigo,nativo,celular,BR,6,5,3,0,0.02166
evt_001214,2026-03-05 10:48:00,demo_publisher,site B,sess_000494,page_022,tecnologia,topo da página,nativo,celular,BR,1,1,1,0,0.00414
evt_001215,2026-03-07 20:18:00,demo_publisher,site C,sess_000493,page_074,notícias,topo da página,mídia rica,celular,BR,2,2,0,0,0.02404
evt_001216,2026-03-31 10:14:00,demo_publisher,site C,sess_001225,page_082,entretenimento,lateral,mídia rica,computador,BR,3,3,2,0,0.01456
evt_001217,2026-04-13 22:40:00,demo_publisher,site C,sess_000398,page_137,estilo de vida,lateral,nativo,celular,BR,2,2,2,0,0.01084
evt_001218,2026-04-18 13:16:00,demo_publisher,site B,sess_000504,page_028,estilo de vida,topo da página,mídia rica,celular,BR,4,2,2,0,0.00721
evt_001219,2026-03-27 09:43:00,demo_publisher,site C,sess_000452,page_051,finanças,topo da página,banner,tablet,BR,3,3,3,0,0.01945
evt_001220,2026-04-08 23:31:00,demo_publisher,site B,sess_000714,page_090,estilo de vida,meio do artigo,banner,celular,CL,6,5,4,0,0.00841
evt_001221,2026-04-03 04:28:00,demo_publisher,site A,sess_001312,page_132,estilo de vida,meio do artigo,banner,celular,BR,2,2,0,0,0.00761
evt_001222,2026-04-27 16:35:00,demo_publisher,site B,sess_000800,page_034,estilo de vida,meio do artigo,banner,celular,MX,2,2,0,0,0.00944
evt_001223,2026-04-09 05:54:00,demo_publisher,site B,sess_000655,page_097,notícias,topo da página,nativo,computador,MX,6,4,2,1,0.01707
evt_001224,2026-03-26 00:15:00,demo_publisher,site B,sess_001035,page_123,estilo de vida,rodapé fixo,banner,computador,BR,5,4,2,0,0.00742
evt_001225,2026-04-28 04:32:00,demo_publisher,site A,sess_001230,page_089,esportes,intersticial,nativo,celular,BR,1,1,1,0,0.0067
evt_001226,2026-03-07 10:26:00,demo_publisher,site C,sess_000031,page_060,estilo de vida,meio do artigo,banner,computador,BR,6,3,1,0,0.01168
evt_001227,2026-04-29 01:47:00,demo_publisher,site C,sess_001780,page_033,estilo de vida,lateral,banner,computador,CL,2,2,2,0,0.01936
evt_001228,2026-03-10 05:46:00,demo_publisher,site C,sess_001832,page_041,notícias,rodapé fixo,vídeo,computador,BR,5,4,3,0,0.02508
evt_001229,2026-03-18 07:02:00,demo_publisher,site A,sess_001205,page_008,tecnologia,topo da página,banner,celular,BR,1,0,0,0,0.00059
evt_001230,2026-04-19 06:55:00,demo_publisher,site A,sess_001149,page_022,finanças,rodapé fixo,vídeo,celular,BR,2,2,2,0,0.01598
evt_001231,2026-04-14 00:36:00,demo_publisher,site C,sess_001389,page_061,estilo de vida,meio do artigo,vídeo,celular,US,6,6,2,0,0.02211
evt_001232,2026-04-28 05:18:00,demo_publisher,site C,sess_000882,page_020,estilo de vida,meio do artigo,nativo,celular,BR,1,1,1,0,0.00878
evt_001233,2026-04-14 23:58:00,demo_publisher,site A,sess_000731,page_002,estilo de vida,meio do artigo,mídia rica,tablet,BR,3,1,1,0,0.00211
evt_001234,2026-04-08 05:17:00,demo_publisher,site B,sess_000706,page_097,tecnologia,topo da página,mídia rica,celular,BR,3,2,2,0,0.00961
evt_001235,2026-03-21 18:56:00,demo_publisher,site A,sess_000320,page_010,notícias,rodapé fixo,banner,celular,BR,2,2,2,0,0.0125
evt_001236,2026-03-01 06:47:00,demo_publisher,site C,sess_001682,page_020,notícias,lateral,nativo,celular,BR,1,1,1,0,0.00739
evt_001237,2026-03-08 10:22:00,demo_publisher,site B,sess_000641,page_083,estilo de vida,topo da página,banner,computador,US,3,3,2,0,0.01274
evt_001238,2026-03-18 20:47:00,demo_publisher,site B,sess_000569,page_129,esportes,meio do artigo,banner,celular,BR,3,3,1,0,0.00892
evt_001239,2026-03-03 10:57:00,demo_publisher,site A,sess_001928,page_101,notícias,intersticial,nativo,celular,BR,1,0,0,0,0.0
evt_001240,2026-03-31 11:46:00,demo_publisher,site A,sess_001013,page_005,notícias,rodapé fixo,vídeo,tablet,MX,5,4,3,0,0.01985
evt_001241,2026-04-16 15:22:00,demo_publisher,site C,sess_001244,page_024,esportes,lateral,vídeo,computador,MX,1,1,1,0,0.00256
evt_001242,2026-04-27 19:05:00,demo_publisher,site B,sess_000491,page_103,entretenimento,topo da página,vídeo,computador,BR,3,3,2,0,0.01893
evt_001243,2026-03-30 09:10:00,demo_publisher,site A,sess_000555,page_102,notícias,meio do artigo,vídeo,computador,BR,6,3,0,0,0.02153
evt_001244,2026-04-22 12:00:00,demo_publisher,site A,sess_001456,page_055,esportes,topo da página,nativo,computador,AR,3,2,1,0,0.01165
evt_001245,2026-04-29 03:10:00,demo_publisher,site B,sess_000902,page_133,entretenimento,rodapé fixo,banner,tablet,US,5,3,3,0,0.01472
evt_001246,2026-04-21 14:09:00,demo_publisher,site C,sess_000296,page_124,entretenimento,rodapé fixo,banner,celular,MX,3,2,1,0,0.00386
evt_001247,2026-03-28 21:33:00,demo_publisher,site B,sess_001671,page_104,esportes,rodapé fixo,nativo,computador,AR,4,2,1,0,0.00062
evt_001248,2026-03-20 12:22:00,demo_publisher,site B,sess_000806,page_105,entretenimento,topo da página,vídeo,celular,BR,5,2,0,0,0.01094
evt_001249,2026-04-28 16:12:00,demo_publisher,site C,sess_001337,page_110,notícias,intersticial,banner,celular,BR,3,2,2,0,0.01097
evt_001250,2026-03-15 12:21:00,demo_publisher,site B,sess_000683,page_021,tecnologia,intersticial,banner,computador,US,4,3,2,0,0.01313
evt_001251,2026-03-25 16:40:00,demo_publisher,site C,sess_001121,page_098,notícias,lateral,banner,computador,US,3,1,0,0,0.00349
evt_001252,2026-03-05 10:36:00,demo_publisher,site A,sess_001551,page_131,finanças,rodapé fixo,nativo,computador,BR,2,2,1,0,0.03293
evt_001253,2026-04-17 14:54:00,demo_publisher,site A,sess_001770,page_032,esportes,meio do artigo,banner,celular,MX,5,4,4,0,0.02897
evt_001254,2026-04-08 23:45:00,demo_publisher,site C,sess_000415,page_003,tecnologia,meio do artigo,banner,celular,BR,3,1,0,0,0.00542
evt_001255,2026-03-06 02:08:00,demo_publisher,site C,sess_001345,page_051,notícias,topo da página,banner,computador,AR,1,0,0,0,0.0
evt_001256,2026-03-14 07:34:00,demo_publisher,site A,sess_001829,page_038,finanças,topo da página,banner,celular,BR,2,2,2,0,0.01511
evt_001257,2026-04-03 07:51:00,demo_publisher,site B,sess_001285,page_132,estilo de vida,topo da página,nativo,celular,BR,5,4,3,0,0.02415
evt_001258,2026-04-02 10:11:00,demo_publisher,site B,sess_000287,page_062,notícias,lateral,mídia rica,computador,CL,4,2,1,0,0.0172
evt_001259,2026-04-18 02:57:00,demo_publisher,site C,sess_000380,page_092,entretenimento,meio do artigo,banner,celular,BR,4,3,3,0,0.00954
evt_001260,2026-03-16 23:10:00,demo_publisher,site B,sess_000406,page_137,esportes,topo da página,nativo,computador,BR,3,3,3,1,0.0174
evt_001261,2026-04-25 11:34:00,demo_publisher,site C,sess_000213,page_110,notícias,topo da página,nativo,computador,BR,2,2,0,0,0.00526
evt_001262,2026-03-27 16:02:00,demo_publisher,site B,sess_001507,page_105,esportes,lateral,nativo,celular,BR,1,1,0,0,0.00382
evt_001263,2026-04-19 08:31:00,demo_publisher,site A,sess_001930,page_135,esportes,rodapé fixo,banner,computador,US,2,2,0,0,0.00667
evt_001264,2026-03-15 07:16:00,demo_publisher,site A,sess_001034,page_096,notícias,meio do artigo,banner,celular,US,6,5,5,0,0.01286
evt_001265,2026-03-03 05:14:00,demo_publisher,site C,sess_001198,page_033,finanças,rodapé fixo,mídia rica,celular,BR,6,4,4,0,0.03839
evt_001266,2026-03-04 07:16:00,demo_publisher,site C,sess_001547,page_102,estilo de vida,intersticial,mídia rica,computador,BR,1,1,1,0,0.00218
evt_001267,2026-03-23 08:41:00,demo_publisher,site A,sess_000831,page_045,finanças,lateral,banner,tablet,BR,6,6,5,0,0.04516
evt_001268,2026-04-27 04:32:00,demo_publisher,site B,sess_000945,page_046,finanças,lateral,nativo,computador,BR,5,4,2,0,0.02599
evt_001269,2026-03-03 22:07:00,demo_publisher,site A,sess_001178,page_090,tecnologia,lateral,banner,celular,BR,1,1,0,0,0.00537
evt_001270,2026-03-23 03:19:00,demo_publisher,site B,sess_000609,page_044,esportes,intersticial,banner,celular,BR,3,1,1,0,0.00114
evt_001271,2026-03-07 13:21:00,demo_publisher,site A,sess_000124,page_004,estilo de vida,meio do artigo,banner,celular,AR,2,2,1,0,0.00532
evt_001272,2026-04-25 21:27:00,demo_publisher,site C,sess_001135,page_139,entretenimento,rodapé fixo,vídeo,tablet,BR,5,3,2,0,0.02332
evt_001273,2026-04-10 12:26:00,demo_publisher,site B,sess_001644,page_080,esportes,meio do artigo,banner,computador,US,5,4,4,0,0.03552
evt_001274,2026-04-15 18:16:00,demo_publisher,site B,sess_000147,page_094,estilo de vida,topo da página,banner,computador,BR,2,0,0,0,0.0
evt_001275,2026-04-12 19:05:00,demo_publisher,site A,sess_000434,page_113,entretenimento,lateral,banner,celular,BR,5,4,3,0,0.01249
evt_001276,2026-04-09 10:07:00,demo_publisher,site A,sess_000526,page_089,finanças,rodapé fixo,banner,celular,AR,2,0,0,0,0.00042
evt_001277,2026-04-16 10:09:00,demo_publisher,site B,sess_001609,page_085,entretenimento,rodapé fixo,banner,celular,BR,3,2,1,0,0.0056
evt_001278,2026-03-01 11:41:00,demo_publisher,site A,sess_001009,page_111,esportes,rodapé fixo,nativo,celular,BR,1,1,1,0,0.00175
evt_001279,2026-04-21 22:15:00,demo_publisher,site A,sess_001069,page_042,estilo de vida,rodapé fixo,nativo,computador,BR,6,6,5,0,0.02845
evt_001280,2026-04-14 09:24:00,demo_publisher,site C,sess_001290,page_116,esportes,meio do artigo,banner,celular,US,2,2,1,0,0.01041
evt_001281,2026-04-14 08:46:00,demo_publisher,site B,sess_000553,page_101,notícias,rodapé fixo,banner,celular,AR,6,5,4,0,0.01056
evt_001282,2026-03-24 14:32:00,demo_publisher,site A,sess_001427,page_026,entretenimento,topo da página,vídeo,celular,BR,6,4,3,0,0.02472
evt_001283,2026-04-18 01:15:00,demo_publisher,site C,sess_000061,page_021,esportes,topo da página,banner,computador,MX,1,1,0,0,0.00109
evt_001284,2026-03-23 21:49:00,demo_publisher,site B,sess_000228,page_123,entretenimento,meio do artigo,banner,tablet,BR,1,1,1,0,0.00101
evt_001285,2026-03-03 22:30:00,demo_publisher,site B,sess_001631,page_125,estilo de vida,lateral,vídeo,celular,BR,1,1,1,0,0.00481
evt_001286,2026-04-24 11:15:00,demo_publisher,site B,sess_001316,page_139,entretenimento,lateral,nativo,computador,MX,6,6,4,0,0.02222
evt_001287,2026-03-15 01:43:00,demo_publisher,site A,sess_000353,page_015,entretenimento,rodapé fixo,nativo,computador,BR,1,1,0,0,0.00209
evt_001288,2026-03-07 02:44:00,demo_publisher,site A,sess_000878,page_125,estilo de vida,topo da página,banner,celular,BR,4,3,2,0,0.00968
evt_001289,2026-04-07 07:31:00,demo_publisher,site A,sess_000104,page_121,entretenimento,rodapé fixo,banner,tablet,BR,6,5,2,0,0.02535
evt_001290,2026-03-15 00:27:00,demo_publisher,site A,sess_001344,page_107,tecnologia,lateral,banner,celular,BR,2,0,0,0,0.0
evt_001291,2026-04-21 11:42:00,demo_publisher,site C,sess_001511,page_070,finanças,intersticial,vídeo,celular,BR,4,4,2,0,0.05855
evt_001292,2026-03-27 15:00:00,demo_publisher,site C,sess_000557,page_071,estilo de vida,meio do artigo,nativo,computador,BR,1,1,1,0,0.0051
evt_001293,2026-03-01 06:28:00,demo_publisher,site A,sess_000700,page_060,notícias,lateral,banner,computador,US,6,6,3,0,0.07077
evt_001294,2026-04-27 02:28:00,demo_publisher,site C,sess_000474,page_005,notícias,rodapé fixo,banner,celular,BR,4,3,3,0,0.00777
evt_001295,2026-03-31 21:03:00,demo_publisher,site C,sess_000779,page_070,esportes,meio do artigo,banner,computador,BR,5,4,3,0,0.01467
evt_001296,2026-03-16 18:41:00,demo_publisher,site A,sess_000545,page_033,finanças,topo da página,banner,computador,BR,2,1,0,0,0.00724
evt_001297,2026-04-10 15:17:00,demo_publisher,site B,sess_000494,page_028,esportes,topo da página,nativo,celular,BR,5,4,3,0,0.02029
evt_001298,2026-04-01 20:04:00,demo_publisher,site B,sess_000860,page_008,finanças,topo da página,banner,computador,BR,4,4,1,0,0.03251
evt_001299,2026-03-02 18:38:00,demo_publisher,site A,sess_001718,page_064,estilo de vida,meio do artigo,mídia rica,computador,BR,1,1,1,0,0.00203
evt_001300,2026-04-15 13:53:00,demo_publisher,site A,sess_001525,page_007,estilo de vida,lateral,vídeo,computador,BR,4,4,4,0,0.01634
evt_001301,2026-03-25 01:57:00,demo_publisher,site A,sess_000595,page_119,entretenimento,meio do artigo,mídia rica,computador,AR,1,1,1,0,0.00688
evt_001302,2026-04-11 23:44:00,demo_publisher,site B,sess_001885,page_124,entretenimento,lateral,vídeo,computador,US,5,4,4,0,0.0205
evt_001303,2026-04-23 17:42:00,demo_publisher,site A,sess_000421,page_112,entretenimento,topo da página,mídia rica,computador,US,6,5,2,0,0.02434
evt_001304,2026-04-06 15:16:00,demo_publisher,site B,sess_001821,page_042,estilo de vida,topo da página,mídia rica,tablet,US,6,5,4,0,0.02955
evt_001305,2026-04-10 07:07:00,demo_publisher,site B,sess_000619,page_023,notícias,rodapé fixo,banner,celular,BR,3,2,1,0,0.00467
evt_001306,2026-03-16 06:41:00,demo_publisher,site B,sess_001080,page_071,entretenimento,rodapé fixo,banner,celular,BR,6,5,4,1,0.01981
evt_001307,2026-03-15 06:13:00,demo_publisher,site A,sess_000407,page_094,notícias,lateral,banner,computador,BR,6,3,0,0,0.02278
evt_001308,2026-03-25 21:36:00,demo_publisher,site A,sess_001524,page_003,notícias,rodapé fixo,nativo,computador,BR,3,1,1,0,0.00868
evt_001309,2026-04-21 04:00:00,demo_publisher,site B,sess_000635,page_120,esportes,intersticial,nativo,celular,CL,2,2,1,0,0.006
evt_001310,2026-04-01 10:50:00,demo_publisher,site A,sess_001745,page_061,estilo de vida,intersticial,banner,celular,BR,2,0,0,0,0.00117
evt_001311,2026-03-21 21:09:00,demo_publisher,site A,sess_000166,page_114,estilo de vida,lateral,vídeo,celular,AR,4,2,1,0,0.01607
evt_001312,2026-04-16 18:38:00,demo_publisher,site A,sess_001004,page_011,notícias,meio do artigo,vídeo,computador,BR,3,3,2,0,0.02642
evt_001313,2026-04-21 04:48:00,demo_publisher,site C,sess_000317,page_060,tecnologia,topo da página,nativo,celular,BR,4,3,2,0,0.02277
evt_001314,2026-04-24 03:38:00,demo_publisher,site B,sess_001778,page_064,notícias,lateral,banner,celular,BR,6,5,3,0,0.01876
evt_001315,2026-03-18 22:28:00,demo_publisher,site B,sess_000834,page_007,esportes,meio do artigo,banner,computador,BR,1,0,0,0,0.0
evt_001316,2026-04-12 13:52:00,demo_publisher,site C,sess_001349,page_099,esportes,topo da página,nativo,celular,MX,2,1,1,0,0.0001
evt_001317,2026-04-05 10:03:00,demo_publisher,site B,sess_001759,page_130,esportes,topo da página,banner,computador,BR,4,3,2,0,0.03476
evt_001318,2026-03-27 22:31:00,demo_publisher,site A,sess_001071,page_076,tecnologia,rodapé fixo,nativo,celular,US,5,4,3,0,0.01226
evt_001319,2026-03-24 19:35:00,demo_publisher,site C,sess_000115,page_056,notícias,topo da página,banner,computador,MX,6,4,3,0,0.01796
evt_001320,2026-03-07 20:57:00,demo_publisher,site A,sess_000442,page_089,notícias,rodapé fixo,banner,celular,BR,6,5,3,0,0.01326
evt_001321,2026-03-17 11:44:00,demo_publisher,site A,sess_000426,page_051,notícias,rodapé fixo,banner,celular,BR,3,2,0,0,0.0
evt_001322,2026-04-02 23:31:00,demo_publisher,site A,sess_001828,page_051,tecnologia,lateral,nativo,computador,BR,4,3,2,0,0.02944
evt_001323,2026-04-23 04:38:00,demo_publisher,site A,sess_001816,page_106,entretenimento,topo da página,banner,tablet,US,3,2,1,0,0.00843
evt_001324,2026-04-21 23:31:00,demo_publisher,site B,sess_000954,page_083,estilo de vida,rodapé fixo,mídia rica,computador,CL,1,1,1,0,0.00182
evt_001325,2026-03-12 06:08:00,demo_publisher,site A,sess_001780,page_037,estilo de vida,lateral,banner,celular,BR,5,5,3,0,0.01103
evt_001326,2026-04-10 18:13:00,demo_publisher,site B,sess_000492,page_057,entretenimento,topo da página,mídia rica,celular,AR,5,5,3,0,0.03088
evt_001327,2026-03-06 02:07:00,demo_publisher,site B,sess_001359,page_117,esportes,lateral,banner,tablet,CL,5,4,1,0,0.01618
evt_001328,2026-04-10 12:01:00,demo_publisher,site C,sess_000784,page_074,notícias,topo da página,banner,celular,BR,3,2,2,0,0.0035
evt_001329,2026-03-21 12:22:00,demo_publisher,site A,sess_000481,page_011,finanças,lateral,mídia rica,celular,BR,5,4,3,0,0.04576
evt_001330,2026-03-27 23:46:00,demo_publisher,site B,sess_000500,page_120,esportes,rodapé fixo,vídeo,computador,MX,2,2,1,0,0.00577
evt_001331,2026-04-13 01:24:00,demo_publisher,site B,sess_000840,page_103,finanças,meio do artigo,nativo,celular,CL,3,1,1,0,0.00942
evt_001332,2026-03-26 11:50:00,demo_publisher,site A,sess_000679,page_038,finanças,intersticial,vídeo,celular,BR,2,1,1,0,0.02021
evt_001333,2026-04-18 10:42:00,demo_publisher,site A,sess_000423,page_135,esportes,meio do artigo,banner,celular,BR,3,2,2,0,0.0111
evt_001334,2026-04-02 00:21:00,demo_publisher,site A,sess_000668,page_133,finanças,rodapé fixo,vídeo,celular,US,6,4,4,0,0.04277
evt_001335,2026-04-29 22:11:00,demo_publisher,site A,sess_000258,page_139,esportes,rodapé fixo,banner,celular,BR,3,2,2,0,0.01025
evt_001336,2026-04-08 07:04:00,demo_publisher,site A,sess_001939,page_053,notícias,topo da página,vídeo,computador,BR,5,4,3,0,0.02293
evt_001337,2026-03-18 18:45:00,demo_publisher,site C,sess_000760,page_129,tecnologia,rodapé fixo,mídia rica,computador,BR,6,5,2,0,0.03909
evt_001338,2026-04-16 12:24:00,demo_publisher,site A,sess_000215,page_113,tecnologia,rodapé fixo,vídeo,celular,BR,1,1,0,0,0.00578
evt_001339,2026-03-25 11:26:00,demo_publisher,site B,sess_001152,page_122,notícias,meio do artigo,vídeo,celular,BR,6,4,4,0,0.01984
evt_001340,2026-04-02 01:12:00,demo_publisher,site B,sess_001766,page_077,notícias,rodapé fixo,nativo,celular,BR,1,1,1,0,0.00444
evt_001341,2026-03-09 05:01:00,demo_publisher,site A,sess_000720,page_039,notícias,topo da página,nativo,celular,BR,4,3,0,0,0.01481
evt_001342,2026-03-08 03:51:00,demo_publisher,site B,sess_001690,page_032,notícias,topo da página,banner,computador,CL,3,3,2,0,0.00876
evt_001343,2026-04-04 11:48:00,demo_publisher,site C,sess_001222,page_135,notícias,topo da página,vídeo,computador,BR,2,2,1,0,0.01982
evt_001344,2026-03-12 04:50:00,demo_publisher,site B,sess_001478,page_070,notícias,meio do artigo,nativo,computador,MX,4,2,1,0,0.00774
evt_001345,2026-04-29 20:30:00,demo_publisher,site C,sess_000593,page_129,tecnologia,topo da página,banner,computador,BR,6,5,4,0,0.035
evt_001346,2026-04-21 08:10:00,demo_publisher,site A,sess_000074,page_078,tecnologia,topo da página,vídeo,celular,BR,1,1,1,0,0.00782
evt_001347,2026-04-12 01:16:00,demo_publisher,site A,sess_000692,page_075,tecnologia,intersticial,banner,celular,BR,2,1,1,0,0.0002
evt_001348,2026-04-14 01:58:00,demo_publisher,site A,sess_001848,page_011,estilo de vida,meio do artigo,vídeo,tablet,BR,4,4,3,0,0.01478
evt_001349,2026-04-05 17:06:00,demo_publisher,site B,sess_001581,page_056,tecnologia,rodapé fixo,vídeo,computador,BR,1,1,0,0,0.00429
evt_001350,2026-03-04 14:49:00,demo_publisher,site B,sess_001568,page_078,tecnologia,topo da página,banner,celular,AR,2,2,2,0,0.00294
evt_001351,2026-03-24 13:00:00,demo_publisher,site B,sess_001756,page_016,entretenimento,topo da página,banner,celular,US,3,1,1,0,0.0046
evt_001352,2026-03-30 17:57:00,demo_publisher,site C,sess_000747,page_023,tecnologia,rodapé fixo,vídeo,computador,BR,3,3,1,0,0.03703
evt_001353,2026-04-24 22:01:00,demo_publisher,site A,sess_000644,page_083,tecnologia,meio do artigo,banner,celular,BR,5,4,1,0,0.0096
evt_001354,2026-03-14 04:04:00,demo_publisher,site B,sess_001850,page_035,tecnologia,meio do artigo,mídia rica,tablet,BR,3,2,2,0,0.01856
evt_001355,2026-03-30 19:33:00,demo_publisher,site B,sess_001143,page_098,estilo de vida,intersticial,banner,computador,BR,1,1,1,0,0.00113
evt_001356,2026-03-21 15:27:00,demo_publisher,site A,sess_000596,page_064,notícias,meio do artigo,banner,celular,BR,4,4,2,0,0.01712
evt_001357,2026-03-09 01:29:00,demo_publisher,site B,sess_000557,page_057,notícias,meio do artigo,banner,computador,BR,2,2,2,0,0.0078
evt_001358,2026-03-07 04:20:00,demo_publisher,site B,sess_001754,page_017,finanças,lateral,vídeo,computador,BR,1,1,0,0,0.00786
evt_001359,2026-03-22 22:08:00,demo_publisher,site C,sess_000107,page_057,notícias,topo da página,nativo,computador,BR,5,3,2,0,0.01934
evt_001360,2026-03-05 22:41:00,demo_publisher,site B,sess_000124,page_076,notícias,lateral,vídeo,computador,BR,3,1,1,0,0.00447
evt_001361,2026-03-05 00:43:00,demo_publisher,site B,sess_001475,page_080,notícias,meio do artigo,mídia rica,celular,US,4,3,2,0,0.01472
evt_001362,2026-03-22 01:15:00,demo_publisher,site C,sess_000003,page_038,esportes,topo da página,nativo,computador,BR,4,3,1,0,0.00944
evt_001363,2026-03-13 02:50:00,demo_publisher,site B,sess_000342,page_004,entretenimento,meio do artigo,banner,celular,BR,1,1,0,0,0.00327
evt_001364,2026-04-03 06:55:00,demo_publisher,site A,sess_001981,page_130,esportes,meio do artigo,banner,celular,BR,5,5,3,0,0.04028
evt_001365,2026-03-02 01:26:00,demo_publisher,site B,sess_000851,page_134,esportes,lateral,vídeo,celular,MX,2,2,2,0,0.00667
evt_001366,2026-03-19 02:36:00,demo_publisher,site A,sess_001455,page_126,finanças,rodapé fixo,banner,computador,US,5,2,1,0,0.01334
evt_001367,2026-03-28 04:43:00,demo_publisher,site A,sess_000974,page_041,esportes,rodapé fixo,mídia rica,computador,BR,5,5,5,0,0.02366
evt_001368,2026-04-27 18:55:00,demo_publisher,site C,sess_000182,page_084,estilo de vida,meio do artigo,vídeo,celular,BR,1,1,1,0,0.00444
evt_001369,2026-04-08 01:44:00,demo_publisher,site A,sess_000369,page_020,estilo de vida,intersticial,nativo,computador,MX,1,1,1,0,0.00643
evt_001370,2026-04-22 20:14:00,demo_publisher,site C,sess_001522,page_126,notícias,rodapé fixo,nativo,computador,BR,6,5,5,0,0.02181
evt_001371,2026-03-21 14:20:00,demo_publisher,site B,sess_000190,page_001,finanças,topo da página,mídia rica,celular,BR,1,0,0,0,0.00059
evt_001372,2026-03-27 23:34:00,demo_publisher,site B,sess_001189,page_066,notícias,topo da página,vídeo,celular,MX,2,2,2,0,0.01507
evt_001373,2026-03-26 05:20:00,demo_publisher,site B,sess_000696,page_120,estilo de vida,topo da página,nativo,computador,US,6,5,2,0,0.02376
evt_001374,2026-04-23 05:50:00,demo_publisher,site B,sess_000741,page_101,entretenimento,topo da página,banner,computador,BR,1,1,1,0,0.0
evt_001375,2026-04-27 13:15:00,demo_publisher,site C,sess_001904,page_120,entretenimento,meio do artigo,nativo,celular,BR,4,2,1,0,0.00189
evt_001376,2026-04-27 17:45:00,demo_publisher,site B,sess_001212,page_069,notícias,meio do artigo,banner,tablet,BR,3,2,2,0,0.01102
evt_001377,2026-04-15 02:49:00,demo_publisher,site A,sess_001230,page_014,tecnologia,intersticial,mídia rica,celular,BR,3,2,1,0,0.00618
evt_001378,2026-03-31 04:28:00,demo_publisher,site C,sess_000701,page_002,tecnologia,meio do artigo,nativo,celular,BR,1,1,1,0,0.00319
evt_001379,2026-04-02 10:50:00,demo_publisher,site B,sess_000763,page_022,tecnologia,topo da página,vídeo,celular,BR,4,4,3,0,0.03561
evt_001380,2026-04-28 19:56:00,demo_publisher,site A,sess_001371,page_008,esportes,intersticial,banner,computador,BR,3,0,0,0,0.0
evt_001381,2026-03-18 01:44:00,demo_publisher,site C,sess_000078,page_063,finanças,meio do artigo,vídeo,celular,BR,5,4,2,0,0.02376
evt_001382,2026-03-21 19:15:00,demo_publisher,site A,sess_000475,page_008,esportes,topo da página,banner,computador,BR,5,5,3,0,0.04318
evt_001383,2026-04-23 19:40:00,demo_publisher,site A,sess_001200,page_026,notícias,topo da página,vídeo,celular,BR,3,1,0,0,0.00388
evt_001384,2026-03-24 04:18:00,demo_publisher,site B,sess_001247,page_059,estilo de vida,lateral,banner,computador,MX,1,0,0,0,0.0
evt_001385,2026-03-15 02:32:00,demo_publisher,site C,sess_000185,page_103,finanças,meio do artigo,mídia rica,celular,BR,4,4,0,0,0.0764
evt_001386,2026-04-03 15:04:00,demo_publisher,site C,sess_001575,page_094,esportes,lateral,nativo,celular,BR,3,3,2,0,0.01469
evt_001387,2026-03-20 12:29:00,demo_publisher,site A,sess_001085,page_009,tecnologia,rodapé fixo,banner,celular,CL,5,2,1,0,0.00807
evt_001388,2026-04-23 10:51:00,demo_publisher,site B,sess_000476,page_126,finanças,lateral,banner,celular,BR,5,5,2,0,0.02079
evt_001389,2026-04-24 13:03:00,demo_publisher,site A,sess_001504,page_077,entretenimento,rodapé fixo,banner,celular,BR,2,2,2,0,0.00503
evt_001390,2026-03-19 08:39:00,demo_publisher,site B,sess_001981,page_049,tecnologia,rodapé fixo,banner,celular,AR,1,1,0,0,0.00362
evt_001391,2026-04-01 18:32:00,demo_publisher,site A,sess_000847,page_054,tecnologia,lateral,banner,celular,BR,3,2,1,0,0.01044
evt_001392,2026-04-29 00:56:00,demo_publisher,site A,sess_000567,page_118,tecnologia,topo da página,nativo,celular,BR,6,5,3,0,0.03642
evt_001393,2026-04-14 12:56:00,demo_publisher,site C,sess_000599,page_065,notícias,meio do artigo,banner,celular,BR,2,2,2,0,0.00284
evt_001394,2026-03-13 22:30:00,demo_publisher,site B,sess_001185,page_035,notícias,meio do artigo,banner,celular,US,3,2,1,0,0.01048
evt_001395,2026-04-05 10:40:00,demo_publisher,site B,sess_000095,page_060,entretenimento,meio do artigo,vídeo,computador,CL,5,3,1,0,0.02116
evt_001396,2026-04-07 04:38:00,demo_publisher,site A,sess_000967,page_010,notícias,meio do artigo,banner,celular,BR,5,5,4,0,0.01456
evt_001397,2026-04-09 04:57:00,demo_publisher,site A,sess_000050,page_022,esportes,lateral,banner,computador,MX,5,5,3,0,0.02806
evt_001398,2026-03-02 12:00:00,demo_publisher,site B,sess_000078,page_044,estilo de vida,meio do artigo,vídeo,celular,BR,6,4,4,0,0.01699
evt_001399,2026-03-18 23:06:00,demo_publisher,site A,sess_000860,page_031,notícias,meio do artigo,banner,computador,MX,5,4,1,0,0.01084
evt_001400,2026-04-21 06:38:00,demo_publisher,site A,sess_001491,page_049,esportes,meio do artigo,nativo,celular,AR,1,1,1,0,0.00644
evt_001401,2026-03-15 11:34:00,demo_publisher,site A,sess_001766,page_010,finanças,rodapé fixo,mídia rica,computador,MX,3,3,3,0,0.02838
evt_001402,2026-03-18 23:33:00,demo_publisher,site B,sess_000176,page_085,esportes,meio do artigo,vídeo,celular,BR,5,3,1,0,0.04056
evt_001403,2026-03-20 08:23:00,demo_publisher,site C,sess_000488,page_017,estilo de vida,lateral,nativo,computador,BR,4,4,2,0,0.01556
evt_001404,2026-03-11 15:26:00,demo_publisher,site A,sess_000843,page_031,notícias,lateral,nativo,celular,BR,1,1,1,0,0.00125
evt_001405,2026-03-10 07:50:00,demo_publisher,site B,sess_001148,page_136,finanças,meio do artigo,vídeo,computador,BR,5,5,3,0,0.0573
evt_001406,2026-03-21 19:42:00,demo_publisher,site A,sess_001974,page_001,notícias,rodapé fixo,vídeo,celular,BR,2,2,1,0,0.01762
evt_001407,2026-04-22 11:00:00,demo_publisher,site B,sess_001368,page_039,estilo de vida,rodapé fixo,banner,computador,BR,2,1,1,0,0.00466
evt_001408,2026-03-01 02:12:00,demo_publisher,site B,sess_001077,page_070,notícias,rodapé fixo,nativo,celular,BR,6,4,3,0,0.02184
evt_001409,2026-03-17 23:52:00,demo_publisher,site A,sess_000122,page_043,notícias,intersticial,vídeo,computador,US,6,3,2,0,0.024
evt_001410,2026-03-04 15:18:00,demo_publisher,site A,sess_000162,page_045,tecnologia,meio do artigo,vídeo,celular,BR,1,1,0,0,0.00208
evt_001411,2026-04-03 16:32:00,demo_publisher,site A,sess_000307,page_018,esportes,rodapé fixo,banner,computador,BR,3,3,2,0,0.023
evt_001412,2026-03-16 00:51:00,demo_publisher,site C,sess_001321,page_059,tecnologia,rodapé fixo,banner,computador,BR,2,1,1,0,0.003
evt_001413,2026-04-17 12:26:00,demo_publisher,site B,sess_000663,page_105,esportes,rodapé fixo,nativo,computador,BR,4,4,3,0,0.0135
evt_001414,2026-04-05 02:25:00,demo_publisher,site A,sess_000482,page_082,esportes,rodapé fixo,banner,celular,BR,5,3,3,0,0.00837
evt_001415,2026-04-17 00:42:00,demo_publisher,site B,sess_001340,page_129,esportes,lateral,nativo,computador,BR,5,4,3,0,0.02818
evt_001416,2026-04-08 02:16:00,demo_publisher,site B,sess_001630,page_098,entretenimento,meio do artigo,nativo,tablet,CL,1,1,1,0,0.00213
evt_001417,2026-03-27 07:16:00,demo_publisher,site A,sess_000878,page_110,esportes,meio do artigo,banner,computador,BR,5,4,3,0,0.03557
evt_001418,2026-04-21 15:47:00,demo_publisher,site B,sess_001763,page_061,esportes,meio do artigo,banner,celular,BR,1,0,0,0,0.00455
evt_001419,2026-03-29 13:48:00,demo_publisher,site A,sess_001468,page_086,finanças,lateral,vídeo,computador,MX,4,3,0,0,0.02181
evt_001420,2026-04-26 23:54:00,demo_publisher,site A,sess_001432,page_081,esportes,meio do artigo,vídeo,computador,BR,4,3,0,0,0.00789
evt_001421,2026-04-29 16:22:00,demo_publisher,site C,sess_001735,page_114,tecnologia,lateral,vídeo,celular,BR,3,2,1,0,0.01312
evt_001422,2026-04-05 08:11:00,demo_publisher,site B,sess_000368,page_070,entretenimento,meio do artigo,mídia rica,celular,BR,6,5,4,0,0.0197
evt_001423,2026-04-10 11:25:00,demo_publisher,site C,sess_001516,page_057,finanças,meio do artigo,mídia rica,celular,BR,4,4,3,0,0.04602
evt_001424,2026-03-16 08:09:00,demo_publisher,site B,sess_001915,page_010,finanças,topo da página,nativo,celular,BR,6,6,4,0,0.05211
evt_001425,2026-04-18 21:04:00,demo_publisher,site C,sess_001984,page_120,esportes,topo da página,banner,computador,BR,3,3,0,0,0.01379
evt_001426,2026-04-10 07:05:00,demo_publisher,site A,sess_001156,page_061,entretenimento,lateral,vídeo,tablet,BR,3,2,2,1,0.01235
evt_001427,2026-04-24 03:40:00,demo_publisher,site A,sess_001508,page_111,finanças,meio do artigo,nativo,celular,BR,4,4,3,0,0.03157
evt_001428,2026-03-17 00:29:00,demo_publisher,site B,sess_001777,page_095,notícias,topo da página,banner,celular,BR,2,2,1,0,0.01086
evt_001429,2026-04-17 06:07:00,demo_publisher,site B,sess_001704,page_001,entretenimento,meio do artigo,mídia rica,celular,BR,5,5,3,0,0.01441
evt_001430,2026-03-29 05:11:00,demo_publisher,site A,sess_001795,page_091,entretenimento,meio do artigo,banner,computador,BR,2,2,1,0,0.00601
evt_001431,2026-03-12 02:39:00,demo_publisher,site B,sess_001664,page_068,finanças,topo da página,mídia rica,celular,AR,1,1,0,0,0.00674
evt_001432,2026-03-11 06:31:00,demo_publisher,site A,sess_000763,page_034,esportes,meio do artigo,nativo,tablet,BR,3,2,1,0,0.0077
evt_001433,2026-04-03 17:31:00,demo_publisher,site A,sess_001460,page_037,estilo de vida,lateral,banner,computador,BR,5,4,2,0,0.02687
evt_001434,2026-03-20 04:00:00,demo_publisher,site A,sess_000821,page_089,tecnologia,rodapé fixo,vídeo,celular,US,4,3,3,0,0.01939
evt_001435,2026-03-07 02:43:00,demo_publisher,site C,sess_001603,page_012,finanças,intersticial,vídeo,celular,BR,1,1,0,0,0.00585
evt_001436,2026-03-26 15:05:00,demo_publisher,site A,sess_001620,page_085,esportes,topo da página,nativo,computador,BR,1,1,1,0,0.00546
evt_001437,2026-04-09 04:12:00,demo_publisher,site A,sess_001869,page_118,esportes,meio do artigo,nativo,computador,BR,5,5,4,0,0.01867
evt_001438,2026-03-20 03:17:00,demo_publisher,site B,sess_001177,page_013,esportes,topo da página,banner,celular,BR,6,6,3,0,0.03619
evt_001439,2026-04-27 07:42:00,demo_publisher,site A,sess_000950,page_002,notícias,lateral,banner,tablet,BR,2,2,1,0,0.00257
evt_001440,2026-04-16 18:32:00,demo_publisher,site A,sess_000331,page_009,tecnologia,topo da página,banner,celular,AR,6,6,4,0,0.03191
evt_001441,2026-03-31 18:20:00,demo_publisher,site A,sess_001276,page_102,notícias,topo da página,banner,tablet,BR,3,3,0,0,0.0116
evt_001442,2026-04-26 01:54:00,demo_publisher,site C,sess_001133,page_118,esportes,lateral,banner,computador,BR,1,1,0,0,0.00379
evt_001443,2026-03-26 23:28:00,demo_publisher,site A,sess_001030,page_138,tecnologia,meio do artigo,nativo,computador,BR,2,2,0,0,0.00335
evt_001444,2026-03-09 09:07:00,demo_publisher,site B,sess_001352,page_005,finanças,meio do artigo,banner,computador,BR,6,5,3,0,0.03644
evt_001445,2026-03-03 03:36:00,demo_publisher,site A,sess_001702,page_068,esportes,lateral,nativo,celular,BR,2,0,0,0,0.00078
evt_001446,2026-04-26 06:45:00,demo_publisher,site C,sess_000298,page_007,entretenimento,rodapé fixo,banner,celular,AR,6,3,2,0,0.01135
evt_001447,2026-04-27 14:04:00,demo_publisher,site B,sess_000863,page_052,notícias,meio do artigo,banner,computador,MX,4,2,2,0,0.00632
evt_001448,2026-04-14 08:31:00,demo_publisher,site C,sess_001444,page_043,entretenimento,topo da página,mídia rica,celular,BR,5,4,3,0,0.00877
evt_001449,2026-03-07 04:19:00,demo_publisher,site C,sess_001639,page_085,notícias,meio do artigo,mídia rica,celular,BR,3,1,0,0,0.00946
evt_001450,2026-03-18 14:51:00,demo_publisher,site C,sess_001556,page_127,finanças,topo da página,vídeo,celular,BR,1,1,0,0,0.00723
evt_001451,2026-03-03 11:09:00,demo_publisher,site A,sess_001598,page_112,estilo de vida,topo da página,banner,celular,BR,3,2,0,0,0.00396
evt_001452,2026-03-04 01:47:00,demo_publisher,site B,sess_001710,page_009,esportes,meio do artigo,vídeo,celular,BR,6,4,4,0,0.03576
evt_001453,2026-03-15 18:20:00,demo_publisher,site B,sess_001923,page_034,finanças,topo da página,banner,tablet,BR,6,5,3,0,0.02867
evt_001454,2026-04-04 07:53:00,demo_publisher,site A,sess_001216,page_039,notícias,topo da página,nativo,celular,BR,3,3,2,0,0.01181
evt_001455,2026-03-04 22:21:00,demo_publisher,site A,sess_000498,page_035,estilo de vida,lateral,mídia rica,tablet,BR,1,1,0,0,0.0016
evt_001456,2026-04-29 01:49:00,demo_publisher,site A,sess_001127,page_050,notícias,rodapé fixo,banner,tablet,BR,2,0,0,0,0.00165
evt_001457,2026-03-28 07:22:00,demo_publisher,site C,sess_001419,page_085,tecnologia,topo da página,mídia rica,celular,BR,3,3,2,0,0.02114
evt_001458,2026-03-16 19:56:00,demo_publisher,site C,sess_000202,page_103,estilo de vida,meio do artigo,vídeo,computador,BR,6,5,3,1,0.05751
evt_001459,2026-03-31 23:09:00,demo_publisher,site C,sess_001514,page_131,finanças,intersticial,banner,celular,BR,4,4,3,0,0.02479
evt_001460,2026-04-17 09:49:00,demo_publisher,site A,sess_001088,page_098,notícias,topo da página,banner,computador,AR,3,3,1,0,0.01212
evt_001461,2026-03-19 18:06:00,demo_publisher,site B,sess_001872,page_042,finanças,lateral,vídeo,computador,AR,5,3,1,0,0.02608
evt_001462,2026-03-03 20:25:00,demo_publisher,site A,sess_000424,page_026,estilo de vida,topo da página,banner,celular,BR,2,2,2,0,0.01283
evt_001463,2026-03-04 01:22:00,demo_publisher,site C,sess_001813,page_053,esportes,rodapé fixo,banner,computador,BR,2,2,1,0,0.0124
evt_001464,2026-04-21 02:51:00,demo_publisher,site B,sess_000896,page_112,estilo de vida,topo da página,banner,celular,BR,5,3,2,0,0.01262
evt_001465,2026-03-07 16:42:00,demo_publisher,site B,sess_001147,page_139,notícias,meio do artigo,mídia rica,celular,BR,3,3,2,0,0.03115
evt_001466,2026-04-08 03:12:00,demo_publisher,site C,sess_001320,page_055,notícias,intersticial,banner,computador,BR,4,2,2,0,0.01048
evt_001467,2026-03-24 01:41:00,demo_publisher,site A,sess_001158,page_025,tecnologia,lateral,mídia rica,tablet,BR,5,3,0,0,0.0153
evt_001468,2026-04-16 15:37:00,demo_publisher,site A,sess_001807,page_001,notícias,topo da página,nativo,celular,MX,5,4,4,0,0.01352
evt_001469,2026-03-04 15:09:00,demo_publisher,site A,sess_000335,page_011,esportes,rodapé fixo,banner,celular,BR,4,1,1,0,0.00612
evt_001470,2026-04-23 20:49:00,demo_publisher,site A,sess_001460,page_089,estilo de vida,rodapé fixo,banner,computador,BR,1,0,0,0,0.00382
evt_001471,2026-04-11 21:23:00,demo_publisher,site B,sess_001949,page_082,tecnologia,meio do artigo,vídeo,tablet,BR,6,6,4,0,0.04748
evt_001472,2026-03-27 22:57:00,demo_publisher,site C,sess_000441,page_090,notícias,topo da página,banner,computador,BR,1,1,1,0,0.0035
evt_001473,2026-03-13 10:06:00,demo_publisher,site C,sess_000510,page_004,notícias,topo da página,banner,celular,BR,1,0,0,0,0.0
evt_001474,2026-04-28 15:05:00,demo_publisher,site C,sess_000950,page_061,finanças,intersticial,banner,computador,CL,2,1,1,0,0.00226
evt_001475,2026-03-19 02:58:00,demo_publisher,site A,sess_001449,page_026,estilo de vida,topo da página,vídeo,computador,BR,2,2,2,0,0.02005
evt_001476,2026-03-30 10:20:00,demo_publisher,site A,sess_001918,page_047,finanças,meio do artigo,nativo,computador,BR,5,3,2,0,0.01645
evt_001477,2026-03-24 15:32:00,demo_publisher,site A,sess_001591,page_087,estilo de vida,topo da página,nativo,celular,BR,4,3,2,0,0.01641
evt_001478,2026-03-14 19:59:00,demo_publisher,site B,sess_001588,page_039,tecnologia,topo da página,banner,celular,BR,6,5,3,0,0.0101
evt_001479,2026-03-25 23:55:00,demo_publisher,site B,sess_000882,page_092,entretenimento,meio do artigo,nativo,celular,AR,1,1,1,0,0.00169
evt_001480,2026-03-10 02:08:00,demo_publisher,site B,sess_001291,page_041,esportes,meio do artigo,vídeo,celular,BR,6,3,2,0,0.01147
evt_001481,2026-03-01 02:23:00,demo_publisher,site A,sess_000423,page_071,notícias,topo da página,banner,computador,US,3,2,1,0,0.01402
evt_001482,2026-03-18 09:35:00,demo_publisher,site B,sess_000926,page_064,esportes,topo da página,mídia rica,tablet,BR,4,2,1,0,0.00883
evt_001483,2026-03-07 17:22:00,demo_publisher,site A,sess_000378,page_054,notícias,topo da página,vídeo,computador,CL,1,1,1,0,0.00677
evt_001484,2026-03-25 21:16:00,demo_publisher,site A,sess_000055,page_018,esportes,topo da página,banner,tablet,BR,5,5,3,0,0.02244
evt_001485,2026-04-21 18:22:00,demo_publisher,site B,sess_001713,page_081,entretenimento,topo da página,vídeo,celular,BR,4,4,3,0,0.01691
evt_001486,2026-03-10 18:05:00,demo_publisher,site C,sess_001609,page_138,esportes,rodapé fixo,nativo,computador,CL,5,4,4,0,0.01609
evt_001487,2026-03-01 01:46:00,demo_publisher,site B,sess_001022,page_090,notícias,topo da página,nativo,computador,BR,6,6,4,0,0.03382
evt_001488,2026-03-07 15:58:00,demo_publisher,site A,sess_000029,page_104,finanças,meio do artigo,banner,celular,BR,2,1,0,0,0.00118
evt_001489,2026-03-31 11:45:00,demo_publisher,site A,sess_000181,page_112,entretenimento,meio do artigo,mídia rica,tablet,AR,6,6,2,0,0.04399
evt_001490,2026-03-17 11:46:00,demo_publisher,site C,sess_000224,page_006,notícias,rodapé fixo,banner,celular,BR,3,2,2,0,0.01017
evt_001491,2026-03-30 08:52:00,demo_publisher,site B,sess_001434,page_111,tecnologia,lateral,vídeo,celular,US,2,1,1,0,0.00382
evt_001492,2026-03-02 18:07:00,demo_publisher,site C,sess_000407,page_034,tecnologia,intersticial,banner,tablet,BR,5,3,1,0,0.01567
evt_001493,2026-03-20 23:39:00,demo_publisher,site B,sess_000501,page_093,finanças,topo da página,banner,computador,CL,1,1,1,0,0.01067
evt_001494,2026-03-25 14:35:00,demo_publisher,site A,sess_001722,page_137,estilo de vida,topo da página,mídia rica,celular,US,5,5,2,0,0.01854
evt_001495,2026-03-26 21:06:00,demo_publisher,site B,sess_001752,page_125,finanças,topo da página,nativo,celular,BR,6,5,3,0,0.01558
evt_001496,2026-04-03 01:40:00,demo_publisher,site C,sess_001526,page_058,esportes,topo da página,banner,computador,US,2,2,0,0,0.01055
evt_001497,2026-04-16 20:02:00,demo_publisher,site C,sess_000619,page_117,finanças,intersticial,vídeo,celular,US,4,2,1,0,0.02148
evt_001498,2026-03-29 00:48:00,demo_publisher,site B,sess_001160,page_086,notícias,meio do artigo,banner,computador,MX,5,4,4,0,0.0169
evt_001499,2026-04-20 11:20:00,demo_publisher,site C,sess_000401,page_019,tecnologia,rodapé fixo,vídeo,celular,BR,4,4,2,0,0.0356
evt_001500,2026-04-01 18:49:00,demo_publisher,site B,sess_001715,page_034,tecnologia,intersticial,mídia rica,celular,BR,6,4,4,0,0.0316
evt_001501,2026-03-16 14:54:00,demo_publisher,site B,sess_000170,page_133,esportes,rodapé fixo,banner,celular,CL,5,4,2,0,0.02687
evt_001502,2026-03-14 17:47:00,demo_publisher,site C,sess_001489,page_128,estilo de vida,meio do artigo,nativo,celular,BR,2,1,1,0,0.00012
evt_001503,2026-03-20 08:23:00,demo_publisher,site A,sess_001023,page_124,esportes,rodapé fixo,mídia rica,celular,BR,3,3,2,0,0.01071
evt_001504,2026-04-05 20:20:00,demo_publisher,site A,sess_001515,page_054,notícias,meio do artigo,mídia rica,computador,BR,5,4,4,0,0.02652
evt_001505,2026-03-15 13:10:00,demo_publisher,site A,sess_000902,page_045,estilo de vida,topo da página,nativo,celular,US,3,3,3,0,0.01171
evt_001506,2026-04-24 20:24:00,demo_publisher,site B,sess_000317,page_113,notícias,meio do artigo,nativo,computador,BR,3,2,2,0,0.00488
evt_001507,2026-03-29 19:00:00,demo_publisher,site C,sess_001502,page_003,tecnologia,rodapé fixo,nativo,celular,BR,6,5,4,0,0.0228
evt_001508,2026-04-21 19:06:00,demo_publisher,site A,sess_001262,page_125,esportes,rodapé fixo,banner,celular,MX,1,1,1,0,0.00572
evt_001509,2026-04-10 23:53:00,demo_publisher,site B,sess_000929,page_084,tecnologia,meio do artigo,nativo,celular,BR,3,2,2,0,0.00852
evt_001510,2026-03-21 00:01:00,demo_publisher,site B,sess_000746,page_088,esportes,rodapé fixo,banner,computador,BR,3,3,1,0,0.01615
evt_001511,2026-03-14 16:41:00,demo_publisher,site B,sess_000688,page_061,esportes,meio do artigo,banner,computador,AR,5,5,2,0,0.04569
evt_001512,2026-04-14 15:16:00,demo_publisher,site A,sess_000962,page_137,tecnologia,lateral,banner,celular,BR,6,6,3,0,0.02814
evt_001513,2026-03-20 20:15:00,demo_publisher,site A,sess_000524,page_105,finanças,meio do artigo,vídeo,computador,BR,6,5,3,1,0.06958
evt_001514,2026-03-15 19:29:00,demo_publisher,site A,sess_000565,page_008,notícias,topo da página,banner,computador,BR,3,3,2,0,0.01925
evt_001515,2026-04-25 19:45:00,demo_publisher,site A,sess_000557,page_073,tecnologia,meio do artigo,banner,computador,US,3,3,1,0,0.01401
evt_001516,2026-03-29 22:59:00,demo_publisher,site A,sess_000026,page_120,esportes,rodapé fixo,banner,celular,BR,1,1,1,0,0.00407
evt_001517,2026-03-03 21:56:00,demo_publisher,site B,sess_001855,page_011,notícias,intersticial,banner,celular,BR,6,1,1,0,0.00607
evt_001518,2026-03-30 16:27:00,demo_publisher,site B,sess_000473,page_103,finanças,topo da página,mídia rica,celular,BR,2,2,1,0,0.01172
evt_001519,2026-03-28 15:30:00,demo_publisher,site B,sess_000330,page_035,estilo de vida,topo da página,banner,celular,BR,2,1,0,0,0.00265
evt_001520,2026-04-21 20:06:00,demo_publisher,site B,sess_000303,page_071,estilo de vida,topo da página,banner,celular,BR,3,2,2,0,0.00672
evt_001521,2026-04-12 16:38:00,demo_publisher,site A,sess_001976,page_123,tecnologia,rodapé fixo,mídia rica,computador,BR,6,6,6,0,0.01562
evt_001522,2026-03-12 11:33:00,demo_publisher,site B,sess_000954,page_069,estilo de vida,meio do artigo,banner,tablet,CL,6,5,2,0,0.02926
evt_001523,2026-03-10 00:39:00,demo_publisher,site A,sess_000654,page_006,esportes,meio do artigo,nativo,celular,BR,2,2,2,0,0.00631
evt_001524,2026-04-06 05:10:00,demo_publisher,site B,sess_000808,page_003,esportes,topo da página,vídeo,celular,BR,4,4,3,0,0.02732
evt_001525,2026-03-03 20:13:00,demo_publisher,site C,sess_000177,page_103,notícias,topo da página,vídeo,celular,BR,2,2,2,0,0.01348
evt_001526,2026-03-20 03:22:00,demo_publisher,site B,sess_000628,page_130,tecnologia,rodapé fixo,banner,computador,BR,3,3,3,1,0.02619
evt_001527,2026-03-09 07:00:00,demo_publisher,site A,sess_000498,page_041,notícias,meio do artigo,vídeo,celular,BR,5,4,2,0,0.02508
evt_001528,2026-03-02 05:36:00,demo_publisher,site A,sess_001606,page_131,estilo de vida,topo da página,nativo,computador,BR,4,4,1,0,0.01708
evt_001529,2026-04-25 03:06:00,demo_publisher,site B,sess_000117,page_063,estilo de vida,topo da página,nativo,tablet,MX,6,6,4,0,0.01691
evt_001530,2026-03-06 09:20:00,demo_publisher,site C,sess_000851,page_009,tecnologia,topo da página,banner,celular,BR,4,3,1,0,0.01127
evt_001531,2026-03-01 13:20:00,demo_publisher,site B,sess_001580,page_074,notícias,topo da página,vídeo,computador,BR,5,5,4,0,0.04672
evt_001532,2026-04-25 23:21:00,demo_publisher,site A,sess_001667,page_136,notícias,topo da página,nativo,celular,BR,3,2,2,0,0.00505
evt_001533,2026-03-12 07:11:00,demo_publisher,site B,sess_001025,page_035,entretenimento,lateral,vídeo,celular,BR,5,5,3,0,0.04717
evt_001534,2026-04-18 23:50:00,demo_publisher,site A,sess_000445,page_134,estilo de vida,topo da página,mídia rica,computador,BR,5,4,3,0,0.01488
evt_001535,2026-03-02 21:02:00,demo_publisher,site A,sess_000674,page_091,finanças,meio do artigo,vídeo,computador,BR,6,4,2,0,0.02525
evt_001536,2026-03-10 05:07:00,demo_publisher,site A,sess_000445,page_056,tecnologia,meio do artigo,vídeo,tablet,BR,3,3,0,0,0.0266
evt_001537,2026-03-07 15:18:00,demo_publisher,site B,sess_001324,page_097,entretenimento,meio do artigo,banner,computador,BR,4,4,3,0,0.01252
evt_001538,2026-04-12 09:01:00,demo_publisher,site C,sess_000585,page_056,esportes,meio do artigo,banner,computador,AR,5,4,1,0,0.01293
evt_001539,2026-04-07 05:00:00,demo_publisher,site A,sess_001261,page_012,entretenimento,rodapé fixo,nativo,computador,BR,6,5,4,0,0.01424
evt_001540,2026-03-29 12:43:00,demo_publisher,site B,sess_001311,page_122,notícias,topo da página,banner,celular,US,1,1,1,0,0.00322
evt_001541,2026-03-15 11:57:00,demo_publisher,site B,sess_001879,page_052,entretenimento,rodapé fixo,vídeo,celular,BR,1,1,1,0,0.00473
evt_001542,2026-03-06 07:57:00,demo_publisher,site B,sess_000741,page_079,notícias,topo da página,vídeo,celular,BR,1,1,1,0,0.00503
evt_001543,2026-04-04 03:39:00,demo_publisher,site A,sess_001922,page_104,esportes,topo da página,nativo,tablet,BR,1,1,0,1,0.0032
evt_001544,2026-03-14 20:13:00,demo_publisher,site B,sess_000802,page_012,notícias,topo da página,banner,computador,BR,2,1,0,0,0.00523
evt_001545,2026-04-05 09:52:00,demo_publisher,site C,sess_001361,page_101,tecnologia,lateral,vídeo,computador,BR,2,1,0,0,0.01253
evt_001546,2026-04-11 05:57:00,demo_publisher,site A,sess_001323,page_051,entretenimento,meio do artigo,nativo,computador,BR,1,1,0,0,0.00373
evt_001547,2026-04-20 23:11:00,demo_publisher,site B,sess_001635,page_076,esportes,rodapé fixo,nativo,celular,CL,6,4,3,0,0.03427
evt_001548,2026-03-30 15:20:00,demo_publisher,site B,sess_000938,page_064,esportes,topo da página,nativo,computador,BR,5,5,4,0,0.01903
evt_001549,2026-03-01 06:49:00,demo_publisher,site C,sess_001585,page_109,esportes,lateral,banner,computador,BR,2,1,0,0,0.00796
evt_001550,2026-03-17 20:09:00,demo_publisher,site A,sess_000711,page_027,notícias,topo da página,vídeo,celular,BR,3,2,2,0,0.01142
evt_001551,2026-04-21 04:51:00,demo_publisher,site C,sess_000983,page_015,tecnologia,topo da página,banner,computador,AR,3,3,2,0,0.01535
evt_001552,2026-04-01 23:52:00,demo_publisher,site A,sess_000999,page_058,notícias,lateral,nativo,tablet,BR,6,5,2,0,0.00961
evt_001553,2026-04-07 03:31:00,demo_publisher,site B,sess_001409,page_017,entretenimento,topo da página,banner,tablet,BR,1,1,1,0,0.00231
evt_001554,2026-03-28 11:15:00,demo_publisher,site B,sess_001237,page_034,entretenimento,meio do artigo,banner,celular,BR,6,5,3,0,0.01827
evt_001555,2026-03-10 18:21:00,demo_publisher,site B,sess_000157,page_092,notícias,meio do artigo,banner,celular,MX,1,1,1,0,0.00276
evt_001556,2026-04-23 19:15:00,demo_publisher,site A,sess_001618,page_114,finanças,lateral,banner,celular,MX,4,2,2,0,0.00176
evt_001557,2026-04-16 09:01:00,demo_publisher,site A,sess_001516,page_097,entretenimento,lateral,mídia rica,computador,US,4,3,1,0,0.00688
evt_001558,2026-04-29 17:03:00,demo_publisher,site C,sess_000209,page_045,tecnologia,topo da página,vídeo,celular,BR,2,2,0,0,0.01973
evt_001559,2026-04-21 07:54:00,demo_publisher,site B,sess_001923,page_114,tecnologia,topo da página,banner,computador,BR,1,1,1,0,0.00557
evt_001560,2026-03-18 11:13:00,demo_publisher,site B,sess_001321,page_057,notícias,meio do artigo,banner,celular,BR,3,2,1,0,0.00519
evt_001561,2026-03-16 06:08:00,demo_publisher,site A,sess_000170,page_026,notícias,topo da página,vídeo,celular,CL,6,5,3,0,0.02812
evt_001562,2026-03-15 21:48:00,demo_publisher,site C,sess_000983,page_106,tecnologia,meio do artigo,banner,celular,BR,4,4,2,0,0.02196
evt_001563,2026-04-25 03:03:00,demo_publisher,site B,sess_001672,page_072,esportes,meio do artigo,nativo,computador,BR,6,4,2,0,0.03473
evt_001564,2026-04-03 09:59:00,demo_publisher,site C,sess_000560,page_052,estilo de vida,meio do artigo,banner,celular,US,3,3,2,0,0.01647
evt_001565,2026-03-28 06:25:00,demo_publisher,site A,sess_001866,page_092,tecnologia,meio do artigo,nativo,tablet,BR,4,3,2,0,0.02281
evt_001566,2026-04-28 02:17:00,demo_publisher,site A,sess_000837,page_101,finanças,topo da página,mídia rica,computador,MX,6,5,3,0,0.03917
evt_001567,2026-04-06 04:55:00,demo_publisher,site B,sess_000453,page_032,notícias,meio do artigo,banner,computador,BR,3,2,1,0,0.00712
evt_001568,2026-04-24 13:34:00,demo_publisher,site B,sess_000713,page_017,esportes,topo da página,mídia rica,computador,BR,6,4,1,0,0.02749
evt_001569,2026-04-29 01:53:00,demo_publisher,site C,sess_001050,page_072,entretenimento,topo da página,vídeo,tablet,BR,6,4,2,0,0.02704
evt_001570,2026-03-05 18:24:00,demo_publisher,site A,sess_001376,page_008,esportes,rodapé fixo,mídia rica,celular,BR,4,2,1,0,0.00845
evt_001571,2026-03-22 16:36:00,demo_publisher,site B,sess_001855,page_089,notícias,topo da página,vídeo,computador,BR,3,3,2,0,0.03835
evt_001572,2026-04-14 01:09:00,demo_publisher,site A,sess_000390,page_062,entretenimento,topo da página,vídeo,celular,CL,2,1,0,0,0.0065
evt_001573,2026-04-18 18:56:00,demo_publisher,site B,sess_001920,page_030,estilo de vida,rodapé fixo,nativo,celular,BR,2,1,1,0,0.0038
evt_001574,2026-03-09 21:49:00,demo_publisher,site C,sess_001055,page_084,estilo de vida,meio do artigo,vídeo,computador,BR,6,4,4,0,0.03836
evt_001575,2026-03-20 02:29:00,demo_publisher,site B,sess_000256,page_053,tecnologia,topo da página,banner,celular,BR,3,2,1,0,0.00689
evt_001576,2026-04-02 21:22:00,demo_publisher,site A,sess_001853,page_054,finanças,rodapé fixo,vídeo,celular,BR,6,6,4,0,0.02771
evt_001577,2026-04-17 22:52:00,demo_publisher,site B,sess_000698,page_031,entretenimento,lateral,nativo,computador,BR,3,3,1,0,0.01594
evt_001578,2026-03-07 18:40:00,demo_publisher,site B,sess_001241,page_094,tecnologia,intersticial,banner,tablet,BR,2,1,1,0,0.00561
evt_001579,2026-04-06 01:03:00,demo_publisher,site B,sess_001396,page_126,esportes,rodapé fixo,banner,computador,MX,4,4,2,0,0.02073
evt_001580,2026-03-18 18:52:00,demo_publisher,site A,sess_000027,page_086,esportes,lateral,banner,computador,MX,2,2,0,0,0.02308
evt_001581,2026-03-13 23:33:00,demo_publisher,site B,sess_000443,page_033,esportes,topo da página,banner,celular,US,3,1,1,0,0.00359
evt_001582,2026-03-31 22:10:00,demo_publisher,site B,sess_001373,page_116,estilo de vida,meio do artigo,banner,computador,BR,3,1,1,0,0.00578
evt_001583,2026-03-25 20:11:00,demo_publisher,site A,sess_000650,page_017,estilo de vida,topo da página,banner,celular,BR,5,5,1,0,0.01338
evt_001584,2026-04-08 03:25:00,demo_publisher,site A,sess_000019,page_041,finanças,meio do artigo,banner,computador,CL,6,6,5,0,0.03226
evt_001585,2026-03-20 01:23:00,demo_publisher,site B,sess_000047,page_005,entretenimento,rodapé fixo,nativo,computador,BR,4,3,1,0,0.00949
evt_001586,2026-04-19 09:31:00,demo_publisher,site B,sess_001653,page_118,finanças,topo da página,banner,tablet,BR,6,6,4,0,0.04951
evt_001587,2026-03-05 16:28:00,demo_publisher,site A,sess_000307,page_007,tecnologia,rodapé fixo,banner,computador,BR,2,2,2,0,0.00203
evt_001588,2026-04-21 17:06:00,demo_publisher,site C,sess_000201,page_076,estilo de vida,meio do artigo,banner,computador,BR,4,4,2,0,0.0131
evt_001589,2026-03-02 18:57:00,demo_publisher,site B,sess_001125,page_027,finanças,topo da página,banner,computador,BR,3,2,1,0,0.01667
evt_001590,2026-04-14 03:41:00,demo_publisher,site A,sess_000238,page_030,notícias,rodapé fixo,banner,celular,BR,3,3,3,0,0.00487
evt_001591,2026-03-21 18:55:00,demo_publisher,site C,sess_001306,page_085,estilo de vida,meio do artigo,mídia rica,computador,BR,5,5,5,0,0.02732
evt_001592,2026-03-24 00:00:00,demo_publisher,site B,sess_001088,page_112,estilo de vida,meio do artigo,banner,computador,BR,3,2,1,1,0.00953
evt_001593,2026-03-02 03:24:00,demo_publisher,site A,sess_001298,page_003,notícias,meio do artigo,banner,celular,BR,2,2,1,0,0.01063
evt_001594,2026-04-12 03:01:00,demo_publisher,site C,sess_000983,page_023,tecnologia,topo da página,nativo,computador,BR,3,2,2,0,0.01367
evt_001595,2026-03-10 22:18:00,demo_publisher,site B,sess_001556,page_040,finanças,topo da página,vídeo,celular,MX,1,1,1,0,0.00972
evt_001596,2026-04-09 13:11:00,demo_publisher,site A,sess_001289,page_132,esportes,lateral,banner,celular,MX,4,4,2,0,0.01809
evt_001597,2026-04-13 12:15:00,demo_publisher,site A,sess_000831,page_009,tecnologia,rodapé fixo,banner,celular,BR,5,4,3,0,0.01952
evt_001598,2026-04-20 17:08:00,demo_publisher,site C,sess_000031,page_025,esportes,lateral,nativo,computador,BR,1,1,0,0,0.00236
evt_001599,2026-04-12 11:39:00,demo_publisher,site A,sess_000547,page_057,estilo de vida,rodapé fixo,nativo,tablet,MX,3,3,1,0,0.01901
evt_001600,2026-03-19 02:09:00,demo_publisher,site A,sess_000263,page_046,estilo de vida,rodapé fixo,banner,computador,BR,2,1,1,0,0.00504
evt_001601,2026-04-14 07:33:00,demo_publisher,site C,sess_000032,page_007,notícias,topo da página,mídia rica,computador,BR,1,0,0,0,0.00117
evt_001602,2026-04-19 13:22:00,demo_publisher,site A,sess_000547,page_076,finanças,rodapé fixo,mídia rica,celular,BR,1,0,0,0,0.00174
evt_001603,2026-03-20 00:42:00,demo_publisher,site C,sess_000414,page_085,esportes,rodapé fixo,nativo,computador,BR,3,2,1,0,0.01584
evt_001604,2026-03-08 10:48:00,demo_publisher,site A,sess_000154,page_025,notícias,meio do artigo,banner,computador,BR,4,4,3,0,0.01824
evt_001605,2026-04-23 09:37:00,demo_publisher,site A,sess_000625,page_096,estilo de vida,meio do artigo,nativo,celular,BR,4,1,1,0,0.00342
evt_001606,2026-03-09 21:02:00,demo_publisher,site B,sess_001013,page_008,notícias,rodapé fixo,mídia rica,computador,BR,1,1,0,0,0.00095
evt_001607,2026-04-05 15:06:00,demo_publisher,site A,sess_000357,page_102,entretenimento,intersticial,mídia rica,computador,AR,1,1,1,0,0.01056
evt_001608,2026-03-15 04:14:00,demo_publisher,site A,sess_000546,page_037,esportes,intersticial,banner,celular,AR,1,0,0,0,0.0
evt_001609,2026-03-08 13:28:00,demo_publisher,site A,sess_000041,page_032,esportes,meio do artigo,banner,celular,BR,5,4,2,0,0.03168
evt_001610,2026-04-16 14:02:00,demo_publisher,site A,sess_000101,page_028,entretenimento,rodapé fixo,banner,celular,AR,4,3,3,0,0.01306
evt_001611,2026-03-09 14:57:00,demo_publisher,site C,sess_000315,page_121,finanças,meio do artigo,vídeo,celular,US,3,2,1,0,0.00888
evt_001612,2026-04-10 05:07:00,demo_publisher,site A,sess_000906,page_070,estilo de vida,rodapé fixo,nativo,computador,BR,1,0,0,0,0.0
evt_001613,2026-04-11 14:03:00,demo_publisher,site C,sess_001332,page_096,estilo de vida,lateral,banner,computador,BR,1,0,0,0,0.0
evt_001614,2026-03-04 14:43:00,demo_publisher,site B,sess_001576,page_029,entretenimento,rodapé fixo,banner,computador,CL,3,1,0,0,0.00261
evt_001615,2026-03-11 09:02:00,demo_publisher,site B,sess_001259,page_008,notícias,intersticial,banner,computador,BR,6,4,3,0,0.02216
evt_001616,2026-04-17 15:53:00,demo_publisher,site B,sess_001234,page_006,notícias,meio do artigo,mídia rica,computador,US,1,1,0,0,0.00951
evt_001617,2026-03-31 10:30:00,demo_publisher,site A,sess_001871,page_062,entretenimento,intersticial,banner,celular,BR,4,2,1,0,0.00606
evt_001618,2026-03-08 06:44:00,demo_publisher,site C,sess_000512,page_046,notícias,lateral,banner,computador,BR,4,3,0,1,0.01703
evt_001619,2026-04-29 12:09:00,demo_publisher,site B,sess_001596,page_107,tecnologia,topo da página,vídeo,celular,BR,6,6,3,0,0.03151
evt_001620,2026-03-16 21:34:00,demo_publisher,site C,sess_001873,page_110,estilo de vida,topo da página,nativo,computador,US,2,2,1,0,0.00843
evt_001621,2026-03-01 05:46:00,demo_publisher,site A,sess_001135,page_044,estilo de vida,lateral,vídeo,computador,BR,2,2,2,0,0.02541
evt_001622,2026-04-25 10:47:00,demo_publisher,site B,sess_001681,page_061,tecnologia,topo da página,vídeo,computador,BR,4,4,0,0,0.02317
evt_001623,2026-03-01 23:52:00,demo_publisher,site B,sess_000275,page_054,entretenimento,topo da página,banner,celular,BR,3,2,1,0,0.00241
evt_001624,2026-04-03 04:50:00,demo_publisher,site A,sess_001757,page_094,notícias,meio do artigo,banner,celular,BR,2,1,0,0,0.0078
evt_001625,2026-04-29 14:02:00,demo_publisher,site A,sess_001128,page_088,estilo de vida,topo da página,banner,celular,BR,4,4,2,0,0.00799
evt_001626,2026-04-04 16:02:00,demo_publisher,site B,sess_000443,page_091,tecnologia,meio do artigo,vídeo,tablet,BR,6,4,1,0,0.01436
evt_001627,2026-04-05 01:52:00,demo_publisher,site B,sess_000124,page_008,esportes,rodapé fixo,mídia rica,computador,BR,6,6,4,0,0.01894
evt_001628,2026-03-24 06:58:00,demo_publisher,site A,sess_001440,page_047,entretenimento,topo da página,banner,computador,CL,1,1,1,0,0.00196
evt_001629,2026-03-08 14:45:00,demo_publisher,site C,sess_000862,page_135,finanças,lateral,vídeo,celular,AR,5,3,2,0,0.05118
evt_001630,2026-04-04 08:40:00,demo_publisher,site A,sess_000620,page_048,notícias,topo da página,vídeo,celular,BR,5,3,3,0,0.01317
evt_001631,2026-04-23 20:06:00,demo_publisher,site C,sess_000781,page_025,tecnologia,rodapé fixo,mídia rica,computador,BR,4,4,3,0,0.02756
evt_001632,2026-03-06 11:11:00,demo_publisher,site B,sess_001982,page_028,entretenimento,meio do artigo,nativo,computador,BR,3,2,2,0,0.00596
evt_001633,2026-04-22 19:44:00,demo_publisher,site C,sess_000856,page_004,notícias,rodapé fixo,banner,celular,BR,5,3,2,1,0.01525
evt_001634,2026-03-25 21:40:00,demo_publisher,site B,sess_000158,page_109,tecnologia,lateral,vídeo,computador,BR,4,4,1,0,0.04894
evt_001635,2026-04-02 04:07:00,demo_publisher,site B,sess_000560,page_001,notícias,rodapé fixo,vídeo,celular,BR,1,1,0,0,0.00773
evt_001636,2026-03-10 22:10:00,demo_publisher,site A,sess_000291,page_083,notícias,meio do artigo,vídeo,computador,BR,1,0,0,0,0.0
evt_001637,2026-04-07 07:22:00,demo_publisher,site C,sess_001371,page_056,esportes,meio do artigo,vídeo,tablet,BR,5,5,2,0,0.05535
evt_001638,2026-03-11 22:35:00,demo_publisher,site A,sess_001600,page_014,tecnologia,topo da página,banner,celular,BR,3,2,2,0,0.00489
evt_001639,2026-03-17 09:23:00,demo_publisher,site B,sess_001682,page_123,notícias,meio do artigo,nativo,celular,US,4,3,1,0,0.01167
evt_001640,2026-04-13 07:07:00,demo_publisher,site A,sess_001266,page_104,notícias,meio do artigo,banner,computador,BR,5,4,1,0,0.00964
evt_001641,2026-03-04 00:44:00,demo_publisher,site A,sess_001537,page_114,tecnologia,lateral,banner,celular,MX,2,2,1,0,0.00464
evt_001642,2026-03-27 19:56:00,demo_publisher,site C,sess_000835,page_131,finanças,topo da página,banner,celular,BR,6,6,5,0,0.03306
evt_001643,2026-04-05 16:10:00,demo_publisher,site A,sess_001255,page_127,notícias,meio do artigo,banner,computador,BR,2,2,0,0,0.00617
evt_001644,2026-03-08 22:07:00,demo_publisher,site A,sess_000214,page_098,esportes,meio do artigo,banner,celular,AR,3,1,1,0,0.01037
evt_001645,2026-03-18 16:26:00,demo_publisher,site A,sess_001077,page_075,tecnologia,lateral,nativo,computador,AR,2,1,0,0,0.00723
evt_001646,2026-03-21 14:38:00,demo_publisher,site C,sess_001115,page_097,estilo de vida,lateral,vídeo,celular,US,5,4,3,0,0.01475
evt_001647,2026-04-09 19:36:00,demo_publisher,site B,sess_000063,page_063,tecnologia,meio do artigo,banner,celular,BR,1,1,0,0,0.00301
evt_001648,2026-04-28 14:27:00,demo_publisher,site B,sess_001097,page_026,notícias,meio do artigo,banner,celular,BR,3,3,1,0,0.00738
evt_001649,2026-04-20 04:11:00,demo_publisher,site C,sess_001446,page_054,finanças,meio do artigo,banner,celular,BR,2,2,1,0,0.00593
evt_001650,2026-03-12 09:15:00,demo_publisher,site B,sess_000735,page_065,tecnologia,rodapé fixo,banner,computador,BR,5,4,4,0,0.01956
evt_001651,2026-03-02 02:09:00,demo_publisher,site C,sess_001090,page_007,esportes,rodapé fixo,banner,celular,BR,1,1,1,0,0.00299
evt_001652,2026-03-04 02:45:00,demo_publisher,site A,sess_000572,page_118,notícias,meio do artigo,nativo,celular,AR,4,4,1,1,0.00912
evt_001653,2026-04-05 17:49:00,demo_publisher,site A,sess_000542,page_127,esportes,topo da página,mídia rica,computador,BR,5,4,1,0,0.04081
evt_001654,2026-03-10 09:00:00,demo_publisher,site B,sess_000259,page_059,esportes,lateral,nativo,celular,BR,5,3,1,0,0.0137
evt_001655,2026-03-14 21:02:00,demo_publisher,site A,sess_000656,page_069,notícias,rodapé fixo,nativo,computador,MX,4,4,2,0,0.02138
evt_001656,2026-04-20 20:14:00,demo_publisher,site B,sess_001606,page_117,entretenimento,topo da página,vídeo,computador,BR,4,4,4,0,0.02724
evt_001657,2026-04-22 10:23:00,demo_publisher,site B,sess_001871,page_064,finanças,meio do artigo,banner,celular,BR,1,1,1,0,0.00464
evt_001658,2026-04-20 08:12:00,demo_publisher,site A,sess_001271,page_096,estilo de vida,meio do artigo,banner,computador,BR,4,2,2,0,0.0127
evt_001659,2026-03-16 05:16:00,demo_publisher,site A,sess_001249,page_072,notícias,rodapé fixo,banner,computador,BR,5,4,3,0,0.01561
evt_001660,2026-04-07 04:20:00,demo_publisher,site C,sess_001228,page_038,estilo de vida,topo da página,banner,computador,BR,2,1,1,0,0.0042
evt_001661,2026-04-06 15:30:00,demo_publisher,site B,sess_000952,page_111,estilo de vida,rodapé fixo,mídia rica,celular,BR,2,0,0,0,0.00483
evt_001662,2026-03-12 02:45:00,demo_publisher,site B,sess_000846,page_027,entretenimento,lateral,nativo,computador,BR,2,2,1,0,0.01142
evt_001663,2026-04-03 05:05:00,demo_publisher,site B,sess_001242,page_032,finanças,rodapé fixo,banner,computador,BR,3,3,2,0,0.01436
evt_001664,2026-04-01 12:22:00,demo_publisher,site A,sess_001569,page_097,tecnologia,intersticial,banner,computador,BR,1,0,0,0,0.0
evt_001665,2026-03-24 18:28:00,demo_publisher,site B,sess_000828,page_099,esportes,meio do artigo,banner,computador,BR,6,6,3,0,0.021
evt_001666,2026-04-15 02:23:00,demo_publisher,site C,sess_001132,page_133,estilo de vida,lateral,mídia rica,computador,BR,4,4,4,0,0.04379
evt_001667,2026-04-10 15:46:00,demo_publisher,site C,sess_000940,page_099,entretenimento,lateral,banner,celular,US,5,3,1,0,0.0104
evt_001668,2026-04-01 23:01:00,demo_publisher,site A,sess_000571,page_004,estilo de vida,rodapé fixo,vídeo,celular,BR,6,4,4,0,0.01144
evt_001669,2026-04-13 13:06:00,demo_publisher,site A,sess_000581,page_119,tecnologia,meio do artigo,banner,celular,BR,4,3,1,0,0.01027
evt_001670,2026-04-15 18:52:00,demo_publisher,site A,sess_000158,page_058,entretenimento,topo da página,banner,celular,CL,5,4,3,0,0.01357
evt_001671,2026-04-04 00:23:00,demo_publisher,site A,sess_000880,page_002,entretenimento,intersticial,banner,computador,BR,4,3,3,0,0.02149
evt_001672,2026-03-17 01:27:00,demo_publisher,site A,sess_001425,page_081,notícias,topo da página,mídia rica,computador,US,5,3,1,0,0.01682
evt_001673,2026-04-15 12:07:00,demo_publisher,site B,sess_001371,page_024,notícias,intersticial,banner,celular,BR,1,0,0,0,0.0
evt_001674,2026-04-13 01:21:00,demo_publisher,site A,sess_001971,page_058,estilo de vida,topo da página,vídeo,computador,BR,5,3,3,0,0.01425
evt_001675,2026-04-29 00:07:00,demo_publisher,site B,sess_000080,page_066,entretenimento,meio do artigo,banner,celular,BR,3,2,1,0,0.00796
evt_001676,2026-03-09 23:41:00,demo_publisher,site C,sess_001521,page_011,finanças,intersticial,nativo,computador,US,3,1,0,0,0.01192
evt_001677,2026-03-26 03:45:00,demo_publisher,site A,sess_001590,page_119,esportes,lateral,nativo,celular,BR,2,1,1,0,0.00709
evt_001678,2026-04-25 10:53:00,demo_publisher,site A,sess_000873,page_071,finanças,lateral,nativo,computador,MX,3,2,1,0,0.00378
evt_001679,2026-03-31 20:59:00,demo_publisher,site A,sess_000566,page_135,notícias,meio do artigo,banner,celular,BR,3,3,2,0,0.01048
evt_001680,2026-04-26 13:22:00,demo_publisher,site C,sess_000714,page_065,notícias,meio do artigo,banner,tablet,BR,3,3,3,0,0.00599
evt_001681,2026-03-01 17:57:00,demo_publisher,site B,sess_001365,page_083,notícias,topo da página,mídia rica,computador,BR,6,5,3,0,0.03918
evt_001682,2026-03-03 02:38:00,demo_publisher,site A,sess_001724,page_113,notícias,lateral,nativo,computador,BR,4,4,1,1,0.02398
evt_001683,2026-04-17 18:16:00,demo_publisher,site A,sess_001285,page_030,tecnologia,meio do artigo,banner,computador,BR,5,5,4,0,0.05005
evt_001684,2026-03-22 12:08:00,demo_publisher,site C,sess_001028,page_127,esportes,topo da página,banner,computador,BR,6,6,5,1,0.02262
evt_001685,2026-04-01 05:07:00,demo_publisher,site B,sess_001305,page_026,notícias,meio do artigo,banner,celular,BR,4,4,3,0,0.01554
evt_001686,2026-03-26 16:20:00,demo_publisher,site A,sess_000142,page_139,finanças,intersticial,nativo,tablet,AR,3,2,1,0,0.01389
evt_001687,2026-03-25 11:27:00,demo_publisher,site A,sess_001216,page_089,esportes,rodapé fixo,banner,celular,BR,5,3,0,0,0.0134
evt_001688,2026-04-26 08:50:00,demo_publisher,site C,sess_000085,page_073,esportes,meio do artigo,banner,celular,MX,1,1,0,0,0.0
evt_001689,2026-03-06 15:27:00,demo_publisher,site C,sess_001918,page_030,esportes,intersticial,banner,celular,BR,5,3,1,0,0.00615
evt_001690,2026-04-16 07:59:00,demo_publisher,site A,sess_001778,page_080,notícias,meio do artigo,nativo,computador,US,1,1,1,0,0.00328
evt_001691,2026-04-23 09:06:00,demo_publisher,site B,sess_001017,page_077,estilo de vida,meio do artigo,mídia rica,tablet,BR,3,2,1,0,0.01583
evt_001692,2026-04-09 10:40:00,demo_publisher,site A,sess_000748,page_137,notícias,meio do artigo,vídeo,celular,US,2,1,1,0,0.00621
evt_001693,2026-03-24 16:48:00,demo_publisher,site B,sess_001464,page_117,notícias,rodapé fixo,nativo,computador,BR,6,4,4,0,0.01652
evt_001694,2026-03-10 14:25:00,demo_publisher,site C,sess_001275,page_068,notícias,topo da página,vídeo,tablet,BR,4,3,2,0,0.02586
evt_001695,2026-04-10 22:55:00,demo_publisher,site A,sess_001411,page_055,esportes,topo da página,banner,celular,BR,4,4,2,0,0.01696
evt_001696,2026-03-29 03:04:00,demo_publisher,site A,sess_001031,page_054,notícias,intersticial,nativo,computador,BR,4,3,1,0,0.01315
evt_001697,2026-03-09 23:05:00,demo_publisher,site B,sess_000473,page_053,esportes,lateral,banner,celular,BR,5,3,1,0,0.01232
evt_001698,2026-03-22 13:53:00,demo_publisher,site A,sess_000147,page_002,esportes,rodapé fixo,banner,computador,BR,1,1,1,0,0.00634
evt_001699,2026-04-27 16:37:00,demo_publisher,site A,sess_000567,page_006,notícias,rodapé fixo,nativo,computador,BR,1,1,1,0,0.01269
evt_001700,2026-03-16 22:09:00,demo_publisher,site A,sess_001058,page_105,entretenimento,lateral,banner,computador,US,6,5,2,0,0.02896
evt_001701,2026-03-11 16:57:00,demo_publisher,site A,sess_000848,page_036,esportes,topo da página,nativo,celular,BR,4,4,3,0,0.02568
evt_001702,2026-04-10 22:02:00,demo_publisher,site A,sess_001013,page_058,notícias,rodapé fixo,nativo,computador,BR,5,2,2,0,0.01902
evt_001703,2026-03-12 23:20:00,demo_publisher,site C,sess_000556,page_098,finanças,topo da página,banner,computador,BR,3,2,0,0,0.01134
evt_001704,2026-04-25 04:40:00,demo_publisher,site C,sess_001875,page_085,notícias,topo da página,banner,computador,MX,6,6,3,0,0.03416
evt_001705,2026-04-21 12:56:00,demo_publisher,site B,sess_000734,page_051,tecnologia,intersticial,nativo,computador,BR,1,1,0,0,0.01679
evt_001706,2026-04-29 00:17:00,demo_publisher,site A,sess_001692,page_105,notícias,topo da página,vídeo,celular,BR,3,2,0,0,0.01931
evt_001707,2026-04-24 18:07:00,demo_publisher,site A,sess_000782,page_023,finanças,topo da página,vídeo,celular,BR,4,3,1,0,0.02235
evt_001708,2026-03-15 15:01:00,demo_publisher,site B,sess_000887,page_066,entretenimento,meio do artigo,banner,computador,BR,3,2,2,0,0.00369
evt_001709,2026-03-13 17:29:00,demo_publisher,site B,sess_001208,page_015,notícias,rodapé fixo,vídeo,computador,BR,6,6,4,0,0.08242
evt_001710,2026-03-21 13:24:00,demo_publisher,site A,sess_000527,page_074,notícias,intersticial,banner,computador,BR,1,0,0,0,0.00162
evt_001711,2026-03-29 04:30:00,demo_publisher,site C,sess_000440,page_014,estilo de vida,topo da página,banner,celular,BR,5,4,3,0,0.01475
evt_001712,2026-04-22 19:11:00,demo_publisher,site B,sess_000759,page_131,entretenimento,meio do artigo,nativo,celular,AR,6,6,4,0,0.02213
evt_001713,2026-04-14 00:13:00,demo_publisher,site A,sess_001608,page_092,esportes,lateral,banner,computador,BR,1,1,0,0,0.00867
evt_001714,2026-04-08 15:59:00,demo_publisher,site C,sess_000290,page_035,estilo de vida,lateral,banner,computador,BR,4,2,1,0,0.01026
evt_001715,2026-04-22 16:50:00,demo_publisher,site B,sess_000875,page_086,notícias,topo da página,banner,computador,CL,1,1,1,0,0.00233
evt_001716,2026-04-08 18:04:00,demo_publisher,site C,sess_001344,page_049,estilo de vida,meio do artigo,vídeo,celular,CL,4,4,3,0,0.03126
evt_001717,2026-03-23 17:50:00,demo_publisher,site C,sess_001412,page_073,esportes,lateral,mídia rica,computador,BR,3,2,0,0,0.0129
evt_001718,2026-03-25 18:43:00,demo_publisher,site A,sess_000869,page_024,estilo de vida,topo da página,mídia rica,celular,BR,5,3,2,0,0.01754
evt_001719,2026-04-01 00:30:00,demo_publisher,site B,sess_000163,page_070,notícias,rodapé fixo,banner,celular,BR,2,2,2,0,0.01183
evt_001720,2026-03-06 07:49:00,demo_publisher,site A,sess_000032,page_015,finanças,topo da página,banner,computador,BR,3,3,2,0,0.02585
evt_001721,2026-04-14 12:04:00,demo_publisher,site A,sess_000940,page_022,esportes,rodapé fixo,vídeo,computador,US,1,1,1,0,0.00556
evt_001722,2026-04-09 03:59:00,demo_publisher,site A,sess_001620,page_082,estilo de vida,lateral,banner,tablet,BR,5,5,4,0,0.02355
evt_001723,2026-04-13 20:50:00,demo_publisher,site B,sess_000057,page_070,tecnologia,lateral,banner,computador,US,1,0,0,0,0.00137
evt_001724,2026-04-02 00:52:00,demo_publisher,site C,sess_001775,page_041,tecnologia,rodapé fixo,banner,celular,US,5,5,4,0,0.0148
evt_001725,2026-04-16 23:27:00,demo_publisher,site A,sess_001352,page_009,entretenimento,topo da página,nativo,celular,BR,3,3,1,0,0.02134
evt_001726,2026-04-26 23:38:00,demo_publisher,site B,sess_000017,page_059,finanças,topo da página,nativo,computador,BR,6,6,6,0,0.05552
evt_001727,2026-04-04 04:42:00,demo_publisher,site C,sess_000688,page_129,estilo de vida,meio do artigo,banner,celular,BR,1,1,1,0,0.00439
evt_001728,2026-03-27 15:54:00,demo_publisher,site B,sess_000441,page_099,notícias,rodapé fixo,banner,computador,AR,4,3,3,0,0.0201
evt_001729,2026-03-07 06:38:00,demo_publisher,site A,sess_001898,page_009,entretenimento,rodapé fixo,vídeo,computador,BR,2,1,0,0,0.00151
evt_001730,2026-04-16 17:17:00,demo_publisher,site B,sess_001110,page_131,estilo de vida,meio do artigo,nativo,celular,US,1,1,1,0,0.00512
evt_001731,2026-04-24 05:43:00,demo_publisher,site A,sess_000648,page_059,finanças,rodapé fixo,banner,tablet,BR,6,6,4,0,0.04147
evt_001732,2026-04-11 23:15:00,demo_publisher,site B,sess_000556,page_081,finanças,topo da página,banner,computador,BR,6,5,4,0,0.02528
evt_001733,2026-04-21 22:25:00,demo_publisher,site B,sess_001128,page_001,tecnologia,topo da página,mídia rica,celular,BR,6,4,2,0,0.04416
evt_001734,2026-04-21 16:07:00,demo_publisher,site A,sess_000011,page_044,tecnologia,topo da página,nativo,computador,BR,2,1,1,0,0.00414
evt_001735,2026-04-17 21:15:00,demo_publisher,site A,sess_000515,page_110,tecnologia,rodapé fixo,nativo,celular,BR,5,2,2,0,0.00869
evt_001736,2026-03-31 04:08:00,demo_publisher,site A,sess_000331,page_046,finanças,meio do artigo,nativo,computador,BR,3,3,2,1,0.04045
evt_001737,2026-03-06 23:48:00,demo_publisher,site C,sess_001240,page_024,esportes,meio do artigo,mídia rica,celular,BR,2,1,0,0,0.00782
evt_001738,2026-03-01 04:40:00,demo_publisher,site A,sess_001338,page_013,entretenimento,rodapé fixo,banner,tablet,US,3,2,2,0,0.0069
evt_001739,2026-03-13 06:19:00,demo_publisher,site C,sess_000934,page_129,estilo de vida,topo da página,banner,celular,BR,2,2,2,0,0.0048
evt_001740,2026-03-26 20:40:00,demo_publisher,site C,sess_000280,page_113,estilo de vida,topo da página,banner,computador,BR,4,3,2,0,0.00942
evt_001741,2026-04-14 14:47:00,demo_publisher,site B,sess_000741,page_007,estilo de vida,topo da página,vídeo,tablet,BR,4,3,0,0,0.02243
evt_001742,2026-03-28 08:21:00,demo_publisher,site C,sess_001685,page_129,estilo de vida,topo da página,banner,computador,BR,2,1,0,0,0.00061
evt_001743,2026-03-02 09:19:00,demo_publisher,site B,sess_000408,page_115,tecnologia,meio do artigo,banner,celular,BR,5,5,1,0,0.02374
evt_001744,2026-03-13 14:53:00,demo_publisher,site A,sess_000327,page_051,estilo de vida,meio do artigo,banner,celular,BR,4,4,3,0,0.01165
evt_001745,2026-04-28 18:05:00,demo_publisher,site A,sess_000223,page_092,entretenimento,rodapé fixo,nativo,celular,BR,4,3,2,0,0.00827
evt_001746,2026-04-29 06:45:00,demo_publisher,site C,sess_001633,page_036,tecnologia,rodapé fixo,nativo,computador,US,1,1,0,0,0.00353
evt_001747,2026-03-23 15:05:00,demo_publisher,site C,sess_000240,page_035,finanças,rodapé fixo,banner,celular,BR,5,5,4,0,0.01759
evt_001748,2026-04-18 07:10:00,demo_publisher,site C,sess_001163,page_100,notícias,topo da página,banner,celular,BR,3,2,2,0,0.00526
evt_001749,2026-04-13 03:48:00,demo_publisher,site A,sess_001998,page_029,estilo de vida,meio do artigo,vídeo,celular,BR,3,3,3,0,0.01832
evt_001750,2026-04-25 21:01:00,demo_publisher,site A,sess_001283,page_050,estilo de vida,topo da página,banner,tablet,MX,1,1,0,0,0.00136
evt_001751,2026-04-23 06:06:00,demo_publisher,site A,sess_000825,page_050,finanças,topo da página,vídeo,computador,BR,6,6,3,0,0.0698
evt_001752,2026-04-07 17:23:00,demo_publisher,site C,sess_000414,page_021,entretenimento,lateral,banner,computador,US,4,4,3,0,0.02373
evt_001753,2026-03-24 16:16:00,demo_publisher,site A,sess_000004,page_116,notícias,meio do artigo,mídia rica,celular,MX,5,4,2,0,0.02624
evt_001754,2026-04-07 14:23:00,demo_publisher,site B,sess_000311,page_094,esportes,lateral,banner,computador,BR,4,2,1,0,0.00807
evt_001755,2026-03-20 03:33:00,demo_publisher,site C,sess_001905,page_120,tecnologia,rodapé fixo,nativo,celular,BR,1,0,0,0,0.00098
evt_001756,2026-03-21 21:15:00,demo_publisher,site C,sess_000288,page_073,entretenimento,topo da página,banner,computador,BR,5,5,3,0,0.01954
evt_001757,2026-04-06 12:35:00,demo_publisher,site A,sess_000040,page_025,finanças,rodapé fixo,banner,celular,US,3,2,2,0,0.01279
evt_001758,2026-04-04 06:48:00,demo_publisher,site A,sess_001632,page_039,notícias,topo da página,vídeo,celular,BR,4,4,2,0,0.01142
evt_001759,2026-04-04 20:37:00,demo_publisher,site B,sess_000837,page_050,finanças,intersticial,nativo,celular,BR,4,4,3,0,0.01642
evt_001760,2026-03-24 01:55:00,demo_publisher,site A,sess_000714,page_131,finanças,lateral,vídeo,celular,AR,5,3,2,0,0.01485
evt_001761,2026-03-25 13:09:00,demo_publisher,site A,sess_001435,page_034,finanças,topo da página,nativo,computador,BR,2,0,0,0,0.0
evt_001762,2026-03-01 14:40:00,demo_publisher,site A,sess_001046,page_097,esportes,meio do artigo,nativo,computador,BR,6,5,3,0,0.03627
evt_001763,2026-04-06 02:33:00,demo_publisher,site A,sess_001829,page_018,esportes,topo da página,vídeo,celular,BR,3,2,2,0,0.00726
evt_001764,2026-04-04 13:07:00,demo_publisher,site A,sess_000935,page_133,estilo de vida,rodapé fixo,banner,tablet,BR,5,4,2,0,0.00892
evt_001765,2026-04-26 02:56:00,demo_publisher,site A,sess_001426,page_090,estilo de vida,topo da página,mídia rica,celular,BR,4,3,2,0,0.00932
evt_001766,2026-03-31 06:09:00,demo_publisher,site C,sess_001757,page_060,estilo de vida,rodapé fixo,banner,celular,BR,4,3,2,0,0.01398
evt_001767,2026-03-29 01:24:00,demo_publisher,site B,sess_000927,page_049,esportes,meio do artigo,banner,computador,MX,4,3,2,0,0.01278
evt_001768,2026-03-05 01:27:00,demo_publisher,site C,sess_000569,page_050,esportes,intersticial,vídeo,celular,BR,4,2,1,0,0.01206
evt_001769,2026-03-12 19:18:00,demo_publisher,site B,sess_001948,page_032,esportes,topo da página,banner,celular,BR,6,4,4,0,0.01244
evt_001770,2026-03-21 06:46:00,demo_publisher,site B,sess_000454,page_084,entretenimento,lateral,banner,computador,BR,2,0,0,0,0.00255
evt_001771,2026-03-23 15:10:00,demo_publisher,site B,sess_000079,page_121,esportes,rodapé fixo,banner,computador,BR,2,2,2,0,0.02517
evt_001772,2026-03-22 18:16:00,demo_publisher,site B,sess_001156,page_034,estilo de vida,topo da página,nativo,celular,BR,6,3,3,0,0.01368
evt_001773,2026-03-24 15:30:00,demo_publisher,site A,sess_001973,page_105,finanças,topo da página,nativo,celular,BR,6,4,3,0,0.03821
evt_001774,2026-04-16 03:14:00,demo_publisher,site B,sess_000173,page_079,entretenimento,meio do artigo,banner,computador,BR,3,2,2,0,0.00331
evt_001775,2026-03-08 20:47:00,demo_publisher,site B,sess_001698,page_108,esportes,lateral,banner,celular,MX,2,2,1,0,0.01208
evt_001776,2026-03-20 22:27:00,demo_publisher,site B,sess_001661,page_107,finanças,rodapé fixo,banner,computador,BR,5,3,2,0,0.02341
evt_001777,2026-03-10 18:32:00,demo_publisher,site B,sess_001857,page_006,tecnologia,topo da página,banner,celular,BR,6,5,2,0,0.02437
evt_001778,2026-03-19 11:13:00,demo_publisher,site C,sess_000843,page_003,notícias,rodapé fixo,banner,celular,BR,6,5,4,0,0.02646
evt_001779,2026-04-11 01:46:00,demo_publisher,site A,sess_000510,page_128,estilo de vida,rodapé fixo,banner,celular,BR,2,2,2,0,0.00903
evt_001780,2026-03-03 19:20:00,demo_publisher,site A,sess_001024,page_022,esportes,rodapé fixo,vídeo,celular,BR,2,2,1,0,0.01554
evt_001781,2026-03-21 08:50:00,demo_publisher,site A,sess_000285,page_080,entretenimento,topo da página,vídeo,celular,BR,4,4,3,0,0.02019
evt_001782,2026-03-02 10:06:00,demo_publisher,site C,sess_001685,page_105,tecnologia,topo da página,banner,celular,BR,2,2,2,0,0.01026
evt_001783,2026-04-27 07:03:00,demo_publisher,site C,sess_001326,page_071,notícias,intersticial,banner,celular,BR,6,4,4,0,0.031
evt_001784,2026-04-13 15:15:00,demo_publisher,site C,sess_000967,page_001,tecnologia,lateral,banner,celular,BR,3,3,2,0,0.00707
evt_001785,2026-03-15 14:46:00,demo_publisher,site B,sess_001032,page_002,tecnologia,lateral,banner,celular,BR,2,2,1,0,0.00567
evt_001786,2026-03-12 21:24:00,demo_publisher,site C,sess_001424,page_094,estilo de vida,rodapé fixo,banner,celular,US,6,5,5,0,0.02962
evt_001787,2026-03-06 22:27:00,demo_publisher,site B,sess_001046,page_125,esportes,topo da página,mídia rica,computador,US,6,6,4,0,0.03386
evt_001788,2026-03-29 08:56:00,demo_publisher,site A,sess_001679,page_048,notícias,rodapé fixo,vídeo,celular,BR,6,4,4,0,0.04352
evt_001789,2026-04-15 05:02:00,demo_publisher,site A,sess_001849,page_076,estilo de vida,lateral,nativo,computador,US,4,3,2,0,0.01476
evt_001790,2026-04-05 01:15:00,demo_publisher,site C,sess_001899,page_130,finanças,rodapé fixo,banner,celular,BR,5,2,1,0,0.01035
evt_001791,2026-04-22 20:41:00,demo_publisher,site C,sess_001240,page_115,tecnologia,rodapé fixo,nativo,computador,BR,3,2,2,0,0.01587
evt_001792,2026-03-21 15:05:00,demo_publisher,site A,sess_001485,page_076,esportes,meio do artigo,mídia rica,computador,US,1,0,0,0,0.00291
evt_001793,2026-03-17 16:28:00,demo_publisher,site A,sess_000622,page_092,estilo de vida,topo da página,banner,computador,BR,4,4,4,0,0.01221
evt_001794,2026-03-29 16:23:00,demo_publisher,site C,sess_000077,page_134,esportes,rodapé fixo,vídeo,celular,BR,1,1,0,0,0.01058
evt_001795,2026-03-13 03:00:00,demo_publisher,site B,sess_000800,page_111,estilo de vida,rodapé fixo,banner,tablet,BR,2,1,1,0,0.00239
evt_001796,2026-04-28 12:55:00,demo_publisher,site B,sess_001743,page_058,notícias,meio do artigo,vídeo,computador,BR,2,0,0,0,0.0
evt_001797,2026-03-12 03:30:00,demo_publisher,site A,sess_000267,page_097,esportes,intersticial,banner,computador,BR,4,2,0,0,0.01179
evt_001798,2026-03-29 17:34:00,demo_publisher,site B,sess_001091,page_046,notícias,meio do artigo,nativo,celular,BR,5,2,2,0,0.01234
evt_001799,2026-04-01 07:41:00,demo_publisher,site A,sess_000385,page_129,estilo de vida,meio do artigo,banner,celular,BR,2,1,0,0,0.00314
evt_001800,2026-03-04 10:08:00,demo_publisher,site A,sess_000859,page_014,esportes,intersticial,nativo,computador,CL,5,2,2,0,0.00352
evt_001801,2026-03-29 02:31:00,demo_publisher,site A,sess_000287,page_032,tecnologia,lateral,nativo,celular,BR,5,4,2,0,0.01796
evt_001802,2026-03-28 06:46:00,demo_publisher,site C,sess_001469,page_049,notícias,rodapé fixo,nativo,celular,BR,4,4,2,0,0.02274
evt_001803,2026-03-16 13:35:00,demo_publisher,site A,sess_001620,page_029,estilo de vida,rodapé fixo,nativo,computador,BR,4,3,3,0,0.01563
evt_001804,2026-03-08 16:16:00,demo_publisher,site B,sess_001516,page_083,estilo de vida,meio do artigo,banner,celular,BR,3,1,1,0,0.00227
evt_001805,2026-03-03 17:02:00,demo_publisher,site B,sess_001410,page_100,notícias,topo da página,vídeo,computador,MX,1,0,0,0,0.00095
evt_001806,2026-03-01 12:21:00,demo_publisher,site A,sess_000471,page_124,notícias,rodapé fixo,banner,tablet,AR,1,0,0,0,0.00211
evt_001807,2026-03-29 21:20:00,demo_publisher,site C,sess_001061,page_070,esportes,meio do artigo,nativo,celular,BR,1,1,1,0,0.00494
evt_001808,2026-03-06 09:22:00,demo_publisher,site B,sess_000210,page_087,estilo de vida,meio do artigo,banner,celular,BR,3,2,2,0,0.00383
evt_001809,2026-04-27 13:26:00,demo_publisher,site B,sess_000749,page_084,entretenimento,meio do artigo,nativo,tablet,BR,4,3,1,0,0.02513
evt_001810,2026-03-15 16:26:00,demo_publisher,site A,sess_001012,page_001,notícias,topo da página,banner,computador,MX,1,1,1,0,0.00907
evt_001811,2026-04-09 03:37:00,demo_publisher,site C,sess_001337,page_099,tecnologia,topo da página,mídia rica,celular,BR,1,1,1,0,0.01408
evt_001812,2026-04-10 09:49:00,demo_publisher,site C,sess_000194,page_004,estilo de vida,lateral,nativo,celular,CL,5,4,2,0,0.01408
evt_001813,2026-03-30 17:31:00,demo_publisher,site B,sess_001625,page_077,estilo de vida,rodapé fixo,banner,celular,US,4,3,2,0,0.0063
evt_001814,2026-04-23 00:24:00,demo_publisher,site A,sess_000918,page_139,finanças,meio do artigo,vídeo,celular,BR,6,5,4,0,0.02964
evt_001815,2026-03-07 15:23:00,demo_publisher,site C,sess_001762,page_110,entretenimento,topo da página,banner,computador,BR,6,5,5,0,0.03119
evt_001816,2026-03-15 01:00:00,demo_publisher,site A,sess_001055,page_071,finanças,meio do artigo,banner,computador,CL,6,4,3,0,0.01433
evt_001817,2026-03-16 03:30:00,demo_publisher,site C,sess_001094,page_045,tecnologia,rodapé fixo,banner,computador,BR,1,1,0,0,0.01078
evt_001818,2026-03-09 02:59:00,demo_publisher,site A,sess_001385,page_117,esportes,topo da página,vídeo,celular,AR,3,2,0,0,0.00619
evt_001819,2026-03-18 16:28:00,demo_publisher,site B,sess_001639,page_120,tecnologia,meio do artigo,mídia rica,computador,BR,3,3,2,0,0.02368
evt_001820,2026-03-19 18:16:00,demo_publisher,site A,sess_000316,page_052,entretenimento,lateral,mídia rica,celular,CL,5,5,3,0,0.02109
evt_001821,2026-04-15 21:19:00,demo_publisher,site B,sess_001023,page_015,entretenimento,meio do artigo,banner,computador,BR,6,5,3,0,0.02152
evt_001822,2026-03-19 02:20:00,demo_publisher,site A,sess_000060,page_081,esportes,lateral,banner,celular,BR,5,5,2,0,0.01753
evt_001823,2026-04-22 14:27:00,demo_publisher,site A,sess_000949,page_089,tecnologia,rodapé fixo,vídeo,computador,BR,6,4,3,0,0.02312
evt_001824,2026-04-16 08:39:00,demo_publisher,site B,sess_001627,page_130,notícias,topo da página,banner,celular,BR,1,1,0,0,0.01291
evt_001825,2026-04-24 02:21:00,demo_publisher,site C,sess_001730,page_124,estilo de vida,topo da página,nativo,computador,BR,1,1,1,0,0.00455
evt_001826,2026-03-07 07:31:00,demo_publisher,site A,sess_000567,page_032,esportes,topo da página,mídia rica,computador,BR,3,2,0,0,0.00837
evt_001827,2026-04-29 01:46:00,demo_publisher,site A,sess_000773,page_036,estilo de vida,lateral,banner,computador,US,5,3,2,0,0.00608
evt_001828,2026-04-06 20:06:00,demo_publisher,site A,sess_001103,page_139,finanças,rodapé fixo,banner,tablet,AR,2,1,1,0,0.00857
evt_001829,2026-04-28 22:36:00,demo_publisher,site B,sess_000792,page_046,notícias,lateral,vídeo,celular,BR,2,2,2,0,0.01276
evt_001830,2026-03-22 06:58:00,demo_publisher,site A,sess_000356,page_064,esportes,intersticial,nativo,celular,MX,2,2,2,0,0.00322
evt_001831,2026-04-27 04:19:00,demo_publisher,site A,sess_000610,page_043,notícias,lateral,mídia rica,tablet,BR,5,3,2,0,0.04362
evt_001832,2026-04-05 07:35:00,demo_publisher,site B,sess_000808,page_055,finanças,meio do artigo,nativo,celular,BR,5,4,1,0,0.00696
evt_001833,2026-03-05 07:25:00,demo_publisher,site A,sess_001037,page_079,tecnologia,topo da página,banner,celular,BR,3,1,1,0,0.00183
evt_001834,2026-03-25 14:34:00,demo_publisher,site B,sess_001841,page_041,tecnologia,lateral,vídeo,celular,MX,1,0,0,0,0.0
evt_001835,2026-03-09 06:25:00,demo_publisher,site A,sess_001090,page_058,tecnologia,lateral,vídeo,computador,BR,2,2,1,0,0.01594
evt_001836,2026-04-26 11:26:00,demo_publisher,site B,sess_000774,page_050,tecnologia,meio do artigo,mídia rica,computador,AR,2,1,1,0,0.01294
evt_001837,2026-03-19 06:25:00,demo_publisher,site A,sess_001321,page_016,esportes,meio do artigo,nativo,celular,AR,3,3,3,0,0.01576
evt_001838,2026-03-14 08:12:00,demo_publisher,site B,sess_001546,page_110,finanças,meio do artigo,nativo,celular,BR,3,2,1,0,0.00858
evt_001839,2026-04-03 04:10:00,demo_publisher,site A,sess_000861,page_124,finanças,meio do artigo,banner,computador,US,2,1,0,0,0.00682
evt_001840,2026-03-26 12:13:00,demo_publisher,site B,sess_000979,page_069,notícias,lateral,banner,celular,MX,6,4,2,0,0.019
evt_001841,2026-03-06 19:38:00,demo_publisher,site A,sess_000436,page_029,estilo de vida,rodapé fixo,mídia rica,computador,BR,3,2,2,0,0.00897
evt_001842,2026-04-18 23:45:00,demo_publisher,site A,sess_001729,page_090,tecnologia,rodapé fixo,mídia rica,celular,US,2,2,2,0,0.00705
evt_001843,2026-04-20 17:56:00,demo_publisher,site B,sess_001733,page_075,estilo de vida,meio do artigo,nativo,celular,BR,3,3,2,0,0.01232
evt_001844,2026-04-14 13:51:00,demo_publisher,site B,sess_000350,page_077,tecnologia,rodapé fixo,mídia rica,computador,BR,5,4,2,0,0.06026
evt_001845,2026-04-07 00:07:00,demo_publisher,site A,sess_000692,page_083,notícias,meio do artigo,banner,computador,BR,6,5,3,0,0.02364
evt_001846,2026-03-25 03:40:00,demo_publisher,site B,sess_000544,page_100,tecnologia,meio do artigo,vídeo,celular,BR,3,3,1,0,0.02671
evt_001847,2026-04-02 13:00:00,demo_publisher,site A,sess_001845,page_006,notícias,rodapé fixo,nativo,celular,MX,4,3,2,0,0.01375
evt_001848,2026-04-01 06:14:00,demo_publisher,site A,sess_000131,page_014,entretenimento,intersticial,vídeo,celular,BR,2,1,1,0,0.00353
evt_001849,2026-03-10 22:02:00,demo_publisher,site B,sess_000415,page_014,esportes,rodapé fixo,vídeo,celular,BR,5,5,5,0,0.03135
evt_001850,2026-03-05 21:48:00,demo_publisher,site C,sess_000630,page_022,finanças,topo da página,nativo,computador,MX,5,5,3,0,0.04817
evt_001851,2026-03-16 04:41:00,demo_publisher,site B,sess_001120,page_136,finanças,meio do artigo,vídeo,computador,US,2,1,0,1,0.00863
evt_001852,2026-03-28 06:14:00,demo_publisher,site A,sess_000498,page_102,esportes,rodapé fixo,banner,celular,BR,4,3,2,0,0.02489
evt_001853,2026-03-10 14:50:00,demo_publisher,site B,sess_001073,page_093,esportes,rodapé fixo,vídeo,celular,US,6,5,3,0,0.0469
evt_001854,2026-03-07 09:36:00,demo_publisher,site B,sess_001494,page_098,notícias,meio do artigo,banner,computador,BR,2,2,2,0,0.0101
evt_001855,2026-04-21 02:47:00,demo_publisher,site A,sess_001657,page_005,estilo de vida,topo da página,banner,computador,BR,3,3,2,0,0.0161
evt_001856,2026-03-23 11:59:00,demo_publisher,site A,sess_000199,page_030,entretenimento,meio do artigo,vídeo,computador,CL,5,4,4,0,0.02357
evt_001857,2026-04-05 01:17:00,demo_publisher,site A,sess_000278,page_111,esportes,topo da página,vídeo,computador,BR,1,0,0,0,0.0
evt_001858,2026-04-01 10:36:00,demo_publisher,site B,sess_000191,page_065,finanças,meio do artigo,mídia rica,celular,BR,4,4,3,0,0.04092
evt_001859,2026-04-14 02:35:00,demo_publisher,site C,sess_001819,page_071,tecnologia,lateral,banner,tablet,AR,4,4,2,0,0.02164
evt_001860,2026-04-14 09:19:00,demo_publisher,site A,sess_001304,page_105,finanças,topo da página,banner,computador,BR,4,3,1,0,0.05672
evt_001861,2026-03-18 18:17:00,demo_publisher,site A,sess_001063,page_011,tecnologia,lateral,nativo,celular,BR,2,1,1,0,0.00771
evt_001862,2026-04-20 20:59:00,demo_publisher,site A,sess_001582,page_112,finanças,lateral,vídeo,computador,BR,5,4,3,0,0.05485
evt_001863,2026-03-23 06:36:00,demo_publisher,site A,sess_001172,page_095,finanças,meio do artigo,mídia rica,computador,US,2,1,0,0,0.00685
evt_001864,2026-04-20 02:41:00,demo_publisher,site B,sess_000471,page_057,notícias,meio do artigo,vídeo,computador,BR,4,2,1,0,0.01237
evt_001865,2026-03-25 06:59:00,demo_publisher,site B,sess_001020,page_070,notícias,rodapé fixo,nativo,computador,US,2,1,1,0,0.01253
evt_001866,2026-03-07 15:49:00,demo_publisher,site B,sess_001406,page_011,estilo de vida,meio do artigo,vídeo,computador,BR,6,5,3,1,0.01573
evt_001867,2026-04-15 14:25:00,demo_publisher,site B,sess_000073,page_029,tecnologia,rodapé fixo,banner,celular,BR,3,3,2,0,0.01613
evt_001868,2026-03-02 19:25:00,demo_publisher,site A,sess_001213,page_035,notícias,meio do artigo,mídia rica,celular,US,3,2,1,0,0.02095
evt_001869,2026-04-16 08:11:00,demo_publisher,site A,sess_000994,page_123,entretenimento,lateral,nativo,celular,BR,2,1,0,0,0.0044
evt_001870,2026-03-03 14:09:00,demo_publisher,site C,sess_000139,page_016,esportes,intersticial,banner,celular,CL,4,2,1,0,0.01137
evt_001871,2026-03-13 09:48:00,demo_publisher,site C,sess_000527,page_041,finanças,topo da página,nativo,computador,AR,5,2,1,0,0.01902
evt_001872,2026-04-06 04:50:00,demo_publisher,site A,sess_000897,page_019,entretenimento,topo da página,vídeo,computador,BR,4,3,1,0,0.01245
evt_001873,2026-04-26 11:48:00,demo_publisher,site C,sess_000686,page_040,entretenimento,rodapé fixo,banner,computador,BR,2,2,1,0,0.00871
evt_001874,2026-03-25 12:12:00,demo_publisher,site C,sess_000580,page_002,finanças,meio do artigo,banner,computador,BR,1,1,1,0,0.00364
evt_001875,2026-03-08 05:44:00,demo_publisher,site B,sess_001298,page_038,esportes,topo da página,vídeo,computador,US,1,0,0,0,0.0
evt_001876,2026-03-14 23:23:00,demo_publisher,site B,sess_000809,page_101,notícias,intersticial,mídia rica,tablet,BR,6,6,4,0,0.06065
evt_001877,2026-04-23 18:24:00,demo_publisher,site A,sess_000995,page_107,esportes,topo da página,nativo,tablet,BR,1,1,0,0,0.00454
evt_001878,2026-04-13 14:29:00,demo_publisher,site C,sess_001596,page_053,tecnologia,lateral,banner,celular,BR,2,2,2,0,0.00805
evt_001879,2026-03-07 00:34:00,demo_publisher,site A,sess_000187,page_099,esportes,rodapé fixo,nativo,celular,US,3,3,1,0,0.01632
evt_001880,2026-03-24 02:15:00,demo_publisher,site A,sess_000720,page_086,estilo de vida,rodapé fixo,banner,celular,BR,2,2,2,0,0.01335
evt_001881,2026-03-16 20:56:00,demo_publisher,site B,sess_000147,page_126,notícias,meio do artigo,banner,celular,BR,1,1,1,0,0.00817
evt_001882,2026-03-11 16:04:00,demo_publisher,site C,sess_001854,page_112,finanças,topo da página,banner,celular,AR,2,1,1,0,0.00581
evt_001883,2026-04-20 18:55:00,demo_publisher,site C,sess_000372,page_032,esportes,rodapé fixo,nativo,computador,CL,1,1,0,0,0.00721
evt_001884,2026-04-07 01:30:00,demo_publisher,site C,sess_001639,page_082,finanças,rodapé fixo,banner,tablet,BR,4,2,1,0,0.01178
evt_001885,2026-03-11 18:28:00,demo_publisher,site A,sess_000382,page_110,estilo de vida,topo da página,banner,celular,BR,2,2,1,0,0.00412
evt_001886,2026-04-09 01:00:00,demo_publisher,site B,sess_000648,page_043,entretenimento,meio do artigo,banner,computador,BR,2,2,2,0,0.0114
evt_001887,2026-03-25 19:32:00,demo_publisher,site C,sess_001216,page_080,entretenimento,meio do artigo,nativo,celular,MX,6,6,4,0,0.01938
evt_001888,2026-03-04 16:31:00,demo_publisher,site C,sess_001662,page_056,estilo de vida,topo da página,banner,celular,MX,6,6,4,0,0.0261
evt_001889,2026-03-27 23:47:00,demo_publisher,site B,sess_000356,page_043,notícias,rodapé fixo,banner,tablet,BR,1,1,1,0,0.00201
evt_001890,2026-03-12 02:44:00,demo_publisher,site B,sess_000427,page_028,entretenimento,rodapé fixo,nativo,computador,US,6,5,5,0,0.02016
evt_001891,2026-03-15 17:10:00,demo_publisher,site C,sess_001763,page_005,entretenimento,meio do artigo,vídeo,celular,BR,1,1,0,0,0.00629
evt_001892,2026-04-22 17:45:00,demo_publisher,site B,sess_000644,page_105,entretenimento,rodapé fixo,vídeo,computador,BR,4,2,2,0,0.00868
evt_001893,2026-04-12 14:45:00,demo_publisher,site A,sess_000420,page_114,finanças,rodapé fixo,nativo,computador,BR,4,3,3,0,0.0126
evt_001894,2026-03-09 01:05:00,demo_publisher,site B,sess_001487,page_091,notícias,lateral,vídeo,computador,MX,4,1,1,0,0.00761
evt_001895,2026-04-21 01:55:00,demo_publisher,site C,sess_000183,page_034,tecnologia,intersticial,vídeo,computador,BR,3,1,0,0,0.00795
evt_001896,2026-04-04 11:00:00,demo_publisher,site A,sess_001734,page_003,esportes,meio do artigo,nativo,computador,MX,5,4,3,0,0.02558
evt_001897,2026-04-22 11:23:00,demo_publisher,site A,sess_001751,page_088,esportes,rodapé fixo,nativo,celular,BR,1,1,1,1,0.00497
evt_001898,2026-04-14 19:47:00,demo_publisher,site C,sess_001713,page_028,esportes,topo da página,banner,celular,BR,3,1,1,0,0.00638
evt_001899,2026-03-21 08:37:00,demo_publisher,site B,sess_000591,page_077,estilo de vida,meio do artigo,banner,celular,BR,6,5,5,0,0.04012
evt_001900,2026-04-02 02:12:00,demo_publisher,site A,sess_000229,page_135,esportes,meio do artigo,banner,computador,BR,4,3,1,0,0.02187
evt_001901,2026-04-01 20:25:00,demo_publisher,site B,sess_000851,page_001,estilo de vida,topo da página,banner,celular,BR,5,5,2,1,0.01103
evt_001902,2026-04-13 04:42:00,demo_publisher,site B,sess_000669,page_081,estilo de vida,lateral,mídia rica,celular,BR,1,1,0,0,0.00243
evt_001903,2026-03-15 21:42:00,demo_publisher,site B,sess_001918,page_139,finanças,meio do artigo,banner,celular,US,3,2,1,0,0.01327
evt_001904,2026-03-20 23:38:00,demo_publisher,site A,sess_001263,page_047,notícias,meio do artigo,nativo,celular,MX,1,1,1,0,0.00637
evt_001905,2026-03-15 16:30:00,demo_publisher,site C,sess_001888,page_114,entretenimento,lateral,mídia rica,computador,US,4,4,3,0,0.02041
evt_001906,2026-03-18 18:26:00,demo_publisher,site A,sess_001502,page_116,finanças,topo da página,nativo,computador,AR,3,2,1,0,0.02462
evt_001907,2026-03-10 16:12:00,demo_publisher,site B,sess_001430,page_068,finanças,topo da página,banner,tablet,BR,5,3,1,0,0.01523
evt_001908,2026-03-03 04:37:00,demo_publisher,site B,sess_000224,page_043,finanças,topo da página,mídia rica,computador,BR,5,3,1,0,0.0379
evt_001909,2026-04-26 09:37:00,demo_publisher,site A,sess_000138,page_095,esportes,intersticial,banner,computador,BR,1,1,0,0,0.00328
evt_001910,2026-03-05 11:00:00,demo_publisher,site A,sess_000093,page_087,estilo de vida,rodapé fixo,banner,computador,BR,3,3,2,0,0.01406
evt_001911,2026-04-23 06:42:00,demo_publisher,site A,sess_001187,page_067,notícias,meio do artigo,banner,celular,BR,6,5,4,0,0.0108
evt_001912,2026-03-01 04:25:00,demo_publisher,site A,sess_000404,page_027,entretenimento,lateral,banner,celular,BR,1,1,0,0,0.00762
evt_001913,2026-04-16 15:23:00,demo_publisher,site C,sess_001978,page_104,notícias,lateral,vídeo,celular,BR,1,1,1,0,0.00212
evt_001914,2026-03-20 16:54:00,demo_publisher,site C,sess_000266,page_030,entretenimento,topo da página,banner,celular,BR,6,4,3,0,0.00988
evt_001915,2026-04-01 01:25:00,demo_publisher,site C,sess_001893,page_019,estilo de vida,topo da página,vídeo,computador,US,3,2,1,0,0.01109
evt_001916,2026-03-17 22:23:00,demo_publisher,site C,sess_001335,page_010,notícias,meio do artigo,banner,computador,BR,4,4,3,0,0.02463
evt_001917,2026-03-30 10:28:00,demo_publisher,site A,sess_000212,page_063,estilo de vida,topo da página,mídia rica,tablet,BR,2,2,2,0,0.00835
evt_001918,2026-03-28 02:14:00,demo_publisher,site B,sess_000117,page_017,esportes,rodapé fixo,banner,celular,AR,3,1,1,0,0.00056
evt_001919,2026-04-01 18:50:00,demo_publisher,site B,sess_000792,page_047,entretenimento,topo da página,mídia rica,celular,US,4,4,2,0,0.01421
evt_001920,2026-03-24 14:19:00,demo_publisher,site A,sess_000678,page_034,tecnologia,meio do artigo,banner,celular,US,2,2,2,0,0.01326
evt_001921,2026-04-02 04:39:00,demo_publisher,site B,sess_000631,page_064,finanças,meio do artigo,vídeo,computador,BR,6,5,3,0,0.02595
evt_001922,2026-04-19 12:39:00,demo_publisher,site A,sess_001057,page_109,finanças,rodapé fixo,vídeo,tablet,BR,6,5,4,0,0.05699
evt_001923,2026-03-27 01:46:00,demo_publisher,site C,sess_000260,page_063,entretenimento,intersticial,nativo,computador,US,4,3,2,0,0.01328
evt_001924,2026-03-22 16:22:00,demo_publisher,site C,sess_000259,page_078,estilo de vida,meio do artigo,banner,celular,BR,2,1,1,0,0.00388
evt_001925,2026-03-08 21:43:00,demo_publisher,site C,sess_001389,page_020,finanças,topo da página,nativo,computador,BR,2,2,1,0,0.01685
evt_001926,2026-03-22 13:59:00,demo_publisher,site A,sess_001980,page_016,esportes,lateral,nativo,celular,BR,1,1,1,0,0.00757
evt_001927,2026-03-08 12:57:00,demo_publisher,site A,sess_000548,page_136,esportes,topo da página,nativo,celular,BR,5,5,3,0,0.02389
evt_001928,2026-03-11 22:48:00,demo_publisher,site A,sess_001863,page_087,tecnologia,topo da página,nativo,computador,BR,6,5,2,0,0.02087
evt_001929,2026-04-27 03:14:00,demo_publisher,site C,sess_000690,page_003,estilo de vida,lateral,mídia rica,tablet,BR,6,5,4,0,0.03045
evt_001930,2026-03-06 08:45:00,demo_publisher,site B,sess_000672,page_079,tecnologia,topo da página,mídia rica,computador,BR,6,5,3,0,0.04849
evt_001931,2026-03-29 22:07:00,demo_publisher,site B,sess_000181,page_002,estilo de vida,topo da página,nativo,celular,BR,1,1,1,0,0.00543
evt_001932,2026-04-20 01:23:00,demo_publisher,site A,sess_000847,page_011,estilo de vida,meio do artigo,banner,computador,BR,5,5,3,0,0.01734
evt_001933,2026-04-27 04:36:00,demo_publisher,site B,sess_000996,page_052,finanças,meio do artigo,banner,celular,BR,2,1,0,0,0.00422
evt_001934,2026-03-09 19:16:00,demo_publisher,site B,sess_001327,page_092,tecnologia,rodapé fixo,vídeo,celular,BR,2,2,1,0,0.02111
evt_001935,2026-03-10 19:33:00,demo_publisher,site C,sess_000317,page_087,finanças,topo da página,mídia rica,celular,US,4,3,1,0,0.01979
evt_001936,2026-03-23 08:32:00,demo_publisher,site B,sess_000378,page_110,tecnologia,meio do artigo,banner,celular,BR,5,2,0,0,0.00433
evt_001937,2026-04-03 06:21:00,demo_publisher,site A,sess_000864,page_025,esportes,lateral,banner,celular,BR,5,5,5,0,0.01295
evt_001938,2026-04-27 14:07:00,demo_publisher,site B,sess_000140,page_027,estilo de vida,rodapé fixo,banner,tablet,BR,3,3,2,0,0.00872
evt_001939,2026-03-13 11:06:00,demo_publisher,site B,sess_000287,page_075,entretenimento,meio do artigo,banner,celular,BR,1,1,0,0,0.00354
evt_001940,2026-03-10 20:43:00,demo_publisher,site B,sess_001258,page_121,tecnologia,lateral,mídia rica,computador,BR,1,0,0,0,0.0
evt_001941,2026-03-16 04:35:00,demo_publisher,site B,sess_001907,page_101,esportes,lateral,nativo,celular,BR,1,1,0,0,0.00622
evt_001942,2026-04-22 11:01:00,demo_publisher,site C,sess_001146,page_094,tecnologia,meio do artigo,banner,computador,BR,5,4,3,0,0.01599
evt_001943,2026-03-02 19:16:00,demo_publisher,site B,sess_000290,page_014,notícias,topo da página,banner,computador,AR,4,4,3,0,0.01482
evt_001944,2026-03-23 19:23:00,demo_publisher,site A,sess_001981,page_123,notícias,lateral,banner,celular,BR,3,3,2,0,0.00541
evt_001945,2026-03-08 03:17:00,demo_publisher,site C,sess_001044,page_137,tecnologia,topo da página,nativo,celular,BR,5,4,2,0,0.01717
evt_001946,2026-03-10 10:11:00,demo_publisher,site C,sess_001433,page_081,tecnologia,meio do artigo,nativo,celular,US,3,2,1,0,0.01562
evt_001947,2026-04-25 00:15:00,demo_publisher,site A,sess_000394,page_047,notícias,meio do artigo,banner,celular,BR,2,2,2,0,0.00791
evt_001948,2026-03-01 02:23:00,demo_publisher,site B,sess_001157,page_093,entretenimento,topo da página,banner,celular,BR,5,5,5,0,0.02757
evt_001949,2026-03-20 07:00:00,demo_publisher,site A,sess_000153,page_090,finanças,topo da página,mídia rica,tablet,US,4,3,1,0,0.01555
evt_001950,2026-04-24 22:12:00,demo_publisher,site A,sess_001251,page_130,entretenimento,meio do artigo,vídeo,computador,BR,5,3,2,0,0.00895
evt_001951,2026-04-06 11:42:00,demo_publisher,site C,sess_000405,page_016,tecnologia,rodapé fixo,nativo,computador,BR,5,4,2,0,0.02673
evt_001952,2026-03-05 07:19:00,demo_publisher,site C,sess_001819,page_072,entretenimento,rodapé fixo,nativo,computador,BR,2,1,0,0,0.00442
evt_001953,2026-03-28 21:37:00,demo_publisher,site A,sess_000110,page_099,tecnologia,meio do artigo,mídia rica,computador,BR,1,0,0,0,0.0
evt_001954,2026-04-28 06:09:00,demo_publisher,site B,sess_001305,page_049,entretenimento,meio do artigo,vídeo,tablet,BR,4,3,1,0,0.01457
evt_001955,2026-03-25 00:38:00,demo_publisher,site A,sess_000279,page_117,estilo de vida,intersticial,mídia rica,computador,BR,3,3,2,0,0.00583
evt_001956,2026-04-01 17:13:00,demo_publisher,site B,sess_001374,page_009,esportes,lateral,banner,computador,BR,6,5,2,0,0.02284
evt_001957,2026-04-01 21:54:00,demo_publisher,site C,sess_000987,page_015,esportes,lateral,banner,celular,AR,2,2,1,0,0.0096
evt_001958,2026-04-09 15:02:00,demo_publisher,site A,sess_001934,page_110,tecnologia,topo da página,banner,computador,BR,5,5,4,0,0.01614
evt_001959,2026-03-12 05:37:00,demo_publisher,site A,sess_001303,page_018,notícias,topo da página,vídeo,celular,BR,5,3,2,0,0.02042
evt_001960,2026-04-20 09:08:00,demo_publisher,site C,sess_000744,page_059,entretenimento,meio do artigo,nativo,tablet,BR,5,3,2,0,0.01568
evt_001961,2026-04-29 07:35:00,demo_publisher,site A,sess_000175,page_040,notícias,rodapé fixo,banner,celular,US,4,3,3,0,0.00892
evt_001962,2026-03-09 13:16:00,demo_publisher,site A,sess_001191,page_096,entretenimento,rodapé fixo,mídia rica,computador,AR,1,0,0,0,0.00067
evt_001963,2026-04-19 02:21:00,demo_publisher,site A,sess_000882,page_002,finanças,topo da página,mídia rica,celular,BR,5,3,2,0,0.01602
evt_001964,2026-04-19 00:20:00,demo_publisher,site B,sess_000105,page_050,tecnologia,lateral,banner,celular,AR,2,1,1,0,0.00242
evt_001965,2026-04-14 11:55:00,demo_publisher,site B,sess_001162,page_138,entretenimento,rodapé fixo,nativo,computador,MX,4,2,1,0,0.00469
evt_001966,2026-03-23 06:03:00,demo_publisher,site A,sess_000420,page_052,finanças,rodapé fixo,nativo,celular,BR,2,1,0,0,0.0093
evt_001967,2026-03-29 03:00:00,demo_publisher,site A,sess_000469,page_084,estilo de vida,meio do artigo,banner,celular,BR,2,2,1,0,0.01697
evt_001968,2026-04-20 08:27:00,demo_publisher,site B,sess_000018,page_138,esportes,topo da página,nativo,celular,CL,3,1,0,0,0.00286
evt_001969,2026-03-10 04:08:00,demo_publisher,site A,sess_000744,page_085,tecnologia,intersticial,banner,computador,US,3,0,0,0,0.0
evt_001970,2026-04-19 17:23:00,demo_publisher,site A,sess_000437,page_105,tecnologia,topo da página,mídia rica,celular,BR,6,6,5,0,0.02421
evt_001971,2026-04-25 05:45:00,demo_publisher,site C,sess_000144,page_134,esportes,topo da página,vídeo,celular,BR,3,2,1,0,0.01609
evt_001972,2026-04-10 21:53:00,demo_publisher,site C,sess_000869,page_086,notícias,topo da página,mídia rica,celular,BR,6,6,5,0,0.01617
evt_001973,2026-03-21 11:35:00,demo_publisher,site C,sess_000441,page_116,finanças,meio do artigo,vídeo,computador,BR,5,4,3,0,0.05209
evt_001974,2026-04-03 13:10:00,demo_publisher,site B,sess_000269,page_071,notícias,topo da página,banner,computador,BR,4,3,1,0,0.01413
evt_001975,2026-03-04 00:09:00,demo_publisher,site A,sess_000934,page_114,tecnologia,meio do artigo,banner,celular,BR,6,6,2,0,0.02542
evt_001976,2026-04-25 21:47:00,demo_publisher,site C,sess_000127,page_090,esportes,intersticial,vídeo,celular,BR,6,4,3,0,0.0417
evt_001977,2026-03-21 13:03:00,demo_publisher,site A,sess_001980,page_048,entretenimento,meio do artigo,banner,tablet,BR,3,2,1,0,0.00223
evt_001978,2026-03-04 10:13:00,demo_publisher,site B,sess_000942,page_078,entretenimento,intersticial,vídeo,celular,US,3,3,3,0,0.01546
evt_001979,2026-04-17 16:01:00,demo_publisher,site C,sess_001992,page_047,entretenimento,rodapé fixo,banner,computador,CL,4,3,2,0,0.00924
evt_001980,2026-04-09 10:53:00,demo_publisher,site C,sess_001762,page_056,estilo de vida,rodapé fixo,banner,celular,US,2,0,0,0,0.00063
evt_001981,2026-04-07 08:42:00,demo_publisher,site B,sess_001959,page_041,esportes,lateral,nativo,celular,CL,2,2,2,0,0.01047
evt_001982,2026-03-04 05:53:00,demo_publisher,site C,sess_001085,page_069,tecnologia,rodapé fixo,nativo,celular,BR,2,2,2,0,0.00679
evt_001983,2026-04-15 01:12:00,demo_publisher,site A,sess_000846,page_049,tecnologia,meio do artigo,nativo,celular,AR,4,4,3,0,0.03056
evt_001984,2026-04-08 05:44:00,demo_publisher,site A,sess_001440,page_088,entretenimento,topo da página,nativo,computador,US,6,6,6,0,0.02291
evt_001985,2026-04-17 14:50:00,demo_publisher,site B,sess_000162,page_052,esportes,rodapé fixo,banner,computador,BR,5,4,2,0,0.01653
evt_001986,2026-04-19 15:21:00,demo_publisher,site C,sess_001680,page_069,notícias,meio do artigo,vídeo,computador,BR,2,2,1,0,0.01249
evt_001987,2026-03-13 17:12:00,demo_publisher,site A,sess_000647,page_020,entretenimento,rodapé fixo,nativo,computador,BR,5,4,2,0,0.01418
evt_001988,2026-03-13 15:19:00,demo_publisher,site A,sess_000015,page_054,tecnologia,meio do artigo,nativo,celular,BR,4,4,1,0,0.01387
evt_001989,2026-04-25 10:14:00,demo_publisher,site C,sess_000476,page_050,esportes,meio do artigo,banner,computador,BR,6,4,3,0,0.01194
evt_001990,2026-04-01 20:40:00,demo_publisher,site C,sess_000485,page_134,tecnologia,rodapé fixo,nativo,celular,BR,4,4,2,0,0.01168
evt_001991,2026-03-27 06:42:00,demo_publisher,site A,sess_000029,page_063,notícias,lateral,banner,computador,US,6,3,2,0,0.01586
evt_001992,2026-03-18 05:34:00,demo_publisher,site C,sess_001337,page_003,estilo de vida,meio do artigo,nativo,celular,BR,5,4,3,0,0.02767
evt_001993,2026-04-08 08:10:00,demo_publisher,site B,sess_000191,page_043,esportes,rodapé fixo,banner,celular,BR,4,4,2,0,0.01069
evt_001994,2026-04-15 05:42:00,demo_publisher,site A,sess_001693,page_102,esportes,meio do artigo,vídeo,computador,BR,5,5,2,0,0.03789
evt_001995,2026-03-01 03:19:00,demo_publisher,site B,sess_000906,page_023,esportes,topo da página,vídeo,celular,AR,6,5,4,0,0.03539
evt_001996,2026-04-03 03:47:00,demo_publisher,site A,sess_001436,page_023,esportes,lateral,nativo,tablet,BR,2,1,0,0,0.00542
evt_001997,2026-04-29 14:27:00,demo_publisher,site B,sess_000679,page_052,finanças,topo da página,vídeo,tablet,BR,5,4,2,0,0.0399
evt_001998,2026-03-17 20:07:00,demo_publisher,site A,sess_000264,page_050,esportes,meio do artigo,nativo,computador,BR,6,5,4,0,0.04107
evt_001999,2026-03-17 20:29:00,demo_publisher,site B,sess_000361,page_067,finanças,topo da página,banner,celular,BR,4,3,2,0,0.01479
evt_002000,2026-04-22 16:30:00,demo_publisher,site B,sess_001292,page_005,estilo de vida,topo da página,vídeo,computador,BR,3,3,2,0,0.02073
evt_002001,2026-03-04 17:22:00,demo_publisher,site C,sess_001432,page_101,tecnologia,intersticial,mídia rica,celular,MX,1,1,1,0,0.0074
evt_002002,2026-03-24 20:25:00,demo_publisher,site A,sess_000535,page_030,estilo de vida,topo da página,banner,computador,BR,5,5,3,0,0.01998
evt_002003,2026-03-28 11:53:00,demo_publisher,site B,sess_000714,page_099,esportes,rodapé fixo,banner,tablet,BR,6,4,1,0,0.01092
evt_002004,2026-04-17 20:56:00,demo_publisher,site C,sess_001890,page_079,notícias,lateral,nativo,celular,BR,4,2,1,0,0.00877
evt_002005,2026-03-08 17:48:00,demo_publisher,site B,sess_001703,page_029,tecnologia,topo da página,banner,computador,CL,6,6,5,0,0.02897
evt_002006,2026-03-27 01:02:00,demo_publisher,site A,sess_000826,page_066,entretenimento,rodapé fixo,nativo,tablet,BR,1,1,1,0,0.00468
evt_002007,2026-03-10 03:21:00,demo_publisher,site B,sess_000482,page_006,entretenimento,topo da página,nativo,celular,BR,4,3,2,0,0.01463
evt_002008,2026-04-17 06:11:00,demo_publisher,site C,sess_000603,page_098,entretenimento,meio do artigo,vídeo,computador,MX,5,4,4,0,0.0177
evt_002009,2026-04-07 22:29:00,demo_publisher,site A,sess_001077,page_043,estilo de vida,rodapé fixo,banner,celular,CL,3,2,2,0,0.00618
evt_002010,2026-03-30 19:18:00,demo_publisher,site C,sess_001133,page_054,entretenimento,rodapé fixo,banner,celular,CL,6,5,3,0,0.0076
evt_002011,2026-03-24 13:48:00,demo_publisher,site A,sess_000369,page_022,finanças,meio do artigo,vídeo,computador,BR,1,1,1,0,0.0049
evt_002012,2026-03-10 04:34:00,demo_publisher,site C,sess_000132,page_051,tecnologia,rodapé fixo,banner,computador,BR,6,4,3,0,0.03083
evt_002013,2026-04-25 07:28:00,demo_publisher,site B,sess_000991,page_056,entretenimento,intersticial,nativo,computador,BR,1,1,0,0,0.0
evt_002014,2026-04-08 20:37:00,demo_publisher,site A,sess_001595,page_032,tecnologia,meio do artigo,banner,computador,US,1,1,1,0,0.00105
evt_002015,2026-03-20 03:35:00,demo_publisher,site B,sess_000305,page_137,finanças,lateral,banner,celular,BR,5,4,1,0,0.00943
evt_002016,2026-03-25 20:04:00,demo_publisher,site B,sess_000817,page_039,esportes,meio do artigo,nativo,computador,BR,6,5,1,0,0.03953
evt_002017,2026-04-13 13:41:00,demo_publisher,site B,sess_000323,page_026,esportes,meio do artigo,banner,celular,BR,3,2,2,0,0.00937
evt_002018,2026-04-13 04:10:00,demo_publisher,site A,sess_000485,page_077,esportes,meio do artigo,vídeo,tablet,US,2,2,2,0,0.02192
evt_002019,2026-03-28 15:58:00,demo_publisher,site A,sess_001224,page_045,tecnologia,topo da página,nativo,tablet,BR,4,3,1,0,0.02346
evt_002020,2026-03-19 04:10:00,demo_publisher,site A,sess_000573,page_064,tecnologia,lateral,mídia rica,celular,CL,2,1,0,0,0.00815
evt_002021,2026-04-09 14:19:00,demo_publisher,site B,sess_000528,page_101,esportes,topo da página,vídeo,celular,BR,2,2,0,0,0.01066
evt_002022,2026-04-09 11:51:00,demo_publisher,site A,sess_001991,page_011,tecnologia,topo da página,banner,tablet,AR,1,1,1,0,0.00116
evt_002023,2026-04-05 23:33:00,demo_publisher,site B,sess_000345,page_071,esportes,meio do artigo,banner,celular,CL,4,2,1,0,0.00987
evt_002024,2026-03-05 08:54:00,demo_publisher,site B,sess_000379,page_004,estilo de vida,topo da página,vídeo,celular,BR,1,1,1,0,0.00205
evt_002025,2026-03-29 08:48:00,demo_publisher,site A,sess_001859,page_007,esportes,meio do artigo,banner,computador,BR,5,5,3,0,0.0172
evt_002026,2026-04-06 20:02:00,demo_publisher,site B,sess_001100,page_013,finanças,meio do artigo,banner,computador,CL,2,2,2,0,0.00505
evt_002027,2026-04-27 00:05:00,demo_publisher,site B,sess_000086,page_023,tecnologia,topo da página,banner,celular,BR,6,5,3,0,0.01212
evt_002028,2026-04-01 12:48:00,demo_publisher,site B,sess_000850,page_049,tecnologia,topo da página,nativo,computador,BR,5,5,3,1,0.02256
evt_002029,2026-03-21 13:30:00,demo_publisher,site B,sess_001130,page_130,tecnologia,topo da página,banner,computador,BR,3,3,3,0,0.02331
evt_002030,2026-04-03 08:20:00,demo_publisher,site B,sess_000507,page_126,esportes,lateral,banner,computador,BR,3,3,1,0,0.02304
evt_002031,2026-03-11 15:13:00,demo_publisher,site A,sess_001096,page_015,estilo de vida,meio do artigo,nativo,celular,BR,2,2,2,0,0.00484
evt_002032,2026-03-06 10:36:00,demo_publisher,site B,sess_001297,page_138,esportes,lateral,vídeo,computador,AR,1,1,1,0,0.01032
evt_002033,2026-04-10 16:27:00,demo_publisher,site A,sess_000501,page_089,finanças,lateral,banner,computador,BR,1,1,1,0,0.0
evt_002034,2026-04-29 04:06:00,demo_publisher,site B,sess_001624,page_077,estilo de vida,meio do artigo,vídeo,celular,BR,4,4,2,0,0.03845
evt_002035,2026-04-20 18:15:00,demo_publisher,site B,sess_000906,page_111,estilo de vida,topo da página,nativo,computador,MX,6,4,3,0,0.02049
evt_002036,2026-04-05 00:28:00,demo_publisher,site B,sess_001926,page_068,entretenimento,meio do artigo,banner,celular,MX,5,2,0,0,0.00808
evt_002037,2026-03-03 09:57:00,demo_publisher,site B,sess_000176,page_037,esportes,meio do artigo,banner,computador,BR,6,4,2,0,0.01766
evt_002038,2026-04-29 06:40:00,demo_publisher,site A,sess_000649,page_074,tecnologia,meio do artigo,banner,celular,BR,5,2,0,0,0.00752
evt_002039,2026-03-27 23:28:00,demo_publisher,site B,sess_001442,page_101,esportes,intersticial,banner,celular,BR,3,3,3,0,0.011
evt_002040,2026-03-18 09:06:00,demo_publisher,site B,sess_001789,page_095,estilo de vida,topo da página,vídeo,computador,BR,6,4,2,0,0.03509
evt_002041,2026-04-23 13:10:00,demo_publisher,site A,sess_000444,page_024,tecnologia,topo da página,banner,celular,BR,2,2,0,0,0.00899
evt_002042,2026-04-14 18:49:00,demo_publisher,site A,sess_001960,page_131,tecnologia,rodapé fixo,mídia rica,celular,US,2,2,0,0,0.03233
evt_002043,2026-04-14 23:27:00,demo_publisher,site C,sess_000387,page_040,tecnologia,rodapé fixo,banner,tablet,BR,5,3,2,0,0.01773
evt_002044,2026-03-17 15:57:00,demo_publisher,site C,sess_000832,page_114,tecnologia,meio do artigo,banner,celular,BR,1,0,0,0,0.0
evt_002045,2026-04-29 12:12:00,demo_publisher,site A,sess_000630,page_044,esportes,meio do artigo,nativo,celular,BR,5,5,1,0,0.0197
evt_002046,2026-03-28 04:07:00,demo_publisher,site A,sess_000849,page_009,entretenimento,topo da página,vídeo,computador,BR,2,2,2,0,0.01403
evt_002047,2026-04-01 21:14:00,demo_publisher,site C,sess_001804,page_139,entretenimento,rodapé fixo,banner,computador,BR,5,3,3,0,0.01038
evt_002048,2026-04-15 01:22:00,demo_publisher,site B,sess_001465,page_082,finanças,lateral,banner,computador,BR,5,4,2,0,0.01873
evt_002049,2026-04-09 14:23:00,demo_publisher,site A,sess_001593,page_030,notícias,meio do artigo,nativo,celular,BR,1,1,1,0,0.00412
evt_002050,2026-03-11 08:05:00,demo_publisher,site B,sess_000508,page_001,esportes,meio do artigo,banner,tablet,BR,2,2,0,0,0.00695
evt_002051,2026-03-19 03:34:00,demo_publisher,site A,sess_001893,page_018,tecnologia,meio do artigo,nativo,computador,BR,6,6,6,1,0.04507
evt_002052,2026-03-22 16:06:00,demo_publisher,site B,sess_000871,page_024,entretenimento,lateral,vídeo,celular,BR,6,5,3,0,0.02185
evt_002053,2026-04-26 20:27:00,demo_publisher,site A,sess_001304,page_129,tecnologia,topo da página,banner,tablet,MX,4,3,2,0,0.01198
evt_002054,2026-04-12 20:53:00,demo_publisher,site A,sess_001395,page_025,esportes,meio do artigo,vídeo,computador,US,3,3,1,0,0.02914
evt_002055,2026-03-22 23:31:00,demo_publisher,site A,sess_001326,page_023,notícias,topo da página,banner,computador,BR,4,3,3,0,0.00538
evt_002056,2026-04-14 02:00:00,demo_publisher,site C,sess_001203,page_117,finanças,rodapé fixo,mídia rica,computador,US,5,3,1,0,0.03713
evt_002057,2026-04-14 07:27:00,demo_publisher,site A,sess_000960,page_123,esportes,topo da página,mídia rica,computador,BR,1,1,0,0,0.01256
evt_002058,2026-03-24 15:40:00,demo_publisher,site B,sess_001295,page_030,notícias,rodapé fixo,nativo,celular,AR,2,2,2,0,0.01636
evt_002059,2026-03-25 04:31:00,demo_publisher,site A,sess_001810,page_091,notícias,meio do artigo,mídia rica,celular,BR,1,0,0,0,0.0
evt_002060,2026-04-23 15:46:00,demo_publisher,site A,sess_000780,page_075,notícias,meio do artigo,vídeo,celular,BR,4,2,2,0,0.01428
evt_002061,2026-04-03 17:01:00,demo_publisher,site A,sess_001022,page_081,notícias,meio do artigo,banner,computador,US,1,0,0,0,0.0
evt_002062,2026-03-09 23:18:00,demo_publisher,site A,sess_000360,page_044,tecnologia,meio do artigo,banner,celular,BR,6,4,4,0,0.0125
evt_002063,2026-04-13 04:29:00,demo_publisher,site B,sess_000710,page_105,esportes,meio do artigo,banner,computador,BR,3,1,1,0,0.00527
evt_002064,2026-04-05 08:58:00,demo_publisher,site B,sess_001544,page_123,finanças,meio do artigo,banner,celular,BR,6,6,5,0,0.0174
evt_002065,2026-03-31 12:51:00,demo_publisher,site A,sess_001281,page_101,estilo de vida,topo da página,nativo,computador,BR,6,6,4,0,0.03519
evt_002066,2026-04-13 12:09:00,demo_publisher,site C,sess_000423,page_126,entretenimento,meio do artigo,nativo,celular,MX,2,2,1,0,0.00832
evt_002067,2026-04-24 10:12:00,demo_publisher,site A,sess_001092,page_016,tecnologia,rodapé fixo,nativo,celular,BR,5,4,4,0,0.03336
evt_002068,2026-03-20 19:49:00,demo_publisher,site C,sess_001624,page_092,estilo de vida,topo da página,banner,computador,BR,1,1,0,0,0.00736
evt_002069,2026-03-26 03:47:00,demo_publisher,site B,sess_000248,page_139,tecnologia,rodapé fixo,banner,celular,BR,6,4,3,0,0.01326
evt_002070,2026-03-12 08:52:00,demo_publisher,site A,sess_000124,page_075,tecnologia,rodapé fixo,banner,celular,BR,5,5,3,0,0.02279
evt_002071,2026-04-08 19:47:00,demo_publisher,site A,sess_000786,page_131,estilo de vida,lateral,mídia rica,celular,BR,5,4,2,0,0.0205
evt_002072,2026-03-25 03:54:00,demo_publisher,site A,sess_001313,page_049,finanças,topo da página,banner,tablet,BR,4,2,0,0,0.01477
evt_002073,2026-03-21 13:00:00,demo_publisher,site B,sess_000627,page_125,estilo de vida,meio do artigo,banner,computador,BR,1,1,0,0,0.00524
evt_002074,2026-04-11 18:59:00,demo_publisher,site B,sess_001642,page_131,finanças,rodapé fixo,banner,celular,BR,2,2,2,0,0.01401
evt_002075,2026-03-25 11:44:00,demo_publisher,site A,sess_001693,page_087,esportes,meio do artigo,mídia rica,computador,BR,5,5,4,0,0.04637
evt_002076,2026-03-28 20:41:00,demo_publisher,site C,sess_001065,page_098,esportes,meio do artigo,banner,celular,AR,2,2,1,0,0.00442
evt_002077,2026-03-27 09:40:00,demo_publisher,site C,sess_000758,page_073,esportes,meio do artigo,nativo,computador,BR,4,3,3,0,0.01743
evt_002078,2026-03-16 12:17:00,demo_publisher,site A,sess_000084,page_045,finanças,meio do artigo,banner,celular,US,5,4,1,0,0.01679
evt_002079,2026-03-08 13:09:00,demo_publisher,site A,sess_001643,page_075,estilo de vida,topo da página,banner,celular,BR,6,4,3,0,0.0164
evt_002080,2026-04-19 15:12:00,demo_publisher,site C,sess_001790,page_134,finanças,topo da página,vídeo,computador,BR,1,0,0,0,0.0
evt_002081,2026-03-06 12:04:00,demo_publisher,site C,sess_000885,page_003,notícias,lateral,nativo,celular,BR,4,4,1,0,0.00833
evt_002082,2026-03-20 11:49:00,demo_publisher,site A,sess_001033,page_029,esportes,meio do artigo,nativo,computador,CL,1,1,0,0,0.0
evt_002083,2026-04-10 01:11:00,demo_publisher,site C,sess_001507,page_070,esportes,topo da página,banner,tablet,BR,2,2,2,0,0.00867
evt_002084,2026-03-08 21:03:00,demo_publisher,site C,sess_001391,page_048,tecnologia,rodapé fixo,mídia rica,celular,BR,6,4,3,0,0.01438
evt_002085,2026-04-09 07:56:00,demo_publisher,site C,sess_000271,page_087,esportes,meio do artigo,nativo,computador,BR,5,5,4,0,0.02442
evt_002086,2026-04-13 23:36:00,demo_publisher,site B,sess_001344,page_051,notícias,topo da página,mídia rica,computador,BR,5,4,2,0,0.0351
evt_002087,2026-04-09 18:35:00,demo_publisher,site A,sess_001849,page_092,notícias,topo da página,banner,celular,BR,5,4,2,0,0.02497
evt_002088,2026-03-19 07:14:00,demo_publisher,site B,sess_001501,page_015,finanças,meio do artigo,banner,celular,BR,1,1,0,0,0.00098
evt_002089,2026-03-02 04:27:00,demo_publisher,site B,sess_000961,page_047,notícias,meio do artigo,banner,computador,BR,4,3,3,0,0.00556
evt_002090,2026-04-23 05:47:00,demo_publisher,site A,sess_001046,page_097,finanças,topo da página,vídeo,tablet,BR,2,2,1,0,0.01373
evt_002091,2026-03-20 14:13:00,demo_publisher,site B,sess_000520,page_066,estilo de vida,rodapé fixo,vídeo,celular,BR,1,0,0,0,0.0
evt_002092,2026-04-18 07:12:00,demo_publisher,site B,sess_001321,page_100,entretenimento,rodapé fixo,nativo,tablet,BR,6,6,4,0,0.0331
evt_002093,2026-03-12 20:50:00,demo_publisher,site B,sess_000483,page_089,estilo de vida,meio do artigo,banner,computador,MX,3,2,1,0,0.00857
evt_002094,2026-03-10 17:52:00,demo_publisher,site C,sess_000684,page_046,notícias,rodapé fixo,banner,celular,BR,2,1,0,0,0.00189
evt_002095,2026-04-16 16:32:00,demo_publisher,site C,sess_000530,page_060,esportes,lateral,banner,computador,US,6,6,2,0,0.01865
evt_002096,2026-04-26 09:12:00,demo_publisher,site A,sess_000671,page_135,tecnologia,rodapé fixo,vídeo,computador,BR,5,4,3,0,0.03215
evt_002097,2026-04-21 15:18:00,demo_publisher,site B,sess_000734,page_134,esportes,topo da página,banner,computador,BR,2,2,2,0,0.02127
evt_002098,2026-04-15 01:47:00,demo_publisher,site B,sess_000166,page_005,entretenimento,lateral,banner,computador,BR,5,5,3,0,0.01726
evt_002099,2026-03-15 19:13:00,demo_publisher,site A,sess_001435,page_099,finanças,topo da página,banner,celular,BR,5,4,4,0,0.02454
evt_002100,2026-04-24 19:01:00,demo_publisher,site B,sess_000882,page_069,notícias,topo da página,banner,computador,BR,2,2,2,0,0.01262
evt_002101,2026-04-10 01:42:00,demo_publisher,site B,sess_001899,page_001,esportes,rodapé fixo,mídia rica,computador,BR,2,1,0,0,0.00372
evt_002102,2026-03-11 07:55:00,demo_publisher,site C,sess_000362,page_089,entretenimento,meio do artigo,banner,celular,BR,2,2,2,0,0.00485
evt_002103,2026-03-08 18:16:00,demo_publisher,site A,sess_001338,page_004,entretenimento,meio do artigo,mídia rica,celular,US,2,2,2,0,0.00817
evt_002104,2026-04-22 06:28:00,demo_publisher,site C,sess_000359,page_045,tecnologia,topo da página,nativo,celular,BR,2,1,1,0,0.00802
evt_002105,2026-03-17 12:13:00,demo_publisher,site A,sess_001094,page_096,esportes,rodapé fixo,nativo,celular,BR,3,2,2,0,0.00788
evt_002106,2026-04-15 22:53:00,demo_publisher,site B,sess_000982,page_113,tecnologia,meio do artigo,nativo,computador,US,2,2,2,0,0.01857
evt_002107,2026-03-09 07:39:00,demo_publisher,site B,sess_000897,page_058,esportes,topo da página,nativo,celular,BR,1,1,1,0,0.0087
evt_002108,2026-03-17 19:58:00,demo_publisher,site B,sess_001309,page_113,esportes,lateral,nativo,celular,BR,5,5,3,0,0.01937
evt_002109,2026-03-18 00:16:00,demo_publisher,site A,sess_001656,page_117,estilo de vida,topo da página,banner,computador,BR,3,2,2,0,0.00838
evt_002110,2026-03-17 20:47:00,demo_publisher,site A,sess_000634,page_063,entretenimento,topo da página,mídia rica,computador,CL,1,1,1,0,0.00798
evt_002111,2026-04-10 11:37:00,demo_publisher,site A,sess_001699,page_025,finanças,lateral,banner,tablet,BR,5,5,3,0,0.07349
evt_002112,2026-04-24 20:43:00,demo_publisher,site C,sess_000370,page_092,finanças,intersticial,banner,computador,BR,2,2,2,1,0.02024
evt_002113,2026-04-24 14:52:00,demo_publisher,site C,sess_000586,page_002,esportes,rodapé fixo,banner,computador,BR,3,3,3,0,0.01804
evt_002114,2026-04-14 11:49:00,demo_publisher,site A,sess_000622,page_125,finanças,topo da página,nativo,computador,BR,6,5,1,0,0.02909
evt_002115,2026-03-13 03:37:00,demo_publisher,site B,sess_001906,page_054,notícias,meio do artigo,banner,celular,BR,2,2,2,0,0.00532
evt_002116,2026-04-27 15:14:00,demo_publisher,site B,sess_000238,page_106,tecnologia,rodapé fixo,banner,celular,BR,2,2,1,0,0.01283
evt_002117,2026-04-02 12:35:00,demo_publisher,site A,sess_000790,page_103,notícias,topo da página,banner,tablet,BR,5,5,2,0,0.01095
evt_002118,2026-04-02 18:11:00,demo_publisher,site B,sess_000849,page_066,estilo de vida,rodapé fixo,banner,celular,CL,1,0,0,0,0.0
evt_002119,2026-04-12 02:00:00,demo_publisher,site C,sess_001600,page_136,esportes,meio do artigo,banner,celular,US,4,3,0,0,0.00499
evt_002120,2026-04-16 03:29:00,demo_publisher,site A,sess_000972,page_111,finanças,rodapé fixo,vídeo,computador,US,5,3,1,0,0.02141
evt_002121,2026-04-27 04:12:00,demo_publisher,site A,sess_001933,page_123,esportes,meio do artigo,banner,computador,AR,3,3,1,0,0.01823
evt_002122,2026-04-04 22:37:00,demo_publisher,site C,sess_001480,page_014,finanças,rodapé fixo,mídia rica,celular,BR,1,0,0,0,0.00518
evt_002123,2026-04-06 14:29:00,demo_publisher,site B,sess_001407,page_068,estilo de vida,meio do artigo,nativo,tablet,BR,5,5,4,0,0.02287
evt_002124,2026-04-14 17:33:00,demo_publisher,site A,sess_001506,page_133,estilo de vida,lateral,vídeo,celular,CL,5,3,2,0,0.01404
evt_002125,2026-03-16 07:21:00,demo_publisher,site A,sess_000323,page_113,entretenimento,topo da página,mídia rica,tablet,BR,3,2,1,0,0.01146
evt_002126,2026-03-19 11:06:00,demo_publisher,site B,sess_000898,page_064,esportes,meio do artigo,banner,celular,BR,1,1,1,0,0.00612
evt_002127,2026-04-07 12:41:00,demo_publisher,site B,sess_001172,page_010,estilo de vida,meio do artigo,nativo,celular,AR,4,4,2,0,0.01115
evt_002128,2026-03-04 20:20:00,demo_publisher,site A,sess_000417,page_040,entretenimento,topo da página,banner,celular,BR,5,4,4,0,0.01204
evt_002129,2026-03-20 05:30:00,demo_publisher,site B,sess_000238,page_080,esportes,meio do artigo,banner,celular,BR,1,1,1,0,0.00341
evt_002130,2026-04-13 01:54:00,demo_publisher,site A,sess_000272,page_090,tecnologia,topo da página,banner,computador,BR,3,1,0,0,0.00457
evt_002131,2026-04-28 13:37:00,demo_publisher,site A,sess_001578,page_129,entretenimento,intersticial,nativo,computador,BR,3,2,1,0,0.0095
evt_002132,2026-04-01 04:04:00,demo_publisher,site A,sess_001314,page_013,tecnologia,rodapé fixo,vídeo,computador,BR,3,1,1,0,0.01005
evt_002133,2026-03-24 23:32:00,demo_publisher,site C,sess_000563,page_056,estilo de vida,lateral,banner,computador,BR,2,1,1,0,0.00148
evt_002134,2026-03-27 10:08:00,demo_publisher,site A,sess_001474,page_038,tecnologia,meio do artigo,vídeo,computador,BR,4,3,1,0,0.01392
evt_002135,2026-04-11 03:00:00,demo_publisher,site A,sess_001390,page_134,finanças,topo da página,banner,celular,BR,6,3,1,0,0.02208
evt_002136,2026-04-02 16:02:00,demo_publisher,site B,sess_001633,page_024,estilo de vida,meio do artigo,banner,celular,BR,1,0,0,0,0.001
evt_002137,2026-03-02 09:26:00,demo_publisher,site A,sess_001820,page_031,entretenimento,topo da página,banner,celular,BR,1,1,1,0,0.0031
evt_002138,2026-04-02 08:30:00,demo_publisher,site B,sess_001764,page_042,esportes,meio do artigo,nativo,celular,MX,3,2,1,0,0.0046
evt_002139,2026-03-25 00:05:00,demo_publisher,site A,sess_000362,page_015,tecnologia,rodapé fixo,nativo,celular,BR,5,5,5,0,0.02615
evt_002140,2026-04-12 01:09:00,demo_publisher,site A,sess_001538,page_090,finanças,topo da página,banner,celular,BR,1,0,0,0,0.0
evt_002141,2026-04-22 12:09:00,demo_publisher,site B,sess_000786,page_073,notícias,topo da página,banner,celular,AR,5,4,3,1,0.0129
evt_002142,2026-04-27 17:55:00,demo_publisher,site C,sess_000806,page_078,estilo de vida,topo da página,nativo,computador,BR,5,4,3,0,0.02356
evt_002143,2026-04-06 14:43:00,demo_publisher,site A,sess_001294,page_127,tecnologia,meio do artigo,vídeo,celular,CL,2,0,0,0,8e-05
evt_002144,2026-03-22 18:05:00,demo_publisher,site A,sess_001204,page_061,estilo de vida,topo da página,banner,celular,BR,2,2,1,0,0.01361
evt_002145,2026-03-27 15:16:00,demo_publisher,site B,sess_000839,page_044,tecnologia,meio do artigo,vídeo,computador,AR,2,2,2,0,0.01707
evt_002146,2026-03-11 14:06:00,demo_publisher,site C,sess_001998,page_053,esportes,topo da página,nativo,celular,BR,5,4,3,0,0.01644
evt_002147,2026-04-26 03:44:00,demo_publisher,site B,sess_000350,page_112,entretenimento,topo da página,nativo,computador,BR,1,1,0,0,0.0022
evt_002148,2026-04-20 20:07:00,demo_publisher,site B,sess_000194,page_074,estilo de vida,lateral,banner,celular,BR,3,3,2,0,0.0163
evt_002149,2026-04-21 05:44:00,demo_publisher,site A,sess_000059,page_024,tecnologia,intersticial,mídia rica,celular,AR,2,1,1,0,0.00865
evt_002150,2026-03-20 16:29:00,demo_publisher,site A,sess_001628,page_096,esportes,topo da página,nativo,celular,BR,3,3,2,0,0.01129
evt_002151,2026-03-20 07:59:00,demo_publisher,site A,sess_000813,page_104,finanças,topo da página,banner,celular,BR,6,3,0,0,0.00856
evt_002152,2026-04-21 09:31:00,demo_publisher,site A,sess_000875,page_035,entretenimento,meio do artigo,vídeo,celular,BR,1,1,0,0,0.0079
evt_002153,2026-04-02 16:08:00,demo_publisher,site B,sess_001298,page_078,notícias,rodapé fixo,vídeo,computador,BR,1,1,0,0,0.01086
evt_002154,2026-04-12 06:42:00,demo_publisher,site B,sess_000871,page_079,finanças,meio do artigo,vídeo,celular,BR,3,3,2,0,0.01879
evt_002155,2026-03-30 09:20:00,demo_publisher,site B,sess_001148,page_025,tecnologia,meio do artigo,vídeo,celular,BR,3,3,2,0,0.02326
evt_002156,2026-03-27 13:35:00,demo_publisher,site B,sess_000117,page_002,tecnologia,meio do artigo,banner,computador,BR,6,4,4,0,0.0363
evt_002157,2026-04-07 22:22:00,demo_publisher,site A,sess_000313,page_100,tecnologia,rodapé fixo,vídeo,computador,BR,2,0,0,0,0.0
evt_002158,2026-04-18 18:41:00,demo_publisher,site B,sess_001864,page_086,tecnologia,topo da página,banner,tablet,BR,4,4,2,0,0.0397
evt_002159,2026-03-21 01:07:00,demo_publisher,site B,sess_000901,page_100,entretenimento,topo da página,vídeo,computador,BR,5,5,3,0,0.04346
evt_002160,2026-04-18 13:10:00,demo_publisher,site A,sess_000335,page_053,finanças,meio do artigo,banner,celular,BR,5,5,2,0,0.01275
evt_002161,2026-03-15 15:39:00,demo_publisher,site C,sess_000739,page_072,estilo de vida,meio do artigo,banner,computador,BR,3,2,1,0,0.01532
evt_002162,2026-03-25 04:04:00,demo_publisher,site B,sess_000670,page_137,tecnologia,topo da página,banner,computador,BR,6,6,6,0,0.01614
evt_002163,2026-04-24 18:14:00,demo_publisher,site C,sess_000549,page_032,tecnologia,rodapé fixo,vídeo,celular,BR,3,3,2,0,0.03603
evt_002164,2026-04-27 06:24:00,demo_publisher,site B,sess_000587,page_091,notícias,lateral,nativo,celular,BR,3,2,1,0,0.01319
evt_002165,2026-04-25 10:22:00,demo_publisher,site C,sess_001458,page_019,esportes,rodapé fixo,vídeo,celular,BR,1,0,0,0,0.00041
evt_002166,2026-03-19 23:06:00,demo_publisher,site A,sess_000214,page_010,estilo de vida,intersticial,banner,computador,BR,6,5,3,0,0.02423
evt_002167,2026-04-20 14:23:00,demo_publisher,site C,sess_000619,page_134,tecnologia,meio do artigo,banner,celular,BR,6,4,2,0,0.02158
evt_002168,2026-04-26 03:57:00,demo_publisher,site C,sess_000936,page_019,estilo de vida,rodapé fixo,nativo,celular,BR,2,1,1,0,0.00411
evt_002169,2026-04-28 16:36:00,demo_publisher,site A,sess_001080,page_092,tecnologia,lateral,banner,computador,BR,4,4,2,0,0.01296
evt_002170,2026-03-02 06:06:00,demo_publisher,site B,sess_001761,page_072,tecnologia,meio do artigo,nativo,celular,BR,6,4,3,0,0.01868
evt_002171,2026-04-14 16:47:00,demo_publisher,site A,sess_001846,page_113,esportes,lateral,mídia rica,computador,BR,1,1,1,0,0.00481
evt_002172,2026-04-29 19:18:00,demo_publisher,site B,sess_000595,page_076,estilo de vida,intersticial,nativo,computador,BR,5,4,3,0,0.01357
evt_002173,2026-04-15 21:07:00,demo_publisher,site C,sess_001079,page_097,estilo de vida,rodapé fixo,banner,computador,BR,5,4,3,0,0.01226
evt_002174,2026-03-14 23:46:00,demo_publisher,site A,sess_000045,page_125,esportes,lateral,nativo,computador,US,4,3,2,0,0.01799
evt_002175,2026-04-15 18:07:00,demo_publisher,site B,sess_001234,page_116,finanças,topo da página,mídia rica,celular,BR,5,4,3,0,0.03036
evt_002176,2026-03-07 07:33:00,demo_publisher,site A,sess_000306,page_101,estilo de vida,rodapé fixo,nativo,tablet,US,2,1,0,0,0.00695
evt_002177,2026-03-29 20:04:00,demo_publisher,site B,sess_000147,page_023,tecnologia,meio do artigo,vídeo,computador,US,3,3,2,0,0.02373
evt_002178,2026-04-07 13:46:00,demo_publisher,site A,sess_001343,page_024,finanças,lateral,banner,computador,BR,4,3,1,0,0.01492
evt_002179,2026-03-28 09:17:00,demo_publisher,site C,sess_000357,page_070,notícias,lateral,vídeo,tablet,BR,6,3,1,0,0.00357
evt_002180,2026-04-11 23:45:00,demo_publisher,site A,sess_000955,page_092,finanças,meio do artigo,banner,computador,BR,1,1,1,0,0.01226
evt_002181,2026-03-15 09:55:00,demo_publisher,site A,sess_000202,page_093,tecnologia,topo da página,vídeo,computador,BR,2,2,1,0,0.01249
evt_002182,2026-04-06 08:57:00,demo_publisher,site C,sess_001491,page_110,estilo de vida,lateral,mídia rica,celular,MX,2,1,0,0,0.00783
evt_002183,2026-04-08 16:32:00,demo_publisher,site B,sess_001529,page_015,esportes,topo da página,mídia rica,computador,MX,6,4,2,0,0.02757
evt_002184,2026-04-08 00:39:00,demo_publisher,site B,sess_001150,page_025,entretenimento,topo da página,banner,celular,BR,5,4,4,0,0.01843
evt_002185,2026-03-18 08:37:00,demo_publisher,site B,sess_001672,page_021,notícias,topo da página,vídeo,tablet,BR,6,5,5,0,0.02267
evt_002186,2026-03-19 07:44:00,demo_publisher,site C,sess_000874,page_076,esportes,lateral,banner,celular,MX,4,2,1,0,0.00728
evt_002187,2026-03-16 11:14:00,demo_publisher,site C,sess_000373,page_089,finanças,topo da página,nativo,celular,BR,4,1,1,0,0.00837
evt_002188,2026-03-28 16:57:00,demo_publisher,site A,sess_000303,page_017,tecnologia,meio do artigo,nativo,computador,BR,3,1,1,0,0.00716
evt_002189,2026-04-05 03:47:00,demo_publisher,site A,sess_000439,page_121,tecnologia,rodapé fixo,nativo,computador,BR,4,4,3,0,0.01941
evt_002190,2026-03-22 18:03:00,demo_publisher,site B,sess_000401,page_043,notícias,meio do artigo,banner,celular,BR,1,1,0,0,0.00464
evt_002191,2026-03-25 14:22:00,demo_publisher,site B,sess_000647,page_092,tecnologia,rodapé fixo,nativo,tablet,BR,1,1,0,0,0.00982
evt_002192,2026-03-18 04:25:00,demo_publisher,site A,sess_000429,page_105,tecnologia,meio do artigo,nativo,celular,BR,1,1,1,0,0.00294
evt_002193,2026-03-14 03:09:00,demo_publisher,site A,sess_001182,page_006,entretenimento,topo da página,nativo,computador,BR,1,1,1,0,0.00385
evt_002194,2026-04-09 10:42:00,demo_publisher,site A,sess_000297,page_121,entretenimento,rodapé fixo,nativo,celular,AR,2,2,2,0,0.02099
evt_002195,2026-04-18 23:07:00,demo_publisher,site C,sess_001243,page_135,tecnologia,meio do artigo,vídeo,computador,BR,3,2,0,0,0.02847
evt_002196,2026-03-18 10:36:00,demo_publisher,site A,sess_000668,page_134,notícias,intersticial,banner,celular,BR,6,5,5,0,0.03024
evt_002197,2026-04-21 15:13:00,demo_publisher,site A,sess_001373,page_020,esportes,topo da página,banner,celular,BR,6,4,3,0,0.03044
evt_002198,2026-04-04 06:12:00,demo_publisher,site A,sess_001026,page_055,entretenimento,rodapé fixo,nativo,celular,BR,5,4,3,0,0.01078
evt_002199,2026-03-11 01:29:00,demo_publisher,site B,sess_001810,page_033,estilo de vida,meio do artigo,vídeo,celular,BR,2,2,2,0,0.02019
evt_002200,2026-03-22 23:02:00,demo_publisher,site C,sess_000880,page_063,finanças,rodapé fixo,banner,celular,BR,4,3,2,0,0.02814
evt_002201,2026-03-01 10:48:00,demo_publisher,site A,sess_000590,page_136,entretenimento,topo da página,banner,celular,BR,3,2,2,0,0.00736
evt_002202,2026-03-03 08:24:00,demo_publisher,site B,sess_001178,page_107,entretenimento,lateral,mídia rica,computador,BR,4,3,2,0,0.02201
evt_002203,2026-03-21 04:01:00,demo_publisher,site B,sess_001317,page_108,tecnologia,topo da página,vídeo,computador,US,1,1,1,0,0.01456
evt_002204,2026-03-28 06:25:00,demo_publisher,site C,sess_000879,page_059,entretenimento,rodapé fixo,nativo,celular,CL,1,0,0,0,0.0
evt_002205,2026-04-17 20:24:00,demo_publisher,site A,sess_001119,page_131,notícias,topo da página,vídeo,computador,BR,2,2,1,0,0.02375
evt_002206,2026-03-09 01:23:00,demo_publisher,site C,sess_000942,page_128,tecnologia,meio do artigo,mídia rica,computador,BR,1,1,1,0,0.00476
evt_002207,2026-04-20 08:24:00,demo_publisher,site C,sess_000612,page_113,entretenimento,lateral,nativo,computador,BR,3,3,2,0,0.03785
evt_002208,2026-03-15 01:42:00,demo_publisher,site C,sess_000627,page_114,notícias,meio do artigo,banner,computador,MX,3,3,1,1,0.01383
evt_002209,2026-03-09 07:11:00,demo_publisher,site B,sess_001814,page_091,esportes,rodapé fixo,nativo,celular,US,6,4,2,0,0.021
evt_002210,2026-04-11 23:50:00,demo_publisher,site A,sess_001350,page_014,tecnologia,lateral,mídia rica,tablet,US,5,5,3,0,0.01401
evt_002211,2026-04-16 11:02:00,demo_publisher,site A,sess_000191,page_040,finanças,topo da página,nativo,celular,AR,2,2,1,0,0.01286
evt_002212,2026-04-06 07:04:00,demo_publisher,site A,sess_001924,page_107,notícias,rodapé fixo,banner,celular,BR,4,3,2,0,0.01471
evt_002213,2026-03-07 22:36:00,demo_publisher,site A,sess_001424,page_046,esportes,meio do artigo,mídia rica,computador,MX,1,1,0,0,0.00272
evt_002214,2026-03-07 22:05:00,demo_publisher,site C,sess_000101,page_024,esportes,lateral,vídeo,celular,AR,6,1,1,0,0.00625
evt_002215,2026-03-24 09:41:00,demo_publisher,site C,sess_001456,page_132,esportes,topo da página,banner,celular,BR,1,1,1,0,0.0
evt_002216,2026-03-28 00:51:00,demo_publisher,site A,sess_001179,page_068,entretenimento,meio do artigo,mídia rica,celular,BR,2,2,1,0,0.00803
evt_002217,2026-04-29 21:59:00,demo_publisher,site B,sess_001830,page_120,estilo de vida,rodapé fixo,vídeo,celular,AR,4,3,2,0,0.0153
evt_002218,2026-03-18 04:31:00,demo_publisher,site A,sess_000979,page_040,tecnologia,rodapé fixo,vídeo,celular,BR,5,5,4,0,0.05297
evt_002219,2026-03-12 13:19:00,demo_publisher,site A,sess_001037,page_050,notícias,rodapé fixo,mídia rica,computador,BR,4,3,3,0,0.01374
evt_002220,2026-04-26 18:05:00,demo_publisher,site C,sess_000630,page_048,finanças,lateral,banner,celular,BR,6,4,1,0,0.0071
evt_002221,2026-03-10 05:42:00,demo_publisher,site C,sess_000643,page_052,esportes,topo da página,vídeo,celular,BR,2,1,1,0,0.00601
evt_002222,2026-03-02 14:01:00,demo_publisher,site A,sess_001236,page_061,tecnologia,meio do artigo,banner,computador,US,6,5,3,0,0.02757
evt_002223,2026-03-26 08:49:00,demo_publisher,site C,sess_001655,page_042,entretenimento,topo da página,vídeo,tablet,BR,2,2,1,1,0.0206
evt_002224,2026-03-25 01:33:00,demo_publisher,site A,sess_001781,page_114,finanças,lateral,vídeo,computador,BR,5,5,3,0,0.03491
evt_002225,2026-04-07 04:19:00,demo_publisher,site B,sess_001541,page_046,entretenimento,topo da página,vídeo,computador,BR,2,2,1,0,0.0111
evt_002226,2026-04-22 15:56:00,demo_publisher,site A,sess_001219,page_062,notícias,intersticial,vídeo,celular,BR,5,1,1,0,0.0071
evt_002227,2026-04-25 23:22:00,demo_publisher,site A,sess_001001,page_120,esportes,topo da página,vídeo,celular,BR,1,1,1,0,0.00826
evt_002228,2026-03-18 09:04:00,demo_publisher,site B,sess_000679,page_061,tecnologia,topo da página,banner,computador,BR,5,4,2,0,0.03354
evt_002229,2026-04-28 20:22:00,demo_publisher,site A,sess_001535,page_002,esportes,rodapé fixo,banner,computador,US,5,5,5,0,0.02729
evt_002230,2026-04-07 23:01:00,demo_publisher,site A,sess_000636,page_001,entretenimento,topo da página,banner,computador,BR,3,2,0,0,0.00276
evt_002231,2026-03-05 04:16:00,demo_publisher,site A,sess_000536,page_061,notícias,topo da página,vídeo,computador,BR,5,5,1,0,0.02707
evt_002232,2026-04-26 07:21:00,demo_publisher,site B,sess_001735,page_091,tecnologia,meio do artigo,nativo,celular,BR,4,4,1,0,0.03095
evt_002233,2026-03-09 06:42:00,demo_publisher,site A,sess_001179,page_132,notícias,intersticial,nativo,computador,BR,2,1,1,0,0.00931
evt_002234,2026-04-05 07:34:00,demo_publisher,site A,sess_000709,page_019,notícias,topo da página,banner,celular,BR,4,4,4,0,0.0178
evt_002235,2026-04-17 10:39:00,demo_publisher,site A,sess_001730,page_076,finanças,meio do artigo,nativo,celular,BR,4,4,2,0,0.02116
evt_002236,2026-03-15 23:11:00,demo_publisher,site A,sess_001925,page_041,entretenimento,topo da página,banner,celular,BR,3,3,3,0,0.00814
evt_002237,2026-03-17 05:42:00,demo_publisher,site A,sess_000636,page_063,estilo de vida,meio do artigo,mídia rica,tablet,BR,2,2,0,0,0.01742
evt_002238,2026-03-29 13:41:00,demo_publisher,site A,sess_001043,page_062,estilo de vida,meio do artigo,vídeo,computador,BR,3,2,1,0,0.01064
evt_002239,2026-04-23 02:10:00,demo_publisher,site B,sess_000967,page_044,notícias,lateral,nativo,computador,BR,1,1,0,0,0.01052
evt_002240,2026-03-14 09:59:00,demo_publisher,site A,sess_001403,page_003,notícias,meio do artigo,vídeo,computador,BR,4,3,0,0,0.01635
evt_002241,2026-04-09 19:22:00,demo_publisher,site A,sess_001902,page_011,notícias,rodapé fixo,banner,computador,BR,4,3,1,0,0.00944
evt_002242,2026-03-28 03:43:00,demo_publisher,site A,sess_001097,page_073,tecnologia,lateral,banner,celular,CL,4,3,3,0,0.00459
evt_002243,2026-03-07 17:03:00,demo_publisher,site A,sess_001596,page_032,esportes,lateral,nativo,computador,AR,5,5,0,0,0.02383
evt_002244,2026-04-12 15:39:00,demo_publisher,site A,sess_001191,page_046,esportes,meio do artigo,vídeo,celular,BR,3,2,2,0,0.01354
evt_002245,2026-04-19 22:50:00,demo_publisher,site B,sess_001774,page_013,estilo de vida,meio do artigo,banner,tablet,US,3,2,1,0,0.01015
evt_002246,2026-04-04 12:54:00,demo_publisher,site A,sess_000809,page_007,estilo de vida,meio do artigo,banner,computador,MX,5,3,1,0,0.00933
evt_002247,2026-03-11 13:57:00,demo_publisher,site B,sess_000771,page_018,finanças,meio do artigo,nativo,computador,BR,2,2,2,0,0.02309
evt_002248,2026-03-10 08:14:00,demo_publisher,site A,sess_000845,page_053,notícias,topo da página,banner,celular,BR,1,1,1,0,0.0046
evt_002249,2026-03-26 09:50:00,demo_publisher,site A,sess_001993,page_023,finanças,topo da página,banner,celular,BR,2,2,1,0,0.01059
evt_002250,2026-03-31 09:14:00,demo_publisher,site A,sess_001223,page_033,tecnologia,meio do artigo,nativo,computador,MX,5,3,2,0,0.02876
evt_002251,2026-04-03 03:08:00,demo_publisher,site A,sess_000305,page_042,esportes,topo da página,mídia rica,celular,BR,3,2,1,1,0.00857
evt_002252,2026-03-15 14:51:00,demo_publisher,site B,sess_000082,page_041,tecnologia,topo da página,banner,computador,BR,2,1,1,0,0.00604
evt_002253,2026-03-31 01:06:00,demo_publisher,site B,sess_001038,page_002,notícias,meio do artigo,banner,celular,BR,3,2,1,0,0.009
evt_002254,2026-03-18 16:54:00,demo_publisher,site A,sess_001611,page_017,entretenimento,rodapé fixo,banner,celular,BR,2,2,1,0,0.01176
evt_002255,2026-04-11 04:04:00,demo_publisher,site A,sess_000959,page_133,entretenimento,topo da página,banner,computador,BR,5,4,4,0,0.00758
evt_002256,2026-04-17 18:55:00,demo_publisher,site A,sess_001120,page_093,notícias,rodapé fixo,vídeo,computador,BR,1,1,1,0,0.00414
evt_002257,2026-04-09 03:52:00,demo_publisher,site A,sess_001597,page_018,finanças,topo da página,banner,celular,BR,2,1,1,0,0.00345
evt_002258,2026-03-01 01:47:00,demo_publisher,site B,sess_001033,page_040,finanças,intersticial,banner,celular,BR,5,4,1,0,0.02219
evt_002259,2026-04-29 12:32:00,demo_publisher,site C,sess_001817,page_054,tecnologia,meio do artigo,mídia rica,celular,BR,5,4,1,0,0.02428
evt_002260,2026-03-02 10:13:00,demo_publisher,site B,sess_001276,page_126,estilo de vida,meio do artigo,vídeo,celular,BR,2,2,1,0,0.01169
evt_002261,2026-04-29 23:10:00,demo_publisher,site A,sess_001462,page_123,estilo de vida,lateral,banner,celular,BR,6,3,2,0,0.00438
evt_002262,2026-03-02 21:45:00,demo_publisher,site A,sess_001563,page_108,notícias,meio do artigo,banner,celular,BR,1,0,0,0,0.00274
evt_002263,2026-03-31 23:42:00,demo_publisher,site B,sess_001254,page_015,notícias,meio do artigo,vídeo,celular,BR,2,2,1,0,0.01408
evt_002264,2026-03-07 08:35:00,demo_publisher,site C,sess_000101,page_069,estilo de vida,meio do artigo,nativo,computador,BR,2,2,1,0,0.0098
evt_002265,2026-03-06 17:05:00,demo_publisher,site A,sess_000855,page_068,estilo de vida,intersticial,mídia rica,computador,BR,4,2,1,0,0.01604
evt_002266,2026-04-11 00:05:00,demo_publisher,site A,sess_000283,page_089,tecnologia,rodapé fixo,banner,celular,BR,4,4,3,0,0.01264
evt_002267,2026-04-13 16:05:00,demo_publisher,site B,sess_001021,page_118,tecnologia,meio do artigo,vídeo,computador,BR,3,1,1,0,0.01399
evt_002268,2026-03-08 02:15:00,demo_publisher,site B,sess_000287,page_045,estilo de vida,rodapé fixo,banner,computador,AR,2,2,2,0,0.00817
evt_002269,2026-04-28 14:23:00,demo_publisher,site C,sess_001019,page_078,finanças,topo da página,banner,computador,BR,4,3,2,0,0.01875
evt_002270,2026-03-20 05:27:00,demo_publisher,site B,sess_000688,page_037,entretenimento,meio do artigo,vídeo,tablet,BR,3,3,1,0,0.02024
evt_002271,2026-03-20 02:23:00,demo_publisher,site A,sess_000041,page_030,tecnologia,meio do artigo,vídeo,celular,BR,6,2,2,0,0.01344
evt_002272,2026-03-18 19:38:00,demo_publisher,site B,sess_000250,page_044,entretenimento,meio do artigo,banner,celular,AR,1,1,1,0,0.00461
evt_002273,2026-03-28 16:08:00,demo_publisher,site A,sess_001006,page_103,entretenimento,rodapé fixo,banner,tablet,CL,6,2,2,0,0.00606
evt_002274,2026-03-11 16:04:00,demo_publisher,site C,sess_000158,page_061,finanças,rodapé fixo,vídeo,celular,BR,5,4,3,0,0.06276
evt_002275,2026-03-26 11:40:00,demo_publisher,site A,sess_001712,page_095,tecnologia,rodapé fixo,banner,celular,BR,3,2,2,0,0.00711
evt_002276,2026-03-13 14:22:00,demo_publisher,site C,sess_001517,page_097,estilo de vida,lateral,banner,celular,BR,5,5,2,0,0.01697
evt_002277,2026-03-04 02:02:00,demo_publisher,site A,sess_001418,page_051,notícias,meio do artigo,banner,celular,US,5,3,1,0,0.01611
evt_002278,2026-03-23 02:58:00,demo_publisher,site B,sess_000345,page_133,estilo de vida,rodapé fixo,banner,celular,BR,6,6,4,0,0.04433
evt_002279,2026-04-10 08:03:00,demo_publisher,site B,sess_001591,page_007,finanças,topo da página,vídeo,celular,BR,4,4,3,0,0.02821
evt_002280,2026-04-15 18:50:00,demo_publisher,site A,sess_001269,page_125,finanças,rodapé fixo,banner,celular,BR,1,1,1,0,0.00154
evt_002281,2026-03-22 04:48:00,demo_publisher,site B,sess_000781,page_002,notícias,topo da página,nativo,celular,BR,5,5,4,0,0.0285
evt_002282,2026-03-20 10:11:00,demo_publisher,site B,sess_000001,page_054,tecnologia,rodapé fixo,nativo,celular,BR,1,0,0,0,0.0
evt_002283,2026-04-17 05:56:00,demo_publisher,site B,sess_001058,page_115,estilo de vida,lateral,banner,computador,BR,6,4,2,0,0.01884
evt_002284,2026-04-10 20:54:00,demo_publisher,site A,sess_001592,page_096,finanças,topo da página,nativo,computador,MX,5,4,1,0,0.03218
evt_002285,2026-04-19 22:15:00,demo_publisher,site A,sess_000067,page_045,notícias,topo da página,banner,computador,BR,5,4,2,0,0.01499
evt_002286,2026-04-24 08:47:00,demo_publisher,site A,sess_000106,page_124,estilo de vida,meio do artigo,vídeo,computador,BR,3,3,1,0,0.0211
evt_002287,2026-04-19 06:34:00,demo_publisher,site A,sess_000766,page_020,notícias,meio do artigo,vídeo,celular,BR,1,1,1,0,0.00653
evt_002288,2026-04-26 04:32:00,demo_publisher,site B,sess_001023,page_094,esportes,rodapé fixo,vídeo,computador,BR,3,2,1,0,0.02459
evt_002289,2026-03-25 23:59:00,demo_publisher,site A,sess_000949,page_073,esportes,topo da página,banner,tablet,BR,2,2,2,0,0.01079
evt_002290,2026-03-24 16:19:00,demo_publisher,site A,sess_000852,page_029,entretenimento,meio do artigo,vídeo,computador,BR,6,2,2,0,0.01242
evt_002291,2026-03-20 07:01:00,demo_publisher,site A,sess_000511,page_128,finanças,topo da página,nativo,computador,MX,5,4,2,0,0.01687
evt_002292,2026-03-15 02:43:00,demo_publisher,site C,sess_000120,page_107,estilo de vida,topo da página,banner,celular,BR,2,2,1,0,0.00769
evt_002293,2026-04-14 22:18:00,demo_publisher,site A,sess_000063,page_002,entretenimento,topo da página,banner,computador,BR,1,1,0,0,0.00576
evt_002294,2026-04-12 20:48:00,demo_publisher,site B,sess_000198,page_013,finanças,rodapé fixo,banner,computador,BR,6,5,3,0,0.03512
evt_002295,2026-04-18 02:00:00,demo_publisher,site C,sess_001381,page_008,entretenimento,lateral,banner,computador,BR,4,1,0,0,0.00499
evt_002296,2026-03-11 01:02:00,demo_publisher,site B,sess_001572,page_058,notícias,rodapé fixo,banner,celular,BR,5,3,2,0,0.00835
evt_002297,2026-03-30 11:24:00,demo_publisher,site A,sess_000870,page_058,esportes,meio do artigo,mídia rica,computador,AR,4,3,2,0,0.02913
evt_002298,2026-03-14 07:37:00,demo_publisher,site B,sess_000155,page_101,notícias,topo da página,mídia rica,celular,AR,2,0,0,0,0.0
evt_002299,2026-04-23 13:57:00,demo_publisher,site C,sess_000831,page_094,estilo de vida,topo da página,banner,computador,US,5,5,5,0,0.01953
evt_002300,2026-03-17 01:04:00,demo_publisher,site A,sess_001971,page_003,entretenimento,meio do artigo,mídia rica,computador,BR,2,2,2,0,0.00709
evt_002301,2026-03-09 15:13:00,demo_publisher,site C,sess_000500,page_067,estilo de vida,topo da página,vídeo,computador,BR,5,3,3,0,0.02289
evt_002302,2026-04-04 04:36:00,demo_publisher,site B,sess_000982,page_110,estilo de vida,topo da página,nativo,computador,BR,6,5,4,0,0.05497
evt_002303,2026-04-22 17:51:00,demo_publisher,site B,sess_001076,page_125,esportes,lateral,mídia rica,celular,BR,1,1,0,0,0.00247
evt_002304,2026-04-24 22:39:00,demo_publisher,site B,sess_000660,page_041,entretenimento,topo da página,vídeo,celular,CL,5,4,2,0,0.01238
evt_002305,2026-03-06 18:22:00,demo_publisher,site A,sess_000876,page_007,finanças,meio do artigo,nativo,celular,BR,5,4,2,0,0.02514
evt_002306,2026-03-20 13:17:00,demo_publisher,site A,sess_000944,page_022,esportes,meio do artigo,banner,celular,US,5,4,4,1,0.01719
evt_002307,2026-03-10 05:04:00,demo_publisher,site B,sess_000948,page_048,entretenimento,lateral,banner,computador,BR,5,3,1,0,0.01521
evt_002308,2026-03-19 11:19:00,demo_publisher,site C,sess_001435,page_062,finanças,meio do artigo,mídia rica,celular,US,6,5,3,0,0.03984
evt_002309,2026-04-02 00:43:00,demo_publisher,site A,sess_001162,page_049,esportes,lateral,banner,celular,US,1,0,0,0,0.0
evt_002310,2026-03-17 20:01:00,demo_publisher,site B,sess_000107,page_013,notícias,meio do artigo,banner,celular,BR,2,1,1,0,0.00338
evt_002311,2026-03-05 01:13:00,demo_publisher,site B,sess_000013,page_048,notícias,topo da página,banner,celular,BR,3,3,3,0,0.00714
evt_002312,2026-03-31 14:26:00,demo_publisher,site A,sess_000821,page_041,tecnologia,meio do artigo,nativo,computador,BR,6,5,3,0,0.04062
evt_002313,2026-03-04 04:02:00,demo_publisher,site B,sess_001815,page_068,finanças,topo da página,banner,celular,BR,4,2,2,0,0.00879
evt_002314,2026-03-14 14:26:00,demo_publisher,site A,sess_000074,page_012,entretenimento,meio do artigo,mídia rica,celular,BR,4,3,2,0,0.00874
evt_002315,2026-03-01 00:44:00,demo_publisher,site A,sess_000143,page_110,notícias,rodapé fixo,banner,celular,US,3,3,1,0,0.00977
evt_002316,2026-03-06 05:01:00,demo_publisher,site A,sess_001358,page_058,estilo de vida,rodapé fixo,mídia rica,computador,BR,1,1,1,0,0.00629
evt_002317,2026-03-27 04:17:00,demo_publisher,site A,sess_000902,page_045,tecnologia,topo da página,nativo,computador,BR,3,3,3,0,0.02046
evt_002318,2026-04-21 01:01:00,demo_publisher,site B,sess_000462,page_127,estilo de vida,topo da página,nativo,tablet,BR,3,3,2,0,0.0103
evt_002319,2026-04-16 11:27:00,demo_publisher,site A,sess_000415,page_104,finanças,topo da página,banner,celular,BR,1,0,0,0,0.0
evt_002320,2026-03-06 22:18:00,demo_publisher,site B,sess_001330,page_020,estilo de vida,intersticial,banner,computador,US,1,1,1,0,0.00238
evt_002321,2026-03-03 02:10:00,demo_publisher,site C,sess_001048,page_021,estilo de vida,meio do artigo,vídeo,computador,BR,5,4,2,1,0.045
evt_002322,2026-03-21 06:50:00,demo_publisher,site B,sess_001276,page_001,tecnologia,meio do artigo,vídeo,celular,BR,2,1,1,0,0.01968
evt_002323,2026-04-09 03:15:00,demo_publisher,site B,sess_000561,page_078,esportes,topo da página,banner,computador,AR,2,2,2,0,0.00937
evt_002324,2026-04-14 19:17:00,demo_publisher,site B,sess_001053,page_050,finanças,rodapé fixo,mídia rica,computador,MX,1,1,1,0,0.01226
evt_002325,2026-04-19 09:18:00,demo_publisher,site C,sess_001720,page_053,estilo de vida,meio do artigo,vídeo,tablet,BR,3,1,0,1,0.00174
evt_002326,2026-03-21 12:46:00,demo_publisher,site B,sess_000633,page_071,esportes,topo da página,banner,computador,BR,1,1,1,0,0.00889
evt_002327,2026-03-11 01:55:00,demo_publisher,site A,sess_000793,page_075,notícias,meio do artigo,nativo,computador,US,4,3,3,0,0.01441
evt_002328,2026-03-02 13:56:00,demo_publisher,site A,sess_000328,page_001,entretenimento,lateral,vídeo,celular,BR,1,0,0,0,0.0
evt_002329,2026-03-09 19:29:00,demo_publisher,site A,sess_001277,page_015,notícias,meio do artigo,vídeo,computador,BR,1,1,1,0,0.01421
evt_002330,2026-03-04 21:49:00,demo_publisher,site C,sess_000065,page_110,esportes,intersticial,banner,computador,BR,6,4,4,0,0.01893
evt_002331,2026-04-21 15:33:00,demo_publisher,site B,sess_000498,page_133,estilo de vida,rodapé fixo,banner,celular,US,3,1,1,0,0.00591
evt_002332,2026-03-17 02:30:00,demo_publisher,site A,sess_001426,page_117,notícias,meio do artigo,banner,celular,US,2,2,1,0,0.00675
evt_002333,2026-04-19 09:17:00,demo_publisher,site A,sess_000039,page_126,notícias,intersticial,banner,celular,BR,1,0,0,0,0.0
evt_002334,2026-04-03 04:32:00,demo_publisher,site C,sess_001978,page_065,notícias,rodapé fixo,banner,celular,BR,3,3,1,0,0.01031
evt_002335,2026-04-02 08:04:00,demo_publisher,site B,sess_000808,page_115,notícias,meio do artigo,nativo,celular,BR,2,1,0,0,0.00458
evt_002336,2026-03-28 06:54:00,demo_publisher,site A,sess_000798,page_123,finanças,rodapé fixo,nativo,celular,BR,2,2,1,0,0.02041
evt_002337,2026-04-19 03:38:00,demo_publisher,site B,sess_001073,page_125,tecnologia,meio do artigo,banner,celular,BR,3,2,1,0,0.00781
evt_002338,2026-03-03 14:34:00,demo_publisher,site A,sess_001278,page_021,esportes,meio do artigo,nativo,celular,BR,1,1,1,0,0.0038
evt_002339,2026-03-06 13:34:00,demo_publisher,site C,sess_000919,page_021,finanças,meio do artigo,banner,computador,BR,3,3,0,0,0.00994
evt_002340,2026-03-26 09:40:00,demo_publisher,site B,sess_001768,page_056,estilo de vida,rodapé fixo,banner,celular,BR,3,3,1,0,0.01483
evt_002341,2026-03-24 16:03:00,demo_publisher,site A,sess_001924,page_071,esportes,rodapé fixo,vídeo,computador,BR,3,2,1,0,0.01072
evt_002342,2026-04-02 17:39:00,demo_publisher,site A,sess_000401,page_134,finanças,meio do artigo,mídia rica,computador,BR,5,3,3,0,0.02383
evt_002343,2026-04-14 06:25:00,demo_publisher,site B,sess_001413,page_045,esportes,lateral,banner,tablet,BR,1,1,0,0,0.0059
evt_002344,2026-04-05 06:03:00,demo_publisher,site B,sess_000602,page_116,esportes,lateral,vídeo,computador,BR,2,1,0,0,0.00613
evt_002345,2026-03-16 10:43:00,demo_publisher,site A,sess_001991,page_124,esportes,rodapé fixo,mídia rica,computador,BR,3,3,2,0,0.01273
evt_002346,2026-03-20 15:17:00,demo_publisher,site B,sess_000507,page_135,notícias,meio do artigo,nativo,computador,BR,3,2,2,0,0.01318
evt_002347,2026-04-15 03:21:00,demo_publisher,site A,sess_000590,page_027,entretenimento,topo da página,mídia rica,celular,BR,1,1,1,0,0.00427
evt_002348,2026-03-13 02:06:00,demo_publisher,site C,sess_001428,page_034,entretenimento,topo da página,banner,celular,BR,2,1,0,0,0.00067
evt_002349,2026-03-31 06:01:00,demo_publisher,site C,sess_001578,page_031,tecnologia,topo da página,banner,computador,BR,2,2,0,0,0.00456
evt_002350,2026-04-02 07:51:00,demo_publisher,site A,sess_000258,page_103,notícias,topo da página,vídeo,celular,BR,6,6,4,0,0.02246
evt_002351,2026-04-15 00:22:00,demo_publisher,site A,sess_001111,page_096,tecnologia,meio do artigo,nativo,celular,US,1,1,1,0,0.00285
evt_002352,2026-04-12 20:40:00,demo_publisher,site A,sess_000692,page_057,estilo de vida,topo da página,banner,tablet,BR,3,3,3,0,0.01175
evt_002353,2026-03-28 21:08:00,demo_publisher,site A,sess_001223,page_013,notícias,rodapé fixo,banner,celular,BR,2,2,1,0,0.01433
evt_002354,2026-03-19 13:11:00,demo_publisher,site B,sess_001113,page_073,entretenimento,meio do artigo,banner,computador,BR,6,6,4,0,0.0347
evt_002355,2026-03-23 01:46:00,demo_publisher,site C,sess_001971,page_102,tecnologia,meio do artigo,banner,celular,BR,4,3,1,0,0.01274
evt_002356,2026-03-25 16:41:00,demo_publisher,site B,sess_001867,page_066,notícias,rodapé fixo,banner,computador,MX,2,2,2,0,0.01362
evt_002357,2026-03-14 03:37:00,demo_publisher,site C,sess_001308,page_038,entretenimento,meio do artigo,mídia rica,celular,BR,6,5,5,1,0.0189
evt_002358,2026-04-07 12:35:00,demo_publisher,site C,sess_001359,page_083,notícias,lateral,banner,computador,CL,4,3,2,0,0.01891
evt_002359,2026-03-13 12:03:00,demo_publisher,site B,sess_001797,page_092,finanças,rodapé fixo,vídeo,computador,BR,2,1,1,0,0.00786
evt_002360,2026-04-08 22:05:00,demo_publisher,site A,sess_000367,page_083,notícias,meio do artigo,banner,tablet,CL,5,5,0,0,0.00971
evt_002361,2026-04-15 02:08:00,demo_publisher,site C,sess_001451,page_122,notícias,meio do artigo,banner,celular,BR,5,5,4,0,0.02262
evt_002362,2026-04-27 17:02:00,demo_publisher,site A,sess_001544,page_044,entretenimento,meio do artigo,mídia rica,celular,AR,4,3,1,0,0.01696
evt_002363,2026-03-08 03:13:00,demo_publisher,site C,sess_000255,page_085,estilo de vida,meio do artigo,banner,tablet,AR,1,1,0,0,0.00209
evt_002364,2026-04-15 14:00:00,demo_publisher,site A,sess_001762,page_119,esportes,lateral,banner,computador,BR,5,4,1,0,0.01164
evt_002365,2026-03-06 03:48:00,demo_publisher,site A,sess_001399,page_030,tecnologia,meio do artigo,vídeo,computador,CL,3,3,0,0,0.04028
evt_002366,2026-03-21 05:38:00,demo_publisher,site A,sess_000694,page_040,entretenimento,meio do artigo,banner,celular,BR,1,1,1,0,0.00203
evt_002367,2026-03-11 13:51:00,demo_publisher,site A,sess_000969,page_007,entretenimento,meio do artigo,banner,computador,BR,3,1,0,0,0.00504
evt_002368,2026-03-10 17:41:00,demo_publisher,site B,sess_000979,page_053,entretenimento,topo da página,mídia rica,celular,BR,3,3,2,0,0.01601
evt_002369,2026-03-11 12:29:00,demo_publisher,site A,sess_001837,page_007,entretenimento,topo da página,banner,computador,BR,1,1,0,0,0.00543
evt_002370,2026-03-03 15:16:00,demo_publisher,site B,sess_001938,page_104,estilo de vida,meio do artigo,nativo,computador,BR,2,2,1,0,0.00487
evt_002371,2026-04-19 09:16:00,demo_publisher,site A,sess_001613,page_013,esportes,topo da página,banner,computador,BR,4,3,1,0,0.01308
evt_002372,2026-03-04 16:01:00,demo_publisher,site B,sess_001304,page_097,entretenimento,lateral,banner,computador,BR,5,3,2,0,0.00777
evt_002373,2026-03-24 21:50:00,demo_publisher,site B,sess_000209,page_081,notícias,rodapé fixo,banner,computador,BR,1,1,1,0,0.0
evt_002374,2026-04-11 22:47:00,demo_publisher,site C,sess_001829,page_138,notícias,rodapé fixo,nativo,computador,BR,2,2,1,0,0.01197
evt_002375,2026-04-29 10:09:00,demo_publisher,site C,sess_000268,page_049,finanças,meio do artigo,banner,computador,BR,5,5,4,0,0.03995
evt_002376,2026-04-21 05:20:00,demo_publisher,site A,sess_000334,page_048,esportes,meio do artigo,mídia rica,celular,BR,1,0,0,0,0.00414
evt_002377,2026-03-09 05:35:00,demo_publisher,site B,sess_000140,page_034,estilo de vida,lateral,vídeo,celular,BR,4,4,4,0,0.02486
evt_002378,2026-04-29 06:20:00,demo_publisher,site A,sess_001895,page_075,entretenimento,lateral,nativo,computador,BR,3,3,2,0,0.02122
evt_002379,2026-04-09 05:05:00,demo_publisher,site A,sess_000986,page_031,finanças,intersticial,banner,computador,US,5,3,1,0,0.02041
evt_002380,2026-03-11 18:34:00,demo_publisher,site A,sess_000472,page_016,estilo de vida,meio do artigo,nativo,computador,BR,1,1,1,0,0.00404
evt_002381,2026-03-27 22:10:00,demo_publisher,site C,sess_000162,page_132,finanças,topo da página,vídeo,computador,CL,1,1,1,0,0.00898
evt_002382,2026-04-25 01:45:00,demo_publisher,site B,sess_000824,page_095,tecnologia,meio do artigo,banner,celular,BR,5,4,1,0,0.02909
evt_002383,2026-03-24 13:48:00,demo_publisher,site C,sess_001447,page_017,notícias,rodapé fixo,vídeo,computador,BR,2,2,2,0,0.01969
evt_002384,2026-03-12 00:26:00,demo_publisher,site A,sess_001989,page_086,notícias,lateral,nativo,tablet,MX,3,3,1,1,0.00923
evt_002385,2026-04-22 12:07:00,demo_publisher,site C,sess_001105,page_043,estilo de vida,rodapé fixo,mídia rica,computador,BR,5,5,3,2,0.04007
evt_002386,2026-04-27 04:17:00,demo_publisher,site B,sess_001214,page_026,finanças,lateral,mídia rica,celular,BR,3,1,1,0,0.00883
evt_002387,2026-04-28 12:51:00,demo_publisher,site A,sess_001671,page_066,finanças,intersticial,banner,celular,BR,3,0,0,0,0.00378
evt_002388,2026-04-27 08:13:00,demo_publisher,site A,sess_001803,page_110,esportes,meio do artigo,banner,computador,BR,1,0,0,0,0.00086
evt_002389,2026-04-22 08:55:00,demo_publisher,site B,sess_000560,page_001,notícias,intersticial,nativo,computador,BR,4,3,2,0,0.01402
evt_002390,2026-03-28 06:27:00,demo_publisher,site A,sess_001983,page_050,estilo de vida,rodapé fixo,nativo,computador,BR,1,1,1,0,0.00736
evt_002391,2026-03-12 12:54:00,demo_publisher,site A,sess_001038,page_129,finanças,rodapé fixo,vídeo,celular,BR,3,2,2,0,0.00918
evt_002392,2026-04-07 00:42:00,demo_publisher,site C,sess_001860,page_055,finanças,rodapé fixo,banner,celular,BR,3,3,3,0,0.01493
evt_002393,2026-03-14 05:56:00,demo_publisher,site B,sess_000235,page_014,entretenimento,meio do artigo,nativo,computador,BR,5,2,1,0,0.01248
evt_002394,2026-03-29 09:20:00,demo_publisher,site A,sess_000195,page_060,tecnologia,rodapé fixo,mídia rica,celular,BR,5,3,3,0,0.01874
evt_002395,2026-04-09 08:44:00,demo_publisher,site A,sess_001769,page_095,notícias,meio do artigo,mídia rica,celular,BR,4,1,0,0,0.0043
evt_002396,2026-04-26 19:04:00,demo_publisher,site B,sess_001345,page_139,estilo de vida,rodapé fixo,banner,celular,BR,4,2,1,0,0.01089
evt_002397,2026-03-18 08:16:00,demo_publisher,site B,sess_000350,page_088,notícias,rodapé fixo,mídia rica,computador,BR,2,2,2,0,0.01856
evt_002398,2026-03-16 02:45:00,demo_publisher,site C,sess_001789,page_008,notícias,rodapé fixo,banner,celular,BR,3,3,2,0,0.00436
evt_002399,2026-04-14 02:00:00,demo_publisher,site B,sess_000205,page_113,tecnologia,meio do artigo,nativo,computador,BR,6,4,3,0,0.02363
evt_002400,2026-03-01 09:18:00,demo_publisher,site C,sess_001364,page_109,notícias,rodapé fixo,banner,computador,BR,5,4,4,0,0.01009
evt_002401,2026-04-03 23:38:00,demo_publisher,site B,sess_000410,page_091,esportes,rodapé fixo,nativo,celular,BR,5,3,3,0,0.01434
evt_002402,2026-04-14 18:07:00,demo_publisher,site B,sess_000142,page_125,entretenimento,lateral,banner,tablet,BR,6,5,4,0,0.00848
evt_002403,2026-04-03 01:18:00,demo_publisher,site B,sess_001612,page_107,tecnologia,meio do artigo,banner,computador,BR,1,1,1,0,0.00826
evt_002404,2026-03-24 00:53:00,demo_publisher,site A,sess_001694,page_033,entretenimento,rodapé fixo,banner,computador,BR,1,1,1,0,0.00305
evt_002405,2026-04-19 17:06:00,demo_publisher,site B,sess_000212,page_059,entretenimento,rodapé fixo,mídia rica,tablet,BR,1,1,1,0,0.00277
evt_002406,2026-03-23 06:17:00,demo_publisher,site A,sess_000187,page_071,esportes,meio do artigo,nativo,celular,BR,3,2,1,0,0.01219
evt_002407,2026-04-12 15:10:00,demo_publisher,site A,sess_001229,page_068,estilo de vida,meio do artigo,vídeo,celular,BR,5,5,4,0,0.04526
evt_002408,2026-03-28 20:21:00,demo_publisher,site A,sess_000058,page_089,esportes,lateral,nativo,computador,BR,6,5,3,0,0.02672
evt_002409,2026-03-02 14:16:00,demo_publisher,site B,sess_001492,page_098,estilo de vida,lateral,banner,celular,BR,4,3,2,0,0.00919
evt_002410,2026-04-01 19:56:00,demo_publisher,site C,sess_001831,page_015,esportes,meio do artigo,banner,tablet,BR,5,5,2,0,0.03273
evt_002411,2026-03-03 23:13:00,demo_publisher,site B,sess_001502,page_080,notícias,meio do artigo,banner,computador,BR,6,4,2,0,0.02404
evt_002412,2026-04-25 20:34:00,demo_publisher,site A,sess_000462,page_006,notícias,rodapé fixo,banner,celular,MX,2,2,2,0,0.00867
evt_002413,2026-04-06 02:14:00,demo_publisher,site C,sess_000380,page_072,tecnologia,rodapé fixo,mídia rica,celular,US,5,3,2,0,0.01164
evt_002414,2026-03-23 07:43:00,demo_publisher,site A,sess_001361,page_059,notícias,meio do artigo,banner,tablet,AR,4,4,2,0,0.01457
evt_002415,2026-03-30 04:06:00,demo_publisher,site A,sess_000124,page_029,estilo de vida,rodapé fixo,nativo,celular,US,2,1,1,0,0.00588
evt_002416,2026-04-07 03:37:00,demo_publisher,site A,sess_001075,page_138,tecnologia,meio do artigo,vídeo,computador,BR,3,3,3,0,0.01864
evt_002417,2026-03-16 14:39:00,demo_publisher,site A,sess_000898,page_036,tecnologia,topo da página,mídia rica,celular,BR,1,1,0,0,0.00977
evt_002418,2026-03-18 07:17:00,demo_publisher,site A,sess_001489,page_008,finanças,lateral,banner,tablet,BR,3,2,1,0,0.00685
evt_002419,2026-03-26 02:51:00,demo_publisher,site A,sess_000405,page_050,notícias,topo da página,mídia rica,tablet,CL,4,4,3,0,0.02994
evt_002420,2026-03-16 12:20:00,demo_publisher,site A,sess_001524,page_106,entretenimento,topo da página,nativo,computador,US,3,2,1,0,0.01153
evt_002421,2026-04-15 11:23:00,demo_publisher,site A,sess_001398,page_002,estilo de vida,intersticial,nativo,computador,BR,3,2,2,0,0.01099
evt_002422,2026-03-07 05:29:00,demo_publisher,site A,sess_000478,page_069,finanças,meio do artigo,vídeo,celular,BR,4,3,2,0,0.02321
evt_002423,2026-04-19 14:19:00,demo_publisher,site B,sess_000714,page_059,entretenimento,topo da página,banner,celular,AR,6,5,2,0,0.01046
evt_002424,2026-03-21 21:52:00,demo_publisher,site A,sess_000132,page_121,notícias,meio do artigo,vídeo,computador,BR,3,2,2,0,0.01004
evt_002425,2026-04-03 16:09:00,demo_publisher,site B,sess_000899,page_001,finanças,meio do artigo,nativo,computador,AR,5,4,2,0,0.05455
evt_002426,2026-03-10 11:10:00,demo_publisher,site B,sess_000521,page_003,notícias,lateral,vídeo,computador,BR,3,1,1,0,0.00737
evt_002427,2026-03-24 02:55:00,demo_publisher,site B,sess_000227,page_079,notícias,meio do artigo,vídeo,computador,BR,6,6,2,0,0.02439
evt_002428,2026-04-15 06:37:00,demo_publisher,site B,sess_001120,page_025,esportes,meio do artigo,nativo,computador,BR,4,4,2,0,0.031
evt_002429,2026-03-17 05:48:00,demo_publisher,site B,sess_001135,page_098,estilo de vida,meio do artigo,banner,tablet,BR,5,4,3,0,0.00705
evt_002430,2026-03-08 22:28:00,demo_publisher,site B,sess_000172,page_039,esportes,lateral,banner,celular,BR,2,1,1,0,0.00472
evt_002431,2026-04-01 07:33:00,demo_publisher,site A,sess_000371,page_079,estilo de vida,rodapé fixo,vídeo,computador,BR,4,4,3,0,0.04793
evt_002432,2026-03-10 17:59:00,demo_publisher,site A,sess_000166,page_006,tecnologia,meio do artigo,nativo,celular,BR,2,2,0,0,0.0074
evt_002433,2026-03-19 21:14:00,demo_publisher,site B,sess_001358,page_097,entretenimento,rodapé fixo,mídia rica,celular,BR,4,1,0,0,0.00614
evt_002434,2026-03-28 00:39:00,demo_publisher,site C,sess_000676,page_073,notícias,intersticial,banner,celular,BR,2,2,1,0,0.00851
evt_002435,2026-04-03 20:17:00,demo_publisher,site B,sess_000143,page_001,tecnologia,meio do artigo,nativo,celular,BR,4,3,0,0,0.02674
evt_002436,2026-04-08 08:42:00,demo_publisher,site A,sess_000383,page_037,notícias,topo da página,vídeo,computador,BR,2,2,2,0,0.01998
evt_002437,2026-04-10 14:22:00,demo_publisher,site A,sess_001951,page_009,estilo de vida,lateral,vídeo,tablet,MX,4,4,2,0,0.02121
evt_002438,2026-04-20 15:46:00,demo_publisher,site A,sess_000512,page_007,esportes,rodapé fixo,banner,computador,BR,3,3,1,0,0.00819
evt_002439,2026-03-04 23:09:00,demo_publisher,site C,sess_001369,page_098,tecnologia,topo da página,banner,celular,BR,6,6,3,0,0.02338
evt_002440,2026-03-22 17:44:00,demo_publisher,site A,sess_000937,page_060,notícias,topo da página,mídia rica,tablet,AR,1,1,1,0,0.00679
evt_002441,2026-03-01 01:32:00,demo_publisher,site C,sess_000364,page_112,estilo de vida,lateral,vídeo,celular,BR,2,2,1,0,0.01324
evt_002442,2026-03-01 13:35:00,demo_publisher,site C,sess_000615,page_036,notícias,rodapé fixo,banner,computador,BR,5,4,4,0,0.02656
evt_002443,2026-03-13 17:40:00,demo_publisher,site A,sess_000029,page_100,notícias,topo da página,nativo,computador,BR,6,6,3,0,0.02308
evt_002444,2026-04-05 21:19:00,demo_publisher,site A,sess_001494,page_086,estilo de vida,meio do artigo,banner,computador,BR,5,2,1,0,0.01207
evt_002445,2026-04-23 16:05:00,demo_publisher,site A,sess_000669,page_093,esportes,topo da página,banner,computador,CL,4,4,2,0,0.01283
evt_002446,2026-04-16 09:53:00,demo_publisher,site B,sess_000998,page_116,tecnologia,intersticial,banner,computador,BR,2,2,0,0,0.00835
evt_002447,2026-04-08 18:39:00,demo_publisher,site A,sess_000306,page_099,estilo de vida,lateral,banner,computador,BR,3,2,2,0,0.00421
evt_002448,2026-04-16 16:33:00,demo_publisher,site A,sess_001648,page_104,estilo de vida,meio do artigo,vídeo,celular,BR,6,4,1,0,0.02885
evt_002449,2026-03-11 07:37:00,demo_publisher,site A,sess_000437,page_103,tecnologia,rodapé fixo,banner,computador,BR,2,2,2,0,0.00812
evt_002450,2026-04-20 09:21:00,demo_publisher,site A,sess_001133,page_063,tecnologia,meio do artigo,vídeo,celular,BR,6,5,5,0,0.0649
evt_002451,2026-04-23 09:58:00,demo_publisher,site A,sess_001745,page_101,entretenimento,rodapé fixo,nativo,celular,BR,2,1,0,0,0.00146
evt_002452,2026-03-06 16:52:00,demo_publisher,site B,sess_001426,page_118,notícias,topo da página,banner,computador,BR,3,2,0,1,0.01029
evt_002453,2026-03-29 04:44:00,demo_publisher,site A,sess_001206,page_103,estilo de vida,topo da página,banner,celular,BR,4,4,1,0,0.00671
evt_002454,2026-04-19 19:15:00,demo_publisher,site B,sess_001776,page_085,tecnologia,meio do artigo,banner,celular,BR,2,2,1,0,0.01124
evt_002455,2026-03-29 13:34:00,demo_publisher,site A,sess_000353,page_011,notícias,topo da página,nativo,celular,BR,1,1,1,0,0.00588
evt_002456,2026-04-20 10:16:00,demo_publisher,site B,sess_001927,page_061,esportes,rodapé fixo,mídia rica,celular,BR,2,2,2,0,0.0091
evt_002457,2026-04-26 03:10:00,demo_publisher,site A,sess_001113,page_009,esportes,meio do artigo,vídeo,celular,BR,1,1,1,0,0.00356
evt_002458,2026-03-29 11:31:00,demo_publisher,site B,sess_000820,page_015,estilo de vida,meio do artigo,vídeo,celular,BR,4,4,3,0,0.02015
evt_002459,2026-03-04 13:39:00,demo_publisher,site A,sess_000512,page_051,esportes,rodapé fixo,vídeo,celular,BR,2,1,0,0,0.00337
evt_002460,2026-03-21 09:40:00,demo_publisher,site B,sess_001490,page_065,estilo de vida,meio do artigo,vídeo,celular,BR,3,2,1,0,0.01929
evt_002461,2026-03-13 21:51:00,demo_publisher,site A,sess_001952,page_074,estilo de vida,meio do artigo,nativo,celular,BR,2,2,2,0,0.00513
evt_002462,2026-03-29 10:43:00,demo_publisher,site B,sess_001380,page_126,estilo de vida,topo da página,vídeo,computador,BR,2,2,1,0,0.01278
evt_002463,2026-04-05 03:30:00,demo_publisher,site A,sess_000066,page_107,esportes,intersticial,banner,computador,BR,6,4,2,0,0.01395
evt_002464,2026-03-28 20:00:00,demo_publisher,site C,sess_000938,page_059,tecnologia,lateral,banner,celular,BR,3,3,2,0,0.00818
evt_002465,2026-03-12 17:30:00,demo_publisher,site B,sess_001464,page_047,estilo de vida,rodapé fixo,vídeo,celular,BR,4,2,1,0,0.00455
evt_002466,2026-03-19 01:40:00,demo_publisher,site B,sess_000795,page_100,notícias,rodapé fixo,vídeo,celular,BR,3,1,1,0,0.00763
evt_002467,2026-04-10 18:31:00,demo_publisher,site A,sess_001546,page_039,notícias,meio do artigo,banner,computador,MX,3,2,1,0,0.00938
evt_002468,2026-03-02 14:51:00,demo_publisher,site B,sess_001414,page_123,esportes,topo da página,mídia rica,computador,CL,2,2,2,0,0.02035
evt_002469,2026-03-13 20:17:00,demo_publisher,site C,sess_000135,page_109,entretenimento,lateral,banner,celular,BR,6,3,1,0,0.01318
evt_002470,2026-04-23 12:58:00,demo_publisher,site C,sess_001116,page_095,esportes,topo da página,vídeo,celular,AR,4,4,3,0,0.01477
evt_002471,2026-03-06 22:47:00,demo_publisher,site B,sess_000344,page_035,notícias,intersticial,mídia rica,computador,BR,3,2,1,0,0.01825
evt_002472,2026-03-25 21:14:00,demo_publisher,site A,sess_000973,page_087,notícias,topo da página,banner,tablet,BR,4,3,3,1,0.0063
evt_002473,2026-03-13 10:03:00,demo_publisher,site A,sess_000769,page_115,notícias,meio do artigo,mídia rica,celular,BR,6,5,4,0,0.0232
evt_002474,2026-03-07 06:41:00,demo_publisher,site A,sess_001613,page_011,finanças,meio do artigo,vídeo,celular,BR,4,4,4,0,0.03654
evt_002475,2026-03-26 08:44:00,demo_publisher,site B,sess_001736,page_025,tecnologia,meio do artigo,vídeo,celular,MX,6,4,1,0,0.06231
evt_002476,2026-04-01 06:52:00,demo_publisher,site A,sess_000923,page_072,finanças,lateral,mídia rica,computador,MX,4,4,2,0,0.03489
evt_002477,2026-03-11 13:38:00,demo_publisher,site A,sess_001074,page_050,tecnologia,rodapé fixo,nativo,computador,MX,5,5,5,0,0.01839
evt_002478,2026-03-05 16:01:00,demo_publisher,site A,sess_001252,page_099,notícias,rodapé fixo,nativo,computador,BR,3,2,1,0,0.01269
evt_002479,2026-03-09 01:57:00,demo_publisher,site A,sess_001310,page_056,finanças,rodapé fixo,nativo,computador,US,4,4,2,0,0.04464
evt_002480,2026-04-09 02:13:00,demo_publisher,site B,sess_001271,page_139,tecnologia,meio do artigo,banner,computador,BR,4,2,1,0,0.01626
evt_002481,2026-04-21 14:48:00,demo_publisher,site B,sess_001566,page_042,estilo de vida,meio do artigo,banner,celular,BR,5,2,1,0,0.00285
evt_002482,2026-03-11 19:37:00,demo_publisher,site A,sess_001963,page_051,tecnologia,rodapé fixo,banner,celular,BR,5,2,1,0,0.00817
evt_002483,2026-03-20 05:22:00,demo_publisher,site A,sess_001656,page_001,esportes,meio do artigo,banner,computador,BR,2,2,0,0,0.00826
evt_002484,2026-03-21 15:05:00,demo_publisher,site C,sess_000270,page_035,finanças,topo da página,vídeo,celular,BR,3,1,1,0,0.01527
evt_002485,2026-03-22 15:29:00,demo_publisher,site A,sess_000953,page_033,estilo de vida,topo da página,mídia rica,celular,BR,3,3,2,0,0.02046
evt_002486,2026-03-15 15:47:00,demo_publisher,site B,sess_000923,page_107,notícias,lateral,mídia rica,celular,BR,6,5,4,0,0.04858
evt_002487,2026-03-04 07:35:00,demo_publisher,site B,sess_001018,page_047,tecnologia,lateral,banner,tablet,MX,2,2,0,0,0.00401
evt_002488,2026-04-01 12:13:00,demo_publisher,site B,sess_001057,page_029,esportes,topo da página,nativo,computador,BR,4,3,1,0,0.01365
evt_002489,2026-03-22 10:36:00,demo_publisher,site C,sess_001436,page_044,notícias,topo da página,nativo,computador,MX,2,2,2,0,0.00748
evt_002490,2026-03-21 12:51:00,demo_publisher,site A,sess_000842,page_079,tecnologia,topo da página,banner,celular,US,1,1,1,0,0.00713
evt_002491,2026-03-16 21:19:00,demo_publisher,site C,sess_000527,page_110,tecnologia,meio do artigo,nativo,computador,BR,1,0,0,0,0.0036
evt_002492,2026-04-25 18:14:00,demo_publisher,site A,sess_000915,page_137,entretenimento,topo da página,banner,celular,BR,1,1,1,0,0.00517
evt_002493,2026-04-06 15:05:00,demo_publisher,site C,sess_001709,page_007,entretenimento,rodapé fixo,mídia rica,computador,BR,6,4,2,0,0.02159
evt_002494,2026-03-26 02:54:00,demo_publisher,site B,sess_000623,page_117,esportes,intersticial,banner,celular,BR,6,5,5,0,0.0205
evt_002495,2026-03-13 07:45:00,demo_publisher,site A,sess_000042,page_055,estilo de vida,rodapé fixo,vídeo,celular,CL,1,1,1,0,0.00615
evt_002496,2026-04-18 01:37:00,demo_publisher,site B,sess_001952,page_113,entretenimento,rodapé fixo,mídia rica,celular,BR,2,2,1,0,0.00679
evt_002497,2026-04-23 07:14:00,demo_publisher,site C,sess_000392,page_006,esportes,intersticial,vídeo,computador,MX,3,2,2,0,0.01086
evt_002498,2026-03-02 22:32:00,demo_publisher,site A,sess_001206,page_088,finanças,rodapé fixo,banner,celular,US,1,1,0,0,0.00556
evt_002499,2026-04-25 18:43:00,demo_publisher,site C,sess_001600,page_130,entretenimento,meio do artigo,banner,celular,US,3,2,1,0,0.00237
evt_002500,2026-04-11 23:09:00,demo_publisher,site B,sess_000549,page_006,notícias,rodapé fixo,mídia rica,celular,BR,6,5,4,0,0.0195
evt_002501,2026-03-06 23:45:00,demo_publisher,site C,sess_000681,page_110,entretenimento,meio do artigo,banner,tablet,MX,3,2,2,0,0.00296
evt_002502,2026-04-15 04:32:00,demo_publisher,site C,sess_000561,page_016,finanças,meio do artigo,banner,celular,BR,4,4,3,0,0.02235
evt_002503,2026-03-07 10:39:00,demo_publisher,site A,sess_000300,page_137,entretenimento,topo da página,mídia rica,celular,MX,6,5,4,0,0.00733
evt_002504,2026-03-04 01:14:00,demo_publisher,site A,sess_000306,page_104,estilo de vida,lateral,vídeo,celular,BR,1,1,0,0,0.01033
evt_002505,2026-03-07 22:04:00,demo_publisher,site B,sess_000374,page_127,estilo de vida,rodapé fixo,vídeo,celular,BR,5,4,3,0,0.02294
evt_002506,2026-03-28 14:09:00,demo_publisher,site C,sess_000916,page_125,tecnologia,lateral,banner,tablet,BR,3,3,2,0,0.01873
evt_002507,2026-04-07 04:10:00,demo_publisher,site A,sess_001061,page_044,notícias,meio do artigo,nativo,celular,US,4,3,1,0,0.00944
evt_002508,2026-03-25 10:32:00,demo_publisher,site C,sess_000032,page_058,estilo de vida,lateral,vídeo,computador,CL,6,5,3,0,0.06883
evt_002509,2026-03-08 07:38:00,demo_publisher,site A,sess_001692,page_097,entretenimento,rodapé fixo,banner,computador,BR,5,5,3,0,0.0485
evt_002510,2026-03-12 22:48:00,demo_publisher,site B,sess_001352,page_025,entretenimento,rodapé fixo,banner,celular,BR,2,2,0,0,0.00283
evt_002511,2026-04-21 03:25:00,demo_publisher,site B,sess_000142,page_043,entretenimento,meio do artigo,banner,tablet,US,5,3,1,0,0.01122
evt_002512,2026-04-27 18:10:00,demo_publisher,site B,sess_001685,page_014,estilo de vida,meio do artigo,nativo,computador,BR,2,2,1,0,0.01101
evt_002513,2026-04-15 06:09:00,demo_publisher,site A,sess_000061,page_124,estilo de vida,meio do artigo,banner,tablet,BR,3,3,3,0,0.0153
evt_002514,2026-03-07 04:54:00,demo_publisher,site B,sess_001121,page_035,estilo de vida,rodapé fixo,vídeo,computador,CL,4,4,3,0,0.0368
evt_002515,2026-04-19 04:31:00,demo_publisher,site A,sess_000930,page_058,estilo de vida,topo da página,banner,computador,BR,3,2,1,0,0.00929
evt_002516,2026-04-11 12:27:00,demo_publisher,site B,sess_001004,page_063,estilo de vida,rodapé fixo,banner,tablet,MX,6,5,3,0,0.01357
evt_002517,2026-04-01 13:31:00,demo_publisher,site A,sess_001912,page_053,notícias,topo da página,mídia rica,tablet,BR,2,2,1,0,0.01572
evt_002518,2026-03-09 14:15:00,demo_publisher,site C,sess_001854,page_109,notícias,intersticial,mídia rica,celular,BR,4,1,0,0,0.00804
evt_002519,2026-04-29 19:12:00,demo_publisher,site A,sess_000558,page_128,estilo de vida,meio do artigo,nativo,tablet,BR,2,0,0,0,0.00147
evt_002520,2026-03-27 13:21:00,demo_publisher,site A,sess_001159,page_080,esportes,lateral,mídia rica,celular,BR,4,4,2,0,0.01067
evt_002521,2026-03-03 15:36:00,demo_publisher,site C,sess_001918,page_117,esportes,lateral,banner,celular,BR,6,4,1,0,0.01547
evt_002522,2026-03-13 14:21:00,demo_publisher,site B,sess_001457,page_016,notícias,rodapé fixo,nativo,celular,BR,6,3,1,0,0.0276
evt_002523,2026-03-25 01:49:00,demo_publisher,site A,sess_001775,page_135,tecnologia,rodapé fixo,banner,computador,BR,5,2,1,0,0.00552
evt_002524,2026-03-04 17:45:00,demo_publisher,site C,sess_000870,page_017,entretenimento,topo da página,nativo,computador,US,4,4,4,0,0.02642
evt_002525,2026-03-20 10:28:00,demo_publisher,site A,sess_000566,page_010,estilo de vida,topo da página,vídeo,computador,BR,3,2,1,0,0.02702
evt_002526,2026-03-29 02:30:00,demo_publisher,site B,sess_001021,page_004,entretenimento,topo da página,vídeo,computador,BR,2,2,1,0,0.01692
evt_002527,2026-04-26 22:02:00,demo_publisher,site B,sess_001634,page_034,entretenimento,lateral,banner,computador,BR,1,1,0,0,0.00631
evt_002528,2026-03-06 04:22:00,demo_publisher,site A,sess_001857,page_117,notícias,lateral,banner,computador,BR,4,3,2,0,0.01918
evt_002529,2026-04-04 14:40:00,demo_publisher,site B,sess_001372,page_042,notícias,meio do artigo,mídia rica,computador,BR,5,3,2,0,0.01408
evt_002530,2026-04-24 22:41:00,demo_publisher,site B,sess_001413,page_110,notícias,rodapé fixo,nativo,celular,BR,6,3,2,0,0.01551
evt_002531,2026-04-18 08:54:00,demo_publisher,site B,sess_001024,page_059,notícias,meio do artigo,banner,computador,US,6,6,3,0,0.0266
evt_002532,2026-04-25 11:54:00,demo_publisher,site B,sess_000639,page_015,estilo de vida,meio do artigo,banner,computador,BR,2,2,0,0,0.00318
evt_002533,2026-03-11 05:17:00,demo_publisher,site A,sess_000846,page_066,esportes,meio do artigo,banner,computador,BR,6,4,3,0,0.01232
evt_002534,2026-04-18 01:56:00,demo_publisher,site A,sess_000995,page_033,entretenimento,rodapé fixo,banner,computador,BR,2,2,2,0,0.01153
evt_002535,2026-04-28 17:13:00,demo_publisher,site A,sess_001631,page_041,estilo de vida,topo da página,banner,celular,BR,5,4,2,0,0.0199
evt_002536,2026-03-20 13:29:00,demo_publisher,site A,sess_001111,page_072,esportes,rodapé fixo,nativo,celular,US,5,3,1,0,0.00823
evt_002537,2026-03-30 22:02:00,demo_publisher,site A,sess_001586,page_110,entretenimento,lateral,nativo,celular,BR,4,3,2,0,0.00033
evt_002538,2026-04-01 20:24:00,demo_publisher,site A,sess_000055,page_082,entretenimento,lateral,nativo,celular,BR,3,2,2,0,0.02454
evt_002539,2026-03-30 14:53:00,demo_publisher,site C,sess_001514,page_032,tecnologia,topo da página,banner,tablet,MX,1,1,0,0,0.00039
evt_002540,2026-03-18 09:17:00,demo_publisher,site A,sess_001014,page_100,tecnologia,rodapé fixo,banner,celular,BR,4,4,4,0,0.01327
evt_002541,2026-04-28 06:04:00,demo_publisher,site C,sess_001996,page_097,entretenimento,rodapé fixo,banner,computador,BR,1,0,0,0,0.00343
evt_002542,2026-04-27 09:21:00,demo_publisher,site A,sess_000943,page_033,estilo de vida,meio do artigo,mídia rica,computador,BR,4,3,2,0,0.01878
evt_002543,2026-03-23 20:15:00,demo_publisher,site B,sess_000957,page_119,entretenimento,meio do artigo,vídeo,celular,MX,2,1,0,0,0.0034
evt_002544,2026-04-18 07:37:00,demo_publisher,site A,sess_000255,page_118,notícias,meio do artigo,banner,celular,BR,2,2,1,0,0.01606
evt_002545,2026-03-24 20:26:00,demo_publisher,site C,sess_001614,page_084,estilo de vida,meio do artigo,nativo,celular,BR,4,3,3,0,0.00988
evt_002546,2026-04-17 16:31:00,demo_publisher,site A,sess_001403,page_042,finanças,meio do artigo,nativo,computador,BR,2,2,0,0,0.00745
evt_002547,2026-04-05 02:02:00,demo_publisher,site A,sess_001725,page_050,notícias,lateral,nativo,tablet,US,6,4,1,0,0.00545
evt_002548,2026-03-29 05:02:00,demo_publisher,site C,sess_000186,page_062,notícias,meio do artigo,nativo,celular,BR,1,1,0,0,0.00325
evt_002549,2026-03-08 16:23:00,demo_publisher,site A,sess_000423,page_027,notícias,rodapé fixo,mídia rica,tablet,BR,6,6,5,0,0.02447
evt_002550,2026-04-09 06:36:00,demo_publisher,site A,sess_001754,page_043,esportes,meio do artigo,banner,celular,BR,5,4,2,0,0.0188
evt_002551,2026-03-20 06:21:00,demo_publisher,site A,sess_000085,page_019,notícias,lateral,nativo,computador,BR,2,2,1,0,0.00791
evt_002552,2026-03-14 00:16:00,demo_publisher,site A,sess_001016,page_022,finanças,intersticial,nativo,computador,MX,4,1,1,0,0.00464
evt_002553,2026-03-12 14:13:00,demo_publisher,site A,sess_000810,page_104,tecnologia,meio do artigo,nativo,computador,BR,3,2,1,0,0.01318
evt_002554,2026-04-28 21:54:00,demo_publisher,site A,sess_001878,page_018,estilo de vida,topo da página,banner,computador,BR,2,2,1,0,0.01248
evt_002555,2026-03-07 04:43:00,demo_publisher,site A,sess_001713,page_066,estilo de vida,meio do artigo,nativo,celular,BR,2,2,1,0,0.00709
evt_002556,2026-04-17 21:52:00,demo_publisher,site A,sess_001793,page_060,notícias,meio do artigo,banner,computador,AR,3,2,1,0,0.00383
evt_002557,2026-04-21 23:14:00,demo_publisher,site B,sess_000578,page_007,tecnologia,rodapé fixo,vídeo,computador,BR,4,4,4,0,0.09009
evt_002558,2026-03-02 20:42:00,demo_publisher,site B,sess_001175,page_116,notícias,rodapé fixo,nativo,computador,US,4,3,0,0,0.01914
evt_002559,2026-04-05 08:38:00,demo_publisher,site B,sess_001400,page_137,esportes,lateral,banner,celular,BR,5,2,0,0,0.00877
evt_002560,2026-04-04 15:27:00,demo_publisher,site A,sess_001934,page_089,finanças,intersticial,mídia rica,computador,US,4,3,2,0,0.02747
evt_002561,2026-03-22 12:29:00,demo_publisher,site B,sess_000015,page_094,entretenimento,topo da página,vídeo,computador,US,5,3,1,0,0.01861
evt_002562,2026-04-10 00:04:00,demo_publisher,site C,sess_001954,page_033,entretenimento,topo da página,nativo,celular,CL,6,3,0,0,0.01007
evt_002563,2026-03-25 12:29:00,demo_publisher,site C,sess_000711,page_118,tecnologia,meio do artigo,mídia rica,computador,BR,6,2,1,0,0.0164
evt_002564,2026-03-27 09:09:00,demo_publisher,site C,sess_000257,page_110,tecnologia,lateral,vídeo,tablet,BR,3,2,1,0,0.01937
evt_002565,2026-03-26 21:23:00,demo_publisher,site A,sess_001231,page_061,finanças,topo da página,banner,computador,AR,4,2,2,0,0.01745
evt_002566,2026-04-18 00:58:00,demo_publisher,site C,sess_001563,page_099,estilo de vida,topo da página,nativo,celular,BR,5,4,1,0,0.01932
evt_002567,2026-04-07 23:44:00,demo_publisher,site A,sess_000260,page_133,notícias,intersticial,nativo,celular,BR,4,3,3,0,0.01351
evt_002568,2026-03-23 17:49:00,demo_publisher,site A,sess_000082,page_084,esportes,meio do artigo,nativo,computador,US,1,1,0,0,0.00569
evt_002569,2026-04-25 14:32:00,demo_publisher,site A,sess_001793,page_028,entretenimento,topo da página,mídia rica,celular,BR,6,6,4,0,0.01624
evt_002570,2026-04-18 02:57:00,demo_publisher,site A,sess_001867,page_046,entretenimento,meio do artigo,nativo,computador,BR,5,4,2,0,0.01031
evt_002571,2026-04-25 23:12:00,demo_publisher,site B,sess_000313,page_026,esportes,topo da página,banner,computador,CL,5,4,2,0,0.01812
evt_002572,2026-04-13 19:55:00,demo_publisher,site C,sess_001808,page_047,esportes,topo da página,nativo,celular,BR,6,6,4,0,0.0205
evt_002573,2026-03-24 11:44:00,demo_publisher,site B,sess_001819,page_124,esportes,meio do artigo,vídeo,tablet,US,2,2,0,0,0.01099
evt_002574,2026-04-16 09:02:00,demo_publisher,site B,sess_001994,page_027,finanças,meio do artigo,banner,computador,BR,6,4,3,0,0.02901
evt_002575,2026-03-20 18:08:00,demo_publisher,site A,sess_000433,page_124,esportes,rodapé fixo,banner,celular,BR,2,1,1,0,0.00557
evt_002576,2026-03-17 06:08:00,demo_publisher,site B,sess_001157,page_040,estilo de vida,meio do artigo,banner,computador,BR,5,4,1,0,0.0075
evt_002577,2026-03-28 01:30:00,demo_publisher,site A,sess_001988,page_070,notícias,lateral,nativo,computador,CL,1,1,1,0,0.00259
evt_002578,2026-04-28 03:47:00,demo_publisher,site A,sess_001805,page_074,notícias,lateral,banner,computador,BR,4,4,3,0,0.01334
evt_002579,2026-04-04 01:49:00,demo_publisher,site A,sess_001209,page_018,esportes,rodapé fixo,banner,celular,BR,1,1,1,0,0.003
evt_002580,2026-03-24 00:31:00,demo_publisher,site C,sess_000395,page_026,tecnologia,rodapé fixo,banner,celular,BR,6,6,5,0,0.04201
evt_002581,2026-03-28 17:01:00,demo_publisher,site A,sess_000169,page_043,esportes,meio do artigo,nativo,celular,BR,3,1,0,0,0.00534
evt_002582,2026-03-18 11:21:00,demo_publisher,site C,sess_000519,page_009,finanças,topo da página,banner,tablet,BR,6,4,2,0,0.01164
evt_002583,2026-04-09 12:36:00,demo_publisher,site B,sess_000131,page_105,estilo de vida,topo da página,banner,celular,BR,5,4,4,0,0.02389
evt_002584,2026-03-22 00:36:00,demo_publisher,site A,sess_000391,page_076,tecnologia,topo da página,nativo,computador,MX,3,3,2,0,0.01523
evt_002585,2026-04-03 06:20:00,demo_publisher,site B,sess_000150,page_118,esportes,rodapé fixo,banner,computador,BR,2,0,0,0,0.00096
evt_002586,2026-03-23 04:32:00,demo_publisher,site B,sess_001524,page_120,tecnologia,meio do artigo,banner,celular,MX,3,3,2,0,0.01228
evt_002587,2026-03-20 05:49:00,demo_publisher,site C,sess_001180,page_049,esportes,topo da página,nativo,computador,AR,2,2,1,0,0.00594
evt_002588,2026-04-28 05:08:00,demo_publisher,site A,sess_001036,page_114,estilo de vida,topo da página,banner,computador,CL,2,2,1,0,0.0112
evt_002589,2026-03-21 17:51:00,demo_publisher,site A,sess_001619,page_009,finanças,rodapé fixo,banner,computador,BR,3,2,2,0,0.00313
evt_002590,2026-03-05 05:32:00,demo_publisher,site A,sess_000822,page_060,entretenimento,meio do artigo,banner,computador,BR,2,0,0,0,0.00176
evt_002591,2026-03-23 17:10:00,demo_publisher,site A,sess_000806,page_093,entretenimento,topo da página,banner,celular,US,6,4,0,0,0.01447
evt_002592,2026-04-01 22:17:00,demo_publisher,site B,sess_000414,page_065,tecnologia,rodapé fixo,nativo,celular,AR,6,3,3,0,0.02004
evt_002593,2026-03-06 16:16:00,demo_publisher,site B,sess_000890,page_103,entretenimento,lateral,mídia rica,celular,BR,2,1,0,0,0.00623
evt_002594,2026-03-19 08:11:00,demo_publisher,site A,sess_000349,page_120,notícias,meio do artigo,banner,tablet,BR,2,1,1,0,0.00147
evt_002595,2026-03-10 23:07:00,demo_publisher,site C,sess_001178,page_059,estilo de vida,meio do artigo,nativo,celular,BR,1,1,1,0,0.00855
evt_002596,2026-03-31 00:56:00,demo_publisher,site A,sess_001994,page_039,notícias,lateral,mídia rica,computador,BR,3,2,2,0,0.01161
evt_002597,2026-04-13 09:17:00,demo_publisher,site A,sess_001066,page_082,esportes,meio do artigo,nativo,celular,US,4,3,1,0,0.01091
evt_002598,2026-04-28 02:36:00,demo_publisher,site A,sess_000598,page_121,finanças,intersticial,vídeo,computador,AR,2,0,0,0,0.00147
evt_002599,2026-03-24 08:17:00,demo_publisher,site B,sess_001376,page_138,tecnologia,rodapé fixo,nativo,tablet,BR,4,4,3,0,0.0104
evt_002600,2026-04-21 19:05:00,demo_publisher,site B,sess_001640,page_114,tecnologia,lateral,nativo,celular,AR,3,2,0,0,0.00991
evt_002601,2026-03-13 20:56:00,demo_publisher,site B,sess_000944,page_035,tecnologia,lateral,mídia rica,computador,BR,1,1,0,0,0.0056
evt_002602,2026-04-16 19:54:00,demo_publisher,site A,sess_000501,page_029,estilo de vida,intersticial,banner,celular,BR,2,1,1,0,0.00315
evt_002603,2026-04-03 18:14:00,demo_publisher,site C,sess_001428,page_080,entretenimento,topo da página,mídia rica,celular,BR,5,4,4,0,0.01536
evt_002604,2026-04-15 11:46:00,demo_publisher,site A,sess_000375,page_056,entretenimento,topo da página,nativo,tablet,BR,6,5,2,0,0.01118
evt_002605,2026-04-15 07:58:00,demo_publisher,site B,sess_001994,page_085,tecnologia,rodapé fixo,nativo,computador,BR,3,2,1,1,0.01124
evt_002606,2026-04-01 22:42:00,demo_publisher,site B,sess_000636,page_129,esportes,topo da página,banner,computador,BR,4,3,1,0,0.01067
evt_002607,2026-03-16 10:41:00,demo_publisher,site A,sess_000701,page_077,finanças,lateral,banner,tablet,MX,4,4,2,0,0.02347
evt_002608,2026-04-01 13:42:00,demo_publisher,site A,sess_001454,page_050,tecnologia,meio do artigo,banner,celular,BR,2,1,0,0,0.00583
evt_002609,2026-04-19 14:34:00,demo_publisher,site B,sess_000025,page_121,entretenimento,meio do artigo,mídia rica,computador,AR,5,5,3,0,0.01848
evt_002610,2026-04-28 05:44:00,demo_publisher,site A,sess_000406,page_062,notícias,topo da página,nativo,celular,BR,3,2,1,0,0.00715
evt_002611,2026-04-25 15:36:00,demo_publisher,site A,sess_000252,page_085,esportes,rodapé fixo,vídeo,celular,BR,1,0,0,0,0.0
evt_002612,2026-03-11 21:18:00,demo_publisher,site A,sess_000782,page_019,esportes,topo da página,banner,computador,BR,3,3,1,0,0.02065
evt_002613,2026-04-05 20:14:00,demo_publisher,site B,sess_001107,page_071,esportes,topo da página,banner,computador,AR,2,2,1,0,0.01236
evt_002614,2026-03-07 06:37:00,demo_publisher,site B,sess_000360,page_060,tecnologia,meio do artigo,banner,computador,BR,3,3,1,0,0.00961
evt_002615,2026-04-10 03:17:00,demo_publisher,site C,sess_000689,page_018,notícias,topo da página,banner,computador,BR,3,2,2,0,0.01167
evt_002616,2026-04-29 12:57:00,demo_publisher,site C,sess_001544,page_030,esportes,lateral,nativo,computador,BR,3,3,1,0,0.01783
evt_002617,2026-03-04 03:42:00,demo_publisher,site B,sess_001880,page_098,tecnologia,intersticial,mídia rica,computador,AR,2,1,1,0,0.00205
evt_002618,2026-04-09 09:27:00,demo_publisher,site C,sess_000029,page_026,finanças,rodapé fixo,vídeo,celular,BR,6,5,5,0,0.02671
evt_002619,2026-04-26 17:32:00,demo_publisher,site A,sess_001255,page_019,notícias,lateral,nativo,celular,BR,1,1,0,0,0.00555
evt_002620,2026-04-20 19:56:00,demo_publisher,site A,sess_000052,page_008,estilo de vida,meio do artigo,banner,celular,BR,2,1,1,1,0.00329
evt_002621,2026-03-24 13:10:00,demo_publisher,site B,sess_001041,page_004,finanças,intersticial,nativo,computador,BR,2,1,0,0,0.00766
evt_002622,2026-03-07 05:38:00,demo_publisher,site B,sess_001759,page_061,entretenimento,rodapé fixo,nativo,celular,BR,3,2,1,1,0.00797
evt_002623,2026-04-25 10:24:00,demo_publisher,site B,sess_001596,page_068,tecnologia,rodapé fixo,nativo,computador,BR,3,2,2,0,0.01326
evt_002624,2026-04-25 06:42:00,demo_publisher,site B,sess_000466,page_087,entretenimento,topo da página,nativo,tablet,MX,6,5,1,0,0.01985
evt_002625,2026-04-04 17:43:00,demo_publisher,site A,sess_000517,page_080,notícias,topo da página,banner,computador,BR,6,5,4,0,0.01691
evt_002626,2026-04-28 17:36:00,demo_publisher,site A,sess_001567,page_075,tecnologia,topo da página,banner,celular,BR,1,1,0,0,0.00801
evt_002627,2026-03-01 06:39:00,demo_publisher,site A,sess_001639,page_139,estilo de vida,topo da página,mídia rica,celular,US,4,4,2,0,0.01947
evt_002628,2026-04-06 23:55:00,demo_publisher,site A,sess_000562,page_035,tecnologia,topo da página,vídeo,celular,BR,4,4,3,0,0.03385
evt_002629,2026-03-03 07:30:00,demo_publisher,site A,sess_000007,page_100,finanças,rodapé fixo,mídia rica,celular,BR,6,4,3,0,0.01656
evt_002630,2026-04-26 03:23:00,demo_publisher,site B,sess_000889,page_012,notícias,topo da página,banner,celular,AR,3,2,1,0,0.00924
evt_002631,2026-04-10 19:48:00,demo_publisher,site B,sess_001239,page_118,notícias,topo da página,nativo,celular,BR,3,1,0,0,0.00472
evt_002632,2026-04-24 19:20:00,demo_publisher,site A,sess_000888,page_051,tecnologia,rodapé fixo,banner,computador,BR,6,5,2,0,0.02249
evt_002633,2026-04-03 18:14:00,demo_publisher,site B,sess_001869,page_049,tecnologia,intersticial,mídia rica,celular,BR,3,2,0,0,0.01015
evt_002634,2026-03-05 23:53:00,demo_publisher,site A,sess_001627,page_019,notícias,topo da página,banner,computador,BR,4,3,3,0,0.00826
evt_002635,2026-03-02 14:12:00,demo_publisher,site A,sess_001575,page_071,estilo de vida,meio do artigo,nativo,computador,BR,2,2,2,0,0.00941
evt_002636,2026-03-21 03:13:00,demo_publisher,site B,sess_000041,page_056,tecnologia,rodapé fixo,banner,celular,AR,5,4,4,0,0.01262
evt_002637,2026-04-14 14:34:00,demo_publisher,site B,sess_001707,page_136,estilo de vida,intersticial,banner,celular,BR,1,1,0,0,0.00402
evt_002638,2026-03-10 01:29:00,demo_publisher,site B,sess_001510,page_025,esportes,lateral,banner,computador,BR,6,5,4,0,0.01463
evt_002639,2026-04-21 03:05:00,demo_publisher,site A,sess_000794,page_059,entretenimento,meio do artigo,nativo,celular,BR,2,2,1,0,0.00817
evt_002640,2026-03-15 08:51:00,demo_publisher,site A,sess_001179,page_126,estilo de vida,lateral,vídeo,computador,MX,4,4,1,0,0.05011
evt_002641,2026-03-30 18:50:00,demo_publisher,site B,sess_001648,page_113,tecnologia,rodapé fixo,mídia rica,celular,US,1,1,1,0,0.00958
evt_002642,2026-03-13 04:26:00,demo_publisher,site A,sess_001812,page_107,estilo de vida,topo da página,nativo,celular,BR,1,0,0,0,0.00063
evt_002643,2026-03-28 22:41:00,demo_publisher,site C,sess_001102,page_074,tecnologia,meio do artigo,nativo,computador,BR,5,5,5,0,0.04259
evt_002644,2026-03-28 03:07:00,demo_publisher,site A,sess_000083,page_122,notícias,rodapé fixo,vídeo,computador,BR,5,5,5,0,0.0277
evt_002645,2026-03-01 07:52:00,demo_publisher,site A,sess_001237,page_032,entretenimento,lateral,banner,tablet,BR,3,2,1,0,0.00502
evt_002646,2026-04-04 01:38:00,demo_publisher,site B,sess_001360,page_113,esportes,topo da página,vídeo,computador,BR,1,0,0,0,0.00073
evt_002647,2026-04-17 04:46:00,demo_publisher,site B,sess_000118,page_081,tecnologia,rodapé fixo,vídeo,tablet,US,1,1,1,0,0.01227
evt_002648,2026-04-26 04:14:00,demo_publisher,site B,sess_001634,page_049,entretenimento,lateral,nativo,celular,MX,6,4,2,0,0.02077
evt_002649,2026-03-20 20:13:00,demo_publisher,site B,sess_000403,page_031,estilo de vida,topo da página,banner,computador,AR,5,5,5,0,0.01798
evt_002650,2026-04-22 20:02:00,demo_publisher,site C,sess_001781,page_073,estilo de vida,meio do artigo,banner,celular,BR,3,3,1,0,0.00981
evt_002651,2026-04-22 17:25:00,demo_publisher,site C,sess_001102,page_001,notícias,meio do artigo,banner,celular,BR,2,1,0,0,0.00427
evt_002652,2026-04-29 07:16:00,demo_publisher,site B,sess_000644,page_100,finanças,intersticial,mídia rica,computador,BR,5,3,2,0,0.06362
evt_002653,2026-03-23 09:12:00,demo_publisher,site B,sess_000118,page_033,estilo de vida,topo da página,nativo,celular,BR,6,5,3,0,0.01765
evt_002654,2026-04-21 01:17:00,demo_publisher,site A,sess_000036,page_055,notícias,rodapé fixo,nativo,computador,BR,4,4,3,0,0.03491
evt_002655,2026-04-03 21:42:00,demo_publisher,site B,sess_001483,page_027,notícias,meio do artigo,nativo,computador,BR,5,4,3,1,0.02394
evt_002656,2026-03-04 11:54:00,demo_publisher,site B,sess_000754,page_065,entretenimento,rodapé fixo,vídeo,celular,BR,6,6,3,0,0.04498
evt_002657,2026-03-17 05:17:00,demo_publisher,site B,sess_001680,page_052,esportes,intersticial,banner,celular,BR,2,2,1,0,0.01244
evt_002658,2026-04-10 07:45:00,demo_publisher,site A,sess_000461,page_027,esportes,intersticial,banner,celular,BR,5,3,3,0,0.01062
evt_002659,2026-03-10 15:14:00,demo_publisher,site B,sess_001840,page_124,esportes,rodapé fixo,nativo,celular,US,2,2,1,0,0.00955
evt_002660,2026-03-27 02:00:00,demo_publisher,site A,sess_001883,page_106,estilo de vida,meio do artigo,banner,celular,BR,2,1,0,0,0.00316
evt_002661,2026-04-16 11:52:00,demo_publisher,site B,sess_000204,page_054,finanças,topo da página,banner,computador,BR,6,6,5,0,0.04144
evt_002662,2026-03-09 23:39:00,demo_publisher,site B,sess_001294,page_009,tecnologia,meio do artigo,banner,tablet,BR,2,1,0,0,0.01119
evt_002663,2026-03-30 19:05:00,demo_publisher,site C,sess_001879,page_118,finanças,lateral,banner,celular,AR,5,2,0,0,0.01568
evt_002664,2026-03-13 21:23:00,demo_publisher,site A,sess_000646,page_097,notícias,meio do artigo,mídia rica,tablet,BR,3,1,1,0,0.00886
evt_002665,2026-04-02 04:32:00,demo_publisher,site A,sess_000136,page_078,finanças,meio do artigo,vídeo,celular,BR,6,6,3,0,0.04013
evt_002666,2026-03-15 10:37:00,demo_publisher,site A,sess_001751,page_085,notícias,topo da página,mídia rica,celular,US,2,2,1,0,0.00771
evt_002667,2026-04-27 22:11:00,demo_publisher,site B,sess_000948,page_002,tecnologia,rodapé fixo,mídia rica,celular,BR,1,1,1,0,0.00304
evt_002668,2026-03-05 14:26:00,demo_publisher,site A,sess_000055,page_066,notícias,topo da página,banner,computador,BR,3,3,3,0,0.01183
evt_002669,2026-04-27 19:33:00,demo_publisher,site A,sess_001680,page_027,notícias,meio do artigo,banner,computador,MX,4,2,2,0,0.00861
evt_002670,2026-04-17 12:17:00,demo_publisher,site A,sess_001358,page_091,finanças,lateral,nativo,celular,BR,3,3,2,0,0.01245
evt_002671,2026-04-21 08:07:00,demo_publisher,site B,sess_000141,page_130,notícias,meio do artigo,banner,computador,BR,2,2,2,0,0.00694
evt_002672,2026-04-21 02:10:00,demo_publisher,site A,sess_000518,page_074,finanças,rodapé fixo,mídia rica,computador,BR,5,5,3,0,0.05263
evt_002673,2026-03-12 06:09:00,demo_publisher,site A,sess_000037,page_084,finanças,lateral,banner,celular,BR,3,1,1,0,0.00323
evt_002674,2026-04-25 20:46:00,demo_publisher,site A,sess_001909,page_093,entretenimento,rodapé fixo,nativo,computador,BR,5,5,3,0,0.02269
evt_002675,2026-04-05 15:45:00,demo_publisher,site B,sess_000050,page_130,notícias,meio do artigo,nativo,computador,AR,1,0,0,0,0.00045
evt_002676,2026-04-27 17:30:00,demo_publisher,site A,sess_001591,page_006,estilo de vida,topo da página,mídia rica,celular,BR,6,4,3,0,0.02013
evt_002677,2026-04-22 16:31:00,demo_publisher,site A,sess_001023,page_044,tecnologia,rodapé fixo,nativo,computador,BR,5,5,3,0,0.0255
evt_002678,2026-04-04 18:38:00,demo_publisher,site C,sess_001165,page_038,notícias,topo da página,nativo,computador,BR,2,1,1,0,0.00812
evt_002679,2026-03-23 11:13:00,demo_publisher,site A,sess_001623,page_100,estilo de vida,rodapé fixo,banner,computador,BR,4,3,2,0,0.01624
evt_002680,2026-03-08 00:53:00,demo_publisher,site A,sess_001790,page_063,tecnologia,intersticial,nativo,celular,BR,5,4,4,0,0.0509
evt_002681,2026-03-07 01:35:00,demo_publisher,site B,sess_000255,page_108,tecnologia,meio do artigo,vídeo,tablet,BR,5,4,3,0,0.05934
evt_002682,2026-03-24 09:10:00,demo_publisher,site A,sess_000036,page_066,entretenimento,rodapé fixo,nativo,computador,US,3,1,1,0,0.01556
evt_002683,2026-04-18 15:47:00,demo_publisher,site A,sess_000250,page_136,tecnologia,meio do artigo,vídeo,celular,BR,1,1,0,0,0.00756
evt_002684,2026-03-31 07:41:00,demo_publisher,site A,sess_001365,page_107,esportes,meio do artigo,banner,computador,BR,1,1,1,0,0.00788
evt_002685,2026-03-29 21:44:00,demo_publisher,site B,sess_001137,page_003,entretenimento,meio do artigo,banner,celular,BR,6,5,2,0,0.03028
evt_002686,2026-03-15 16:00:00,demo_publisher,site A,sess_000168,page_138,esportes,lateral,mídia rica,computador,AR,1,1,1,0,0.00669
evt_002687,2026-04-03 20:43:00,demo_publisher,site C,sess_000469,page_133,estilo de vida,intersticial,banner,celular,US,3,3,0,0,0.00886
evt_002688,2026-04-08 06:49:00,demo_publisher,site A,sess_001074,page_007,tecnologia,meio do artigo,nativo,celular,BR,6,6,4,0,0.04169
evt_002689,2026-04-28 22:17:00,demo_publisher,site C,sess_001460,page_055,entretenimento,lateral,nativo,celular,BR,6,6,5,1,0.01868
evt_002690,2026-04-13 18:21:00,demo_publisher,site A,sess_000687,page_135,entretenimento,meio do artigo,mídia rica,computador,BR,3,2,1,0,0.00791
evt_002691,2026-04-06 10:23:00,demo_publisher,site A,sess_001899,page_117,notícias,topo da página,banner,celular,BR,5,4,3,0,0.00539
evt_002692,2026-04-24 14:30:00,demo_publisher,site A,sess_001984,page_066,tecnologia,lateral,banner,computador,BR,4,3,2,0,0.00992
evt_002693,2026-03-26 11:58:00,demo_publisher,site B,sess_001532,page_076,notícias,rodapé fixo,vídeo,celular,BR,1,1,0,0,0.0041
evt_002694,2026-04-26 02:19:00,demo_publisher,site A,sess_000909,page_005,tecnologia,lateral,nativo,celular,BR,3,2,0,0,0.01423
evt_002695,2026-03-23 04:46:00,demo_publisher,site A,sess_001754,page_079,tecnologia,intersticial,nativo,celular,BR,5,4,3,0,0.0078
evt_002696,2026-03-08 16:00:00,demo_publisher,site B,sess_001456,page_093,notícias,topo da página,banner,celular,BR,4,4,3,0,0.01372
evt_002697,2026-03-26 01:22:00,demo_publisher,site A,sess_001039,page_050,tecnologia,meio do artigo,banner,celular,BR,4,2,2,0,0.01049
evt_002698,2026-03-08 17:25:00,demo_publisher,site B,sess_000888,page_043,finanças,meio do artigo,mídia rica,celular,US,5,3,2,0,0.02334
evt_002699,2026-03-08 02:29:00,demo_publisher,site A,sess_001664,page_116,estilo de vida,rodapé fixo,nativo,computador,MX,2,2,1,0,0.01178
evt_002700,2026-04-22 20:56:00,demo_publisher,site A,sess_001114,page_063,entretenimento,topo da página,mídia rica,computador,BR,4,4,2,0,0.02426
evt_002701,2026-04-17 16:26:00,demo_publisher,site C,sess_000366,page_037,estilo de vida,topo da página,mídia rica,celular,BR,2,2,0,0,0.01719
evt_002702,2026-03-14 06:32:00,demo_publisher,site A,sess_001999,page_053,estilo de vida,rodapé fixo,nativo,celular,MX,1,1,1,0,0.01
evt_002703,2026-04-20 06:18:00,demo_publisher,site A,sess_000137,page_069,notícias,meio do artigo,nativo,celular,BR,6,3,2,0,0.00798
evt_002704,2026-03-05 03:13:00,demo_publisher,site B,sess_001390,page_037,notícias,lateral,nativo,celular,US,5,4,2,0,0.03616
evt_002705,2026-03-18 01:31:00,demo_publisher,site C,sess_001312,page_078,notícias,intersticial,vídeo,celular,MX,6,6,4,0,0.02366
evt_002706,2026-04-12 08:47:00,demo_publisher,site B,sess_001172,page_120,esportes,meio do artigo,nativo,computador,BR,3,2,2,0,0.00967
evt_002707,2026-03-19 05:28:00,demo_publisher,site C,sess_000104,page_104,esportes,meio do artigo,banner,computador,BR,4,3,3,0,0.03485
evt_002708,2026-04-13 19:55:00,demo_publisher,site A,sess_000985,page_033,finanças,intersticial,mídia rica,tablet,BR,1,1,1,0,0.00883
evt_002709,2026-04-22 11:02:00,demo_publisher,site A,sess_001785,page_066,estilo de vida,rodapé fixo,nativo,computador,BR,2,1,0,0,0.00392
evt_002710,2026-03-04 23:07:00,demo_publisher,site B,sess_000479,page_076,notícias,topo da página,vídeo,computador,US,1,1,0,0,0.01049
evt_002711,2026-03-02 10:31:00,demo_publisher,site B,sess_001383,page_095,estilo de vida,rodapé fixo,banner,celular,BR,3,2,2,0,0.00879
evt_002712,2026-04-26 09:36:00,demo_publisher,site A,sess_001717,page_106,entretenimento,meio do artigo,nativo,computador,BR,3,3,3,0,0.01703
evt_002713,2026-04-01 05:27:00,demo_publisher,site B,sess_001904,page_068,notícias,rodapé fixo,nativo,celular,MX,2,2,1,0,0.00969
evt_002714,2026-03-31 09:19:00,demo_publisher,site B,sess_001032,page_044,estilo de vida,lateral,vídeo,celular,BR,5,4,2,0,0.01384
evt_002715,2026-03-28 19:41:00,demo_publisher,site A,sess_000628,page_092,notícias,topo da página,banner,celular,BR,4,3,3,0,0.00675
evt_002716,2026-03-27 00:24:00,demo_publisher,site A,sess_001399,page_018,finanças,rodapé fixo,banner,tablet,BR,3,2,1,0,0.00498
evt_002717,2026-04-11 09:46:00,demo_publisher,site B,sess_000972,page_094,tecnologia,topo da página,vídeo,celular,BR,3,2,1,0,0.02278
evt_002718,2026-04-04 18:50:00,demo_publisher,site A,sess_001254,page_125,notícias,rodapé fixo,mídia rica,celular,BR,4,3,3,0,0.00786
evt_002719,2026-03-10 19:17:00,demo_publisher,site A,sess_001483,page_099,esportes,rodapé fixo,banner,tablet,BR,3,2,1,0,0.00738
evt_002720,2026-04-07 14:21:00,demo_publisher,site C,sess_001420,page_061,entretenimento,intersticial,banner,computador,BR,5,4,1,0,0.02486
evt_002721,2026-04-10 02:23:00,demo_publisher,site A,sess_000486,page_115,esportes,topo da página,nativo,computador,BR,5,4,2,0,0.02879
evt_002722,2026-03-07 19:35:00,demo_publisher,site B,sess_001511,page_074,tecnologia,meio do artigo,banner,celular,AR,2,1,0,0,0.00801
evt_002723,2026-03-23 14:29:00,demo_publisher,site C,sess_001084,page_076,estilo de vida,topo da página,banner,celular,BR,6,5,5,0,0.01526
evt_002724,2026-04-17 10:19:00,demo_publisher,site A,sess_001861,page_119,notícias,meio do artigo,nativo,computador,AR,3,3,2,0,0.02041
evt_002725,2026-04-07 02:56:00,demo_publisher,site B,sess_001319,page_027,tecnologia,meio do artigo,nativo,computador,BR,2,0,0,0,0.0
evt_002726,2026-03-09 04:22:00,demo_publisher,site B,sess_001783,page_109,finanças,lateral,banner,computador,MX,6,6,2,0,0.05239
evt_002727,2026-03-03 09:44:00,demo_publisher,site A,sess_001957,page_095,notícias,meio do artigo,banner,computador,US,3,1,1,0,0.00342
evt_002728,2026-04-04 20:56:00,demo_publisher,site B,sess_001989,page_074,entretenimento,intersticial,mídia rica,computador,BR,1,0,0,0,0.00195
evt_002729,2026-03-28 16:53:00,demo_publisher,site A,sess_001489,page_011,finanças,topo da página,nativo,tablet,BR,4,3,2,0,0.02298
evt_002730,2026-04-27 15:54:00,demo_publisher,site C,sess_001194,page_107,tecnologia,meio do artigo,vídeo,celular,BR,3,3,2,0,0.02175
evt_002731,2026-04-01 08:02:00,demo_publisher,site A,sess_000237,page_031,notícias,lateral,banner,celular,BR,2,2,1,0,0.0079
evt_002732,2026-04-25 21:20:00,demo_publisher,site A,sess_000772,page_125,notícias,topo da página,vídeo,celular,BR,5,5,2,1,0.02354
evt_002733,2026-03-13 20:37:00,demo_publisher,site A,sess_000951,page_111,tecnologia,lateral,vídeo,computador,US,3,1,0,0,0.01289
evt_002734,2026-03-27 20:09:00,demo_publisher,site B,sess_001561,page_051,estilo de vida,lateral,banner,celular,BR,4,4,2,0,0.01105
evt_002735,2026-03-09 09:03:00,demo_publisher,site B,sess_001177,page_061,esportes,lateral,nativo,celular,BR,1,1,0,0,0.0018
evt_002736,2026-04-04 10:53:00,demo_publisher,site B,sess_000878,page_004,tecnologia,lateral,nativo,celular,BR,3,2,1,0,0.01759
evt_002737,2026-03-12 07:24:00,demo_publisher,site C,sess_000294,page_070,finanças,rodapé fixo,banner,computador,US,1,1,1,0,0.00504
evt_002738,2026-03-30 12:51:00,demo_publisher,site B,sess_001431,page_009,esportes,intersticial,vídeo,tablet,BR,2,1,1,0,0.00943
evt_002739,2026-03-21 15:33:00,demo_publisher,site B,sess_000864,page_138,tecnologia,topo da página,banner,celular,BR,5,4,4,0,0.01739
evt_002740,2026-03-12 03:27:00,demo_publisher,site A,sess_000073,page_089,estilo de vida,meio do artigo,nativo,computador,US,6,5,4,0,0.01352
evt_002741,2026-03-06 19:24:00,demo_publisher,site C,sess_000568,page_033,finanças,rodapé fixo,mídia rica,tablet,BR,3,3,3,0,0.02099
evt_002742,2026-03-31 17:21:00,demo_publisher,site A,sess_001759,page_112,tecnologia,topo da página,banner,computador,BR,5,4,3,0,0.03469
evt_002743,2026-04-26 20:08:00,demo_publisher,site B,sess_000238,page_003,estilo de vida,meio do artigo,banner,tablet,BR,5,4,0,0,0.0166
evt_002744,2026-03-12 22:11:00,demo_publisher,site C,sess_000812,page_077,entretenimento,lateral,banner,celular,BR,5,4,1,0,0.01429
evt_002745,2026-03-25 07:11:00,demo_publisher,site B,sess_001024,page_016,tecnologia,topo da página,mídia rica,computador,BR,1,1,0,0,0.00864
evt_002746,2026-03-14 11:26:00,demo_publisher,site A,sess_000168,page_008,esportes,meio do artigo,banner,celular,US,2,2,2,0,0.00718
evt_002747,2026-04-18 12:54:00,demo_publisher,site B,sess_000332,page_034,finanças,rodapé fixo,banner,celular,BR,5,4,4,0,0.00676
evt_002748,2026-03-25 21:27:00,demo_publisher,site A,sess_001880,page_041,entretenimento,topo da página,nativo,celular,CL,2,2,2,0,0.0041
evt_002749,2026-04-28 11:09:00,demo_publisher,site B,sess_001181,page_101,entretenimento,topo da página,vídeo,celular,BR,4,3,2,0,0.01827
evt_002750,2026-03-15 17:02:00,demo_publisher,site B,sess_000421,page_124,notícias,rodapé fixo,nativo,computador,BR,6,5,5,0,0.02635
evt_002751,2026-03-05 20:15:00,demo_publisher,site B,sess_000340,page_108,esportes,rodapé fixo,mídia rica,celular,BR,5,4,4,0,0.03084
evt_002752,2026-04-04 22:49:00,demo_publisher,site A,sess_000852,page_103,esportes,lateral,banner,celular,BR,3,3,2,0,0.00944
evt_002753,2026-04-09 02:24:00,demo_publisher,site B,sess_001447,page_079,entretenimento,meio do artigo,nativo,computador,BR,2,1,0,0,0.00092
evt_002754,2026-04-29 10:40:00,demo_publisher,site A,sess_001461,page_052,entretenimento,topo da página,nativo,computador,BR,2,2,0,0,0.00359
evt_002755,2026-04-22 06:49:00,demo_publisher,site A,sess_000391,page_036,tecnologia,rodapé fixo,banner,celular,BR,4,4,4,0,0.0208
evt_002756,2026-04-23 01:12:00,demo_publisher,site A,sess_001451,page_132,esportes,topo da página,mídia rica,celular,US,5,3,3,0,0.00917
evt_002757,2026-04-08 01:17:00,demo_publisher,site B,sess_001792,page_073,entretenimento,rodapé fixo,nativo,celular,BR,6,2,2,0,0.01022
evt_002758,2026-03-22 14:08:00,demo_publisher,site A,sess_000453,page_079,notícias,rodapé fixo,banner,celular,BR,6,2,1,0,0.00803
evt_002759,2026-03-26 17:47:00,demo_publisher,site B,sess_000053,page_003,finanças,topo da página,banner,celular,MX,2,2,2,0,0.00713
evt_002760,2026-03-09 00:35:00,demo_publisher,site C,sess_001917,page_064,esportes,lateral,banner,computador,US,1,1,1,0,0.00827
evt_002761,2026-03-26 20:44:00,demo_publisher,site B,sess_001044,page_095,finanças,rodapé fixo,mídia rica,computador,BR,1,0,0,0,0.00103
evt_002762,2026-03-22 20:47:00,demo_publisher,site B,sess_001553,page_069,estilo de vida,rodapé fixo,banner,computador,BR,2,1,1,0,0.00456
evt_002763,2026-03-03 03:41:00,demo_publisher,site C,sess_000640,page_086,esportes,lateral,mídia rica,computador,BR,3,0,0,0,0.0
evt_002764,2026-03-13 06:26:00,demo_publisher,site C,sess_000599,page_113,notícias,topo da página,banner,computador,MX,1,1,1,0,0.00578
evt_002765,2026-04-02 01:49:00,demo_publisher,site A,sess_000450,page_004,tecnologia,lateral,mídia rica,celular,BR,6,5,5,0,0.03476
evt_002766,2026-03-23 03:51:00,demo_publisher,site B,sess_000434,page_126,notícias,lateral,vídeo,computador,MX,3,3,1,0,0.02353
evt_002767,2026-04-29 14:42:00,demo_publisher,site A,sess_000943,page_114,finanças,lateral,banner,celular,BR,1,1,0,0,0.00992
evt_002768,2026-03-29 17:04:00,demo_publisher,site A,sess_000212,page_059,notícias,topo da página,banner,tablet,BR,4,3,0,0,0.01729
evt_002769,2026-04-27 12:32:00,demo_publisher,site A,sess_001684,page_107,esportes,rodapé fixo,vídeo,computador,MX,1,0,0,0,0.00152
evt_002770,2026-04-09 15:25:00,demo_publisher,site B,sess_001022,page_010,esportes,meio do artigo,banner,computador,MX,6,5,4,0,0.01288
evt_002771,2026-03-03 10:10:00,demo_publisher,site C,sess_001830,page_043,tecnologia,meio do artigo,banner,computador,BR,6,6,3,0,0.01712
evt_002772,2026-03-13 04:57:00,demo_publisher,site C,sess_001004,page_015,finanças,topo da página,vídeo,celular,BR,6,5,3,0,0.06843
evt_002773,2026-04-12 08:20:00,demo_publisher,site A,sess_000607,page_089,esportes,meio do artigo,mídia rica,celular,BR,3,3,2,1,0.01711
evt_002774,2026-04-02 16:58:00,demo_publisher,site A,sess_001030,page_120,tecnologia,meio do artigo,vídeo,celular,BR,4,1,1,0,0.00797
evt_002775,2026-03-19 02:32:00,demo_publisher,site C,sess_000309,page_084,notícias,topo da página,mídia rica,celular,BR,1,1,1,0,0.00552
evt_002776,2026-04-01 07:48:00,demo_publisher,site B,sess_001648,page_099,tecnologia,meio do artigo,nativo,celular,BR,1,1,0,0,0.00623
evt_002777,2026-04-24 04:18:00,demo_publisher,site C,sess_001440,page_020,esportes,topo da página,vídeo,celular,AR,4,3,1,0,0.02058
evt_002778,2026-03-24 07:44:00,demo_publisher,site A,sess_000295,page_130,entretenimento,topo da página,banner,celular,US,5,4,3,0,0.02393
evt_002779,2026-03-03 16:57:00,demo_publisher,site A,sess_001164,page_027,notícias,topo da página,vídeo,tablet,BR,1,1,0,0,0.00197
evt_002780,2026-03-19 15:46:00,demo_publisher,site B,sess_001076,page_074,estilo de vida,meio do artigo,nativo,celular,MX,6,5,4,0,0.02235
evt_002781,2026-04-26 03:39:00,demo_publisher,site C,sess_000402,page_095,estilo de vida,meio do artigo,nativo,computador,BR,3,1,0,0,0.00424
evt_002782,2026-04-15 16:57:00,demo_publisher,site A,sess_000245,page_120,estilo de vida,meio do artigo,mídia rica,celular,BR,4,3,3,0,0.0165
evt_002783,2026-04-20 05:57:00,demo_publisher,site A,sess_001520,page_130,tecnologia,lateral,nativo,celular,BR,1,1,1,0,0.01203
evt_002784,2026-04-24 16:42:00,demo_publisher,site B,sess_000528,page_084,notícias,meio do artigo,nativo,celular,BR,6,6,3,0,0.03695
evt_002785,2026-03-08 01:12:00,demo_publisher,site A,sess_001038,page_081,finanças,lateral,nativo,celular,BR,4,3,2,0,0.03105
evt_002786,2026-03-17 23:02:00,demo_publisher,site A,sess_000496,page_058,tecnologia,topo da página,banner,computador,BR,3,3,3,0,0.01989
evt_002787,2026-03-04 14:08:00,demo_publisher,site C,sess_001307,page_079,entretenimento,meio do artigo,banner,celular,CL,4,3,0,0,0.00765
evt_002788,2026-03-01 06:49:00,demo_publisher,site A,sess_000098,page_094,finanças,topo da página,mídia rica,celular,AR,5,5,4,0,0.02358
evt_002789,2026-04-20 01:58:00,demo_publisher,site B,sess_000719,page_090,estilo de vida,meio do artigo,banner,celular,BR,1,1,1,0,0.00249
evt_002790,2026-04-26 05:12:00,demo_publisher,site A,sess_001094,page_083,tecnologia,lateral,nativo,computador,AR,1,1,1,0,0.00307
evt_002791,2026-03-10 08:17:00,demo_publisher,site C,sess_000878,page_062,tecnologia,rodapé fixo,nativo,computador,AR,4,3,2,0,0.01878
evt_002792,2026-04-13 07:55:00,demo_publisher,site B,sess_001225,page_028,entretenimento,meio do artigo,mídia rica,computador,BR,5,4,3,0,0.014
evt_002793,2026-04-02 02:15:00,demo_publisher,site C,sess_000361,page_008,tecnologia,meio do artigo,vídeo,computador,BR,6,6,2,1,0.08931
evt_002794,2026-03-05 03:41:00,demo_publisher,site C,sess_000884,page_059,finanças,topo da página,banner,celular,BR,1,1,1,0,0.01196
evt_002795,2026-04-24 22:40:00,demo_publisher,site B,sess_001513,page_056,estilo de vida,intersticial,banner,computador,BR,3,1,1,0,0.00411
evt_002796,2026-04-22 06:35:00,demo_publisher,site A,sess_000667,page_085,finanças,topo da página,vídeo,celular,BR,5,5,4,0,0.03671
evt_002797,2026-04-04 01:07:00,demo_publisher,site B,sess_000314,page_126,notícias,topo da página,banner,celular,BR,6,6,5,0,0.0385
evt_002798,2026-04-12 11:21:00,demo_publisher,site A,sess_001695,page_098,tecnologia,topo da página,nativo,celular,US,2,2,2,0,0.01568
evt_002799,2026-03-24 20:00:00,demo_publisher,site B,sess_001556,page_112,estilo de vida,intersticial,banner,celular,BR,6,5,4,0,0.00866
evt_002800,2026-04-17 13:41:00,demo_publisher,site C,sess_001361,page_081,notícias,rodapé fixo,banner,celular,BR,5,5,3,0,0.02379
evt_002801,2026-03-27 16:49:00,demo_publisher,site A,sess_001596,page_129,estilo de vida,meio do artigo,mídia rica,celular,BR,2,0,0,0,0.0
evt_002802,2026-04-29 08:24:00,demo_publisher,site A,sess_001557,page_131,esportes,topo da página,mídia rica,computador,AR,5,3,1,0,0.02039
evt_002803,2026-03-04 18:53:00,demo_publisher,site A,sess_001493,page_022,notícias,rodapé fixo,vídeo,celular,BR,4,3,1,0,0.01423
evt_002804,2026-03-11 07:53:00,demo_publisher,site B,sess_001019,page_089,estilo de vida,meio do artigo,banner,celular,BR,6,3,2,0,0.01056
evt_002805,2026-04-28 03:00:00,demo_publisher,site C,sess_000039,page_071,tecnologia,topo da página,mídia rica,computador,BR,5,5,3,0,0.0102
evt_002806,2026-03-18 07:50:00,demo_publisher,site B,sess_001194,page_136,finanças,meio do artigo,nativo,tablet,US,2,1,1,0,0.0062
evt_002807,2026-03-19 15:20:00,demo_publisher,site B,sess_000546,page_082,notícias,meio do artigo,mídia rica,celular,BR,5,2,2,0,0.0018
evt_002808,2026-04-17 11:26:00,demo_publisher,site A,sess_001546,page_003,estilo de vida,meio do artigo,banner,computador,BR,3,2,1,0,0.00759
evt_002809,2026-03-12 08:41:00,demo_publisher,site A,sess_000937,page_030,notícias,lateral,banner,celular,BR,5,3,1,0,0.01622
evt_002810,2026-03-31 19:29:00,demo_publisher,site A,sess_001810,page_019,entretenimento,lateral,nativo,computador,BR,1,0,0,0,5e-05
evt_002811,2026-03-18 03:54:00,demo_publisher,site A,sess_001191,page_028,esportes,meio do artigo,mídia rica,celular,US,2,2,1,0,0.01633
evt_002812,2026-03-12 21:01:00,demo_publisher,site C,sess_001101,page_014,entretenimento,topo da página,banner,computador,BR,2,2,1,0,0.01482
evt_002813,2026-04-27 20:41:00,demo_publisher,site B,sess_001838,page_109,notícias,topo da página,banner,computador,BR,6,5,4,0,0.025
evt_002814,2026-03-12 23:51:00,demo_publisher,site A,sess_000950,page_069,notícias,rodapé fixo,nativo,computador,BR,3,2,2,0,0.01312
evt_002815,2026-03-06 15:46:00,demo_publisher,site B,sess_000751,page_094,finanças,topo da página,mídia rica,celular,US,2,2,0,0,0.00652
evt_002816,2026-04-10 10:28:00,demo_publisher,site B,sess_000743,page_139,tecnologia,meio do artigo,vídeo,computador,AR,5,5,4,0,0.04892
evt_002817,2026-04-22 00:54:00,demo_publisher,site C,sess_001750,page_090,entretenimento,topo da página,mídia rica,computador,BR,4,4,1,0,0.01057
evt_002818,2026-03-08 15:35:00,demo_publisher,site A,sess_001512,page_067,finanças,topo da página,nativo,computador,BR,4,4,3,0,0.01619
evt_002819,2026-04-12 11:17:00,demo_publisher,site A,sess_000327,page_038,esportes,meio do artigo,vídeo,computador,BR,6,5,5,0,0.02339
evt_002820,2026-04-02 10:44:00,demo_publisher,site A,sess_000985,page_105,notícias,topo da página,nativo,celular,CL,6,6,4,0,0.02528
evt_002821,2026-04-19 19:13:00,demo_publisher,site A,sess_000743,page_071,estilo de vida,lateral,banner,computador,BR,3,3,2,0,0.01362
evt_002822,2026-03-08 14:48:00,demo_publisher,site A,sess_001293,page_106,esportes,meio do artigo,vídeo,celular,AR,6,2,0,0,0.00853
evt_002823,2026-04-28 13:17:00,demo_publisher,site C,sess_000105,page_004,entretenimento,rodapé fixo,nativo,celular,CL,4,3,2,0,0.00688
evt_002824,2026-04-07 03:31:00,demo_publisher,site C,sess_001428,page_023,finanças,lateral,nativo,computador,AR,6,3,2,0,0.01869
evt_002825,2026-04-20 12:42:00,demo_publisher,site B,sess_001485,page_019,tecnologia,topo da página,banner,celular,BR,5,5,4,0,0.01316
evt_002826,2026-03-22 17:13:00,demo_publisher,site B,sess_000453,page_095,tecnologia,rodapé fixo,vídeo,celular,BR,1,1,1,0,0.00719
evt_002827,2026-04-26 14:28:00,demo_publisher,site B,sess_000302,page_073,notícias,rodapé fixo,vídeo,celular,BR,6,4,3,0,0.02285
evt_002828,2026-04-07 13:57:00,demo_publisher,site B,sess_001255,page_045,finanças,topo da página,banner,celular,BR,4,1,1,0,0.0
evt_002829,2026-03-08 14:47:00,demo_publisher,site C,sess_000514,page_044,entretenimento,lateral,mídia rica,computador,BR,3,2,1,0,0.00866
evt_002830,2026-04-25 08:58:00,demo_publisher,site C,sess_001883,page_085,finanças,lateral,banner,celular,AR,3,1,1,0,0.00424
evt_002831,2026-04-17 17:56:00,demo_publisher,site A,sess_001550,page_135,estilo de vida,lateral,banner,tablet,BR,4,4,1,0,0.02038
evt_002832,2026-03-19 00:17:00,demo_publisher,site B,sess_001910,page_139,entretenimento,topo da página,banner,celular,US,6,5,3,0,0.01477
evt_002833,2026-04-02 17:46:00,demo_publisher,site A,sess_001069,page_066,esportes,topo da página,nativo,celular,US,1,0,0,0,0.0
evt_002834,2026-03-24 06:48:00,demo_publisher,site A,sess_001877,page_094,entretenimento,meio do artigo,banner,celular,BR,2,2,0,0,0.00296
evt_002835,2026-04-02 14:38:00,demo_publisher,site A,sess_000028,page_012,esportes,topo da página,vídeo,tablet,BR,1,1,1,0,0.01101
evt_002836,2026-04-27 22:08:00,demo_publisher,site B,sess_000580,page_132,estilo de vida,meio do artigo,vídeo,computador,MX,2,2,1,1,0.01589
evt_002837,2026-04-23 22:26:00,demo_publisher,site A,sess_000005,page_003,esportes,rodapé fixo,nativo,celular,BR,1,1,1,0,0.00204
evt_002838,2026-03-13 22:22:00,demo_publisher,site C,sess_001355,page_048,finanças,meio do artigo,mídia rica,celular,BR,2,2,2,0,0.01641
evt_002839,2026-04-28 07:23:00,demo_publisher,site B,sess_001021,page_101,notícias,meio do artigo,mídia rica,celular,BR,3,2,2,0,0.01589
evt_002840,2026-03-27 06:38:00,demo_publisher,site A,sess_000576,page_135,notícias,topo da página,banner,celular,BR,5,5,2,0,0.01711
evt_002841,2026-04-12 06:58:00,demo_publisher,site B,sess_000610,page_024,finanças,meio do artigo,banner,celular,BR,4,4,3,0,0.01616
evt_002842,2026-04-15 20:28:00,demo_publisher,site B,sess_001287,page_092,esportes,rodapé fixo,banner,celular,MX,2,2,2,0,0.01309
evt_002843,2026-03-29 23:25:00,demo_publisher,site B,sess_000361,page_027,estilo de vida,rodapé fixo,nativo,celular,BR,1,1,1,0,0.00344
evt_002844,2026-03-28 09:35:00,demo_publisher,site A,sess_001029,page_007,notícias,meio do artigo,banner,computador,BR,6,4,3,0,0.01668
evt_002845,2026-03-28 09:13:00,demo_publisher,site A,sess_001227,page_059,notícias,meio do artigo,nativo,celular,BR,2,2,2,0,0.0078
evt_002846,2026-04-21 18:04:00,demo_publisher,site A,sess_000480,page_081,notícias,topo da página,nativo,computador,BR,5,4,4,0,0.02056
evt_002847,2026-03-24 04:19:00,demo_publisher,site B,sess_000457,page_037,finanças,intersticial,nativo,computador,US,2,1,1,0,0.01103
evt_002848,2026-03-17 19:05:00,demo_publisher,site A,sess_000709,page_136,esportes,meio do artigo,banner,computador,BR,4,3,1,0,0.02079
evt_002849,2026-03-22 16:42:00,demo_publisher,site A,sess_001184,page_086,notícias,meio do artigo,banner,celular,BR,6,4,1,0,0.01224
evt_002850,2026-03-12 16:37:00,demo_publisher,site B,sess_000509,page_061,estilo de vida,meio do artigo,banner,celular,BR,6,5,4,0,0.01061
evt_002851,2026-03-24 11:46:00,demo_publisher,site A,sess_000759,page_068,tecnologia,topo da página,vídeo,celular,BR,1,1,1,0,0.00766
evt_002852,2026-03-07 20:16:00,demo_publisher,site B,sess_001087,page_065,estilo de vida,meio do artigo,nativo,celular,BR,4,4,1,0,0.029
evt_002853,2026-03-06 09:14:00,demo_publisher,site B,sess_000374,page_016,esportes,rodapé fixo,nativo,computador,US,3,2,1,0,0.00662
evt_002854,2026-04-13 10:20:00,demo_publisher,site A,sess_001138,page_085,tecnologia,topo da página,nativo,computador,CL,6,6,5,0,0.04806
evt_002855,2026-03-05 15:30:00,demo_publisher,site C,sess_000277,page_110,estilo de vida,topo da página,nativo,celular,BR,5,4,1,0,0.0173
evt_002856,2026-04-04 02:12:00,demo_publisher,site A,sess_000285,page_059,estilo de vida,topo da página,banner,celular,BR,1,1,0,0,0.00109
evt_002857,2026-04-16 19:00:00,demo_publisher,site B,sess_000474,page_060,notícias,topo da página,banner,celular,BR,6,6,4,0,0.01606
evt_002858,2026-04-13 11:15:00,demo_publisher,site B,sess_000573,page_127,esportes,intersticial,banner,computador,BR,3,3,1,1,0.01728
evt_002859,2026-03-27 18:20:00,demo_publisher,site B,sess_000060,page_085,finanças,lateral,banner,tablet,BR,5,5,2,0,0.03528
evt_002860,2026-03-12 14:49:00,demo_publisher,site A,sess_001923,page_042,esportes,rodapé fixo,banner,celular,MX,2,2,1,0,0.00528
evt_002861,2026-04-25 20:11:00,demo_publisher,site B,sess_000616,page_001,estilo de vida,rodapé fixo,vídeo,celular,BR,2,2,2,0,0.01335
evt_002862,2026-04-20 02:37:00,demo_publisher,site C,sess_001609,page_115,esportes,lateral,banner,celular,MX,1,1,1,0,0.007
evt_002863,2026-04-06 17:35:00,demo_publisher,site C,sess_001804,page_088,notícias,meio do artigo,banner,computador,BR,1,1,1,0,0.00717
evt_002864,2026-03-06 04:56:00,demo_publisher,site A,sess_001601,page_088,notícias,meio do artigo,banner,celular,BR,6,5,4,0,0.01374
evt_002865,2026-03-03 02:39:00,demo_publisher,site A,sess_001662,page_040,notícias,lateral,banner,celular,CL,1,0,0,0,0.00147
evt_002866,2026-03-19 21:55:00,demo_publisher,site A,sess_000201,page_026,finanças,lateral,banner,celular,BR,4,3,2,0,0.00515
evt_002867,2026-03-10 10:50:00,demo_publisher,site C,sess_000744,page_069,notícias,lateral,banner,computador,BR,5,3,2,0,0.01382
evt_002868,2026-04-21 14:54:00,demo_publisher,site C,sess_001492,page_106,estilo de vida,meio do artigo,banner,computador,BR,1,1,1,0,0.00297
evt_002869,2026-03-13 08:22:00,demo_publisher,site A,sess_001152,page_042,esportes,lateral,mídia rica,celular,BR,2,2,0,0,0.00912
evt_002870,2026-03-17 23:01:00,demo_publisher,site B,sess_000012,page_074,estilo de vida,topo da página,banner,celular,BR,3,3,3,0,0.00938
evt_002871,2026-04-28 13:03:00,demo_publisher,site A,sess_001135,page_139,entretenimento,meio do artigo,banner,celular,US,3,3,1,0,0.00983
evt_002872,2026-04-19 02:17:00,demo_publisher,site B,sess_001609,page_031,tecnologia,meio do artigo,nativo,tablet,BR,6,4,2,0,0.02367
evt_002873,2026-03-14 02:56:00,demo_publisher,site A,sess_001657,page_033,estilo de vida,meio do artigo,banner,computador,US,2,1,1,0,0.00675
evt_002874,2026-03-24 00:18:00,demo_publisher,site A,sess_000768,page_033,finanças,meio do artigo,nativo,computador,BR,5,5,2,0,0.04971
evt_002875,2026-03-31 22:41:00,demo_publisher,site A,sess_000473,page_127,estilo de vida,rodapé fixo,banner,computador,BR,3,3,2,0,0.01046
evt_002876,2026-04-09 20:32:00,demo_publisher,site C,sess_000619,page_074,entretenimento,rodapé fixo,mídia rica,celular,CL,3,2,2,0,0.00652
evt_002877,2026-04-26 04:05:00,demo_publisher,site A,sess_000593,page_128,finanças,meio do artigo,mídia rica,celular,MX,3,3,3,0,0.02476
evt_002878,2026-04-22 06:25:00,demo_publisher,site A,sess_000693,page_132,notícias,meio do artigo,vídeo,celular,BR,5,3,2,0,0.03391
evt_002879,2026-04-28 15:09:00,demo_publisher,site B,sess_000604,page_059,tecnologia,topo da página,banner,celular,BR,3,2,1,0,0.00948
evt_002880,2026-03-03 10:31:00,demo_publisher,site A,sess_000914,page_008,notícias,topo da página,nativo,celular,BR,4,3,2,0,0.01624
evt_002881,2026-03-15 04:21:00,demo_publisher,site A,sess_000082,page_043,tecnologia,topo da página,banner,computador,BR,1,1,1,0,0.00529
evt_002882,2026-04-03 18:43:00,demo_publisher,site B,sess_000551,page_076,notícias,rodapé fixo,vídeo,celular,BR,2,2,0,0,0.02375
evt_002883,2026-03-03 22:43:00,demo_publisher,site A,sess_000630,page_053,notícias,rodapé fixo,banner,computador,BR,3,2,1,1,0.00909
evt_002884,2026-03-22 07:41:00,demo_publisher,site A,sess_000307,page_001,tecnologia,topo da página,nativo,celular,BR,2,2,1,0,0.01002
evt_002885,2026-03-10 05:11:00,demo_publisher,site C,sess_001755,page_138,estilo de vida,rodapé fixo,banner,computador,BR,1,0,0,0,0.0
evt_002886,2026-04-25 23:24:00,demo_publisher,site B,sess_001351,page_043,estilo de vida,meio do artigo,nativo,computador,BR,2,2,1,0,0.01914
evt_002887,2026-03-04 19:11:00,demo_publisher,site B,sess_001824,page_087,tecnologia,rodapé fixo,banner,celular,BR,4,3,3,0,0.01003
evt_002888,2026-03-09 21:42:00,demo_publisher,site A,sess_001123,page_132,tecnologia,meio do artigo,banner,computador,BR,6,6,3,0,0.05039
evt_002889,2026-03-12 16:58:00,demo_publisher,site B,sess_000220,page_076,finanças,lateral,nativo,tablet,BR,5,4,3,0,0.02183
evt_002890,2026-03-09 21:58:00,demo_publisher,site A,sess_001809,page_097,entretenimento,meio do artigo,nativo,computador,BR,6,5,4,0,0.0185
evt_002891,2026-04-04 02:44:00,demo_publisher,site C,sess_000916,page_005,esportes,topo da página,banner,tablet,US,4,3,3,0,0.01082
evt_002892,2026-03-22 20:39:00,demo_publisher,site B,sess_001369,page_097,notícias,topo da página,banner,computador,BR,1,1,0,0,0.00062
evt_002893,2026-04-24 17:55:00,demo_publisher,site B,sess_000763,page_118,tecnologia,lateral,vídeo,celular,US,1,1,0,0,0.00291
evt_002894,2026-03-16 15:34:00,demo_publisher,site A,sess_000989,page_128,finanças,rodapé fixo,nativo,celular,CL,5,3,3,0,0.01759
evt_002895,2026-04-02 05:35:00,demo_publisher,site A,sess_000979,page_012,entretenimento,lateral,nativo,computador,AR,4,4,4,0,0.01609
evt_002896,2026-04-09 14:31:00,demo_publisher,site A,sess_000570,page_032,notícias,rodapé fixo,nativo,computador,BR,6,5,5,1,0.0132
evt_002897,2026-04-07 13:25:00,demo_publisher,site A,sess_001109,page_007,notícias,topo da página,nativo,computador,AR,3,2,2,0,0.00918
evt_002898,2026-04-17 18:47:00,demo_publisher,site A,sess_001467,page_128,notícias,rodapé fixo,nativo,celular,MX,6,4,3,0,0.00873
evt_002899,2026-03-13 02:41:00,demo_publisher,site A,sess_000041,page_039,estilo de vida,rodapé fixo,banner,computador,BR,3,3,2,0,0.00973
evt_002900,2026-03-31 10:44:00,demo_publisher,site A,sess_000262,page_074,tecnologia,meio do artigo,nativo,computador,CL,6,5,4,0,0.01855
evt_002901,2026-04-18 00:50:00,demo_publisher,site B,sess_001684,page_067,finanças,meio do artigo,nativo,celular,AR,1,1,1,0,0.0069
evt_002902,2026-04-21 18:44:00,demo_publisher,site A,sess_001139,page_096,notícias,topo da página,banner,celular,US,3,2,1,0,0.01068
evt_002903,2026-04-07 01:36:00,demo_publisher,site C,sess_001947,page_125,esportes,topo da página,vídeo,celular,BR,6,5,4,0,0.04218
evt_002904,2026-04-09 02:43:00,demo_publisher,site B,sess_001209,page_046,esportes,topo da página,banner,computador,CL,5,5,3,0,0.01719
evt_002905,2026-04-21 20:21:00,demo_publisher,site A,sess_001307,page_110,estilo de vida,lateral,banner,celular,BR,3,2,1,0,0.0021
evt_002906,2026-04-07 11:48:00,demo_publisher,site A,sess_001798,page_041,estilo de vida,rodapé fixo,vídeo,computador,US,6,5,3,0,0.02905
evt_002907,2026-04-26 22:20:00,demo_publisher,site A,sess_001321,page_028,notícias,topo da página,vídeo,celular,AR,3,2,1,0,0.01239
evt_002908,2026-03-08 15:44:00,demo_publisher,site A,sess_000659,page_015,finanças,rodapé fixo,banner,computador,BR,6,4,2,0,0.03232
evt_002909,2026-03-21 20:58:00,demo_publisher,site A,sess_001056,page_052,estilo de vida,rodapé fixo,nativo,tablet,BR,1,1,1,0,0.00533
evt_002910,2026-03-07 17:32:00,demo_publisher,site A,sess_000471,page_078,esportes,meio do artigo,banner,celular,BR,5,5,2,0,0.00699
evt_002911,2026-03-06 10:26:00,demo_publisher,site A,sess_000669,page_109,finanças,intersticial,vídeo,celular,CL,5,4,3,0,0.04056
evt_002912,2026-03-29 07:35:00,demo_publisher,site A,sess_001360,page_118,estilo de vida,rodapé fixo,nativo,celular,US,2,1,1,0,0.00533
evt_002913,2026-03-14 13:20:00,demo_publisher,site A,sess_000298,page_074,finanças,topo da página,vídeo,tablet,BR,2,1,1,0,0.00329
evt_002914,2026-03-25 10:18:00,demo_publisher,site B,sess_001344,page_057,notícias,intersticial,banner,celular,BR,5,1,1,0,0.0
evt_002915,2026-03-27 06:29:00,demo_publisher,site B,sess_001168,page_025,esportes,meio do artigo,banner,celular,BR,5,3,1,0,0.01203
evt_002916,2026-04-07 06:07:00,demo_publisher,site A,sess_000617,page_128,tecnologia,topo da página,vídeo,celular,BR,2,2,1,0,0.01739
evt_002917,2026-04-26 17:47:00,demo_publisher,site B,sess_000090,page_056,esportes,topo da página,banner,computador,CL,1,0,0,0,0.00182
evt_002918,2026-04-20 23:07:00,demo_publisher,site C,sess_001409,page_107,tecnologia,lateral,banner,celular,BR,2,2,2,0,0.00955
evt_002919,2026-03-23 16:45:00,demo_publisher,site C,sess_001649,page_088,finanças,intersticial,banner,celular,BR,2,1,1,0,0.00762
evt_002920,2026-03-20 12:50:00,demo_publisher,site A,sess_001460,page_130,finanças,meio do artigo,nativo,celular,CL,4,3,2,0,0.02339
evt_002921,2026-04-16 05:54:00,demo_publisher,site A,sess_000842,page_136,tecnologia,meio do artigo,banner,celular,US,5,4,3,0,0.01585
evt_002922,2026-03-08 10:03:00,demo_publisher,site A,sess_001307,page_099,esportes,meio do artigo,nativo,celular,BR,2,2,1,0,0.00401
evt_002923,2026-04-02 10:17:00,demo_publisher,site B,sess_000830,page_092,esportes,rodapé fixo,banner,celular,BR,3,2,2,0,0.00893
evt_002924,2026-03-26 09:08:00,demo_publisher,site C,sess_000717,page_020,notícias,topo da página,nativo,tablet,AR,2,2,2,0,0.01272
evt_002925,2026-03-11 23:14:00,demo_publisher,site A,sess_000655,page_003,estilo de vida,lateral,mídia rica,celular,AR,1,1,1,0,0.00295
evt_002926,2026-04-06 23:41:00,demo_publisher,site B,sess_000422,page_076,finanças,lateral,banner,computador,BR,6,4,0,0,0.01456
evt_002927,2026-03-20 05:51:00,demo_publisher,site B,sess_001938,page_098,tecnologia,topo da página,nativo,computador,BR,5,3,1,0,0.02587
evt_002928,2026-03-12 03:15:00,demo_publisher,site A,sess_001332,page_104,finanças,intersticial,nativo,celular,US,5,2,2,0,0.00868
evt_002929,2026-04-09 04:35:00,demo_publisher,site A,sess_000350,page_035,finanças,intersticial,banner,computador,BR,6,5,4,0,0.03999
evt_002930,2026-03-11 10:50:00,demo_publisher,site A,sess_001730,page_070,esportes,meio do artigo,vídeo,celular,BR,1,1,0,0,0.00755
evt_002931,2026-04-10 08:54:00,demo_publisher,site B,sess_000303,page_120,notícias,lateral,mídia rica,celular,BR,3,2,0,0,0.00532
evt_002932,2026-03-10 17:24:00,demo_publisher,site A,sess_001187,page_014,tecnologia,rodapé fixo,vídeo,computador,MX,5,4,2,0,0.02545
evt_002933,2026-03-27 02:03:00,demo_publisher,site A,sess_000331,page_054,notícias,topo da página,mídia rica,tablet,BR,4,2,1,0,0.00591
evt_002934,2026-04-18 11:30:00,demo_publisher,site C,sess_000723,page_132,entretenimento,topo da página,nativo,celular,BR,5,5,3,0,0.0286
evt_002935,2026-03-14 17:14:00,demo_publisher,site A,sess_001317,page_028,notícias,lateral,nativo,tablet,CL,3,2,1,0,0.00631
evt_002936,2026-04-16 01:23:00,demo_publisher,site A,sess_001998,page_045,finanças,meio do artigo,banner,computador,BR,1,1,0,0,0.00912
evt_002937,2026-04-13 07:32:00,demo_publisher,site B,sess_001983,page_066,notícias,lateral,mídia rica,celular,US,4,2,1,0,0.01038
evt_002938,2026-04-24 03:49:00,demo_publisher,site C,sess_001791,page_096,tecnologia,meio do artigo,nativo,celular,BR,5,3,2,0,0.01999
evt_002939,2026-03-11 03:10:00,demo_publisher,site B,sess_000471,page_036,notícias,lateral,banner,celular,BR,5,4,1,0,0.01441
evt_002940,2026-04-12 21:46:00,demo_publisher,site B,sess_000187,page_111,estilo de vida,topo da página,vídeo,tablet,BR,2,2,0,0,0.03381
evt_002941,2026-04-26 04:48:00,demo_publisher,site A,sess_001811,page_033,entretenimento,topo da página,nativo,celular,US,4,4,3,0,0.00902
evt_002942,2026-04-15 18:44:00,demo_publisher,site A,sess_001846,page_052,estilo de vida,topo da página,mídia rica,computador,BR,4,4,0,0,0.00287
evt_002943,2026-03-12 06:34:00,demo_publisher,site C,sess_000557,page_080,notícias,meio do artigo,vídeo,celular,MX,2,1,1,0,0.00171
evt_002944,2026-04-19 07:54:00,demo_publisher,site C,sess_000039,page_002,tecnologia,rodapé fixo,vídeo,celular,BR,2,1,1,0,0.00649
evt_002945,2026-03-07 10:31:00,demo_publisher,site A,sess_001296,page_107,finanças,rodapé fixo,nativo,computador,BR,2,2,2,0,0.01493
evt_002946,2026-04-05 07:56:00,demo_publisher,site C,sess_000153,page_093,notícias,meio do artigo,nativo,tablet,BR,1,1,1,0,0.00757
evt_002947,2026-03-30 20:36:00,demo_publisher,site A,sess_000081,page_117,finanças,lateral,vídeo,celular,BR,4,4,3,0,0.02777
evt_002948,2026-04-01 20:45:00,demo_publisher,site A,sess_001874,page_039,tecnologia,meio do artigo,banner,celular,BR,2,1,0,0,0.0002
evt_002949,2026-04-01 04:09:00,demo_publisher,site B,sess_000991,page_056,finanças,meio do artigo,banner,tablet,AR,4,4,3,0,0.02403
evt_002950,2026-03-02 21:19:00,demo_publisher,site B,sess_000224,page_125,tecnologia,intersticial,mídia rica,computador,BR,4,2,0,0,0.01364
evt_002951,2026-03-31 11:47:00,demo_publisher,site A,sess_001309,page_010,tecnologia,topo da página,mídia rica,celular,BR,4,3,3,0,0.01483
evt_002952,2026-04-26 04:54:00,demo_publisher,site A,sess_000739,page_069,finanças,rodapé fixo,mídia rica,celular,BR,6,5,5,0,0.03106
evt_002953,2026-03-27 04:48:00,demo_publisher,site B,sess_001073,page_068,esportes,topo da página,banner,celular,BR,1,1,1,0,0.00615
evt_002954,2026-03-17 14:45:00,demo_publisher,site A,sess_001797,page_063,tecnologia,meio do artigo,banner,celular,BR,1,1,1,0,0.00648
evt_002955,2026-04-29 16:32:00,demo_publisher,site A,sess_000476,page_061,esportes,lateral,mídia rica,computador,BR,3,1,0,0,0.00046
evt_002956,2026-03-06 22:32:00,demo_publisher,site C,sess_001293,page_104,notícias,rodapé fixo,banner,celular,BR,1,1,1,0,0.00769
evt_002957,2026-03-30 04:14:00,demo_publisher,site C,sess_001657,page_028,esportes,lateral,banner,computador,CL,5,4,3,0,0.01315
evt_002958,2026-03-31 18:08:00,demo_publisher,site C,sess_000848,page_124,entretenimento,rodapé fixo,banner,computador,BR,3,2,1,0,0.00529
evt_002959,2026-03-29 16:14:00,demo_publisher,site B,sess_001940,page_125,esportes,rodapé fixo,vídeo,tablet,BR,1,1,1,0,0.00055
evt_002960,2026-04-25 07:17:00,demo_publisher,site C,sess_000897,page_025,esportes,lateral,nativo,computador,BR,1,1,1,0,0.004
evt_002961,2026-03-26 07:20:00,demo_publisher,site C,sess_000918,page_136,notícias,meio do artigo,banner,computador,BR,6,5,3,1,0.0206
evt_002962,2026-04-28 09:33:00,demo_publisher,site B,sess_001768,page_037,notícias,meio do artigo,nativo,computador,BR,3,3,1,0,0.02676
evt_002963,2026-03-05 00:13:00,demo_publisher,site B,sess_001272,page_008,entretenimento,lateral,banner,celular,BR,3,2,1,0,0.01039
evt_002964,2026-04-14 00:52:00,demo_publisher,site B,sess_001737,page_056,finanças,lateral,vídeo,computador,BR,2,1,0,0,0.01407
evt_002965,2026-04-05 13:51:00,demo_publisher,site A,sess_001581,page_111,tecnologia,meio do artigo,nativo,computador,US,5,2,1,0,0.01777
evt_002966,2026-03-15 10:23:00,demo_publisher,site A,sess_001425,page_118,tecnologia,meio do artigo,nativo,computador,AR,5,4,4,0,0.0353
evt_002967,2026-03-14 16:16:00,demo_publisher,site C,sess_000483,page_090,esportes,topo da página,banner,celular,BR,3,3,1,0,0.01236
evt_002968,2026-04-13 04:20:00,demo_publisher,site B,sess_000798,page_113,tecnologia,topo da página,banner,computador,US,6,5,1,0,0.04416
evt_002969,2026-04-08 06:09:00,demo_publisher,site A,sess_001729,page_037,entretenimento,meio do artigo,banner,celular,BR,3,3,3,0,0.00329
evt_002970,2026-04-06 16:05:00,demo_publisher,site C,sess_001232,page_123,tecnologia,rodapé fixo,mídia rica,celular,BR,6,4,4,0,0.01902
evt_002971,2026-03-04 01:12:00,demo_publisher,site C,sess_000561,page_089,tecnologia,rodapé fixo,banner,celular,BR,6,6,4,0,0.02131
evt_002972,2026-04-05 20:57:00,demo_publisher,site B,sess_000655,page_019,finanças,intersticial,nativo,computador,BR,3,2,1,0,0.01209
evt_002973,2026-04-28 21:11:00,demo_publisher,site C,sess_001551,page_018,tecnologia,lateral,banner,celular,US,4,4,2,0,0.01768
evt_002974,2026-03-02 00:56:00,demo_publisher,site C,sess_000357,page_038,notícias,topo da página,mídia rica,computador,BR,6,6,2,0,0.07113
evt_002975,2026-03-29 03:22:00,demo_publisher,site A,sess_000225,page_010,tecnologia,lateral,vídeo,celular,BR,1,1,1,0,0.00762
evt_002976,2026-03-30 15:54:00,demo_publisher,site B,sess_001530,page_040,esportes,rodapé fixo,banner,celular,US,3,0,0,0,0.0
evt_002977,2026-04-23 19:19:00,demo_publisher,site A,sess_000577,page_139,estilo de vida,lateral,nativo,computador,BR,6,4,3,0,0.0179
evt_002978,2026-03-17 23:17:00,demo_publisher,site B,sess_001531,page_034,entretenimento,meio do artigo,nativo,computador,BR,2,2,2,1,0.01141
evt_002979,2026-03-29 12:48:00,demo_publisher,site A,sess_001067,page_089,estilo de vida,lateral,vídeo,computador,BR,3,3,1,0,0.02833
evt_002980,2026-04-13 00:45:00,demo_publisher,site A,sess_001995,page_136,notícias,topo da página,mídia rica,computador,BR,6,5,5,0,0.03641
evt_002981,2026-03-04 14:52:00,demo_publisher,site C,sess_001050,page_036,tecnologia,topo da página,vídeo,computador,BR,5,3,2,0,0.03082
evt_002982,2026-04-18 01:34:00,demo_publisher,site A,sess_001735,page_097,entretenimento,topo da página,vídeo,computador,MX,3,2,0,0,0.03124
evt_002983,2026-04-19 07:59:00,demo_publisher,site C,sess_001701,page_063,estilo de vida,meio do artigo,nativo,celular,BR,1,1,1,0,0.00711
evt_002984,2026-04-13 04:17:00,demo_publisher,site A,sess_000424,page_040,tecnologia,rodapé fixo,banner,computador,AR,2,1,1,0,0.00235
evt_002985,2026-04-08 21:23:00,demo_publisher,site A,sess_001992,page_133,tecnologia,topo da página,nativo,computador,BR,6,6,2,0,0.02727
evt_002986,2026-04-14 20:33:00,demo_publisher,site A,sess_001491,page_092,tecnologia,topo da página,vídeo,tablet,AR,4,4,3,0,0.04474
evt_002987,2026-04-16 21:43:00,demo_publisher,site C,sess_000215,page_061,esportes,rodapé fixo,banner,celular,BR,6,3,2,0,0.01743
evt_002988,2026-04-24 04:53:00,demo_publisher,site B,sess_000013,page_113,finanças,rodapé fixo,nativo,celular,BR,1,0,0,0,0.00167
evt_002989,2026-03-26 16:33:00,demo_publisher,site B,sess_000543,page_126,tecnologia,meio do artigo,banner,celular,BR,3,3,2,0,0.01189
evt_002990,2026-03-28 08:43:00,demo_publisher,site C,sess_000033,page_109,entretenimento,meio do artigo,banner,computador,BR,1,1,0,0,0.00422
evt_002991,2026-04-08 06:37:00,demo_publisher,site B,sess_000715,page_121,notícias,meio do artigo,mídia rica,computador,US,1,1,1,0,0.01093
evt_002992,2026-03-12 14:02:00,demo_publisher,site C,sess_001992,page_045,notícias,lateral,banner,celular,MX,1,1,0,0,0.00728
evt_002993,2026-04-21 08:58:00,demo_publisher,site A,sess_000958,page_048,esportes,rodapé fixo,vídeo,celular,BR,4,2,1,0,0.0106
evt_002994,2026-04-16 05:32:00,demo_publisher,site A,sess_000048,page_033,tecnologia,topo da página,banner,celular,BR,2,1,1,0,0.00598
evt_002995,2026-04-07 20:44:00,demo_publisher,site B,sess_000988,page_097,entretenimento,rodapé fixo,nativo,celular,BR,1,1,1,0,0.004
evt_002996,2026-03-19 02:22:00,demo_publisher,site C,sess_000438,page_112,estilo de vida,lateral,mídia rica,celular,MX,6,4,2,0,0.01495
evt_002997,2026-03-21 20:39:00,demo_publisher,site B,sess_001712,page_092,notícias,lateral,vídeo,computador,BR,3,3,2,0,0.01277
evt_002998,2026-03-27 02:21:00,demo_publisher,site A,sess_000182,page_084,esportes,topo da página,vídeo,computador,BR,4,3,2,0,0.02862
evt_002999,2026-04-09 18:02:00,demo_publisher,site C,sess_001541,page_108,tecnologia,rodapé fixo,banner,tablet,BR,4,1,1,0,0.00013
evt_003000,2026-04-16 16:22:00,demo_publisher,site A,sess_000892,page_026,esportes,meio do artigo,banner,computador,BR,3,2,1,0,0.00647
evt_003001,2026-04-10 07:28:00,demo_publisher,site A,sess_000038,page_051,notícias,meio do artigo,vídeo,computador,BR,1,1,1,1,0.01354
evt_003002,2026-04-25 19:06:00,demo_publisher,site B,sess_001346,page_099,esportes,meio do artigo,vídeo,celular,US,3,3,2,0,0.0245
evt_003003,2026-04-27 15:14:00,demo_publisher,site A,sess_000910,page_008,tecnologia,meio do artigo,vídeo,celular,BR,6,4,2,0,0.03508
evt_003004,2026-04-12 07:03:00,demo_publisher,site C,sess_001543,page_127,finanças,topo da página,vídeo,tablet,AR,5,2,0,0,0.0203
evt_003005,2026-03-23 06:06:00,demo_publisher,site B,sess_001236,page_024,notícias,topo da página,banner,computador,BR,5,5,4,0,0.00878
evt_003006,2026-04-05 22:39:00,demo_publisher,site C,sess_001574,page_110,esportes,topo da página,banner,celular,BR,4,4,2,0,0.01723
evt_003007,2026-03-26 12:07:00,demo_publisher,site A,sess_000921,page_086,entretenimento,meio do artigo,mídia rica,computador,BR,3,3,3,0,0.02153
evt_003008,2026-04-07 17:53:00,demo_publisher,site B,sess_000016,page_118,finanças,lateral,nativo,computador,BR,3,2,2,0,0.01938
evt_003009,2026-04-18 17:27:00,demo_publisher,site B,sess_000262,page_108,finanças,lateral,vídeo,celular,BR,3,3,3,0,0.02077
evt_003010,2026-03-23 03:50:00,demo_publisher,site A,sess_000918,page_072,notícias,lateral,nativo,celular,MX,4,3,1,0,0.00901
evt_003011,2026-03-31 08:17:00,demo_publisher,site A,sess_000795,page_106,esportes,topo da página,mídia rica,computador,BR,6,5,3,0,0.04121
evt_003012,2026-03-03 17:42:00,demo_publisher,site C,sess_001588,page_049,tecnologia,meio do artigo,vídeo,computador,BR,1,0,0,0,0.00037
evt_003013,2026-04-14 04:39:00,demo_publisher,site A,sess_000823,page_082,tecnologia,lateral,banner,computador,AR,3,3,1,0,0.02086
evt_003014,2026-03-30 09:23:00,demo_publisher,site A,sess_001720,page_128,finanças,rodapé fixo,mídia rica,computador,BR,2,1,1,0,0.00978
evt_003015,2026-03-28 13:58:00,demo_publisher,site B,sess_000376,page_012,entretenimento,meio do artigo,banner,celular,BR,6,3,1,0,0.01488
evt_003016,2026-04-01 22:42:00,demo_publisher,site C,sess_000770,page_050,esportes,rodapé fixo,banner,tablet,BR,1,1,1,1,0.00832
evt_003017,2026-03-13 22:18:00,demo_publisher,site C,sess_001512,page_003,tecnologia,rodapé fixo,vídeo,celular,MX,1,1,1,0,0.00775
evt_003018,2026-04-05 21:04:00,demo_publisher,site C,sess_000249,page_075,notícias,rodapé fixo,banner,celular,BR,5,3,1,0,0.01169
evt_003019,2026-04-14 17:05:00,demo_publisher,site B,sess_000643,page_109,esportes,lateral,banner,celular,US,2,2,0,0,0.00896
evt_003020,2026-03-21 23:32:00,demo_publisher,site A,sess_001503,page_006,tecnologia,meio do artigo,nativo,celular,BR,2,2,1,0,0.00743
evt_003021,2026-03-08 20:51:00,demo_publisher,site B,sess_001178,page_077,entretenimento,rodapé fixo,mídia rica,computador,BR,4,4,4,0,0.02937
evt_003022,2026-03-24 05:02:00,demo_publisher,site B,sess_001556,page_058,tecnologia,rodapé fixo,banner,computador,BR,6,5,3,0,0.00984
evt_003023,2026-03-12 21:57:00,demo_publisher,site B,sess_001031,page_109,estilo de vida,rodapé fixo,vídeo,celular,BR,1,1,0,1,0.00414
evt_003024,2026-03-23 10:28:00,demo_publisher,site C,sess_001718,page_031,tecnologia,rodapé fixo,nativo,celular,BR,4,3,3,0,0.01154
evt_003025,2026-04-07 14:37:00,demo_publisher,site C,sess_001754,page_023,tecnologia,rodapé fixo,banner,computador,BR,3,1,1,0,0.00381
evt_003026,2026-03-07 19:17:00,demo_publisher,site C,sess_001949,page_014,esportes,rodapé fixo,vídeo,celular,US,2,1,1,0,0.00079
evt_003027,2026-04-14 20:04:00,demo_publisher,site A,sess_000244,page_057,finanças,topo da página,nativo,celular,BR,4,4,2,0,0.01585
evt_003028,2026-03-14 11:26:00,demo_publisher,site A,sess_001182,page_068,estilo de vida,meio do artigo,vídeo,tablet,AR,6,5,4,0,0.02866
evt_003029,2026-04-23 16:21:00,demo_publisher,site A,sess_000229,page_128,estilo de vida,lateral,vídeo,tablet,AR,2,2,2,0,0.00807
evt_003030,2026-04-13 22:43:00,demo_publisher,site A,sess_000458,page_065,entretenimento,rodapé fixo,mídia rica,computador,AR,2,2,2,0,0.0053
evt_003031,2026-03-17 08:31:00,demo_publisher,site B,sess_000601,page_024,finanças,meio do artigo,vídeo,celular,US,1,1,0,0,0.00714
evt_003032,2026-04-03 19:02:00,demo_publisher,site B,sess_001292,page_098,notícias,meio do artigo,banner,celular,BR,4,4,4,0,0.02553
evt_003033,2026-03-07 15:26:00,demo_publisher,site B,sess_000862,page_009,notícias,intersticial,vídeo,celular,BR,2,2,0,0,0.01617
evt_003034,2026-03-06 23:37:00,demo_publisher,site B,sess_001729,page_048,tecnologia,meio do artigo,nativo,computador,BR,4,4,2,1,0.02437
evt_003035,2026-04-27 08:42:00,demo_publisher,site A,sess_000597,page_091,notícias,topo da página,banner,celular,AR,1,1,1,0,0.00465
evt_003036,2026-04-18 03:30:00,demo_publisher,site C,sess_001234,page_036,tecnologia,lateral,nativo,celular,BR,5,3,1,0,0.01381
evt_003037,2026-03-10 06:22:00,demo_publisher,site A,sess_001526,page_083,notícias,meio do artigo,vídeo,computador,BR,2,2,2,0,0.00899
evt_003038,2026-03-17 23:04:00,demo_publisher,site A,sess_001960,page_064,esportes,topo da página,banner,computador,BR,1,0,0,0,0.0
evt_003039,2026-03-12 20:38:00,demo_publisher,site C,sess_000491,page_133,tecnologia,lateral,banner,computador,BR,1,0,0,0,0.00206
evt_003040,2026-03-24 17:01:00,demo_publisher,site B,sess_001467,page_040,finanças,intersticial,nativo,computador,MX,5,2,1,0,0.01292
evt_003041,2026-03-18 11:30:00,demo_publisher,site A,sess_000170,page_126,tecnologia,meio do artigo,banner,celular,AR,6,5,2,0,0.02169
evt_003042,2026-03-20 16:24:00,demo_publisher,site A,sess_001087,page_087,notícias,meio do artigo,vídeo,computador,BR,3,3,2,0,0.01618
evt_003043,2026-04-01 18:19:00,demo_publisher,site B,sess_000828,page_105,finanças,meio do artigo,banner,celular,MX,1,1,1,0,0.0063
evt_003044,2026-03-12 08:14:00,demo_publisher,site B,sess_001917,page_024,estilo de vida,lateral,vídeo,computador,BR,5,4,2,0,0.03516
evt_003045,2026-04-22 23:16:00,demo_publisher,site C,sess_001546,page_003,entretenimento,meio do artigo,vídeo,celular,BR,1,1,1,0,0.00962
evt_003046,2026-04-13 15:49:00,demo_publisher,site A,sess_001854,page_102,notícias,meio do artigo,banner,computador,BR,2,2,2,1,0.01482
evt_003047,2026-04-15 15:11:00,demo_publisher,site C,sess_001701,page_067,esportes,lateral,nativo,celular,BR,6,4,1,0,0.01454
evt_003048,2026-03-11 04:02:00,demo_publisher,site A,sess_000821,page_043,estilo de vida,intersticial,banner,computador,BR,3,2,2,0,0.00573
evt_003049,2026-04-12 11:44:00,demo_publisher,site A,sess_001466,page_125,entretenimento,meio do artigo,banner,celular,BR,5,4,2,0,0.01293
evt_003050,2026-04-20 04:11:00,demo_publisher,site B,sess_000061,page_046,tecnologia,lateral,nativo,computador,BR,3,3,2,0,0.01272
evt_003051,2026-03-11 12:15:00,demo_publisher,site C,sess_001116,page_061,tecnologia,rodapé fixo,banner,celular,MX,2,1,1,0,0.00416
evt_003052,2026-04-15 01:50:00,demo_publisher,site A,sess_000095,page_101,finanças,topo da página,vídeo,computador,US,2,1,1,0,0.00964
evt_003053,2026-03-22 11:03:00,demo_publisher,site A,sess_001448,page_134,estilo de vida,rodapé fixo,nativo,computador,BR,6,4,4,0,0.02577
evt_003054,2026-04-17 06:06:00,demo_publisher,site B,sess_001933,page_125,tecnologia,meio do artigo,banner,celular,BR,3,2,1,0,0.01465
evt_003055,2026-03-29 16:54:00,demo_publisher,site B,sess_001363,page_091,tecnologia,topo da página,banner,computador,BR,6,5,2,1,0.02292
evt_003056,2026-04-18 03:10:00,demo_publisher,site C,sess_001680,page_016,tecnologia,topo da página,vídeo,tablet,AR,6,5,1,0,0.02332
evt_003057,2026-03-09 20:17:00,demo_publisher,site B,sess_000469,page_016,tecnologia,topo da página,banner,celular,BR,5,5,5,0,0.03184
evt_003058,2026-03-24 08:16:00,demo_publisher,site B,sess_001987,page_097,entretenimento,rodapé fixo,vídeo,computador,AR,2,2,0,0,0.01115
evt_003059,2026-03-17 09:44:00,demo_publisher,site C,sess_001101,page_071,notícias,lateral,banner,tablet,US,4,3,2,0,0.01388
evt_003060,2026-03-15 21:38:00,demo_publisher,site A,sess_001349,page_019,esportes,rodapé fixo,mídia rica,computador,US,3,1,0,0,0.00854
evt_003061,2026-03-19 11:59:00,demo_publisher,site A,sess_001541,page_097,entretenimento,rodapé fixo,banner,celular,BR,4,3,3,0,0.01203
evt_003062,2026-03-23 22:42:00,demo_publisher,site B,sess_001279,page_131,estilo de vida,meio do artigo,nativo,computador,BR,5,4,3,1,0.02022
evt_003063,2026-03-08 15:16:00,demo_publisher,site B,sess_000634,page_010,notícias,rodapé fixo,nativo,celular,BR,6,5,3,0,0.01385
evt_003064,2026-04-12 10:11:00,demo_publisher,site C,sess_001223,page_115,finanças,rodapé fixo,banner,celular,BR,5,4,3,0,0.01762
evt_003065,2026-04-03 00:20:00,demo_publisher,site A,sess_001308,page_048,estilo de vida,meio do artigo,vídeo,computador,BR,3,3,0,1,0.02789
evt_003066,2026-04-19 18:08:00,demo_publisher,site A,sess_001714,page_056,tecnologia,rodapé fixo,banner,celular,US,6,5,2,0,0.02225
evt_003067,2026-04-12 07:14:00,demo_publisher,site A,sess_000963,page_100,tecnologia,rodapé fixo,banner,computador,BR,5,4,3,0,0.02101
evt_003068,2026-03-09 22:37:00,demo_publisher,site B,sess_001004,page_035,notícias,meio do artigo,banner,celular,BR,2,2,2,0,0.00256
evt_003069,2026-03-05 04:42:00,demo_publisher,site A,sess_001006,page_022,finanças,topo da página,nativo,computador,BR,1,1,1,0,0.00779
evt_003070,2026-03-26 08:50:00,demo_publisher,site B,sess_000229,page_134,notícias,meio do artigo,mídia rica,computador,BR,3,3,3,0,0.02129
evt_003071,2026-03-29 20:49:00,demo_publisher,site B,sess_000181,page_049,entretenimento,intersticial,banner,computador,BR,5,4,2,0,0.01318
evt_003072,2026-03-15 09:57:00,demo_publisher,site A,sess_000041,page_024,notícias,lateral,vídeo,celular,BR,2,2,2,0,0.00821
evt_003073,2026-04-16 22:23:00,demo_publisher,site A,sess_001332,page_096,estilo de vida,rodapé fixo,vídeo,tablet,BR,6,4,3,0,0.02652
evt_003074,2026-04-04 21:28:00,demo_publisher,site B,sess_000838,page_031,estilo de vida,rodapé fixo,banner,tablet,BR,6,5,5,0,0.01814
evt_003075,2026-04-14 21:06:00,demo_publisher,site B,sess_001731,page_108,estilo de vida,topo da página,banner,celular,BR,1,1,0,0,0.002
evt_003076,2026-03-07 12:58:00,demo_publisher,site A,sess_001404,page_010,estilo de vida,intersticial,banner,celular,BR,3,2,2,0,0.00582
evt_003077,2026-04-18 21:42:00,demo_publisher,site B,sess_000283,page_073,tecnologia,meio do artigo,banner,celular,BR,2,2,1,0,0.00782
evt_003078,2026-03-13 08:46:00,demo_publisher,site C,sess_000201,page_057,estilo de vida,rodapé fixo,vídeo,celular,CL,6,4,3,0,0.022
evt_003079,2026-03-27 21:27:00,demo_publisher,site C,sess_000732,page_134,notícias,meio do artigo,nativo,computador,BR,5,3,2,0,0.02254
evt_003080,2026-03-27 08:41:00,demo_publisher,site C,sess_001841,page_073,esportes,meio do artigo,banner,celular,BR,5,3,1,0,0.00974
evt_003081,2026-04-19 05:36:00,demo_publisher,site B,sess_000098,page_129,estilo de vida,meio do artigo,vídeo,computador,BR,5,4,4,1,0.04071
evt_003082,2026-03-17 14:39:00,demo_publisher,site C,sess_000375,page_035,esportes,meio do artigo,banner,celular,BR,5,3,1,0,0.00888
evt_003083,2026-03-15 10:41:00,demo_publisher,site B,sess_000060,page_066,tecnologia,topo da página,vídeo,computador,US,5,4,3,0,0.05637
evt_003084,2026-03-21 09:03:00,demo_publisher,site A,sess_000827,page_114,esportes,meio do artigo,nativo,computador,BR,5,4,4,0,0.02687
evt_003085,2026-03-22 15:34:00,demo_publisher,site A,sess_001979,page_023,tecnologia,lateral,banner,celular,BR,6,5,1,0,0.0138
evt_003086,2026-03-11 21:37:00,demo_publisher,site B,sess_001367,page_129,notícias,rodapé fixo,nativo,computador,AR,4,3,3,0,0.01917
evt_003087,2026-03-11 13:57:00,demo_publisher,site B,sess_000987,page_108,tecnologia,topo da página,banner,tablet,BR,1,1,1,0,0.0053
evt_003088,2026-03-14 21:07:00,demo_publisher,site C,sess_000289,page_095,notícias,topo da página,mídia rica,tablet,BR,3,2,2,0,0.01283
evt_003089,2026-03-29 01:10:00,demo_publisher,site C,sess_000711,page_034,finanças,lateral,banner,celular,BR,5,4,2,0,0.02857
evt_003090,2026-03-21 14:25:00,demo_publisher,site A,sess_001049,page_114,esportes,lateral,mídia rica,celular,BR,6,3,1,0,0.0131
evt_003091,2026-03-24 12:33:00,demo_publisher,site C,sess_000550,page_118,estilo de vida,lateral,mídia rica,computador,BR,4,3,3,0,0.008
evt_003092,2026-04-13 03:26:00,demo_publisher,site A,sess_001410,page_041,notícias,intersticial,nativo,celular,BR,2,1,1,0,0.00154
evt_003093,2026-03-15 10:56:00,demo_publisher,site A,sess_001960,page_082,tecnologia,topo da página,vídeo,celular,BR,2,2,1,0,0.01998
evt_003094,2026-04-24 14:14:00,demo_publisher,site B,sess_000412,page_009,estilo de vida,meio do artigo,nativo,computador,US,6,4,2,0,0.02494
evt_003095,2026-04-15 02:33:00,demo_publisher,site C,sess_000505,page_055,entretenimento,rodapé fixo,banner,computador,AR,2,0,0,0,0.0
evt_003096,2026-03-11 11:32:00,demo_publisher,site C,sess_000253,page_021,tecnologia,lateral,mídia rica,computador,AR,1,1,0,0,0.0052
evt_003097,2026-03-19 19:56:00,demo_publisher,site B,sess_001451,page_078,estilo de vida,meio do artigo,banner,celular,MX,4,3,3,0,0.00696
evt_003098,2026-03-12 00:18:00,demo_publisher,site B,sess_000923,page_077,tecnologia,rodapé fixo,mídia rica,celular,BR,4,3,3,0,0.01098
evt_003099,2026-03-17 08:50:00,demo_publisher,site A,sess_000568,page_075,notícias,meio do artigo,nativo,computador,BR,4,4,3,0,0.00957
evt_003100,2026-03-22 22:18:00,demo_publisher,site C,sess_000439,page_095,estilo de vida,topo da página,banner,computador,BR,3,2,1,0,0.00624
evt_003101,2026-03-08 20:28:00,demo_publisher,site C,sess_000141,page_129,esportes,topo da página,banner,celular,CL,4,0,0,0,0.00036
evt_003102,2026-03-01 20:47:00,demo_publisher,site A,sess_000952,page_028,tecnologia,rodapé fixo,banner,computador,BR,3,1,0,0,0.0086
evt_003103,2026-03-27 07:54:00,demo_publisher,site A,sess_001366,page_030,notícias,rodapé fixo,banner,computador,US,3,2,1,0,0.01016
evt_003104,2026-04-12 01:25:00,demo_publisher,site A,sess_000470,page_030,finanças,topo da página,vídeo,computador,BR,2,2,1,0,0.0173
evt_003105,2026-03-19 04:16:00,demo_publisher,site C,sess_000004,page_130,estilo de vida,meio do artigo,banner,celular,CL,5,4,3,0,0.02086
evt_003106,2026-04-21 15:03:00,demo_publisher,site B,sess_000947,page_013,finanças,lateral,mídia rica,computador,BR,4,4,2,0,0.03124
evt_003107,2026-03-23 03:45:00,demo_publisher,site A,sess_001351,page_005,esportes,topo da página,banner,computador,BR,2,0,0,0,0.0
evt_003108,2026-04-24 01:08:00,demo_publisher,site B,sess_000690,page_023,finanças,rodapé fixo,nativo,celular,US,4,4,4,0,0.01704
evt_003109,2026-03-15 03:50:00,demo_publisher,site A,sess_000501,page_107,tecnologia,meio do artigo,banner,computador,BR,2,1,1,0,0.00554
evt_003110,2026-04-02 08:38:00,demo_publisher,site B,sess_000309,page_081,notícias,rodapé fixo,banner,tablet,BR,5,4,4,0,0.01124
evt_003111,2026-04-15 18:56:00,demo_publisher,site B,sess_001492,page_128,esportes,rodapé fixo,nativo,celular,AR,4,3,2,0,0.01369
evt_003112,2026-03-04 13:00:00,demo_publisher,site B,sess_001723,page_029,entretenimento,meio do artigo,banner,celular,BR,4,2,1,0,0.00288
evt_003113,2026-04-25 19:12:00,demo_publisher,site A,sess_001539,page_055,entretenimento,lateral,nativo,celular,BR,4,3,0,0,0.01053
evt_003114,2026-03-22 21:32:00,demo_publisher,site C,sess_001036,page_078,notícias,rodapé fixo,nativo,computador,AR,6,4,3,0,0.02893
evt_003115,2026-03-30 21:01:00,demo_publisher,site C,sess_001448,page_011,finanças,meio do artigo,banner,celular,BR,5,5,5,0,0.0201
evt_003116,2026-04-07 16:57:00,demo_publisher,site A,sess_000794,page_128,notícias,topo da página,nativo,computador,MX,2,2,2,0,0.01179
evt_003117,2026-04-08 13:55:00,demo_publisher,site B,sess_000049,page_112,entretenimento,rodapé fixo,banner,celular,AR,3,2,1,0,0.00212
evt_003118,2026-03-02 10:04:00,demo_publisher,site B,sess_000735,page_020,finanças,lateral,banner,computador,BR,4,3,2,0,0.02195
evt_003119,2026-04-22 00:43:00,demo_publisher,site B,sess_001407,page_118,finanças,lateral,vídeo,celular,BR,5,4,3,0,0.03972
evt_003120,2026-04-07 09:59:00,demo_publisher,site A,sess_001295,page_063,esportes,meio do artigo,banner,computador,BR,1,1,1,0,0.0007
evt_003121,2026-04-29 22:18:00,demo_publisher,site B,sess_001980,page_047,estilo de vida,lateral,banner,celular,BR,6,6,2,0,0.0322
evt_003122,2026-03-29 06:58:00,demo_publisher,site B,sess_001994,page_132,notícias,lateral,nativo,computador,BR,2,1,1,0,0.01096
evt_003123,2026-04-06 19:27:00,demo_publisher,site A,sess_000486,page_073,tecnologia,meio do artigo,nativo,computador,AR,3,2,2,0,0.00997
evt_003124,2026-03-27 11:07:00,demo_publisher,site A,sess_000020,page_032,finanças,topo da página,mídia rica,celular,AR,2,0,0,0,0.00154
evt_003125,2026-04-23 09:16:00,demo_publisher,site B,sess_000549,page_113,estilo de vida,meio do artigo,vídeo,celular,BR,4,4,2,0,0.0119
evt_003126,2026-04-19 22:38:00,demo_publisher,site A,sess_001752,page_100,tecnologia,lateral,vídeo,tablet,BR,2,2,1,0,0.01381
evt_003127,2026-04-24 12:23:00,demo_publisher,site C,sess_001627,page_027,notícias,topo da página,nativo,computador,BR,6,6,4,0,0.00914
evt_003128,2026-03-31 06:09:00,demo_publisher,site B,sess_000198,page_095,notícias,rodapé fixo,banner,computador,MX,2,1,1,0,0.0075
evt_003129,2026-04-17 11:41:00,demo_publisher,site B,sess_000321,page_088,finanças,topo da página,banner,celular,BR,2,2,2,0,0.0041
evt_003130,2026-03-22 12:39:00,demo_publisher,site B,sess_001127,page_039,tecnologia,rodapé fixo,vídeo,computador,BR,1,0,0,0,0.00162
evt_003131,2026-03-28 15:44:00,demo_publisher,site A,sess_001321,page_060,notícias,topo da página,banner,celular,BR,5,3,2,0,0.01135
evt_003132,2026-04-15 14:42:00,demo_publisher,site C,sess_001964,page_117,tecnologia,lateral,banner,computador,BR,6,5,0,0,0.04167
evt_003133,2026-03-05 20:51:00,demo_publisher,site A,sess_001510,page_025,finanças,meio do artigo,nativo,celular,BR,4,3,3,0,0.0128
evt_003134,2026-04-12 15:06:00,demo_publisher,site B,sess_000424,page_101,estilo de vida,lateral,vídeo,celular,CL,6,5,3,0,0.02717
evt_003135,2026-03-01 22:45:00,demo_publisher,site A,sess_000075,page_116,estilo de vida,intersticial,nativo,computador,BR,3,2,2,0,0.01895
evt_003136,2026-04-04 20:08:00,demo_publisher,site B,sess_001267,page_131,notícias,topo da página,banner,computador,BR,5,1,1,0,0.00236
evt_003137,2026-03-29 15:10:00,demo_publisher,site B,sess_001107,page_046,esportes,topo da página,mídia rica,celular,BR,6,6,6,0,0.02208
evt_003138,2026-03-29 02:53:00,demo_publisher,site B,sess_001843,page_038,tecnologia,topo da página,banner,celular,BR,5,3,1,0,0.01948
evt_003139,2026-03-30 15:48:00,demo_publisher,site C,sess_001152,page_130,finanças,meio do artigo,mídia rica,computador,US,1,1,0,0,0.00795
evt_003140,2026-03-30 12:23:00,demo_publisher,site C,sess_001002,page_065,estilo de vida,rodapé fixo,banner,celular,BR,6,4,3,0,0.02228
evt_003141,2026-03-25 10:36:00,demo_publisher,site A,sess_000607,page_080,entretenimento,topo da página,mídia rica,celular,BR,1,1,0,0,0.0
evt_003142,2026-03-28 01:57:00,demo_publisher,site C,sess_000173,page_072,notícias,rodapé fixo,mídia rica,celular,BR,1,1,1,0,0.00552
evt_003143,2026-04-04 02:09:00,demo_publisher,site A,sess_001752,page_072,finanças,meio do artigo,banner,celular,BR,2,1,1,0,0.00154
evt_003144,2026-04-15 19:23:00,demo_publisher,site B,sess_001652,page_087,esportes,intersticial,vídeo,celular,BR,5,4,3,0,0.03427
evt_003145,2026-04-03 03:06:00,demo_publisher,site C,sess_000326,page_059,notícias,meio do artigo,banner,celular,MX,6,3,2,0,0.01292
evt_003146,2026-04-08 13:13:00,demo_publisher,site A,sess_001408,page_055,entretenimento,intersticial,banner,computador,BR,4,2,1,0,0.00957
evt_003147,2026-04-20 04:43:00,demo_publisher,site B,sess_000729,page_056,entretenimento,meio do artigo,banner,computador,BR,3,3,2,0,0.0145
evt_003148,2026-04-29 08:53:00,demo_publisher,site B,sess_000874,page_092,esportes,intersticial,nativo,computador,CL,3,2,1,0,0.02104
evt_003149,2026-03-07 12:27:00,demo_publisher,site B,sess_001697,page_114,entretenimento,lateral,banner,computador,BR,5,4,1,0,0.01288
evt_003150,2026-04-12 18:36:00,demo_publisher,site C,sess_001684,page_078,notícias,meio do artigo,nativo,computador,BR,2,2,2,0,0.00595
evt_003151,2026-03-14 12:15:00,demo_publisher,site B,sess_000382,page_095,entretenimento,rodapé fixo,mídia rica,celular,US,2,2,1,0,0.00367
evt_003152,2026-03-12 19:21:00,demo_publisher,site B,sess_000615,page_058,tecnologia,meio do artigo,vídeo,computador,BR,2,2,1,0,0.01018
evt_003153,2026-04-17 13:55:00,demo_publisher,site A,sess_001642,page_108,notícias,meio do artigo,banner,celular,BR,3,1,1,0,0.00132
evt_003154,2026-03-05 02:54:00,demo_publisher,site A,sess_001834,page_055,estilo de vida,meio do artigo,nativo,computador,BR,5,1,1,0,0.00342
evt_003155,2026-04-20 20:53:00,demo_publisher,site B,sess_000159,page_059,tecnologia,rodapé fixo,banner,computador,BR,4,4,3,0,0.01729
evt_003156,2026-04-16 05:35:00,demo_publisher,site C,sess_001667,page_008,esportes,lateral,banner,computador,BR,1,0,0,0,0.0
evt_003157,2026-04-29 16:32:00,demo_publisher,site B,sess_000978,page_037,esportes,topo da página,mídia rica,celular,BR,2,2,2,0,0.01182
evt_003158,2026-04-10 01:50:00,demo_publisher,site B,sess_001181,page_103,estilo de vida,rodapé fixo,mídia rica,computador,BR,1,1,1,0,0.00917
evt_003159,2026-04-22 08:59:00,demo_publisher,site C,sess_000151,page_013,notícias,meio do artigo,banner,computador,US,3,3,2,0,0.00769
evt_003160,2026-03-08 02:41:00,demo_publisher,site C,sess_001361,page_032,notícias,topo da página,banner,celular,BR,4,4,3,0,0.01888
evt_003161,2026-04-23 09:27:00,demo_publisher,site B,sess_001356,page_108,esportes,topo da página,banner,computador,BR,2,2,0,0,0.01609
evt_003162,2026-03-10 14:52:00,demo_publisher,site A,sess_001325,page_122,tecnologia,topo da página,banner,computador,BR,1,1,1,0,0.00496
evt_003163,2026-03-19 20:39:00,demo_publisher,site B,sess_001581,page_058,esportes,lateral,banner,computador,BR,1,1,0,0,0.00362
evt_003164,2026-03-08 16:35:00,demo_publisher,site A,sess_001892,page_057,finanças,topo da página,banner,computador,US,5,3,2,0,0.02833
evt_003165,2026-03-25 02:23:00,demo_publisher,site A,sess_001699,page_071,notícias,topo da página,banner,computador,BR,3,3,3,0,0.01288
evt_003166,2026-04-14 22:33:00,demo_publisher,site C,sess_001489,page_108,notícias,meio do artigo,banner,computador,MX,6,4,3,0,0.03195
evt_003167,2026-03-17 02:02:00,demo_publisher,site C,sess_001962,page_066,estilo de vida,rodapé fixo,vídeo,celular,BR,4,4,2,0,0.01449
evt_003168,2026-04-19 07:57:00,demo_publisher,site B,sess_001349,page_025,notícias,lateral,vídeo,celular,BR,2,2,2,0,0.02245
evt_003169,2026-04-06 09:04:00,demo_publisher,site A,sess_001344,page_060,estilo de vida,meio do artigo,nativo,tablet,BR,1,1,1,0,0.00539
evt_003170,2026-04-07 17:39:00,demo_publisher,site A,sess_001084,page_036,finanças,lateral,banner,celular,BR,5,5,3,0,0.0182
evt_003171,2026-04-26 07:52:00,demo_publisher,site A,sess_001538,page_096,estilo de vida,topo da página,vídeo,computador,BR,3,2,0,0,0.01426
evt_003172,2026-03-26 21:51:00,demo_publisher,site A,sess_000143,page_020,esportes,rodapé fixo,banner,computador,BR,4,3,3,0,0.0103
evt_003173,2026-03-21 16:16:00,demo_publisher,site A,sess_001012,page_085,tecnologia,topo da página,mídia rica,celular,BR,3,2,1,0,0.00841
evt_003174,2026-04-29 16:09:00,demo_publisher,site B,sess_000851,page_019,notícias,topo da página,banner,computador,AR,1,1,0,0,0.00316
evt_003175,2026-04-03 10:04:00,demo_publisher,site A,sess_001825,page_136,entretenimento,meio do artigo,mídia rica,celular,BR,6,5,3,0,0.00707
evt_003176,2026-04-06 21:01:00,demo_publisher,site A,sess_000146,page_089,esportes,topo da página,banner,celular,BR,1,1,1,0,0.00502
evt_003177,2026-03-18 18:40:00,demo_publisher,site C,sess_001287,page_020,notícias,topo da página,vídeo,celular,BR,4,4,2,0,0.03639
evt_003178,2026-03-13 22:13:00,demo_publisher,site B,sess_000369,page_134,estilo de vida,lateral,banner,computador,BR,1,1,1,0,0.00238
evt_003179,2026-03-11 04:30:00,demo_publisher,site B,sess_001767,page_080,esportes,meio do artigo,vídeo,computador,AR,6,6,6,0,0.08164
evt_003180,2026-03-14 09:55:00,demo_publisher,site B,sess_001703,page_085,finanças,topo da página,nativo,computador,BR,2,1,1,0,0.00867
evt_003181,2026-03-12 17:04:00,demo_publisher,site C,sess_000471,page_009,tecnologia,lateral,banner,computador,US,4,3,1,0,0.02632
evt_003182,2026-04-14 19:16:00,demo_publisher,site B,sess_001743,page_027,tecnologia,lateral,vídeo,computador,BR,1,1,1,0,0.0084
evt_003183,2026-03-04 11:26:00,demo_publisher,site A,sess_000993,page_113,estilo de vida,rodapé fixo,banner,celular,BR,5,4,2,0,0.02185
evt_003184,2026-04-07 18:18:00,demo_publisher,site B,sess_001942,page_065,entretenimento,topo da página,nativo,computador,BR,2,1,1,0,0.00313
evt_003185,2026-04-26 22:58:00,demo_publisher,site A,sess_001459,page_086,finanças,rodapé fixo,banner,computador,BR,1,1,1,0,0.01044
evt_003186,2026-04-15 22:23:00,demo_publisher,site C,sess_000069,page_138,notícias,lateral,vídeo,computador,US,2,2,0,0,0.04277
evt_003187,2026-03-25 04:08:00,demo_publisher,site B,sess_000406,page_060,tecnologia,meio do artigo,vídeo,tablet,MX,4,1,0,0,0.00878
evt_003188,2026-03-04 13:32:00,demo_publisher,site B,sess_000807,page_053,esportes,topo da página,nativo,computador,BR,2,1,0,0,0.00522
evt_003189,2026-04-20 01:08:00,demo_publisher,site C,sess_000423,page_112,notícias,meio do artigo,vídeo,computador,BR,3,2,1,0,0.01193
evt_003190,2026-03-01 04:32:00,demo_publisher,site A,sess_000265,page_010,notícias,topo da página,mídia rica,celular,BR,1,1,0,0,0.00562
evt_003191,2026-04-10 21:06:00,demo_publisher,site C,sess_001956,page_064,esportes,lateral,nativo,computador,US,5,5,5,0,0.03115
evt_003192,2026-04-10 06:09:00,demo_publisher,site B,sess_001738,page_119,esportes,lateral,banner,computador,BR,3,1,0,0,0.0042
evt_003193,2026-03-12 12:21:00,demo_publisher,site C,sess_000869,page_032,esportes,topo da página,nativo,computador,BR,6,5,4,0,0.03456
evt_003194,2026-04-14 09:24:00,demo_publisher,site B,sess_000430,page_043,estilo de vida,topo da página,banner,tablet,MX,3,3,1,0,0.01868
evt_003195,2026-03-11 12:39:00,demo_publisher,site B,sess_000364,page_066,tecnologia,rodapé fixo,banner,celular,US,5,5,4,0,0.01725
evt_003196,2026-03-14 12:55:00,demo_publisher,site A,sess_001831,page_011,entretenimento,meio do artigo,banner,celular,BR,2,2,1,0,0.00292
evt_003197,2026-04-18 17:15:00,demo_publisher,site A,sess_000663,page_010,notícias,meio do artigo,vídeo,celular,BR,1,1,1,0,0.00663
evt_003198,2026-04-28 17:56:00,demo_publisher,site B,sess_000026,page_035,notícias,intersticial,nativo,celular,BR,4,2,1,0,0.00393
evt_003199,2026-03-16 21:11:00,demo_publisher,site A,sess_000795,page_125,estilo de vida,topo da página,nativo,computador,BR,4,4,4,0,0.0265
evt_003200,2026-04-25 06:43:00,demo_publisher,site A,sess_000909,page_031,notícias,lateral,banner,celular,BR,6,4,2,0,0.01468
evt_003201,2026-04-24 19:07:00,demo_publisher,site B,sess_001246,page_102,esportes,rodapé fixo,banner,celular,BR,5,3,2,0,0.02354
evt_003202,2026-04-16 03:56:00,demo_publisher,site A,sess_000678,page_060,estilo de vida,meio do artigo,vídeo,computador,BR,4,3,2,0,0.01744
evt_003203,2026-03-09 09:40:00,demo_publisher,site B,sess_001846,page_106,tecnologia,meio do artigo,nativo,celular,CL,1,1,1,0,0.00338
evt_003204,2026-03-18 23:09:00,demo_publisher,site A,sess_001287,page_046,notícias,rodapé fixo,mídia rica,computador,BR,5,2,2,0,0.01435
evt_003205,2026-04-10 15:54:00,demo_publisher,site A,sess_001973,page_122,estilo de vida,topo da página,nativo,computador,BR,2,2,1,0,0.0125
evt_003206,2026-04-29 22:52:00,demo_publisher,site B,sess_000734,page_052,estilo de vida,topo da página,banner,computador,BR,5,4,4,0,0.03196
evt_003207,2026-04-18 20:50:00,demo_publisher,site A,sess_001303,page_111,tecnologia,meio do artigo,nativo,computador,BR,5,5,2,0,0.05674
evt_003208,2026-03-26 05:11:00,demo_publisher,site A,sess_000731,page_116,esportes,rodapé fixo,vídeo,tablet,US,5,3,2,0,0.01444
evt_003209,2026-03-15 02:46:00,demo_publisher,site A,sess_001400,page_061,tecnologia,meio do artigo,banner,celular,BR,2,2,1,0,0.00404
evt_003210,2026-04-27 14:53:00,demo_publisher,site A,sess_001491,page_093,tecnologia,topo da página,nativo,computador,BR,3,3,0,0,0.01328
evt_003211,2026-03-17 13:44:00,demo_publisher,site A,sess_000644,page_017,esportes,meio do artigo,banner,celular,BR,1,1,1,0,0.00215
evt_003212,2026-03-21 12:47:00,demo_publisher,site B,sess_001875,page_070,estilo de vida,meio do artigo,banner,celular,BR,3,2,1,1,0.00212
evt_003213,2026-04-27 20:54:00,demo_publisher,site B,sess_001714,page_052,estilo de vida,lateral,banner,computador,BR,6,5,2,0,0.04018
evt_003214,2026-04-03 16:47:00,demo_publisher,site A,sess_001789,page_133,esportes,rodapé fixo,nativo,celular,BR,2,2,1,0,0.00824
evt_003215,2026-03-16 21:01:00,demo_publisher,site B,sess_000436,page_130,finanças,meio do artigo,vídeo,celular,US,6,5,3,0,0.03482
evt_003216,2026-03-01 07:41:00,demo_publisher,site C,sess_001435,page_109,finanças,lateral,banner,computador,BR,1,0,0,0,0.0
evt_003217,2026-03-26 19:08:00,demo_publisher,site B,sess_000213,page_132,tecnologia,lateral,vídeo,celular,US,3,3,0,0,0.01411
evt_003218,2026-04-29 03:50:00,demo_publisher,site C,sess_000211,page_136,notícias,rodapé fixo,vídeo,celular,BR,3,2,2,0,0.00974
evt_003219,2026-03-26 22:49:00,demo_publisher,site A,sess_001946,page_107,finanças,meio do artigo,banner,celular,BR,6,5,2,0,0.02503
evt_003220,2026-04-11 23:19:00,demo_publisher,site B,sess_000306,page_083,notícias,topo da página,banner,celular,BR,4,3,2,0,0.01749
evt_003221,2026-03-16 04:22:00,demo_publisher,site B,sess_001728,page_029,estilo de vida,lateral,banner,tablet,CL,6,4,1,0,0.01563
evt_003222,2026-04-16 12:52:00,demo_publisher,site B,sess_000862,page_114,estilo de vida,lateral,banner,computador,BR,6,4,3,0,0.02225
evt_003223,2026-04-16 13:08:00,demo_publisher,site B,sess_000607,page_028,finanças,lateral,mídia rica,celular,BR,4,3,2,0,0.0224
evt_003224,2026-04-06 11:57:00,demo_publisher,site B,sess_000147,page_026,estilo de vida,meio do artigo,vídeo,celular,BR,5,4,1,0,0.02065
evt_003225,2026-04-16 07:27:00,demo_publisher,site C,sess_001350,page_123,esportes,topo da página,banner,computador,BR,5,2,1,0,0.00759
evt_003226,2026-04-04 17:30:00,demo_publisher,site A,sess_001442,page_016,esportes,topo da página,nativo,tablet,BR,4,3,2,0,0.0131
evt_003227,2026-03-23 16:46:00,demo_publisher,site B,sess_000934,page_020,tecnologia,topo da página,banner,celular,BR,6,4,3,0,0.0248
evt_003228,2026-04-14 06:32:00,demo_publisher,site A,sess_001620,page_072,notícias,topo da página,banner,celular,BR,3,2,2,0,0.01257
evt_003229,2026-04-20 02:34:00,demo_publisher,site A,sess_000646,page_082,tecnologia,topo da página,banner,computador,CL,5,4,3,0,0.01866
evt_003230,2026-04-20 11:07:00,demo_publisher,site B,sess_001103,page_007,estilo de vida,topo da página,banner,computador,BR,3,2,2,0,0.00776
evt_003231,2026-03-13 18:49:00,demo_publisher,site B,sess_000574,page_053,entretenimento,topo da página,banner,tablet,BR,3,2,0,0,0.01061
evt_003232,2026-04-10 14:17:00,demo_publisher,site C,sess_001164,page_032,esportes,intersticial,banner,tablet,BR,3,1,1,0,0.00325
evt_003233,2026-03-01 06:12:00,demo_publisher,site B,sess_000272,page_042,finanças,meio do artigo,banner,computador,MX,2,0,0,0,0.0
evt_003234,2026-04-04 07:40:00,demo_publisher,site B,sess_000952,page_026,notícias,meio do artigo,nativo,computador,BR,5,4,3,0,0.01367
evt_003235,2026-04-04 06:28:00,demo_publisher,site A,sess_001099,page_095,entretenimento,lateral,nativo,celular,BR,3,2,1,0,0.00662
evt_003236,2026-03-22 19:26:00,demo_publisher,site A,sess_001113,page_066,estilo de vida,meio do artigo,banner,computador,BR,5,4,2,0,0.02153
evt_003237,2026-04-29 15:28:00,demo_publisher,site B,sess_000893,page_134,estilo de vida,topo da página,nativo,celular,BR,2,1,0,0,0.00156
evt_003238,2026-04-22 23:27:00,demo_publisher,site A,sess_001287,page_002,tecnologia,meio do artigo,banner,tablet,BR,5,3,2,0,0.02964
evt_003239,2026-03-03 07:38:00,demo_publisher,site C,sess_001024,page_109,esportes,meio do artigo,mídia rica,computador,BR,1,0,0,0,0.00264
evt_003240,2026-03-13 12:43:00,demo_publisher,site C,sess_000567,page_127,estilo de vida,meio do artigo,banner,celular,US,4,3,2,0,0.00502
evt_003241,2026-03-13 11:31:00,demo_publisher,site A,sess_000431,page_068,tecnologia,topo da página,nativo,celular,BR,3,2,1,0,0.00695
evt_003242,2026-04-23 20:29:00,demo_publisher,site A,sess_001295,page_098,notícias,meio do artigo,banner,computador,BR,1,1,0,0,0.00549
evt_003243,2026-04-01 03:14:00,demo_publisher,site B,sess_001877,page_062,entretenimento,topo da página,banner,computador,BR,2,2,0,0,0.00434
evt_003244,2026-04-13 17:34:00,demo_publisher,site A,sess_001506,page_083,entretenimento,meio do artigo,nativo,celular,AR,1,1,1,0,0.00289
evt_003245,2026-04-18 14:18:00,demo_publisher,site A,sess_001277,page_127,entretenimento,lateral,vídeo,celular,BR,1,1,0,0,0.00797
evt_003246,2026-04-16 01:22:00,demo_publisher,site A,sess_001843,page_074,tecnologia,topo da página,mídia rica,celular,BR,5,5,2,0,0.02276
evt_003247,2026-03-06 08:13:00,demo_publisher,site B,sess_001799,page_081,esportes,meio do artigo,nativo,tablet,BR,6,5,5,0,0.03267
evt_003248,2026-03-09 10:04:00,demo_publisher,site A,sess_001013,page_138,estilo de vida,topo da página,banner,computador,BR,5,3,2,0,0.01122
evt_003249,2026-03-24 17:08:00,demo_publisher,site C,sess_000219,page_070,notícias,lateral,vídeo,tablet,BR,1,1,1,0,0.01082
evt_003250,2026-03-21 07:15:00,demo_publisher,site B,sess_001268,page_025,tecnologia,meio do artigo,banner,celular,US,4,4,1,0,0.02172
evt_003251,2026-04-14 19:47:00,demo_publisher,site B,sess_001246,page_095,notícias,rodapé fixo,nativo,computador,BR,4,2,2,0,0.01913
evt_003252,2026-03-10 08:58:00,demo_publisher,site A,sess_000555,page_097,tecnologia,meio do artigo,vídeo,computador,BR,3,3,2,0,0.03104
evt_003253,2026-03-23 07:01:00,demo_publisher,site A,sess_001699,page_033,esportes,intersticial,banner,computador,US,4,3,2,0,0.01651
evt_003254,2026-03-15 04:40:00,demo_publisher,site A,sess_001740,page_102,notícias,topo da página,nativo,celular,BR,2,2,1,0,0.00852
evt_003255,2026-03-12 07:55:00,demo_publisher,site C,sess_000662,page_009,notícias,rodapé fixo,banner,tablet,US,6,6,5,0,0.0238
evt_003256,2026-03-11 08:50:00,demo_publisher,site C,sess_000954,page_045,tecnologia,meio do artigo,banner,celular,BR,2,1,1,0,0.0
evt_003257,2026-03-12 17:30:00,demo_publisher,site A,sess_000391,page_119,notícias,meio do artigo,mídia rica,computador,BR,2,1,1,0,0.00333
evt_003258,2026-04-03 20:41:00,demo_publisher,site A,sess_000357,page_086,notícias,lateral,banner,computador,BR,5,3,2,0,0.02174
evt_003259,2026-03-25 14:28:00,demo_publisher,site B,sess_000530,page_085,notícias,intersticial,banner,celular,CL,2,1,1,0,0.00472
evt_003260,2026-03-27 02:48:00,demo_publisher,site A,sess_000732,page_087,esportes,rodapé fixo,nativo,celular,BR,6,5,4,0,0.01282
evt_003261,2026-03-29 18:21:00,demo_publisher,site C,sess_000546,page_023,entretenimento,meio do artigo,banner,celular,MX,4,3,3,0,0.01133
evt_003262,2026-04-14 11:07:00,demo_publisher,site B,sess_000304,page_134,finanças,meio do artigo,banner,computador,BR,6,4,4,0,0.01419
evt_003263,2026-04-21 17:00:00,demo_publisher,site A,sess_000894,page_042,esportes,topo da página,banner,computador,CL,4,3,1,0,0.0227
evt_003264,2026-04-01 14:04:00,demo_publisher,site A,sess_001247,page_110,notícias,lateral,nativo,computador,BR,6,5,4,0,0.02443
evt_003265,2026-04-08 12:50:00,demo_publisher,site A,sess_000652,page_138,notícias,meio do artigo,banner,celular,BR,5,5,3,0,0.04735
evt_003266,2026-04-14 07:31:00,demo_publisher,site B,sess_001067,page_034,esportes,topo da página,vídeo,computador,BR,5,5,5,0,0.02971
evt_003267,2026-04-11 10:10:00,demo_publisher,site B,sess_000543,page_089,notícias,topo da página,banner,computador,BR,2,2,2,0,0.00504
evt_003268,2026-03-09 01:20:00,demo_publisher,site B,sess_001408,page_006,notícias,rodapé fixo,mídia rica,celular,BR,5,3,2,0,0.0194
evt_003269,2026-04-28 23:30:00,demo_publisher,site C,sess_001297,page_089,notícias,topo da página,banner,computador,BR,2,2,0,0,0.01432
evt_003270,2026-03-10 21:19:00,demo_publisher,site B,sess_001920,page_062,esportes,meio do artigo,banner,tablet,BR,5,3,2,0,0.01866
evt_003271,2026-03-25 17:03:00,demo_publisher,site C,sess_000107,page_011,tecnologia,topo da página,mídia rica,celular,BR,1,1,0,0,0.00799
evt_003272,2026-04-09 03:44:00,demo_publisher,site B,sess_001706,page_094,notícias,meio do artigo,vídeo,computador,AR,1,1,0,0,0.00638
evt_003273,2026-03-25 04:49:00,demo_publisher,site C,sess_000681,page_135,estilo de vida,topo da página,banner,computador,AR,5,4,2,1,0.02601
evt_003274,2026-03-15 14:06:00,demo_publisher,site A,sess_000133,page_012,estilo de vida,lateral,banner,celular,BR,1,1,0,0,0.00933
evt_003275,2026-04-25 09:37:00,demo_publisher,site A,sess_001379,page_125,entretenimento,topo da página,vídeo,celular,AR,2,0,0,0,0.00253
evt_003276,2026-03-05 07:00:00,demo_publisher,site C,sess_000344,page_118,notícias,topo da página,banner,celular,BR,3,3,3,0,0.0081
evt_003277,2026-03-15 18:03:00,demo_publisher,site A,sess_000352,page_077,tecnologia,topo da página,banner,tablet,US,2,1,1,0,0.00687
evt_003278,2026-04-29 13:54:00,demo_publisher,site A,sess_001959,page_126,tecnologia,meio do artigo,nativo,celular,BR,5,5,3,1,0.01341
evt_003279,2026-04-13 18:56:00,demo_publisher,site B,sess_000442,page_044,entretenimento,lateral,vídeo,celular,BR,4,3,2,0,0.02337
evt_003280,2026-03-06 05:14:00,demo_publisher,site B,sess_001094,page_101,tecnologia,topo da página,nativo,computador,MX,4,3,2,0,0.00529
evt_003281,2026-04-15 06:35:00,demo_publisher,site A,sess_000402,page_098,notícias,lateral,nativo,computador,BR,2,2,0,0,0.0138
evt_003282,2026-04-28 04:05:00,demo_publisher,site B,sess_000248,page_081,entretenimento,meio do artigo,mídia rica,celular,BR,1,1,1,0,0.00616
evt_003283,2026-03-06 20:48:00,demo_publisher,site A,sess_000002,page_116,tecnologia,topo da página,banner,computador,BR,1,1,0,0,0.01008
evt_003284,2026-03-25 20:14:00,demo_publisher,site A,sess_000033,page_122,notícias,topo da página,vídeo,celular,BR,2,1,1,0,0.00529
evt_003285,2026-03-29 02:15:00,demo_publisher,site C,sess_000948,page_110,notícias,meio do artigo,banner,celular,BR,2,2,1,0,0.01313
evt_003286,2026-03-08 20:39:00,demo_publisher,site A,sess_000868,page_082,entretenimento,meio do artigo,vídeo,computador,BR,4,4,3,0,0.03312
evt_003287,2026-03-13 00:48:00,demo_publisher,site A,sess_000078,page_136,notícias,meio do artigo,nativo,celular,BR,6,5,3,0,0.0347
evt_003288,2026-03-11 10:12:00,demo_publisher,site A,sess_000699,page_078,tecnologia,rodapé fixo,banner,celular,BR,2,0,0,0,0.00071
evt_003289,2026-03-12 02:56:00,demo_publisher,site C,sess_000546,page_089,finanças,topo da página,nativo,computador,BR,4,4,2,0,0.0241
evt_003290,2026-03-25 05:04:00,demo_publisher,site A,sess_001143,page_027,tecnologia,meio do artigo,vídeo,celular,US,6,4,3,0,0.01664
evt_003291,2026-03-28 19:54:00,demo_publisher,site A,sess_001989,page_045,notícias,meio do artigo,nativo,celular,BR,3,3,1,0,0.01049
evt_003292,2026-03-15 06:41:00,demo_publisher,site A,sess_001383,page_126,tecnologia,topo da página,banner,celular,US,2,2,1,0,0.01147
evt_003293,2026-03-18 08:46:00,demo_publisher,site A,sess_001836,page_070,finanças,meio do artigo,banner,computador,BR,3,3,3,0,0.02033
evt_003294,2026-03-12 12:49:00,demo_publisher,site A,sess_000385,page_072,entretenimento,meio do artigo,nativo,celular,BR,1,0,0,0,0.00148
evt_003295,2026-04-17 18:19:00,demo_publisher,site A,sess_000430,page_114,notícias,lateral,nativo,celular,AR,6,5,2,0,0.01679
evt_003296,2026-03-13 16:55:00,demo_publisher,site B,sess_001501,page_046,notícias,lateral,banner,computador,BR,6,5,3,0,0.02226
evt_003297,2026-04-24 10:57:00,demo_publisher,site C,sess_000620,page_037,notícias,topo da página,banner,computador,BR,1,1,0,0,0.00585
evt_003298,2026-04-02 07:57:00,demo_publisher,site A,sess_001697,page_002,notícias,meio do artigo,vídeo,celular,CL,2,2,2,0,0.0164
evt_003299,2026-04-18 03:55:00,demo_publisher,site B,sess_000927,page_033,entretenimento,rodapé fixo,banner,computador,BR,1,0,0,0,0.00227
evt_003300,2026-04-08 04:24:00,demo_publisher,site C,sess_000402,page_072,notícias,meio do artigo,banner,tablet,BR,6,5,3,0,0.02279
evt_003301,2026-03-16 23:05:00,demo_publisher,site C,sess_001688,page_101,notícias,lateral,banner,computador,BR,6,3,1,0,0.02163
evt_003302,2026-04-06 01:57:00,demo_publisher,site C,sess_001101,page_046,tecnologia,lateral,nativo,celular,US,3,2,0,0,0.01129
evt_003303,2026-03-17 10:45:00,demo_publisher,site B,sess_001605,page_062,esportes,meio do artigo,mídia rica,tablet,BR,4,4,3,0,0.02159
evt_003304,2026-03-08 02:43:00,demo_publisher,site A,sess_000905,page_031,esportes,topo da página,nativo,computador,BR,4,2,2,0,0.01044
evt_003305,2026-03-16 06:48:00,demo_publisher,site A,sess_000253,page_114,estilo de vida,lateral,banner,celular,BR,6,2,1,0,0.00454
evt_003306,2026-03-17 12:55:00,demo_publisher,site A,sess_001362,page_073,esportes,meio do artigo,vídeo,computador,BR,5,3,1,0,0.0198
evt_003307,2026-03-09 02:27:00,demo_publisher,site B,sess_000249,page_020,tecnologia,topo da página,banner,celular,BR,5,4,3,0,0.02022
evt_003308,2026-03-02 09:59:00,demo_publisher,site A,sess_001326,page_085,estilo de vida,topo da página,mídia rica,tablet,BR,3,2,1,0,0.01831
evt_003309,2026-04-26 15:04:00,demo_publisher,site B,sess_000834,page_047,esportes,topo da página,banner,tablet,BR,5,5,1,0,0.01448
evt_003310,2026-03-31 19:19:00,demo_publisher,site C,sess_001583,page_121,estilo de vida,meio do artigo,mídia rica,computador,CL,4,2,0,0,0.00627
evt_003311,2026-03-25 02:56:00,demo_publisher,site A,sess_001740,page_038,tecnologia,topo da página,vídeo,celular,US,4,4,4,0,0.01648
evt_003312,2026-04-25 19:07:00,demo_publisher,site C,sess_000815,page_121,esportes,rodapé fixo,vídeo,celular,BR,2,1,1,0,0.00814
evt_003313,2026-03-14 11:33:00,demo_publisher,site B,sess_001764,page_098,tecnologia,intersticial,banner,computador,BR,1,0,0,0,0.00234
evt_003314,2026-03-25 04:08:00,demo_publisher,site B,sess_000222,page_019,finanças,intersticial,vídeo,celular,BR,4,1,1,0,0.00532
evt_003315,2026-04-20 19:12:00,demo_publisher,site A,sess_000215,page_106,estilo de vida,topo da página,vídeo,computador,BR,6,4,1,0,0.02808
evt_003316,2026-04-07 22:07:00,demo_publisher,site A,sess_001987,page_101,tecnologia,meio do artigo,banner,tablet,MX,6,4,2,0,0.031
evt_003317,2026-03-24 22:50:00,demo_publisher,site B,sess_001149,page_064,notícias,rodapé fixo,nativo,celular,US,4,3,3,0,0.01353
evt_003318,2026-03-16 08:23:00,demo_publisher,site C,sess_000901,page_023,finanças,lateral,nativo,celular,US,6,4,2,0,0.03451
evt_003319,2026-03-03 02:34:00,demo_publisher,site B,sess_000312,page_067,notícias,meio do artigo,mídia rica,computador,BR,1,1,0,0,0.0068
evt_003320,2026-03-06 02:28:00,demo_publisher,site B,sess_000578,page_085,tecnologia,rodapé fixo,vídeo,tablet,BR,5,2,2,0,0.01515
evt_003321,2026-03-10 17:11:00,demo_publisher,site A,sess_001372,page_019,estilo de vida,meio do artigo,banner,computador,US,2,2,1,0,0.0
evt_003322,2026-04-17 04:43:00,demo_publisher,site B,sess_001643,page_048,esportes,lateral,nativo,celular,BR,3,2,1,0,0.00742
evt_003323,2026-04-08 08:31:00,demo_publisher,site B,sess_001832,page_098,notícias,intersticial,banner,celular,MX,3,2,2,0,0.00718
evt_003324,2026-03-27 00:11:00,demo_publisher,site A,sess_000816,page_077,entretenimento,intersticial,banner,computador,BR,2,2,1,0,0.01161
evt_003325,2026-04-16 23:23:00,demo_publisher,site B,sess_000910,page_138,esportes,meio do artigo,vídeo,computador,BR,2,2,0,0,0.0183
evt_003326,2026-03-10 15:31:00,demo_publisher,site A,sess_000327,page_031,esportes,topo da página,nativo,computador,BR,4,1,1,0,0.01001
evt_003327,2026-03-13 15:44:00,demo_publisher,site B,sess_000167,page_109,notícias,lateral,vídeo,tablet,US,1,1,0,0,0.00822
evt_003328,2026-03-24 13:31:00,demo_publisher,site C,sess_000876,page_060,estilo de vida,lateral,nativo,celular,BR,2,2,0,0,0.00175
evt_003329,2026-04-25 01:02:00,demo_publisher,site C,sess_001158,page_032,esportes,meio do artigo,banner,celular,BR,2,2,1,0,0.0082
evt_003330,2026-04-06 20:29:00,demo_publisher,site A,sess_000209,page_133,tecnologia,meio do artigo,vídeo,celular,BR,1,1,1,0,0.00723
evt_003331,2026-04-21 01:26:00,demo_publisher,site B,sess_000817,page_087,estilo de vida,lateral,banner,celular,BR,6,5,2,0,0.01319
evt_003332,2026-03-15 21:21:00,demo_publisher,site B,sess_001283,page_075,notícias,meio do artigo,mídia rica,celular,BR,3,3,2,0,0.00942
evt_003333,2026-04-20 21:40:00,demo_publisher,site B,sess_001621,page_041,estilo de vida,intersticial,mídia rica,celular,AR,4,2,2,0,0.00953
evt_003334,2026-03-05 08:22:00,demo_publisher,site A,sess_001877,page_123,esportes,rodapé fixo,mídia rica,celular,MX,4,2,2,0,0.01466
evt_003335,2026-03-14 15:49:00,demo_publisher,site B,sess_000681,page_005,notícias,meio do artigo,mídia rica,computador,BR,2,1,0,0,0.00906
evt_003336,2026-04-01 09:09:00,demo_publisher,site B,sess_000784,page_017,estilo de vida,meio do artigo,nativo,tablet,MX,2,1,0,0,0.00429
evt_003337,2026-03-04 00:46:00,demo_publisher,site C,sess_001749,page_025,notícias,meio do artigo,nativo,tablet,AR,1,1,1,0,0.00419
evt_003338,2026-04-21 11:53:00,demo_publisher,site C,sess_001386,page_091,entretenimento,meio do artigo,vídeo,computador,BR,5,4,3,0,0.03788
evt_003339,2026-04-22 01:05:00,demo_publisher,site B,sess_000548,page_015,estilo de vida,topo da página,banner,tablet,MX,5,4,1,0,0.0313
evt_003340,2026-04-02 11:42:00,demo_publisher,site A,sess_001370,page_111,notícias,lateral,vídeo,celular,BR,4,2,0,0,0.01204
evt_003341,2026-03-19 08:21:00,demo_publisher,site B,sess_000315,page_028,entretenimento,lateral,banner,computador,US,5,3,2,0,0.00998
evt_003342,2026-03-06 22:30:00,demo_publisher,site C,sess_000898,page_095,estilo de vida,meio do artigo,vídeo,computador,BR,5,4,2,0,0.01873
evt_003343,2026-04-07 03:14:00,demo_publisher,site A,sess_000613,page_111,notícias,rodapé fixo,nativo,celular,BR,1,1,1,0,0.00678
evt_003344,2026-04-02 06:14:00,demo_publisher,site C,sess_001985,page_123,finanças,intersticial,vídeo,celular,BR,5,2,2,0,0.04053
evt_003345,2026-04-15 14:21:00,demo_publisher,site A,sess_000070,page_041,entretenimento,rodapé fixo,nativo,computador,BR,6,4,2,0,0.0117
evt_003346,2026-04-06 03:39:00,demo_publisher,site C,sess_001713,page_011,finanças,rodapé fixo,nativo,celular,US,5,5,4,0,0.04272
evt_003347,2026-03-08 16:44:00,demo_publisher,site C,sess_000563,page_106,finanças,meio do artigo,mídia rica,celular,US,2,1,1,0,0.00997
evt_003348,2026-03-08 07:20:00,demo_publisher,site C,sess_000073,page_063,finanças,rodapé fixo,banner,celular,BR,4,3,2,0,0.01256
evt_003349,2026-04-16 20:24:00,demo_publisher,site A,sess_001320,page_132,esportes,rodapé fixo,banner,computador,BR,2,1,1,0,0.0
evt_003350,2026-03-10 12:59:00,demo_publisher,site C,sess_001356,page_027,notícias,lateral,banner,computador,BR,1,1,0,0,0.00968
evt_003351,2026-04-26 07:27:00,demo_publisher,site A,sess_000285,page_080,estilo de vida,topo da página,nativo,celular,AR,2,2,2,0,0.0104
evt_003352,2026-03-07 08:33:00,demo_publisher,site A,sess_000077,page_017,entretenimento,topo da página,nativo,computador,US,3,2,1,0,0.00949
evt_003353,2026-04-13 16:51:00,demo_publisher,site A,sess_000223,page_068,tecnologia,meio do artigo,nativo,celular,MX,6,6,3,0,0.03141
evt_003354,2026-04-28 12:19:00,demo_publisher,site C,sess_000818,page_001,notícias,lateral,banner,celular,BR,3,3,1,0,0.01346
evt_003355,2026-03-27 11:21:00,demo_publisher,site A,sess_000265,page_105,finanças,meio do artigo,banner,tablet,BR,6,5,2,0,0.01884
evt_003356,2026-03-04 09:40:00,demo_publisher,site A,sess_001406,page_085,notícias,rodapé fixo,mídia rica,tablet,BR,6,6,4,0,0.04477
evt_003357,2026-04-22 14:24:00,demo_publisher,site B,sess_000156,page_014,esportes,rodapé fixo,nativo,tablet,MX,4,3,2,0,0.01036
evt_003358,2026-03-12 05:43:00,demo_publisher,site C,sess_001578,page_070,estilo de vida,topo da página,banner,celular,BR,3,3,3,0,0.00506
evt_003359,2026-04-01 15:32:00,demo_publisher,site A,sess_001749,page_060,esportes,topo da página,banner,computador,AR,3,3,0,0,0.01265
evt_003360,2026-04-29 01:43:00,demo_publisher,site A,sess_001433,page_094,tecnologia,lateral,banner,computador,US,5,1,1,0,0.01159
evt_003361,2026-04-14 16:28:00,demo_publisher,site A,sess_001888,page_070,finanças,meio do artigo,vídeo,celular,MX,2,2,2,0,0.01459
evt_003362,2026-03-03 18:41:00,demo_publisher,site B,sess_001878,page_064,estilo de vida,rodapé fixo,vídeo,computador,BR,3,1,1,0,0.00725
evt_003363,2026-04-19 05:31:00,demo_publisher,site B,sess_000094,page_116,entretenimento,rodapé fixo,nativo,computador,CL,3,2,2,0,0.00532
evt_003364,2026-03-10 16:11:00,demo_publisher,site A,sess_000684,page_073,estilo de vida,meio do artigo,nativo,computador,BR,2,1,1,0,0.00416
evt_003365,2026-04-14 23:04:00,demo_publisher,site B,sess_001520,page_114,entretenimento,lateral,vídeo,computador,BR,2,2,1,0,0.00708
evt_003366,2026-04-07 06:10:00,demo_publisher,site A,sess_000679,page_124,tecnologia,rodapé fixo,banner,celular,BR,1,1,1,0,0.00408
evt_003367,2026-03-18 06:30:00,demo_publisher,site A,sess_001474,page_118,estilo de vida,rodapé fixo,banner,tablet,MX,6,5,3,0,0.01238
evt_003368,2026-03-26 09:59:00,demo_publisher,site A,sess_001548,page_133,esportes,meio do artigo,banner,computador,US,6,6,2,0,0.03706
evt_003369,2026-03-08 01:41:00,demo_publisher,site B,sess_001993,page_098,esportes,intersticial,mídia rica,computador,BR,5,2,1,0,0.00461
evt_003370,2026-04-29 04:58:00,demo_publisher,site C,sess_000660,page_079,entretenimento,meio do artigo,nativo,celular,AR,5,4,0,1,0.00866
evt_003371,2026-03-15 07:12:00,demo_publisher,site A,sess_000696,page_074,notícias,topo da página,nativo,computador,CL,3,2,2,0,0.01539
evt_003372,2026-03-19 12:29:00,demo_publisher,site B,sess_000049,page_029,entretenimento,meio do artigo,vídeo,tablet,MX,4,3,2,0,0.02939
evt_003373,2026-03-31 04:08:00,demo_publisher,site C,sess_000571,page_116,esportes,rodapé fixo,banner,celular,US,6,5,5,0,0.01885
evt_003374,2026-04-10 08:13:00,demo_publisher,site B,sess_000561,page_097,tecnologia,intersticial,banner,computador,BR,1,0,0,0,0.0
evt_003375,2026-03-31 07:35:00,demo_publisher,site A,sess_000906,page_122,esportes,topo da página,nativo,celular,BR,2,1,1,1,0.00086
evt_003376,2026-03-31 07:24:00,demo_publisher,site A,sess_000842,page_098,entretenimento,meio do artigo,mídia rica,celular,BR,5,5,1,0,0.04999
evt_003377,2026-04-04 23:00:00,demo_publisher,site A,sess_001713,page_067,notícias,lateral,banner,celular,BR,1,1,1,0,0.00199
evt_003378,2026-04-21 11:04:00,demo_publisher,site C,sess_001547,page_042,esportes,rodapé fixo,banner,computador,US,5,5,3,0,0.01864
evt_003379,2026-03-24 16:56:00,demo_publisher,site C,sess_001457,page_138,tecnologia,lateral,mídia rica,computador,CL,3,2,1,0,0.01132
evt_003380,2026-04-19 22:16:00,demo_publisher,site A,sess_000011,page_102,esportes,topo da página,vídeo,computador,BR,5,4,4,0,0.02304
evt_003381,2026-04-17 05:07:00,demo_publisher,site B,sess_000943,page_122,esportes,rodapé fixo,nativo,celular,US,6,3,2,0,0.01564
evt_003382,2026-04-27 15:50:00,demo_publisher,site A,sess_001459,page_082,entretenimento,lateral,banner,computador,BR,4,2,2,0,0.01084
evt_003383,2026-04-24 18:56:00,demo_publisher,site A,sess_000489,page_071,tecnologia,rodapé fixo,banner,computador,US,1,1,1,0,0.00775
evt_003384,2026-04-17 21:22:00,demo_publisher,site A,sess_000850,page_005,notícias,rodapé fixo,banner,celular,BR,4,4,2,0,0.02022
evt_003385,2026-03-15 19:17:00,demo_publisher,site A,sess_001454,page_010,estilo de vida,topo da página,banner,celular,BR,1,0,0,0,0.0
evt_003386,2026-04-16 10:59:00,demo_publisher,site B,sess_001589,page_099,esportes,intersticial,vídeo,computador,BR,6,4,3,0,0.01789
evt_003387,2026-04-14 04:35:00,demo_publisher,site A,sess_001709,page_032,notícias,meio do artigo,vídeo,tablet,BR,3,2,0,0,0.01517
evt_003388,2026-03-18 08:52:00,demo_publisher,site B,sess_000860,page_012,estilo de vida,intersticial,vídeo,celular,AR,6,4,2,0,0.01749
evt_003389,2026-04-10 16:16:00,demo_publisher,site C,sess_000800,page_108,notícias,topo da página,banner,tablet,BR,6,5,4,0,0.0134
evt_003390,2026-03-16 04:16:00,demo_publisher,site C,sess_000766,page_087,finanças,rodapé fixo,banner,computador,BR,2,1,1,0,0.0046
evt_003391,2026-04-01 09:15:00,demo_publisher,site A,sess_001337,page_016,esportes,meio do artigo,vídeo,celular,BR,3,1,1,0,0.00506
evt_003392,2026-04-17 19:19:00,demo_publisher,site A,sess_000839,page_070,tecnologia,topo da página,banner,computador,BR,6,5,3,0,0.0229
evt_003393,2026-03-12 07:29:00,demo_publisher,site C,sess_000801,page_066,estilo de vida,intersticial,banner,computador,BR,5,4,2,0,0.0282
evt_003394,2026-03-21 05:12:00,demo_publisher,site C,sess_000337,page_001,notícias,meio do artigo,banner,computador,BR,4,4,3,0,0.037
evt_003395,2026-04-17 17:08:00,demo_publisher,site B,sess_000957,page_085,entretenimento,topo da página,banner,computador,US,6,3,1,0,0.01557
evt_003396,2026-03-28 05:27:00,demo_publisher,site A,sess_000475,page_056,tecnologia,rodapé fixo,banner,celular,BR,2,1,1,0,0.00715
evt_003397,2026-04-27 15:18:00,demo_publisher,site A,sess_001050,page_123,esportes,meio do artigo,banner,celular,BR,5,4,2,0,0.02438
evt_003398,2026-03-01 11:27:00,demo_publisher,site A,sess_001777,page_017,entretenimento,meio do artigo,vídeo,computador,BR,3,3,3,0,0.02017
evt_003399,2026-04-13 07:26:00,demo_publisher,site A,sess_001551,page_118,esportes,intersticial,banner,computador,BR,1,0,0,0,0.0
evt_003400,2026-04-18 20:26:00,demo_publisher,site A,sess_000956,page_001,esportes,meio do artigo,nativo,computador,BR,3,2,1,0,0.0091
evt_003401,2026-04-25 01:43:00,demo_publisher,site B,sess_001955,page_107,esportes,topo da página,nativo,celular,AR,1,0,0,0,0.00092
evt_003402,2026-03-10 09:43:00,demo_publisher,site B,sess_001960,page_109,notícias,lateral,nativo,computador,BR,6,6,4,0,0.04393
evt_003403,2026-04-29 01:13:00,demo_publisher,site B,sess_000889,page_057,estilo de vida,lateral,nativo,celular,AR,2,2,2,1,0.00965
evt_003404,2026-03-24 12:52:00,demo_publisher,site C,sess_001527,page_039,estilo de vida,topo da página,banner,computador,AR,6,6,6,0,0.02227
evt_003405,2026-03-22 02:57:00,demo_publisher,site B,sess_000685,page_020,entretenimento,meio do artigo,banner,celular,BR,5,4,1,0,0.00964
evt_003406,2026-03-22 07:58:00,demo_publisher,site A,sess_001757,page_048,esportes,meio do artigo,nativo,celular,BR,3,1,1,0,0.00518
evt_003407,2026-04-08 07:02:00,demo_publisher,site C,sess_000747,page_094,notícias,topo da página,mídia rica,computador,BR,5,4,3,0,0.02343
evt_003408,2026-04-09 13:22:00,demo_publisher,site A,sess_000517,page_101,esportes,meio do artigo,banner,celular,BR,1,0,0,0,0.0
evt_003409,2026-03-29 10:27:00,demo_publisher,site A,sess_000268,page_026,notícias,rodapé fixo,nativo,tablet,BR,2,1,1,0,0.00265
evt_003410,2026-03-05 06:17:00,demo_publisher,site A,sess_001685,page_002,entretenimento,meio do artigo,mídia rica,celular,BR,5,4,4,0,0.01462
evt_003411,2026-04-29 04:44:00,demo_publisher,site C,sess_000594,page_079,tecnologia,topo da página,vídeo,computador,MX,3,2,0,0,0.01813
evt_003412,2026-03-14 07:49:00,demo_publisher,site A,sess_001626,page_081,tecnologia,intersticial,vídeo,celular,BR,1,0,0,0,0.0
evt_003413,2026-03-06 15:04:00,demo_publisher,site A,sess_000173,page_137,tecnologia,meio do artigo,nativo,computador,US,1,1,1,0,0.0041
evt_003414,2026-04-05 20:13:00,demo_publisher,site B,sess_001002,page_106,esportes,intersticial,mídia rica,tablet,US,5,4,1,0,0.01138
evt_003415,2026-03-25 17:49:00,demo_publisher,site C,sess_000856,page_077,notícias,rodapé fixo,nativo,celular,BR,3,1,1,0,0.00487
evt_003416,2026-04-06 22:25:00,demo_publisher,site C,sess_000878,page_083,finanças,meio do artigo,nativo,celular,BR,3,2,1,1,0.0132
evt_003417,2026-04-22 12:46:00,demo_publisher,site A,sess_000335,page_090,tecnologia,meio do artigo,vídeo,celular,BR,3,1,0,0,0.00743
evt_003418,2026-03-06 20:08:00,demo_publisher,site C,sess_000148,page_063,esportes,topo da página,banner,computador,US,1,1,1,0,0.00479
evt_003419,2026-03-18 01:02:00,demo_publisher,site A,sess_000693,page_095,notícias,topo da página,mídia rica,celular,US,6,5,2,0,0.03408
evt_003420,2026-03-31 23:51:00,demo_publisher,site A,sess_000940,page_028,estilo de vida,topo da página,mídia rica,celular,MX,2,2,1,0,0.01701
evt_003421,2026-04-17 06:25:00,demo_publisher,site A,sess_001587,page_116,notícias,meio do artigo,nativo,computador,BR,3,1,1,0,0.00319
evt_003422,2026-04-06 00:55:00,demo_publisher,site A,sess_000925,page_120,estilo de vida,meio do artigo,banner,computador,BR,5,2,2,0,0.00048
evt_003423,2026-03-23 23:12:00,demo_publisher,site B,sess_000492,page_061,notícias,rodapé fixo,vídeo,tablet,BR,1,1,1,0,0.00951
evt_003424,2026-04-06 14:29:00,demo_publisher,site B,sess_000525,page_064,finanças,meio do artigo,banner,computador,BR,4,4,2,0,0.06
evt_003425,2026-04-28 19:10:00,demo_publisher,site B,sess_001224,page_070,esportes,meio do artigo,nativo,celular,BR,4,4,4,0,0.01501
evt_003426,2026-03-29 19:16:00,demo_publisher,site B,sess_000871,page_114,entretenimento,topo da página,banner,computador,BR,5,5,4,0,0.01432
evt_003427,2026-04-23 00:16:00,demo_publisher,site B,sess_001802,page_025,tecnologia,topo da página,vídeo,celular,BR,6,5,4,0,0.01358
evt_003428,2026-04-16 19:08:00,demo_publisher,site C,sess_000880,page_048,notícias,rodapé fixo,mídia rica,celular,CL,1,1,1,0,0.00524
evt_003429,2026-03-19 01:54:00,demo_publisher,site A,sess_001134,page_086,tecnologia,lateral,banner,computador,BR,3,3,2,0,0.02675
evt_003430,2026-03-15 23:17:00,demo_publisher,site B,sess_000128,page_097,tecnologia,meio do artigo,vídeo,computador,BR,3,2,2,0,0.01834
evt_003431,2026-04-16 05:04:00,demo_publisher,site C,sess_000388,page_042,estilo de vida,meio do artigo,vídeo,computador,BR,5,2,2,0,0.01035
evt_003432,2026-03-13 10:46:00,demo_publisher,site A,sess_001700,page_017,entretenimento,meio do artigo,banner,celular,AR,3,3,2,0,0.00648
evt_003433,2026-03-21 05:04:00,demo_publisher,site A,sess_000690,page_071,tecnologia,rodapé fixo,banner,computador,BR,3,2,1,0,0.02956
evt_003434,2026-03-15 02:58:00,demo_publisher,site A,sess_000842,page_089,notícias,meio do artigo,banner,computador,MX,2,2,0,0,0.00648
evt_003435,2026-04-06 09:09:00,demo_publisher,site B,sess_001181,page_107,esportes,lateral,vídeo,celular,BR,4,3,2,0,0.03843
evt_003436,2026-03-18 15:33:00,demo_publisher,site A,sess_000116,page_001,esportes,topo da página,nativo,tablet,BR,4,2,1,0,0.00646
evt_003437,2026-04-09 12:12:00,demo_publisher,site A,sess_001013,page_003,finanças,meio do artigo,banner,computador,BR,4,4,4,0,0.04374
evt_003438,2026-04-26 02:10:00,demo_publisher,site A,sess_000693,page_054,entretenimento,meio do artigo,banner,celular,MX,4,2,1,0,0.0035
evt_003439,2026-04-19 18:37:00,demo_publisher,site A,sess_000298,page_079,estilo de vida,topo da página,nativo,tablet,BR,6,6,4,0,0.01993
evt_003440,2026-04-26 21:03:00,demo_publisher,site C,sess_000837,page_001,esportes,lateral,banner,celular,BR,6,5,2,0,0.01005
evt_003441,2026-03-02 11:12:00,demo_publisher,site B,sess_000894,page_025,entretenimento,meio do artigo,nativo,tablet,US,4,4,3,0,0.01383
evt_003442,2026-03-28 07:51:00,demo_publisher,site C,sess_000373,page_059,tecnologia,topo da página,banner,celular,MX,6,5,3,0,0.03033
evt_003443,2026-03-14 05:01:00,demo_publisher,site A,sess_001086,page_039,esportes,intersticial,vídeo,celular,BR,3,3,1,0,0.01839
evt_003444,2026-04-25 01:43:00,demo_publisher,site B,sess_001492,page_099,entretenimento,topo da página,vídeo,celular,CL,1,1,1,0,0.00627
evt_003445,2026-04-12 17:09:00,demo_publisher,site B,sess_000535,page_005,esportes,rodapé fixo,vídeo,computador,AR,5,4,3,0,0.02046
evt_003446,2026-03-20 05:07:00,demo_publisher,site A,sess_001933,page_124,finanças,meio do artigo,banner,celular,BR,5,3,3,0,0.01322
evt_003447,2026-04-03 19:28:00,demo_publisher,site A,sess_001225,page_024,finanças,topo da página,nativo,celular,BR,1,1,1,0,0.00336
evt_003448,2026-04-06 07:49:00,demo_publisher,site A,sess_001546,page_062,entretenimento,topo da página,vídeo,computador,BR,2,2,2,0,0.02575
evt_003449,2026-03-30 17:40:00,demo_publisher,site A,sess_000141,page_138,esportes,lateral,nativo,celular,BR,2,2,1,0,0.01339
evt_003450,2026-03-29 11:04:00,demo_publisher,site B,sess_001535,page_093,esportes,rodapé fixo,banner,celular,BR,4,3,3,0,0.01192
evt_003451,2026-03-04 07:30:00,demo_publisher,site C,sess_000673,page_139,estilo de vida,lateral,banner,computador,BR,2,1,0,0,0.00429
evt_003452,2026-03-28 03:32:00,demo_publisher,site A,sess_001420,page_003,entretenimento,meio do artigo,nativo,computador,MX,5,3,1,0,0.01039
evt_003453,2026-03-21 21:31:00,demo_publisher,site A,sess_001608,page_101,notícias,topo da página,nativo,computador,BR,4,3,1,0,0.01148
evt_003454,2026-04-19 02:16:00,demo_publisher,site A,sess_000501,page_011,notícias,rodapé fixo,mídia rica,computador,BR,6,2,0,0,0.01818
evt_003455,2026-04-21 21:44:00,demo_publisher,site B,sess_000519,page_086,entretenimento,rodapé fixo,vídeo,celular,BR,6,5,4,0,0.01404
evt_003456,2026-04-15 00:35:00,demo_publisher,site A,sess_000119,page_046,tecnologia,meio do artigo,vídeo,computador,BR,2,0,0,0,0.00182
evt_003457,2026-03-02 20:29:00,demo_publisher,site C,sess_001210,page_109,esportes,rodapé fixo,mídia rica,celular,BR,4,3,2,0,0.02052
evt_003458,2026-04-20 11:22:00,demo_publisher,site C,sess_001548,page_018,esportes,lateral,nativo,computador,BR,4,4,2,0,0.01104
evt_003459,2026-03-24 18:52:00,demo_publisher,site C,sess_000820,page_125,finanças,meio do artigo,banner,tablet,BR,3,3,1,0,0.01713
evt_003460,2026-03-25 23:34:00,demo_publisher,site B,sess_000322,page_067,estilo de vida,lateral,banner,celular,BR,6,4,2,0,0.0065
evt_003461,2026-04-26 17:00:00,demo_publisher,site C,sess_000633,page_073,estilo de vida,topo da página,vídeo,computador,BR,1,1,0,0,0.00825
evt_003462,2026-04-22 00:54:00,demo_publisher,site C,sess_000806,page_080,tecnologia,topo da página,banner,computador,BR,6,6,5,0,0.02846
evt_003463,2026-03-04 01:16:00,demo_publisher,site A,sess_001832,page_005,notícias,lateral,mídia rica,computador,BR,6,5,2,0,0.01281
evt_003464,2026-03-22 14:09:00,demo_publisher,site B,sess_000248,page_044,tecnologia,intersticial,banner,computador,BR,3,2,1,0,0.01459
evt_003465,2026-04-14 23:34:00,demo_publisher,site B,sess_000687,page_099,notícias,meio do artigo,banner,celular,US,2,1,1,0,0.00384
evt_003466,2026-04-02 07:56:00,demo_publisher,site B,sess_001276,page_134,entretenimento,topo da página,vídeo,celular,BR,1,0,0,0,0.0
evt_003467,2026-03-16 10:57:00,demo_publisher,site A,sess_000474,page_137,notícias,topo da página,vídeo,celular,BR,1,0,0,0,0.00076
evt_003468,2026-04-01 11:40:00,demo_publisher,site A,sess_001769,page_075,notícias,meio do artigo,vídeo,celular,BR,2,2,1,0,0.01592
evt_003469,2026-04-21 23:55:00,demo_publisher,site B,sess_001818,page_036,notícias,lateral,banner,celular,BR,5,4,3,0,0.01573
evt_003470,2026-03-14 09:32:00,demo_publisher,site A,sess_000760,page_067,esportes,topo da página,banner,computador,BR,5,4,2,0,0.02644
evt_003471,2026-04-14 18:20:00,demo_publisher,site A,sess_001492,page_065,finanças,topo da página,nativo,celular,BR,6,4,2,0,0.00971
evt_003472,2026-04-14 02:03:00,demo_publisher,site C,sess_001512,page_056,estilo de vida,lateral,mídia rica,celular,BR,2,1,0,0,0.00647
evt_003473,2026-04-23 03:24:00,demo_publisher,site C,sess_001363,page_051,entretenimento,topo da página,banner,celular,CL,2,1,0,0,0.00478
evt_003474,2026-03-18 21:02:00,demo_publisher,site C,sess_000373,page_121,finanças,meio do artigo,nativo,computador,BR,5,4,3,0,0.02073
evt_003475,2026-03-13 22:55:00,demo_publisher,site C,sess_000100,page_055,finanças,lateral,banner,computador,BR,4,2,1,0,0.01116
evt_003476,2026-04-02 20:37:00,demo_publisher,site A,sess_000695,page_005,esportes,topo da página,vídeo,computador,BR,1,1,0,0,0.01329
evt_003477,2026-04-01 21:03:00,demo_publisher,site B,sess_000263,page_101,tecnologia,meio do artigo,banner,computador,BR,5,5,5,0,0.01822
evt_003478,2026-03-25 13:43:00,demo_publisher,site A,sess_000585,page_093,notícias,topo da página,mídia rica,computador,BR,1,1,0,0,0.00746
evt_003479,2026-04-16 18:08:00,demo_publisher,site B,sess_001277,page_053,esportes,meio do artigo,banner,celular,BR,1,1,1,0,0.0055
evt_003480,2026-04-17 22:37:00,demo_publisher,site B,sess_001178,page_088,notícias,rodapé fixo,nativo,computador,BR,6,5,4,0,0.02943
evt_003481,2026-03-15 17:48:00,demo_publisher,site C,sess_000419,page_131,notícias,lateral,vídeo,tablet,BR,6,4,3,0,0.0174
evt_003482,2026-04-17 17:33:00,demo_publisher,site C,sess_000036,page_129,estilo de vida,topo da página,banner,computador,BR,5,4,2,0,0.03586
evt_003483,2026-03-14 20:16:00,demo_publisher,site B,sess_000452,page_110,notícias,topo da página,banner,tablet,BR,2,1,1,0,0.0079
evt_003484,2026-03-25 10:59:00,demo_publisher,site A,sess_000910,page_082,notícias,meio do artigo,nativo,computador,BR,1,0,0,0,0.0
evt_003485,2026-03-02 15:08:00,demo_publisher,site A,sess_001558,page_004,tecnologia,rodapé fixo,nativo,computador,BR,3,3,2,0,0.01547
evt_003486,2026-03-21 10:10:00,demo_publisher,site B,sess_000730,page_072,notícias,rodapé fixo,vídeo,computador,BR,4,4,3,0,0.03356
evt_003487,2026-04-27 12:15:00,demo_publisher,site A,sess_000572,page_114,estilo de vida,lateral,nativo,computador,BR,1,1,1,0,0.00525
evt_003488,2026-03-27 13:17:00,demo_publisher,site A,sess_001103,page_118,esportes,topo da página,banner,computador,BR,4,2,0,0,0.01006
evt_003489,2026-04-12 14:25:00,demo_publisher,site A,sess_000144,page_108,entretenimento,rodapé fixo,mídia rica,celular,BR,1,1,1,0,0.00225
evt_003490,2026-03-07 11:24:00,demo_publisher,site A,sess_000451,page_138,tecnologia,rodapé fixo,banner,computador,BR,3,3,3,0,0.0241
evt_003491,2026-04-08 03:12:00,demo_publisher,site C,sess_000073,page_072,notícias,topo da página,nativo,computador,CL,1,1,1,0,0.00241
evt_003492,2026-03-23 07:04:00,demo_publisher,site A,sess_001051,page_016,entretenimento,meio do artigo,mídia rica,computador,BR,1,1,1,0,0.00438
evt_003493,2026-04-14 15:21:00,demo_publisher,site B,sess_000886,page_070,finanças,meio do artigo,mídia rica,celular,BR,2,1,0,0,0.00341
evt_003494,2026-04-25 16:20:00,demo_publisher,site B,sess_001165,page_045,esportes,lateral,banner,celular,BR,4,2,2,0,0.00665
evt_003495,2026-04-01 21:31:00,demo_publisher,site B,sess_001234,page_117,estilo de vida,meio do artigo,banner,computador,MX,6,4,2,0,0.01983
evt_003496,2026-03-07 04:04:00,demo_publisher,site C,sess_000790,page_109,tecnologia,topo da página,nativo,computador,BR,1,1,1,0,0.0058
evt_003497,2026-03-29 13:37:00,demo_publisher,site C,sess_001737,page_060,esportes,lateral,banner,celular,BR,4,4,1,0,0.016
evt_003498,2026-03-08 09:16:00,demo_publisher,site A,sess_001836,page_054,esportes,lateral,vídeo,celular,US,5,5,3,0,0.02963
evt_003499,2026-03-27 23:19:00,demo_publisher,site A,sess_000222,page_023,notícias,meio do artigo,nativo,celular,AR,2,2,2,0,0.00841
evt_003500,2026-03-04 16:03:00,demo_publisher,site A,sess_001840,page_007,estilo de vida,meio do artigo,banner,celular,BR,5,4,2,0,0.0194
evt_003501,2026-04-08 10:13:00,demo_publisher,site C,sess_000394,page_044,entretenimento,topo da página,banner,computador,BR,3,3,3,0,0.01188
evt_003502,2026-03-19 15:02:00,demo_publisher,site A,sess_000497,page_034,finanças,meio do artigo,nativo,celular,BR,1,1,1,0,0.0081
evt_003503,2026-03-13 02:12:00,demo_publisher,site C,sess_001060,page_037,entretenimento,rodapé fixo,vídeo,celular,BR,2,2,1,0,0.00762
evt_003504,2026-03-02 00:55:00,demo_publisher,site C,sess_000059,page_139,notícias,lateral,banner,celular,AR,3,2,0,0,0.0085
evt_003505,2026-04-23 06:48:00,demo_publisher,site C,sess_000728,page_095,tecnologia,rodapé fixo,banner,computador,AR,4,4,4,0,0.0251
evt_003506,2026-04-20 05:33:00,demo_publisher,site B,sess_000389,page_077,entretenimento,lateral,banner,celular,MX,1,1,0,0,0.00408
evt_003507,2026-04-18 16:55:00,demo_publisher,site B,sess_000965,page_025,estilo de vida,rodapé fixo,nativo,celular,BR,4,3,2,0,0.01382
evt_003508,2026-03-04 11:43:00,demo_publisher,site B,sess_001629,page_117,notícias,meio do artigo,vídeo,celular,AR,5,5,2,0,0.02781
evt_003509,2026-03-21 23:22:00,demo_publisher,site A,sess_001848,page_090,esportes,topo da página,vídeo,celular,BR,3,3,1,0,0.01078
evt_003510,2026-04-28 06:44:00,demo_publisher,site A,sess_000425,page_072,notícias,rodapé fixo,mídia rica,celular,BR,2,1,1,0,0.00731
evt_003511,2026-04-04 17:11:00,demo_publisher,site B,sess_001090,page_065,estilo de vida,lateral,nativo,computador,BR,5,3,0,0,0.02019
evt_003512,2026-03-08 17:02:00,demo_publisher,site B,sess_000949,page_077,entretenimento,rodapé fixo,mídia rica,computador,AR,4,2,2,0,0.01143
evt_003513,2026-03-09 11:04:00,demo_publisher,site C,sess_000830,page_117,esportes,lateral,banner,computador,BR,3,2,1,0,0.01455
evt_003514,2026-03-16 18:52:00,demo_publisher,site A,sess_001265,page_101,notícias,meio do artigo,nativo,celular,BR,5,3,2,0,0.01343
evt_003515,2026-04-28 08:10:00,demo_publisher,site A,sess_001978,page_068,esportes,topo da página,nativo,celular,BR,5,3,2,0,0.01466
evt_003516,2026-03-11 04:14:00,demo_publisher,site B,sess_000811,page_093,estilo de vida,meio do artigo,vídeo,celular,BR,1,0,0,0,0.00066
evt_003517,2026-04-24 04:09:00,demo_publisher,site A,sess_000131,page_130,estilo de vida,lateral,vídeo,celular,BR,4,2,2,0,0.01521
evt_003518,2026-04-10 16:20:00,demo_publisher,site B,sess_001832,page_046,esportes,rodapé fixo,banner,celular,BR,4,3,3,0,0.02446
evt_003519,2026-04-25 07:31:00,demo_publisher,site A,sess_001864,page_126,tecnologia,rodapé fixo,mídia rica,celular,BR,2,1,0,0,0.00782
evt_003520,2026-04-19 13:27:00,demo_publisher,site B,sess_000645,page_085,notícias,meio do artigo,mídia rica,computador,US,2,2,1,0,0.00968
evt_003521,2026-03-20 22:18:00,demo_publisher,site A,sess_001003,page_026,estilo de vida,meio do artigo,mídia rica,computador,BR,1,0,0,0,0.00189
evt_003522,2026-04-19 16:10:00,demo_publisher,site A,sess_001725,page_135,finanças,topo da página,banner,computador,BR,2,2,1,0,0.00825
evt_003523,2026-03-11 03:33:00,demo_publisher,site B,sess_001008,page_096,notícias,meio do artigo,mídia rica,celular,MX,2,2,1,0,0.01203
evt_003524,2026-03-18 10:59:00,demo_publisher,site B,sess_000962,page_054,estilo de vida,intersticial,vídeo,computador,MX,5,4,1,0,0.0164
evt_003525,2026-03-13 16:57:00,demo_publisher,site C,sess_001844,page_030,estilo de vida,rodapé fixo,nativo,computador,BR,6,4,4,0,0.01112
evt_003526,2026-03-08 23:45:00,demo_publisher,site B,sess_001657,page_128,finanças,meio do artigo,banner,computador,BR,3,3,2,0,0.02688
evt_003527,2026-03-06 09:36:00,demo_publisher,site B,sess_001015,page_115,tecnologia,rodapé fixo,vídeo,celular,BR,5,3,1,0,0.00708
evt_003528,2026-03-12 05:51:00,demo_publisher,site B,sess_000323,page_007,finanças,topo da página,vídeo,tablet,BR,4,3,2,0,0.04702
evt_003529,2026-03-08 04:57:00,demo_publisher,site B,sess_000877,page_089,esportes,intersticial,nativo,celular,AR,6,4,3,0,0.03072
evt_003530,2026-03-23 19:48:00,demo_publisher,site C,sess_001353,page_016,entretenimento,lateral,mídia rica,computador,BR,3,1,1,0,0.00714
evt_003531,2026-03-05 06:40:00,demo_publisher,site A,sess_000545,page_041,entretenimento,topo da página,banner,celular,BR,5,4,0,0,0.01815
evt_003532,2026-03-04 16:14:00,demo_publisher,site B,sess_001075,page_079,notícias,lateral,nativo,computador,AR,6,4,2,0,0.00719
evt_003533,2026-04-29 09:20:00,demo_publisher,site A,sess_001317,page_035,entretenimento,topo da página,banner,celular,BR,6,4,1,0,0.01351
evt_003534,2026-03-06 06:16:00,demo_publisher,site A,sess_000170,page_072,tecnologia,lateral,banner,computador,BR,3,3,1,0,0.01778
evt_003535,2026-03-05 10:38:00,demo_publisher,site B,sess_001139,page_060,notícias,meio do artigo,banner,computador,BR,3,3,2,0,0.01571
evt_003536,2026-03-02 19:21:00,demo_publisher,site B,sess_001475,page_081,finanças,topo da página,banner,celular,BR,1,1,0,0,0.00964
evt_003537,2026-03-08 22:51:00,demo_publisher,site B,sess_000429,page_112,notícias,lateral,banner,celular,BR,4,3,2,0,0.01419
evt_003538,2026-04-01 16:12:00,demo_publisher,site A,sess_001097,page_022,estilo de vida,meio do artigo,banner,tablet,BR,4,2,1,0,0.00706
evt_003539,2026-04-19 15:14:00,demo_publisher,site A,sess_001419,page_111,entretenimento,topo da página,banner,computador,BR,3,3,2,0,0.00606
evt_003540,2026-04-14 02:14:00,demo_publisher,site B,sess_000089,page_031,esportes,rodapé fixo,vídeo,tablet,CL,2,2,1,0,0.01528
evt_003541,2026-04-04 19:32:00,demo_publisher,site B,sess_001288,page_005,finanças,topo da página,banner,computador,BR,6,4,3,0,0.01427
evt_003542,2026-03-06 02:26:00,demo_publisher,site A,sess_000520,page_063,esportes,lateral,banner,computador,MX,6,4,3,0,0.01859
evt_003543,2026-04-16 11:09:00,demo_publisher,site B,sess_000795,page_043,estilo de vida,lateral,banner,celular,BR,6,5,2,0,0.02925
evt_003544,2026-03-03 05:38:00,demo_publisher,site B,sess_001296,page_026,tecnologia,topo da página,banner,celular,AR,3,3,1,0,0.00759
evt_003545,2026-04-07 20:30:00,demo_publisher,site A,sess_000009,page_059,notícias,intersticial,banner,celular,BR,5,4,2,0,0.01333
evt_003546,2026-03-25 13:26:00,demo_publisher,site B,sess_000034,page_121,estilo de vida,meio do artigo,mídia rica,celular,BR,5,5,3,0,0.03358
evt_003547,2026-04-22 22:19:00,demo_publisher,site B,sess_000893,page_082,esportes,topo da página,nativo,celular,AR,5,4,3,0,0.01891
evt_003548,2026-03-19 10:50:00,demo_publisher,site A,sess_001899,page_102,tecnologia,meio do artigo,banner,computador,BR,3,2,2,0,0.01557
evt_003549,2026-04-08 07:23:00,demo_publisher,site B,sess_000013,page_021,tecnologia,lateral,nativo,tablet,MX,6,3,3,0,0.01253
evt_003550,2026-03-27 09:35:00,demo_publisher,site A,sess_001577,page_011,estilo de vida,topo da página,banner,celular,BR,4,3,1,0,0.01448
evt_003551,2026-04-01 07:51:00,demo_publisher,site C,sess_000150,page_047,esportes,meio do artigo,vídeo,celular,BR,1,1,0,0,0.0063
evt_003552,2026-04-26 07:52:00,demo_publisher,site B,sess_000978,page_108,estilo de vida,meio do artigo,mídia rica,celular,MX,1,1,1,0,0.00826
evt_003553,2026-04-12 18:21:00,demo_publisher,site A,sess_000861,page_124,estilo de vida,lateral,banner,computador,BR,3,2,1,0,0.00842
evt_003554,2026-03-25 20:57:00,demo_publisher,site B,sess_000936,page_015,estilo de vida,meio do artigo,banner,celular,BR,6,4,4,0,0.0125
evt_003555,2026-03-27 20:14:00,demo_publisher,site A,sess_000164,page_067,estilo de vida,meio do artigo,nativo,celular,BR,5,3,2,0,0.01209
evt_003556,2026-04-12 06:34:00,demo_publisher,site C,sess_001507,page_056,tecnologia,topo da página,banner,celular,BR,4,4,1,0,0.03523
evt_003557,2026-03-21 18:19:00,demo_publisher,site A,sess_000552,page_104,esportes,meio do artigo,banner,celular,BR,4,4,3,0,0.00646
evt_003558,2026-03-11 01:42:00,demo_publisher,site A,sess_001542,page_029,notícias,lateral,nativo,celular,BR,6,3,1,0,0.00676
evt_003559,2026-03-29 01:25:00,demo_publisher,site C,sess_001311,page_068,entretenimento,meio do artigo,nativo,celular,BR,4,3,2,0,0.00859
evt_003560,2026-03-05 02:14:00,demo_publisher,site C,sess_001103,page_119,notícias,topo da página,banner,celular,BR,3,3,3,0,0.01217
evt_003561,2026-03-11 04:23:00,demo_publisher,site A,sess_000617,page_065,entretenimento,meio do artigo,vídeo,computador,CL,3,2,2,0,0.02113
evt_003562,2026-03-26 05:49:00,demo_publisher,site A,sess_001304,page_109,estilo de vida,lateral,banner,celular,BR,4,3,3,0,0.01156
evt_003563,2026-04-17 19:03:00,demo_publisher,site C,sess_001995,page_087,entretenimento,meio do artigo,banner,celular,BR,2,2,1,0,0.00085
evt_003564,2026-04-16 21:14:00,demo_publisher,site A,sess_001846,page_084,estilo de vida,meio do artigo,vídeo,celular,BR,6,4,0,0,0.02559
evt_003565,2026-03-16 15:24:00,demo_publisher,site C,sess_001832,page_037,tecnologia,lateral,nativo,celular,BR,6,5,3,0,0.03508
evt_003566,2026-03-26 07:34:00,demo_publisher,site B,sess_000440,page_138,tecnologia,lateral,nativo,computador,US,3,2,0,0,0.01229
evt_003567,2026-03-10 05:05:00,demo_publisher,site C,sess_001171,page_035,finanças,topo da página,nativo,computador,AR,5,3,3,0,0.02461
evt_003568,2026-04-15 07:33:00,demo_publisher,site B,sess_000796,page_130,esportes,meio do artigo,nativo,computador,BR,5,3,2,1,0.00837
evt_003569,2026-03-15 18:44:00,demo_publisher,site C,sess_001933,page_138,notícias,topo da página,vídeo,celular,BR,4,4,2,0,0.01749
evt_003570,2026-04-17 23:19:00,demo_publisher,site A,sess_001900,page_072,esportes,rodapé fixo,nativo,celular,BR,1,1,1,0,0.00565
evt_003571,2026-04-20 12:34:00,demo_publisher,site C,sess_001736,page_121,entretenimento,topo da página,banner,celular,US,1,1,1,0,0.00714
evt_003572,2026-04-11 08:16:00,demo_publisher,site A,sess_000326,page_100,esportes,meio do artigo,vídeo,celular,BR,5,5,4,0,0.02352
evt_003573,2026-03-20 19:29:00,demo_publisher,site A,sess_000638,page_103,tecnologia,meio do artigo,banner,celular,BR,1,1,1,0,0.00426
evt_003574,2026-04-27 04:11:00,demo_publisher,site B,sess_001422,page_010,finanças,meio do artigo,vídeo,celular,BR,5,3,1,0,0.02994
evt_003575,2026-04-11 03:54:00,demo_publisher,site A,sess_001499,page_020,esportes,rodapé fixo,banner,tablet,BR,3,2,2,0,0.00538
evt_003576,2026-04-08 18:00:00,demo_publisher,site A,sess_000701,page_010,entretenimento,meio do artigo,nativo,computador,BR,5,1,1,0,0.00226
evt_003577,2026-04-21 09:13:00,demo_publisher,site B,sess_000274,page_005,notícias,meio do artigo,vídeo,celular,BR,1,1,0,0,0.00472
evt_003578,2026-04-22 21:18:00,demo_publisher,site B,sess_000274,page_117,estilo de vida,lateral,nativo,computador,MX,3,3,2,0,0.01298
evt_003579,2026-03-05 15:57:00,demo_publisher,site B,sess_001369,page_025,finanças,lateral,banner,computador,BR,1,1,1,0,0.00593
evt_003580,2026-04-22 21:25:00,demo_publisher,site A,sess_000908,page_001,notícias,intersticial,banner,celular,BR,3,2,2,0,0.00652
evt_003581,2026-04-15 21:38:00,demo_publisher,site A,sess_000982,page_131,notícias,lateral,vídeo,computador,BR,1,0,0,0,0.00033
evt_003582,2026-03-13 09:23:00,demo_publisher,site A,sess_001630,page_039,estilo de vida,meio do artigo,mídia rica,celular,CL,2,2,0,0,0.00923
evt_003583,2026-03-19 11:02:00,demo_publisher,site B,sess_000034,page_114,notícias,topo da página,nativo,computador,BR,2,2,0,0,0.00691
evt_003584,2026-04-15 03:50:00,demo_publisher,site A,sess_001509,page_134,tecnologia,intersticial,banner,computador,AR,4,2,0,0,0.01029
evt_003585,2026-03-13 23:56:00,demo_publisher,site C,sess_000549,page_073,estilo de vida,lateral,banner,computador,BR,1,1,1,0,0.003
evt_003586,2026-03-28 03:28:00,demo_publisher,site C,sess_001862,page_129,notícias,topo da página,nativo,celular,BR,2,2,2,0,0.00693
evt_003587,2026-04-11 08:01:00,demo_publisher,site C,sess_001910,page_135,esportes,meio do artigo,banner,celular,BR,5,2,1,0,0.00515
evt_003588,2026-04-09 00:42:00,demo_publisher,site A,sess_001004,page_021,notícias,meio do artigo,vídeo,celular,BR,3,2,1,0,0.01434
evt_003589,2026-04-24 14:06:00,demo_publisher,site B,sess_000632,page_021,tecnologia,topo da página,nativo,celular,BR,4,3,2,0,0.01816
evt_003590,2026-03-07 16:36:00,demo_publisher,site B,sess_000467,page_052,finanças,lateral,banner,computador,AR,6,3,1,0,0.00725
evt_003591,2026-03-18 16:49:00,demo_publisher,site B,sess_000363,page_078,notícias,lateral,banner,celular,BR,4,2,1,0,0.0071
evt_003592,2026-04-29 02:13:00,demo_publisher,site C,sess_001998,page_110,estilo de vida,topo da página,banner,computador,BR,6,5,5,0,0.01266
evt_003593,2026-04-04 03:07:00,demo_publisher,site C,sess_000375,page_026,finanças,intersticial,nativo,computador,BR,6,4,3,0,0.03454
evt_003594,2026-03-15 22:08:00,demo_publisher,site A,sess_000893,page_027,estilo de vida,intersticial,nativo,celular,BR,4,2,0,0,0.00711
evt_003595,2026-03-18 09:21:00,demo_publisher,site A,sess_000958,page_043,notícias,topo da página,banner,celular,CL,3,1,0,0,0.00342
evt_003596,2026-03-21 08:27:00,demo_publisher,site B,sess_001358,page_038,notícias,meio do artigo,nativo,celular,AR,2,2,2,1,0.00962
evt_003597,2026-04-03 06:10:00,demo_publisher,site A,sess_001685,page_131,esportes,rodapé fixo,banner,computador,BR,6,4,3,0,0.02532
evt_003598,2026-03-18 01:44:00,demo_publisher,site B,sess_001116,page_056,estilo de vida,meio do artigo,nativo,celular,BR,5,3,3,0,0.01376
evt_003599,2026-04-07 07:28:00,demo_publisher,site B,sess_001516,page_121,estilo de vida,intersticial,mídia rica,celular,AR,2,2,2,0,0.00373
evt_003600,2026-03-27 17:11:00,demo_publisher,site B,sess_001133,page_008,esportes,topo da página,banner,celular,US,4,3,2,0,0.00918
evt_003601,2026-04-06 14:52:00,demo_publisher,site A,sess_000874,page_015,notícias,lateral,banner,tablet,BR,2,2,2,0,0.01574
evt_003602,2026-03-10 07:22:00,demo_publisher,site B,sess_000316,page_112,estilo de vida,lateral,vídeo,celular,AR,6,6,2,1,0.02736
evt_003603,2026-04-07 09:54:00,demo_publisher,site A,sess_000418,page_035,notícias,meio do artigo,banner,computador,BR,2,2,1,0,0.02077
evt_003604,2026-04-25 11:37:00,demo_publisher,site A,sess_000865,page_012,estilo de vida,lateral,banner,celular,BR,1,1,0,0,0.00499
evt_003605,2026-03-09 02:30:00,demo_publisher,site B,sess_000093,page_083,finanças,topo da página,vídeo,celular,BR,6,6,3,0,0.04654
evt_003606,2026-03-20 15:31:00,demo_publisher,site A,sess_000633,page_021,esportes,topo da página,nativo,celular,MX,4,3,1,0,0.01654
evt_003607,2026-04-11 14:41:00,demo_publisher,site C,sess_000925,page_009,finanças,topo da página,mídia rica,celular,AR,6,5,2,0,0.04184
evt_003608,2026-04-07 01:03:00,demo_publisher,site A,sess_000945,page_057,notícias,topo da página,nativo,tablet,MX,6,6,3,0,0.02057
evt_003609,2026-04-10 11:38:00,demo_publisher,site C,sess_001629,page_077,estilo de vida,topo da página,nativo,computador,BR,3,3,3,0,0.01394
evt_003610,2026-04-03 13:46:00,demo_publisher,site C,sess_001935,page_074,notícias,meio do artigo,banner,celular,BR,3,2,2,0,0.01531
evt_003611,2026-04-10 22:55:00,demo_publisher,site A,sess_001459,page_082,finanças,topo da página,banner,computador,BR,6,5,3,0,0.04969
evt_003612,2026-04-06 13:31:00,demo_publisher,site A,sess_000159,page_004,finanças,topo da página,nativo,celular,BR,3,2,1,0,0.00806
evt_003613,2026-03-05 10:39:00,demo_publisher,site A,sess_000817,page_041,notícias,topo da página,banner,tablet,BR,2,1,1,0,0.00216
evt_003614,2026-04-15 01:50:00,demo_publisher,site B,sess_001460,page_048,estilo de vida,rodapé fixo,banner,celular,BR,4,2,1,0,0.00574
evt_003615,2026-03-27 19:26:00,demo_publisher,site A,sess_001189,page_041,tecnologia,topo da página,banner,celular,CL,4,3,1,0,0.02741
evt_003616,2026-03-04 02:05:00,demo_publisher,site C,sess_000916,page_078,entretenimento,lateral,banner,computador,BR,5,3,3,0,0.01312
evt_003617,2026-03-25 13:00:00,demo_publisher,site B,sess_000873,page_032,notícias,topo da página,nativo,computador,BR,1,1,1,0,0.00775
evt_003618,2026-03-27 02:39:00,demo_publisher,site B,sess_000812,page_088,notícias,topo da página,nativo,celular,BR,3,3,0,0,0.00938
evt_003619,2026-03-06 04:51:00,demo_publisher,site B,sess_001158,page_131,esportes,meio do artigo,banner,celular,BR,4,4,3,0,0.01416
evt_003620,2026-04-29 18:22:00,demo_publisher,site B,sess_000358,page_092,entretenimento,meio do artigo,vídeo,computador,BR,6,2,2,0,0.00948
evt_003621,2026-03-14 08:12:00,demo_publisher,site A,sess_001035,page_055,finanças,meio do artigo,banner,celular,BR,2,1,0,0,0.00289
evt_003622,2026-03-20 20:08:00,demo_publisher,site B,sess_000412,page_061,esportes,lateral,banner,celular,US,4,3,0,0,0.00737
evt_003623,2026-03-27 10:59:00,demo_publisher,site B,sess_001362,page_082,tecnologia,meio do artigo,mídia rica,computador,BR,4,3,3,0,0.02241
evt_003624,2026-04-19 22:48:00,demo_publisher,site B,sess_001729,page_101,notícias,topo da página,mídia rica,computador,BR,6,5,4,0,0.03621
evt_003625,2026-04-14 13:47:00,demo_publisher,site C,sess_001015,page_042,estilo de vida,rodapé fixo,banner,computador,BR,3,3,2,0,0.00841
evt_003626,2026-04-16 06:11:00,demo_publisher,site B,sess_000775,page_006,finanças,topo da página,banner,celular,MX,2,2,1,0,0.01379
evt_003627,2026-03-15 05:22:00,demo_publisher,site B,sess_001881,page_098,estilo de vida,rodapé fixo,vídeo,celular,BR,4,3,2,0,0.01225
evt_003628,2026-04-20 17:25:00,demo_publisher,site B,sess_001319,page_092,tecnologia,lateral,nativo,celular,BR,6,4,0,0,0.02853
evt_003629,2026-04-19 18:50:00,demo_publisher,site B,sess_000856,page_015,esportes,meio do artigo,banner,computador,BR,1,1,0,0,0.00675
evt_003630,2026-03-28 19:57:00,demo_publisher,site C,sess_000058,page_088,estilo de vida,meio do artigo,banner,celular,BR,5,4,3,0,0.01838
evt_003631,2026-04-02 17:56:00,demo_publisher,site B,sess_000032,page_010,finanças,meio do artigo,banner,computador,BR,4,4,2,0,0.02522
evt_003632,2026-03-03 05:28:00,demo_publisher,site A,sess_000443,page_090,notícias,lateral,vídeo,celular,BR,5,3,1,0,0.01289
evt_003633,2026-04-15 15:00:00,demo_publisher,site B,sess_000473,page_104,entretenimento,intersticial,nativo,computador,BR,2,1,1,0,0.0
evt_003634,2026-04-27 15:43:00,demo_publisher,site C,sess_001443,page_003,tecnologia,meio do artigo,banner,tablet,BR,6,4,2,1,0.009
evt_003635,2026-03-29 08:28:00,demo_publisher,site A,sess_001001,page_102,entretenimento,intersticial,banner,celular,AR,1,1,1,0,0.00643
evt_003636,2026-04-02 10:19:00,demo_publisher,site C,sess_001999,page_017,tecnologia,topo da página,banner,computador,BR,4,3,2,0,0.00824
evt_003637,2026-03-30 22:50:00,demo_publisher,site C,sess_001081,page_037,esportes,topo da página,vídeo,computador,BR,4,3,1,0,0.02152
evt_003638,2026-03-05 23:00:00,demo_publisher,site A,sess_001806,page_098,finanças,meio do artigo,mídia rica,computador,BR,2,2,2,0,0.01845
evt_003639,2026-04-07 04:23:00,demo_publisher,site C,sess_001105,page_050,esportes,intersticial,nativo,computador,US,1,1,1,0,0.00557
evt_003640,2026-04-13 06:52:00,demo_publisher,site B,sess_000717,page_136,notícias,meio do artigo,vídeo,computador,BR,6,5,4,0,0.03475
evt_003641,2026-04-25 16:16:00,demo_publisher,site C,sess_001429,page_134,finanças,rodapé fixo,banner,celular,BR,3,2,2,0,0.00801
evt_003642,2026-04-25 18:53:00,demo_publisher,site B,sess_000899,page_138,esportes,meio do artigo,nativo,celular,BR,6,5,3,0,0.02036
evt_003643,2026-03-30 12:12:00,demo_publisher,site B,sess_000550,page_015,notícias,rodapé fixo,banner,computador,BR,2,2,0,0,0.01119
evt_003644,2026-04-27 12:56:00,demo_publisher,site A,sess_000946,page_025,tecnologia,rodapé fixo,banner,celular,BR,4,3,3,0,0.01132
evt_003645,2026-04-01 17:16:00,demo_publisher,site A,sess_001330,page_026,notícias,lateral,nativo,celular,BR,4,3,1,0,0.01045
evt_003646,2026-04-08 12:32:00,demo_publisher,site A,sess_000751,page_082,finanças,lateral,vídeo,celular,US,3,2,1,0,0.01238
evt_003647,2026-04-06 02:52:00,demo_publisher,site B,sess_001408,page_060,tecnologia,meio do artigo,banner,celular,BR,3,2,2,0,0.00776
evt_003648,2026-04-29 22:06:00,demo_publisher,site A,sess_001961,page_104,estilo de vida,intersticial,nativo,celular,BR,2,2,1,0,0.00694
evt_003649,2026-04-14 06:01:00,demo_publisher,site C,sess_000823,page_040,notícias,meio do artigo,vídeo,celular,US,1,1,1,0,0.00371
evt_003650,2026-03-08 04:48:00,demo_publisher,site A,sess_000591,page_028,estilo de vida,meio do artigo,vídeo,celular,BR,5,4,2,0,0.02668
evt_003651,2026-03-05 07:27:00,demo_publisher,site B,sess_000804,page_091,tecnologia,rodapé fixo,nativo,tablet,BR,2,1,1,0,0.00277
evt_003652,2026-03-25 14:13:00,demo_publisher,site C,sess_001676,page_086,tecnologia,lateral,banner,computador,BR,4,2,1,0,0.01488
evt_003653,2026-03-31 22:35:00,demo_publisher,site A,sess_000358,page_096,esportes,meio do artigo,vídeo,computador,BR,4,3,1,0,0.014
evt_003654,2026-04-10 02:49:00,demo_publisher,site A,sess_001947,page_044,notícias,lateral,banner,celular,BR,6,4,2,0,0.0222
evt_003655,2026-03-29 21:29:00,demo_publisher,site A,sess_000828,page_074,estilo de vida,meio do artigo,banner,computador,BR,6,6,4,0,0.03181
evt_003656,2026-03-31 21:04:00,demo_publisher,site C,sess_001683,page_130,esportes,meio do artigo,banner,computador,BR,2,1,1,0,0.00774
evt_003657,2026-04-25 07:13:00,demo_publisher,site C,sess_001573,page_085,tecnologia,topo da página,banner,computador,BR,1,1,0,0,0.00604
evt_003658,2026-03-21 02:13:00,demo_publisher,site B,sess_001567,page_130,estilo de vida,rodapé fixo,nativo,celular,BR,6,6,3,0,0.02301
evt_003659,2026-03-30 14:38:00,demo_publisher,site B,sess_001818,page_061,tecnologia,lateral,vídeo,celular,BR,1,1,0,0,0.01217
evt_003660,2026-04-03 10:38:00,demo_publisher,site B,sess_000370,page_007,entretenimento,rodapé fixo,nativo,celular,BR,5,4,4,0,0.01921
evt_003661,2026-03-29 02:22:00,demo_publisher,site B,sess_001187,page_106,estilo de vida,meio do artigo,mídia rica,computador,BR,5,2,1,0,0.01747
evt_003662,2026-04-28 02:05:00,demo_publisher,site B,sess_000198,page_065,entretenimento,intersticial,nativo,celular,BR,6,5,3,0,0.02088
evt_003663,2026-04-27 17:34:00,demo_publisher,site A,sess_000599,page_006,estilo de vida,meio do artigo,nativo,computador,US,3,2,2,0,0.01288
evt_003664,2026-03-31 18:53:00,demo_publisher,site C,sess_000082,page_020,notícias,meio do artigo,banner,computador,BR,3,2,1,0,0.01229
evt_003665,2026-03-28 00:49:00,demo_publisher,site C,sess_001364,page_044,tecnologia,intersticial,banner,celular,US,2,2,1,0,0.01114
evt_003666,2026-04-05 08:06:00,demo_publisher,site C,sess_001215,page_027,estilo de vida,lateral,nativo,computador,BR,2,1,0,0,0.00068
evt_003667,2026-03-11 20:28:00,demo_publisher,site A,sess_001480,page_096,entretenimento,rodapé fixo,vídeo,celular,US,2,1,1,0,0.00342
evt_003668,2026-03-26 13:24:00,demo_publisher,site A,sess_000353,page_085,esportes,lateral,banner,celular,MX,2,2,1,0,0.0068
evt_003669,2026-03-14 00:21:00,demo_publisher,site C,sess_000665,page_046,esportes,topo da página,nativo,celular,BR,6,3,1,0,0.00594
evt_003670,2026-03-09 15:25:00,demo_publisher,site A,sess_001353,page_012,tecnologia,meio do artigo,banner,celular,BR,3,1,0,0,0.00397
evt_003671,2026-03-06 17:04:00,demo_publisher,site A,sess_001653,page_011,notícias,rodapé fixo,banner,celular,CL,4,2,2,0,0.0094
evt_003672,2026-04-05 05:22:00,demo_publisher,site A,sess_001771,page_132,estilo de vida,meio do artigo,banner,computador,BR,4,4,4,0,0.01301
evt_003673,2026-03-01 00:49:00,demo_publisher,site A,sess_000148,page_048,finanças,lateral,banner,tablet,BR,1,0,0,0,0.0
evt_003674,2026-04-08 18:29:00,demo_publisher,site A,sess_000805,page_015,notícias,topo da página,banner,computador,BR,6,5,3,0,0.04307
evt_003675,2026-03-26 22:00:00,demo_publisher,site A,sess_000022,page_099,notícias,meio do artigo,vídeo,celular,BR,3,2,1,0,0.01364
evt_003676,2026-03-22 23:44:00,demo_publisher,site B,sess_001637,page_121,tecnologia,rodapé fixo,vídeo,tablet,BR,4,1,1,0,0.01355
evt_003677,2026-04-16 03:42:00,demo_publisher,site A,sess_000246,page_017,notícias,intersticial,banner,computador,BR,2,2,0,0,0.00768
evt_003678,2026-04-02 07:47:00,demo_publisher,site A,sess_001644,page_132,tecnologia,meio do artigo,banner,celular,CL,2,2,2,0,0.00577
evt_003679,2026-04-14 00:11:00,demo_publisher,site B,sess_000312,page_101,tecnologia,topo da página,nativo,celular,BR,2,1,0,0,0.00185
evt_003680,2026-04-12 13:38:00,demo_publisher,site A,sess_000031,page_036,estilo de vida,topo da página,banner,celular,BR,4,4,2,0,0.01266
evt_003681,2026-03-02 22:17:00,demo_publisher,site A,sess_001757,page_108,finanças,topo da página,vídeo,computador,BR,6,6,6,1,0.09813
evt_003682,2026-03-13 22:18:00,demo_publisher,site B,sess_000878,page_059,notícias,rodapé fixo,nativo,celular,BR,1,1,0,0,0.00105
evt_003683,2026-04-04 04:46:00,demo_publisher,site B,sess_000850,page_089,tecnologia,meio do artigo,vídeo,computador,BR,3,2,1,0,0.01867
evt_003684,2026-04-28 12:47:00,demo_publisher,site B,sess_001293,page_018,notícias,meio do artigo,banner,computador,AR,3,2,2,0,0.01232
evt_003685,2026-03-10 06:10:00,demo_publisher,site A,sess_000550,page_034,esportes,rodapé fixo,mídia rica,celular,MX,5,4,4,0,0.00679
evt_003686,2026-03-07 08:00:00,demo_publisher,site C,sess_001381,page_108,entretenimento,rodapé fixo,vídeo,celular,BR,5,2,1,0,0.00909
evt_003687,2026-04-26 11:08:00,demo_publisher,site A,sess_000858,page_112,esportes,meio do artigo,vídeo,celular,BR,6,4,1,0,0.0303
evt_003688,2026-04-28 00:11:00,demo_publisher,site A,sess_000546,page_002,esportes,rodapé fixo,mídia rica,celular,BR,2,1,1,0,0.00542
evt_003689,2026-03-11 01:00:00,demo_publisher,site A,sess_000790,page_030,entretenimento,meio do artigo,nativo,celular,BR,2,2,2,0,0.00474
evt_003690,2026-03-25 02:27:00,demo_publisher,site B,sess_000013,page_085,notícias,topo da página,banner,celular,US,3,2,2,0,0.00624
evt_003691,2026-04-07 14:21:00,demo_publisher,site B,sess_000603,page_126,notícias,rodapé fixo,nativo,computador,MX,1,1,1,0,0.00358
evt_003692,2026-03-12 17:07:00,demo_publisher,site C,sess_001183,page_094,finanças,topo da página,vídeo,celular,BR,3,1,0,0,0.00436
evt_003693,2026-03-20 13:46:00,demo_publisher,site B,sess_000276,page_099,tecnologia,intersticial,vídeo,celular,BR,2,2,1,0,0.02142
evt_003694,2026-03-24 17:12:00,demo_publisher,site A,sess_000237,page_055,entretenimento,lateral,nativo,computador,BR,2,1,0,0,0.0
evt_003695,2026-04-08 11:50:00,demo_publisher,site B,sess_001312,page_008,tecnologia,rodapé fixo,vídeo,celular,BR,5,2,1,0,0.02113
evt_003696,2026-03-19 11:36:00,demo_publisher,site A,sess_000857,page_107,entretenimento,topo da página,banner,computador,BR,1,1,1,0,0.00497
evt_003697,2026-03-25 17:39:00,demo_publisher,site C,sess_000274,page_112,notícias,meio do artigo,banner,celular,BR,3,3,2,0,0.00899
evt_003698,2026-03-18 08:59:00,demo_publisher,site A,sess_001495,page_062,estilo de vida,rodapé fixo,nativo,computador,US,5,5,4,0,0.01994
evt_003699,2026-04-15 13:53:00,demo_publisher,site A,sess_001551,page_071,notícias,rodapé fixo,banner,celular,BR,3,3,2,0,0.00775
evt_003700,2026-03-10 04:22:00,demo_publisher,site C,sess_000070,page_033,entretenimento,rodapé fixo,banner,celular,BR,6,5,3,0,0.01397
evt_003701,2026-03-14 20:10:00,demo_publisher,site B,sess_000404,page_063,entretenimento,meio do artigo,vídeo,tablet,BR,1,1,0,0,0.00905
evt_003702,2026-03-15 23:59:00,demo_publisher,site A,sess_000741,page_034,esportes,lateral,nativo,celular,US,3,3,2,0,0.01055
evt_003703,2026-04-24 08:20:00,demo_publisher,site B,sess_001463,page_059,tecnologia,meio do artigo,nativo,celular,BR,1,1,0,0,0.00351
evt_003704,2026-04-26 16:02:00,demo_publisher,site A,sess_000148,page_019,estilo de vida,meio do artigo,banner,celular,BR,1,1,1,0,0.00171
evt_003705,2026-03-31 00:18:00,demo_publisher,site A,sess_001611,page_085,notícias,meio do artigo,banner,computador,MX,3,2,2,0,0.02512
evt_003706,2026-03-10 09:12:00,demo_publisher,site A,sess_000639,page_035,estilo de vida,lateral,nativo,computador,BR,2,2,0,0,0.01232
evt_003707,2026-04-15 08:46:00,demo_publisher,site C,sess_000251,page_101,entretenimento,meio do artigo,vídeo,computador,MX,1,1,1,0,0.00887
evt_003708,2026-03-30 12:36:00,demo_publisher,site B,sess_001726,page_072,esportes,topo da página,banner,computador,BR,6,6,3,0,0.03842
evt_003709,2026-04-20 23:36:00,demo_publisher,site A,sess_000174,page_125,notícias,rodapé fixo,vídeo,celular,BR,5,4,3,0,0.04047
evt_003710,2026-03-22 14:23:00,demo_publisher,site B,sess_000260,page_031,entretenimento,intersticial,vídeo,computador,BR,3,3,2,0,0.02894
evt_003711,2026-04-29 22:18:00,demo_publisher,site C,sess_001899,page_038,finanças,meio do artigo,vídeo,celular,BR,6,5,3,0,0.03939
evt_003712,2026-04-18 10:05:00,demo_publisher,site B,sess_001039,page_034,finanças,rodapé fixo,nativo,computador,MX,1,1,0,0,0.00748
evt_003713,2026-03-14 10:28:00,demo_publisher,site A,sess_000926,page_088,tecnologia,rodapé fixo,banner,computador,BR,6,5,4,0,0.03309
evt_003714,2026-04-13 12:47:00,demo_publisher,site C,sess_001375,page_015,estilo de vida,topo da página,vídeo,celular,BR,6,5,5,0,0.02388
evt_003715,2026-03-18 05:07:00,demo_publisher,site C,sess_001260,page_096,esportes,lateral,nativo,celular,BR,3,2,0,0,0.0146
evt_003716,2026-03-21 23:42:00,demo_publisher,site B,sess_001227,page_114,notícias,rodapé fixo,banner,tablet,BR,5,2,2,0,0.01084
evt_003717,2026-03-16 00:37:00,demo_publisher,site C,sess_000047,page_094,tecnologia,lateral,banner,celular,BR,2,1,1,0,0.00445
evt_003718,2026-04-10 22:23:00,demo_publisher,site A,sess_001103,page_019,finanças,topo da página,banner,celular,BR,6,6,3,0,0.04053
evt_003719,2026-03-16 18:32:00,demo_publisher,site A,sess_000558,page_069,estilo de vida,lateral,nativo,computador,BR,3,2,2,0,0.0078
evt_003720,2026-04-08 07:52:00,demo_publisher,site B,sess_001615,page_075,tecnologia,rodapé fixo,mídia rica,celular,BR,2,1,1,0,0.00287
evt_003721,2026-04-04 22:43:00,demo_publisher,site C,sess_001011,page_055,notícias,lateral,banner,computador,BR,1,1,0,0,0.00788
evt_003722,2026-04-15 01:09:00,demo_publisher,site B,sess_000248,page_065,tecnologia,topo da página,banner,tablet,BR,5,5,4,0,0.01333
evt_003723,2026-04-29 14:40:00,demo_publisher,site C,sess_001772,page_106,tecnologia,topo da página,mídia rica,computador,BR,6,4,3,0,0.02358
evt_003724,2026-03-01 12:42:00,demo_publisher,site B,sess_000569,page_117,entretenimento,rodapé fixo,banner,celular,BR,5,5,5,0,0.02379
evt_003725,2026-04-29 10:00:00,demo_publisher,site B,sess_000543,page_042,esportes,meio do artigo,banner,computador,BR,5,4,3,0,0.03141
evt_003726,2026-03-07 13:28:00,demo_publisher,site C,sess_001872,page_046,esportes,intersticial,vídeo,celular,US,5,3,1,0,0.0079
evt_003727,2026-04-01 14:33:00,demo_publisher,site A,sess_001550,page_029,estilo de vida,meio do artigo,mídia rica,computador,BR,2,0,0,0,0.0
evt_003728,2026-03-21 10:52:00,demo_publisher,site B,sess_001719,page_056,entretenimento,rodapé fixo,nativo,celular,BR,3,1,0,0,0.00117
evt_003729,2026-04-08 08:11:00,demo_publisher,site A,sess_001324,page_076,entretenimento,topo da página,banner,tablet,BR,5,2,1,0,0.0062
evt_003730,2026-04-13 07:18:00,demo_publisher,site B,sess_001821,page_100,finanças,rodapé fixo,nativo,computador,BR,4,3,3,0,0.0108
evt_003731,2026-04-21 14:21:00,demo_publisher,site B,sess_000231,page_038,finanças,rodapé fixo,vídeo,celular,BR,2,2,2,0,0.01699
evt_003732,2026-03-25 02:51:00,demo_publisher,site B,sess_001200,page_031,notícias,meio do artigo,mídia rica,computador,BR,1,1,1,0,0.00561
evt_003733,2026-04-25 23:25:00,demo_publisher,site C,sess_000587,page_005,estilo de vida,meio do artigo,banner,computador,US,5,4,2,0,0.02349
evt_003734,2026-03-20 08:18:00,demo_publisher,site A,sess_000797,page_014,tecnologia,rodapé fixo,vídeo,computador,BR,6,4,2,0,0.0595
evt_003735,2026-03-13 05:33:00,demo_publisher,site C,sess_000476,page_008,tecnologia,rodapé fixo,nativo,celular,BR,3,3,3,0,0.00918
evt_003736,2026-03-23 17:57:00,demo_publisher,site B,sess_000410,page_029,esportes,lateral,banner,computador,BR,5,4,3,0,0.02767
evt_003737,2026-04-01 17:06:00,demo_publisher,site B,sess_000885,page_097,entretenimento,meio do artigo,banner,celular,BR,6,3,2,0,0.00677
evt_003738,2026-04-10 02:09:00,demo_publisher,site B,sess_001836,page_108,notícias,rodapé fixo,banner,celular,BR,5,5,3,0,0.01599
evt_003739,2026-04-19 23:17:00,demo_publisher,site A,sess_001271,page_136,finanças,rodapé fixo,mídia rica,computador,BR,6,5,4,0,0.08205
evt_003740,2026-03-14 11:47:00,demo_publisher,site A,sess_000699,page_076,estilo de vida,meio do artigo,banner,computador,BR,6,3,2,0,0.01927
evt_003741,2026-03-19 04:36:00,demo_publisher,site A,sess_000867,page_064,finanças,meio do artigo,vídeo,computador,BR,2,2,1,0,0.01059
evt_003742,2026-04-26 07:41:00,demo_publisher,site A,sess_001060,page_126,tecnologia,topo da página,banner,computador,BR,6,4,4,0,0.01773
evt_003743,2026-03-27 09:19:00,demo_publisher,site A,sess_000489,page_021,estilo de vida,rodapé fixo,vídeo,tablet,BR,4,4,3,0,0.01931
evt_003744,2026-03-15 11:51:00,demo_publisher,site A,sess_001042,page_088,notícias,rodapé fixo,nativo,computador,BR,3,3,3,0,0.01206
evt_003745,2026-04-29 03:17:00,demo_publisher,site B,sess_001392,page_114,notícias,meio do artigo,mídia rica,celular,BR,2,2,2,0,0.00762
evt_003746,2026-03-27 22:31:00,demo_publisher,site B,sess_000487,page_070,finanças,meio do artigo,nativo,tablet,BR,5,5,5,1,0.03908
evt_003747,2026-04-29 02:28:00,demo_publisher,site B,sess_001169,page_037,estilo de vida,topo da página,vídeo,computador,US,5,4,2,0,0.01434
evt_003748,2026-04-25 03:48:00,demo_publisher,site A,sess_001417,page_087,finanças,topo da página,nativo,celular,AR,2,1,0,0,0.00546
evt_003749,2026-04-24 08:47:00,demo_publisher,site B,sess_001039,page_139,esportes,intersticial,nativo,celular,AR,3,2,2,0,0.00855
evt_003750,2026-04-04 21:50:00,demo_publisher,site C,sess_000584,page_033,notícias,rodapé fixo,mídia rica,celular,BR,6,5,4,1,0.03036
evt_003751,2026-04-17 21:45:00,demo_publisher,site C,sess_001109,page_079,tecnologia,meio do artigo,nativo,computador,BR,6,5,2,0,0.02776
evt_003752,2026-04-27 15:11:00,demo_publisher,site B,sess_001586,page_008,finanças,topo da página,mídia rica,celular,BR,3,2,1,0,0.0227
evt_003753,2026-03-17 03:32:00,demo_publisher,site B,sess_000444,page_033,finanças,topo da página,banner,tablet,BR,6,6,4,0,0.03628
evt_003754,2026-03-03 06:21:00,demo_publisher,site C,sess_001149,page_107,finanças,lateral,nativo,celular,MX,6,6,3,0,0.0431
evt_003755,2026-03-20 06:01:00,demo_publisher,site A,sess_001361,page_069,esportes,topo da página,mídia rica,celular,BR,2,0,0,0,0.0
evt_003756,2026-04-08 05:08:00,demo_publisher,site A,sess_000643,page_028,esportes,meio do artigo,mídia rica,celular,BR,3,1,1,0,0.0017
evt_003757,2026-04-02 20:05:00,demo_publisher,site B,sess_000775,page_047,notícias,intersticial,nativo,celular,AR,1,1,0,0,0.0029
evt_003758,2026-03-05 20:02:00,demo_publisher,site A,sess_001777,page_017,tecnologia,lateral,nativo,computador,BR,1,1,0,0,0.00468
evt_003759,2026-04-03 15:31:00,demo_publisher,site A,sess_000727,page_109,esportes,rodapé fixo,vídeo,tablet,AR,4,3,2,0,0.02896
evt_003760,2026-03-11 11:08:00,demo_publisher,site C,sess_001196,page_132,esportes,topo da página,banner,computador,BR,1,1,1,0,0.00561
evt_003761,2026-03-31 07:55:00,demo_publisher,site A,sess_000300,page_015,entretenimento,meio do artigo,mídia rica,celular,BR,2,1,1,0,0.00702
evt_003762,2026-04-04 13:00:00,demo_publisher,site B,sess_001852,page_034,esportes,rodapé fixo,banner,computador,BR,2,2,2,0,0.00893
evt_003763,2026-04-08 04:48:00,demo_publisher,site A,sess_001194,page_120,finanças,rodapé fixo,banner,celular,MX,2,2,2,0,0.00567
evt_003764,2026-03-25 18:04:00,demo_publisher,site A,sess_001520,page_123,esportes,lateral,vídeo,celular,BR,2,2,0,0,0.01322
evt_003765,2026-03-25 11:59:00,demo_publisher,site A,sess_001205,page_107,esportes,lateral,banner,celular,BR,4,4,3,0,0.0047
evt_003766,2026-04-10 17:08:00,demo_publisher,site A,sess_000711,page_100,notícias,topo da página,banner,computador,BR,5,4,3,0,0.0211
evt_003767,2026-04-14 22:48:00,demo_publisher,site A,sess_000681,page_120,tecnologia,lateral,banner,celular,BR,4,3,1,0,0.02941
evt_003768,2026-04-18 11:08:00,demo_publisher,site B,sess_001402,page_052,finanças,topo da página,mídia rica,computador,BR,5,3,2,0,0.02198
evt_003769,2026-03-21 00:18:00,demo_publisher,site B,sess_001719,page_125,tecnologia,topo da página,nativo,computador,BR,4,4,3,0,0.02708
evt_003770,2026-03-26 10:40:00,demo_publisher,site A,sess_000256,page_124,entretenimento,meio do artigo,mídia rica,celular,BR,5,4,4,0,0.02153
evt_003771,2026-03-20 20:10:00,demo_publisher,site B,sess_001691,page_032,notícias,topo da página,banner,tablet,BR,2,2,0,0,0.00251
evt_003772,2026-04-01 15:39:00,demo_publisher,site B,sess_001660,page_011,estilo de vida,topo da página,banner,tablet,AR,2,1,0,0,0.00021
evt_003773,2026-03-08 15:12:00,demo_publisher,site A,sess_000218,page_073,notícias,topo da página,banner,celular,US,1,1,1,0,0.00541
evt_003774,2026-03-26 19:19:00,demo_publisher,site A,sess_000217,page_106,finanças,meio do artigo,banner,celular,US,4,4,3,0,0.02142
evt_003775,2026-03-12 07:44:00,demo_publisher,site B,sess_001390,page_119,tecnologia,rodapé fixo,banner,computador,US,2,2,1,0,0.0089
evt_003776,2026-04-01 22:39:00,demo_publisher,site B,sess_001685,page_020,notícias,intersticial,banner,computador,BR,4,2,1,0,0.0055
evt_003777,2026-04-21 00:45:00,demo_publisher,site A,sess_000788,page_053,entretenimento,topo da página,banner,celular,CL,5,5,4,0,0.01099
evt_003778,2026-04-29 02:58:00,demo_publisher,site A,sess_001281,page_107,estilo de vida,topo da página,vídeo,celular,AR,6,5,3,0,0.03601
evt_003779,2026-03-27 18:38:00,demo_publisher,site B,sess_001999,page_009,esportes,rodapé fixo,banner,celular,BR,3,3,3,0,0.01969
evt_003780,2026-03-04 09:06:00,demo_publisher,site B,sess_000646,page_101,notícias,topo da página,nativo,computador,MX,6,4,3,0,0.00943
evt_003781,2026-03-14 16:07:00,demo_publisher,site B,sess_000450,page_041,estilo de vida,rodapé fixo,banner,computador,BR,3,1,1,0,0.0
evt_003782,2026-03-07 06:56:00,demo_publisher,site A,sess_001983,page_004,finanças,topo da página,nativo,computador,BR,5,5,3,0,0.02061
evt_003783,2026-04-15 13:27:00,demo_publisher,site B,sess_000561,page_034,notícias,lateral,vídeo,celular,BR,6,4,2,0,0.01788
evt_003784,2026-04-29 01:55:00,demo_publisher,site A,sess_000945,page_104,finanças,topo da página,vídeo,computador,AR,4,4,3,0,0.0359
evt_003785,2026-04-03 05:43:00,demo_publisher,site B,sess_000884,page_121,notícias,rodapé fixo,vídeo,celular,MX,6,5,5,1,0.03057
evt_003786,2026-03-11 14:39:00,demo_publisher,site A,sess_001046,page_012,entretenimento,meio do artigo,banner,celular,US,4,4,4,0,0.0154
evt_003787,2026-03-02 06:27:00,demo_publisher,site A,sess_000538,page_065,esportes,topo da página,banner,computador,BR,1,1,1,0,0.00493
evt_003788,2026-04-28 13:34:00,demo_publisher,site B,sess_001358,page_028,finanças,meio do artigo,vídeo,computador,BR,3,2,1,0,0.02972
evt_003789,2026-03-19 23:33:00,demo_publisher,site B,sess_001384,page_096,tecnologia,meio do artigo,mídia rica,celular,BR,5,4,3,0,0.01872
evt_003790,2026-03-07 17:17:00,demo_publisher,site A,sess_000401,page_109,tecnologia,intersticial,nativo,computador,MX,4,4,2,0,0.03449
evt_003791,2026-03-11 14:52:00,demo_publisher,site A,sess_000962,page_134,entretenimento,meio do artigo,nativo,celular,BR,2,2,1,0,0.01695
evt_003792,2026-03-16 07:34:00,demo_publisher,site B,sess_000115,page_050,entretenimento,topo da página,vídeo,tablet,BR,2,1,0,0,0.00067
evt_003793,2026-04-09 08:27:00,demo_publisher,site B,sess_000442,page_042,notícias,meio do artigo,mídia rica,computador,BR,5,2,0,0,0.00697
evt_003794,2026-04-23 12:10:00,demo_publisher,site A,sess_001974,page_044,esportes,topo da página,banner,computador,AR,5,3,2,0,0.01889
evt_003795,2026-03-17 12:02:00,demo_publisher,site B,sess_001013,page_106,estilo de vida,rodapé fixo,banner,celular,AR,2,1,0,0,0.00536
evt_003796,2026-04-11 05:37:00,demo_publisher,site C,sess_001245,page_062,notícias,rodapé fixo,vídeo,celular,AR,3,1,0,0,0.00492
evt_003797,2026-03-04 21:31:00,demo_publisher,site B,sess_001777,page_004,tecnologia,topo da página,vídeo,tablet,BR,1,1,1,0,0.00585
evt_003798,2026-03-01 14:32:00,demo_publisher,site B,sess_001427,page_132,notícias,lateral,banner,computador,AR,2,2,1,0,0.00321
evt_003799,2026-03-04 07:06:00,demo_publisher,site C,sess_001584,page_015,entretenimento,lateral,banner,celular,CL,6,5,4,0,0.0137
evt_003800,2026-04-25 09:18:00,demo_publisher,site C,sess_001424,page_130,tecnologia,topo da página,nativo,celular,AR,1,0,0,0,0.00444
evt_003801,2026-04-04 21:41:00,demo_publisher,site A,sess_000998,page_023,estilo de vida,lateral,vídeo,computador,BR,4,4,1,0,0.02259
evt_003802,2026-04-18 07:26:00,demo_publisher,site A,sess_001265,page_075,finanças,meio do artigo,vídeo,celular,BR,3,2,1,0,0.01877
evt_003803,2026-03-02 07:16:00,demo_publisher,site B,sess_000577,page_044,entretenimento,meio do artigo,banner,computador,US,3,2,2,0,0.01207
evt_003804,2026-03-02 08:00:00,demo_publisher,site A,sess_001780,page_096,tecnologia,meio do artigo,banner,computador,BR,6,6,3,0,0.04697
evt_003805,2026-04-20 22:15:00,demo_publisher,site A,sess_000360,page_057,tecnologia,meio do artigo,vídeo,computador,BR,6,4,2,1,0.02423
evt_003806,2026-03-07 03:45:00,demo_publisher,site C,sess_001768,page_052,tecnologia,lateral,banner,computador,BR,1,0,0,0,0.0
evt_003807,2026-03-10 07:46:00,demo_publisher,site B,sess_001756,page_067,notícias,meio do artigo,nativo,celular,MX,2,2,1,0,0.01266
evt_003808,2026-04-01 03:16:00,demo_publisher,site A,sess_000285,page_135,notícias,lateral,nativo,computador,BR,2,1,1,0,0.0055
evt_003809,2026-04-06 09:27:00,demo_publisher,site A,sess_001420,page_035,notícias,meio do artigo,banner,computador,BR,1,1,1,0,0.00279
evt_003810,2026-03-14 17:35:00,demo_publisher,site B,sess_001979,page_031,estilo de vida,lateral,vídeo,computador,BR,4,2,1,0,0.01303
evt_003811,2026-03-27 16:21:00,demo_publisher,site B,sess_001144,page_010,estilo de vida,topo da página,banner,celular,BR,3,3,1,1,0.00897
evt_003812,2026-04-10 11:48:00,demo_publisher,site A,sess_000681,page_103,esportes,meio do artigo,vídeo,tablet,BR,3,3,2,0,0.01491
evt_003813,2026-03-27 13:42:00,demo_publisher,site C,sess_001758,page_095,entretenimento,meio do artigo,nativo,computador,BR,5,4,2,0,0.01385
evt_003814,2026-03-23 23:01:00,demo_publisher,site C,sess_001025,page_085,notícias,meio do artigo,nativo,tablet,BR,6,4,3,0,0.01859
evt_003815,2026-03-05 07:23:00,demo_publisher,site A,sess_000244,page_004,tecnologia,topo da página,vídeo,celular,BR,4,3,2,0,0.02714
evt_003816,2026-03-28 02:42:00,demo_publisher,site B,sess_000499,page_110,finanças,meio do artigo,banner,tablet,BR,4,3,2,0,0.00829
evt_003817,2026-04-18 03:57:00,demo_publisher,site A,sess_001365,page_113,finanças,topo da página,vídeo,celular,BR,3,2,0,0,0.01718
evt_003818,2026-04-07 14:31:00,demo_publisher,site C,sess_000911,page_132,notícias,meio do artigo,banner,celular,BR,3,2,1,0,0.009
evt_003819,2026-04-23 13:59:00,demo_publisher,site A,sess_000434,page_130,tecnologia,meio do artigo,mídia rica,celular,BR,4,2,2,0,0.01626
evt_003820,2026-03-08 13:41:00,demo_publisher,site A,sess_001598,page_037,tecnologia,lateral,banner,celular,BR,2,2,2,0,0.0062
evt_003821,2026-03-01 15:51:00,demo_publisher,site A,sess_000242,page_099,esportes,intersticial,nativo,celular,BR,4,1,0,0,0.00504
evt_003822,2026-04-02 21:20:00,demo_publisher,site A,sess_000438,page_056,finanças,rodapé fixo,banner,celular,BR,3,1,0,0,0.00495
evt_003823,2026-03-11 17:11:00,demo_publisher,site B,sess_000931,page_083,estilo de vida,intersticial,banner,celular,BR,3,1,0,0,0.00304
evt_003824,2026-04-05 15:20:00,demo_publisher,site A,sess_000080,page_047,esportes,intersticial,banner,celular,BR,6,5,3,0,0.0314
evt_003825,2026-04-24 05:37:00,demo_publisher,site B,sess_000775,page_092,estilo de vida,topo da página,banner,celular,BR,1,0,0,0,0.0
evt_003826,2026-03-21 05:28:00,demo_publisher,site B,sess_001819,page_133,finanças,meio do artigo,banner,celular,BR,5,5,3,0,0.02096
evt_003827,2026-04-02 23:16:00,demo_publisher,site A,sess_001882,page_091,entretenimento,meio do artigo,banner,celular,CL,1,1,0,0,0.00489
evt_003828,2026-04-10 21:38:00,demo_publisher,site A,sess_001744,page_128,tecnologia,topo da página,vídeo,celular,BR,3,3,3,0,0.01466
evt_003829,2026-03-10 00:03:00,demo_publisher,site A,sess_000648,page_130,notícias,rodapé fixo,banner,computador,BR,5,2,2,0,0.00654
evt_003830,2026-04-23 20:13:00,demo_publisher,site B,sess_000130,page_017,tecnologia,rodapé fixo,banner,tablet,BR,6,2,2,0,0.00466
evt_003831,2026-03-13 04:01:00,demo_publisher,site A,sess_001629,page_135,esportes,lateral,mídia rica,computador,AR,5,4,3,0,0.0309
evt_003832,2026-04-18 11:54:00,demo_publisher,site B,sess_000747,page_114,entretenimento,rodapé fixo,nativo,computador,CL,5,3,2,0,0.01739
evt_003833,2026-04-09 14:22:00,demo_publisher,site B,sess_001497,page_060,estilo de vida,lateral,banner,computador,BR,3,2,1,0,0.00461
evt_003834,2026-03-09 10:59:00,demo_publisher,site C,sess_000239,page_084,notícias,meio do artigo,banner,computador,MX,3,3,2,0,0.01428
evt_003835,2026-04-13 11:44:00,demo_publisher,site C,sess_001336,page_086,tecnologia,topo da página,nativo,celular,BR,2,2,1,0,0.00413
evt_003836,2026-03-12 18:55:00,demo_publisher,site A,sess_001173,page_110,notícias,intersticial,nativo,computador,BR,6,5,2,0,0.02565
evt_003837,2026-04-05 23:10:00,demo_publisher,site B,sess_001840,page_112,entretenimento,lateral,vídeo,computador,US,4,3,2,0,0.01572
evt_003838,2026-04-27 13:56:00,demo_publisher,site B,sess_000204,page_015,entretenimento,meio do artigo,nativo,computador,BR,1,1,1,0,0.00522
evt_003839,2026-04-27 04:32:00,demo_publisher,site C,sess_000816,page_001,estilo de vida,topo da página,mídia rica,computador,BR,1,1,1,0,0.00842
evt_003840,2026-04-22 06:35:00,demo_publisher,site A,sess_001979,page_035,finanças,rodapé fixo,vídeo,tablet,MX,1,1,1,0,0.01563
evt_003841,2026-03-30 15:27:00,demo_publisher,site A,sess_000779,page_074,estilo de vida,rodapé fixo,mídia rica,celular,BR,4,3,3,0,0.01655
evt_003842,2026-04-03 13:44:00,demo_publisher,site A,sess_001316,page_119,finanças,meio do artigo,nativo,computador,BR,6,4,1,0,0.0392
evt_003843,2026-03-19 00:23:00,demo_publisher,site A,sess_000322,page_091,notícias,intersticial,nativo,celular,US,3,2,1,0,0.00688
evt_003844,2026-04-25 06:10:00,demo_publisher,site B,sess_001457,page_019,entretenimento,meio do artigo,vídeo,celular,US,2,2,1,0,0.02252
evt_003845,2026-03-29 15:12:00,demo_publisher,site C,sess_000552,page_100,esportes,intersticial,vídeo,celular,BR,3,1,1,0,0.00358
evt_003846,2026-04-16 07:08:00,demo_publisher,site B,sess_001144,page_066,esportes,lateral,banner,computador,BR,5,5,5,0,0.02297
evt_003847,2026-03-22 13:55:00,demo_publisher,site B,sess_001759,page_052,notícias,lateral,banner,celular,MX,1,1,0,0,0.00291
evt_003848,2026-04-14 10:12:00,demo_publisher,site B,sess_001322,page_108,entretenimento,rodapé fixo,banner,computador,BR,4,3,2,0,0.01337
evt_003849,2026-03-14 11:09:00,demo_publisher,site A,sess_000949,page_042,entretenimento,rodapé fixo,banner,computador,BR,6,5,4,0,0.03436
evt_003850,2026-04-14 00:39:00,demo_publisher,site A,sess_000380,page_086,esportes,meio do artigo,mídia rica,tablet,MX,6,5,2,0,0.01813
evt_003851,2026-03-03 18:11:00,demo_publisher,site A,sess_000683,page_026,esportes,rodapé fixo,vídeo,computador,BR,2,1,1,0,0.00392
evt_003852,2026-03-07 06:56:00,demo_publisher,site A,sess_001698,page_054,tecnologia,meio do artigo,banner,computador,BR,6,5,3,0,0.02394
evt_003853,2026-03-22 03:11:00,demo_publisher,site B,sess_000433,page_078,finanças,topo da página,banner,computador,BR,1,0,0,0,0.0
evt_003854,2026-03-29 22:07:00,demo_publisher,site B,sess_001312,page_087,entretenimento,lateral,banner,celular,AR,3,2,1,0,0.0046
evt_003855,2026-04-12 16:25:00,demo_publisher,site A,sess_000970,page_128,entretenimento,meio do artigo,vídeo,computador,US,3,3,0,0,0.01944
evt_003856,2026-03-22 13:02:00,demo_publisher,site B,sess_000642,page_041,tecnologia,meio do artigo,mídia rica,computador,BR,5,3,1,0,0.01934
evt_003857,2026-03-02 02:33:00,demo_publisher,site B,sess_001433,page_125,notícias,meio do artigo,banner,computador,MX,5,3,3,0,0.01375
evt_003858,2026-03-20 12:34:00,demo_publisher,site A,sess_000724,page_114,tecnologia,topo da página,banner,computador,MX,4,3,2,0,0.02296
evt_003859,2026-03-27 08:25:00,demo_publisher,site B,sess_000574,page_051,entretenimento,topo da página,mídia rica,celular,US,5,5,3,0,0.02206
evt_003860,2026-04-02 14:57:00,demo_publisher,site A,sess_001058,page_020,esportes,rodapé fixo,nativo,computador,CL,6,4,4,0,0.02606
evt_003861,2026-04-08 15:22:00,demo_publisher,site A,sess_001515,page_036,entretenimento,topo da página,vídeo,celular,AR,4,3,1,0,0.02596
evt_003862,2026-03-15 20:38:00,demo_publisher,site C,sess_001728,page_092,finanças,lateral,banner,computador,BR,4,2,1,0,0.02155
evt_003863,2026-04-06 14:58:00,demo_publisher,site C,sess_001259,page_110,entretenimento,meio do artigo,banner,tablet,BR,4,2,1,0,0.00239
evt_003864,2026-04-07 21:29:00,demo_publisher,site B,sess_001324,page_086,estilo de vida,topo da página,nativo,celular,CL,2,2,2,0,0.01231
evt_003865,2026-04-16 14:22:00,demo_publisher,site A,sess_001575,page_101,notícias,meio do artigo,banner,computador,AR,3,2,2,0,0.01003
evt_003866,2026-04-01 07:45:00,demo_publisher,site A,sess_000539,page_015,finanças,meio do artigo,vídeo,computador,BR,4,3,2,0,0.02455
evt_003867,2026-04-18 15:08:00,demo_publisher,site B,sess_000502,page_071,notícias,rodapé fixo,vídeo,celular,BR,1,1,1,0,0.00707
evt_003868,2026-03-14 07:06:00,demo_publisher,site A,sess_000968,page_122,esportes,intersticial,banner,celular,BR,3,2,0,0,0.00572
evt_003869,2026-04-12 16:51:00,demo_publisher,site A,sess_001262,page_055,entretenimento,meio do artigo,nativo,computador,BR,2,2,1,0,0.00316
evt_003870,2026-03-03 18:00:00,demo_publisher,site B,sess_001292,page_125,esportes,topo da página,vídeo,computador,BR,4,2,2,0,0.0196
evt_003871,2026-03-07 04:01:00,demo_publisher,site C,sess_000308,page_018,entretenimento,lateral,mídia rica,celular,US,3,3,2,0,0.01635
evt_003872,2026-04-21 21:11:00,demo_publisher,site A,sess_001561,page_137,notícias,meio do artigo,banner,computador,BR,1,0,0,0,0.00042
evt_003873,2026-03-29 12:01:00,demo_publisher,site C,sess_000728,page_110,estilo de vida,meio do artigo,vídeo,computador,BR,4,4,1,1,0.03596
evt_003874,2026-04-07 06:01:00,demo_publisher,site A,sess_001754,page_088,entretenimento,meio do artigo,banner,computador,BR,3,1,1,0,0.00266
evt_003875,2026-04-06 04:54:00,demo_publisher,site A,sess_001448,page_086,estilo de vida,lateral,mídia rica,celular,BR,4,3,2,0,0.00445
evt_003876,2026-04-11 16:36:00,demo_publisher,site C,sess_001965,page_131,entretenimento,meio do artigo,nativo,computador,BR,5,4,2,0,0.01976
evt_003877,2026-03-15 17:36:00,demo_publisher,site A,sess_001263,page_053,entretenimento,rodapé fixo,banner,computador,BR,6,6,5,0,0.02183
evt_003878,2026-03-11 16:41:00,demo_publisher,site B,sess_001055,page_023,estilo de vida,meio do artigo,vídeo,computador,CL,4,3,2,0,0.02248
evt_003879,2026-03-03 13:16:00,demo_publisher,site B,sess_000376,page_128,tecnologia,meio do artigo,vídeo,celular,MX,4,3,3,0,0.02064
evt_003880,2026-04-21 21:15:00,demo_publisher,site A,sess_000797,page_015,notícias,rodapé fixo,vídeo,celular,BR,2,1,1,0,0.0082
evt_003881,2026-03-14 09:58:00,demo_publisher,site B,sess_001716,page_092,finanças,meio do artigo,banner,celular,BR,5,3,3,0,0.00359
evt_003882,2026-04-04 12:14:00,demo_publisher,site A,sess_000764,page_037,esportes,topo da página,vídeo,celular,BR,3,2,1,0,0.02025
evt_003883,2026-03-28 07:02:00,demo_publisher,site B,sess_000107,page_130,tecnologia,topo da página,vídeo,celular,BR,6,6,2,0,0.03706
evt_003884,2026-03-10 17:47:00,demo_publisher,site B,sess_000491,page_136,estilo de vida,lateral,banner,celular,BR,5,5,3,0,0.01528
evt_003885,2026-03-25 20:03:00,demo_publisher,site C,sess_001190,page_066,estilo de vida,meio do artigo,banner,tablet,BR,2,2,2,0,0.00064
evt_003886,2026-03-05 23:48:00,demo_publisher,site A,sess_001258,page_075,entretenimento,meio do artigo,mídia rica,celular,BR,6,5,3,0,0.02377
evt_003887,2026-03-11 14:24:00,demo_publisher,site B,sess_001967,page_064,notícias,topo da página,nativo,computador,BR,3,2,2,0,0.01025
evt_003888,2026-03-09 09:09:00,demo_publisher,site B,sess_001867,page_060,entretenimento,topo da página,nativo,celular,BR,4,3,1,0,0.01102
evt_003889,2026-04-19 11:09:00,demo_publisher,site C,sess_001063,page_131,notícias,meio do artigo,vídeo,computador,BR,5,4,2,1,0.02414
evt_003890,2026-04-04 01:04:00,demo_publisher,site C,sess_001109,page_040,esportes,meio do artigo,banner,computador,BR,4,3,2,0,0.00834
evt_003891,2026-04-25 12:59:00,demo_publisher,site B,sess_001601,page_134,estilo de vida,meio do artigo,vídeo,computador,US,4,3,2,1,0.02551
evt_003892,2026-03-27 03:49:00,demo_publisher,site A,sess_000098,page_091,esportes,meio do artigo,nativo,celular,BR,5,3,2,1,0.00935
evt_003893,2026-03-13 01:56:00,demo_publisher,site A,sess_001190,page_134,estilo de vida,lateral,banner,tablet,BR,6,6,2,0,0.02834
evt_003894,2026-04-06 12:21:00,demo_publisher,site B,sess_000948,page_086,tecnologia,lateral,mídia rica,celular,BR,1,1,1,0,0.0133
evt_003895,2026-04-25 18:35:00,demo_publisher,site A,sess_001566,page_114,tecnologia,lateral,vídeo,celular,MX,4,4,2,0,0.06549
evt_003896,2026-04-01 22:56:00,demo_publisher,site C,sess_001600,page_069,notícias,meio do artigo,banner,computador,BR,4,4,1,0,0.01018
evt_003897,2026-03-02 01:43:00,demo_publisher,site B,sess_001311,page_065,notícias,topo da página,mídia rica,tablet,BR,6,5,4,0,0.03542
evt_003898,2026-03-19 05:13:00,demo_publisher,site A,sess_001314,page_036,notícias,lateral,mídia rica,computador,BR,4,2,1,0,0.01273
evt_003899,2026-04-25 11:56:00,demo_publisher,site B,sess_001382,page_030,finanças,topo da página,vídeo,tablet,BR,1,1,0,0,0.01479
evt_003900,2026-04-01 02:25:00,demo_publisher,site C,sess_001160,page_006,notícias,lateral,banner,computador,BR,5,1,1,0,0.0023
evt_003901,2026-04-27 02:46:00,demo_publisher,site A,sess_000456,page_054,esportes,meio do artigo,banner,computador,BR,5,5,1,0,0.02206
evt_003902,2026-03-31 13:21:00,demo_publisher,site A,sess_000569,page_138,tecnologia,lateral,vídeo,celular,BR,6,6,2,0,0.02938
evt_003903,2026-03-01 17:21:00,demo_publisher,site B,sess_001483,page_131,entretenimento,rodapé fixo,mídia rica,computador,BR,2,2,2,0,0.0104
evt_003904,2026-04-22 09:11:00,demo_publisher,site A,sess_001237,page_096,tecnologia,meio do artigo,banner,computador,BR,1,1,1,0,0.00465
evt_003905,2026-04-15 18:44:00,demo_publisher,site A,sess_000476,page_051,notícias,topo da página,nativo,celular,BR,1,1,1,0,0.00119
evt_003906,2026-04-12 21:57:00,demo_publisher,site A,sess_001755,page_073,estilo de vida,rodapé fixo,banner,celular,BR,3,3,3,0,0.01078
evt_003907,2026-04-28 05:05:00,demo_publisher,site B,sess_001961,page_106,notícias,meio do artigo,nativo,computador,CL,1,1,0,0,0.00171
evt_003908,2026-03-12 18:31:00,demo_publisher,site C,sess_001252,page_001,esportes,meio do artigo,nativo,celular,US,5,3,2,0,0.01315
evt_003909,2026-04-24 08:29:00,demo_publisher,site C,sess_000456,page_129,finanças,meio do artigo,banner,celular,BR,4,4,3,0,0.02159
evt_003910,2026-03-14 22:58:00,demo_publisher,site A,sess_001876,page_121,entretenimento,meio do artigo,nativo,computador,BR,2,2,1,0,0.01126
evt_003911,2026-04-28 05:49:00,demo_publisher,site A,sess_000474,page_135,estilo de vida,meio do artigo,nativo,celular,US,2,2,1,0,0.00383
evt_003912,2026-03-12 11:39:00,demo_publisher,site C,sess_000865,page_014,esportes,rodapé fixo,banner,celular,CL,3,3,3,1,0.01395
evt_003913,2026-04-03 00:27:00,demo_publisher,site B,sess_001717,page_132,estilo de vida,lateral,mídia rica,celular,BR,1,1,1,0,0.00023
evt_003914,2026-04-17 08:39:00,demo_publisher,site A,sess_001041,page_086,entretenimento,meio do artigo,banner,computador,BR,3,2,0,0,0.02501
evt_003915,2026-03-05 16:32:00,demo_publisher,site B,sess_000486,page_078,notícias,rodapé fixo,banner,celular,MX,4,2,2,0,0.00433
evt_003916,2026-03-05 00:03:00,demo_publisher,site B,sess_000161,page_025,tecnologia,rodapé fixo,nativo,celular,BR,3,2,2,0,0.01006
evt_003917,2026-04-20 23:41:00,demo_publisher,site B,sess_000722,page_069,notícias,topo da página,nativo,celular,MX,3,3,2,0,0.01659
evt_003918,2026-03-04 15:00:00,demo_publisher,site A,sess_001344,page_051,notícias,lateral,banner,celular,BR,5,3,1,0,0.00834
evt_003919,2026-04-06 19:54:00,demo_publisher,site B,sess_001429,page_138,entretenimento,topo da página,mídia rica,celular,AR,3,2,1,0,0.00453
evt_003920,2026-04-26 07:02:00,demo_publisher,site A,sess_000446,page_048,notícias,meio do artigo,banner,computador,BR,1,0,0,0,0.0
evt_003921,2026-04-06 21:13:00,demo_publisher,site C,sess_000318,page_031,tecnologia,rodapé fixo,banner,celular,US,4,3,1,0,0.00836
evt_003922,2026-03-29 20:38:00,demo_publisher,site C,sess_001403,page_132,notícias,rodapé fixo,vídeo,celular,BR,2,2,2,0,0.01167
evt_003923,2026-03-26 00:50:00,demo_publisher,site C,sess_000318,page_027,estilo de vida,rodapé fixo,mídia rica,celular,US,6,4,4,0,0.015
evt_003924,2026-04-08 06:57:00,demo_publisher,site A,sess_000129,page_126,estilo de vida,meio do artigo,nativo,celular,BR,1,0,0,0,0.00017
evt_003925,2026-04-04 07:27:00,demo_publisher,site A,sess_000973,page_134,tecnologia,topo da página,banner,computador,BR,5,3,0,0,0.00814
evt_003926,2026-03-31 02:32:00,demo_publisher,site B,sess_001142,page_043,tecnologia,topo da página,banner,celular,BR,3,3,3,0,0.00872
evt_003927,2026-03-10 05:09:00,demo_publisher,site A,sess_000488,page_096,estilo de vida,topo da página,banner,celular,BR,3,3,1,0,0.00978
evt_003928,2026-04-09 18:14:00,demo_publisher,site A,sess_000423,page_111,esportes,meio do artigo,nativo,computador,BR,6,3,1,0,0.02237
evt_003929,2026-04-14 09:16:00,demo_publisher,site B,sess_000472,page_075,notícias,meio do artigo,nativo,computador,AR,5,4,2,0,0.00838
evt_003930,2026-04-12 12:45:00,demo_publisher,site A,sess_000686,page_097,estilo de vida,lateral,banner,celular,US,2,2,2,0,0.00875
evt_003931,2026-03-05 12:01:00,demo_publisher,site A,sess_000019,page_019,finanças,topo da página,nativo,celular,BR,6,2,2,0,0.01754
evt_003932,2026-04-12 04:08:00,demo_publisher,site C,sess_000024,page_072,notícias,topo da página,vídeo,celular,CL,2,2,2,0,0.00502
evt_003933,2026-04-13 18:53:00,demo_publisher,site A,sess_000741,page_072,entretenimento,topo da página,banner,computador,US,3,3,2,0,0.01284
evt_003934,2026-03-12 00:07:00,demo_publisher,site C,sess_000040,page_079,esportes,rodapé fixo,banner,celular,BR,5,5,3,0,0.01374
evt_003935,2026-04-20 22:31:00,demo_publisher,site B,sess_000637,page_132,notícias,meio do artigo,vídeo,computador,CL,1,1,1,0,0.00893
evt_003936,2026-04-01 10:20:00,demo_publisher,site B,sess_001162,page_115,entretenimento,topo da página,banner,celular,BR,3,3,3,0,0.00966
evt_003937,2026-03-29 08:21:00,demo_publisher,site A,sess_000063,page_084,estilo de vida,meio do artigo,banner,celular,BR,1,0,0,0,0.0
evt_003938,2026-04-13 08:44:00,demo_publisher,site A,sess_001236,page_057,tecnologia,topo da página,banner,celular,BR,4,3,3,0,0.01195
evt_003939,2026-03-31 14:09:00,demo_publisher,site C,sess_001242,page_057,notícias,meio do artigo,nativo,tablet,CL,4,4,3,0,0.02197
evt_003940,2026-04-02 16:25:00,demo_publisher,site B,sess_001147,page_003,finanças,rodapé fixo,nativo,computador,BR,4,2,2,0,0.02676
evt_003941,2026-03-19 17:35:00,demo_publisher,site A,sess_001253,page_077,estilo de vida,meio do artigo,nativo,celular,BR,6,6,3,0,0.02
evt_003942,2026-04-25 16:08:00,demo_publisher,site A,sess_001618,page_036,esportes,topo da página,banner,celular,BR,5,5,4,0,0.01315
evt_003943,2026-04-28 04:01:00,demo_publisher,site A,sess_000142,page_124,tecnologia,topo da página,nativo,celular,BR,1,1,1,0,0.00795
evt_003944,2026-03-08 19:49:00,demo_publisher,site B,sess_000338,page_108,esportes,topo da página,banner,celular,BR,2,2,1,0,0.00417
evt_003945,2026-04-13 23:41:00,demo_publisher,site B,sess_000634,page_127,notícias,rodapé fixo,vídeo,tablet,BR,3,3,2,0,0.01509
evt_003946,2026-03-02 09:36:00,demo_publisher,site B,sess_001376,page_139,notícias,lateral,mídia rica,celular,BR,3,2,0,0,0.01379
evt_003947,2026-03-23 03:20:00,demo_publisher,site C,sess_001745,page_056,esportes,meio do artigo,nativo,computador,BR,2,1,0,0,0.00503
evt_003948,2026-04-28 04:47:00,demo_publisher,site B,sess_001837,page_060,esportes,meio do artigo,banner,computador,BR,4,3,3,0,0.01184
evt_003949,2026-03-11 11:43:00,demo_publisher,site A,sess_001164,page_085,tecnologia,topo da página,vídeo,celular,BR,4,4,4,0,0.01896
evt_003950,2026-03-23 14:52:00,demo_publisher,site A,sess_000820,page_060,estilo de vida,meio do artigo,banner,computador,BR,3,1,0,0,0.00464
evt_003951,2026-03-14 04:11:00,demo_publisher,site B,sess_000824,page_039,notícias,meio do artigo,banner,celular,BR,6,6,3,0,0.01728
evt_003952,2026-04-13 16:38:00,demo_publisher,site A,sess_000120,page_099,estilo de vida,rodapé fixo,mídia rica,tablet,BR,3,3,1,0,0.00698
evt_003953,2026-03-28 20:02:00,demo_publisher,site C,sess_000930,page_063,esportes,rodapé fixo,banner,celular,BR,5,5,5,0,0.02965
evt_003954,2026-04-05 14:05:00,demo_publisher,site A,sess_001026,page_131,finanças,meio do artigo,banner,computador,BR,5,5,1,0,0.02307
evt_003955,2026-04-26 13:17:00,demo_publisher,site A,sess_000417,page_031,entretenimento,rodapé fixo,nativo,celular,AR,6,6,2,0,0.02225
evt_003956,2026-04-01 06:18:00,demo_publisher,site A,sess_001536,page_062,tecnologia,topo da página,nativo,computador,BR,4,4,3,0,0.01281
evt_003957,2026-04-14 01:10:00,demo_publisher,site B,sess_001623,page_074,estilo de vida,topo da página,nativo,tablet,BR,3,2,2,0,0.00434
evt_003958,2026-03-06 20:59:00,demo_publisher,site B,sess_000604,page_127,esportes,topo da página,banner,celular,BR,1,1,1,0,0.0055
evt_003959,2026-03-13 21:57:00,demo_publisher,site A,sess_001828,page_081,notícias,topo da página,vídeo,celular,BR,4,4,3,0,0.0356
evt_003960,2026-04-26 19:28:00,demo_publisher,site A,sess_000215,page_010,tecnologia,topo da página,banner,computador,BR,4,3,2,0,0.01739
evt_003961,2026-04-21 13:46:00,demo_publisher,site A,sess_001821,page_047,estilo de vida,rodapé fixo,mídia rica,computador,BR,6,5,5,0,0.0232
evt_003962,2026-04-09 09:36:00,demo_publisher,site A,sess_001536,page_124,estilo de vida,meio do artigo,banner,computador,BR,4,3,1,0,0.01251
evt_003963,2026-03-23 16:36:00,demo_publisher,site A,sess_000448,page_038,entretenimento,meio do artigo,banner,celular,AR,5,5,4,0,0.02422
evt_003964,2026-03-12 23:42:00,demo_publisher,site A,sess_001300,page_048,esportes,topo da página,nativo,celular,BR,6,4,1,0,0.00769
evt_003965,2026-04-21 02:28:00,demo_publisher,site C,sess_000622,page_021,tecnologia,topo da página,banner,celular,BR,6,3,2,1,0.01727
evt_003966,2026-04-17 02:50:00,demo_publisher,site B,sess_001599,page_100,estilo de vida,topo da página,nativo,computador,BR,2,2,1,0,0.0138
evt_003967,2026-03-15 12:02:00,demo_publisher,site B,sess_000322,page_020,esportes,topo da página,banner,computador,CL,2,2,2,0,0.0136
evt_003968,2026-04-05 09:21:00,demo_publisher,site B,sess_000490,page_052,notícias,meio do artigo,banner,celular,US,5,3,3,0,0.00785
evt_003969,2026-04-07 02:52:00,demo_publisher,site A,sess_000615,page_099,estilo de vida,topo da página,banner,celular,BR,1,1,0,0,0.00559
evt_003970,2026-03-29 15:32:00,demo_publisher,site C,sess_000400,page_125,esportes,topo da página,banner,celular,BR,5,5,4,1,0.02448
evt_003971,2026-04-25 14:24:00,demo_publisher,site A,sess_000666,page_031,estilo de vida,lateral,banner,computador,US,1,1,1,0,0.00713
evt_003972,2026-03-08 10:42:00,demo_publisher,site C,sess_001205,page_047,tecnologia,intersticial,banner,computador,BR,3,2,1,0,0.01629
evt_003973,2026-03-16 11:22:00,demo_publisher,site C,sess_001266,page_017,finanças,topo da página,banner,celular,BR,6,5,3,0,0.02382
evt_003974,2026-03-06 16:50:00,demo_publisher,site A,sess_001108,page_061,finanças,lateral,vídeo,tablet,BR,1,0,0,0,0.0
evt_003975,2026-04-11 13:48:00,demo_publisher,site A,sess_000380,page_139,estilo de vida,lateral,vídeo,celular,MX,1,1,0,0,0.01149
evt_003976,2026-04-08 15:22:00,demo_publisher,site A,sess_000405,page_043,finanças,lateral,banner,celular,BR,5,5,4,0,0.03353
evt_003977,2026-04-29 05:43:00,demo_publisher,site B,sess_001838,page_037,entretenimento,lateral,banner,celular,US,5,4,1,0,0.01512
evt_003978,2026-04-02 12:55:00,demo_publisher,site A,sess_000503,page_056,notícias,meio do artigo,banner,celular,BR,5,4,4,0,0.00693
evt_003979,2026-03-10 00:51:00,demo_publisher,site C,sess_000207,page_125,entretenimento,rodapé fixo,banner,celular,BR,3,2,1,0,0.01232
evt_003980,2026-03-28 01:16:00,demo_publisher,site C,sess_000908,page_077,notícias,topo da página,nativo,computador,BR,5,5,3,0,0.02256
evt_003981,2026-03-06 07:17:00,demo_publisher,site A,sess_000014,page_085,notícias,meio do artigo,banner,computador,BR,5,4,3,0,0.01809
evt_003982,2026-04-10 06:06:00,demo_publisher,site A,sess_000685,page_109,tecnologia,lateral,mídia rica,celular,BR,3,2,1,0,0.00382
evt_003983,2026-04-10 10:50:00,demo_publisher,site C,sess_001710,page_100,notícias,rodapé fixo,vídeo,celular,BR,5,2,1,0,0.025
evt_003984,2026-04-21 11:01:00,demo_publisher,site A,sess_000535,page_084,esportes,meio do artigo,banner,celular,BR,2,1,0,0,0.00187
evt_003985,2026-03-21 09:13:00,demo_publisher,site B,sess_001407,page_078,notícias,intersticial,banner,computador,BR,3,2,1,0,0.02002
evt_003986,2026-03-19 14:34:00,demo_publisher,site B,sess_000980,page_075,tecnologia,lateral,banner,celular,BR,5,3,2,0,0.01284
evt_003987,2026-03-05 06:35:00,demo_publisher,site B,sess_000711,page_026,estilo de vida,lateral,banner,computador,CL,1,1,0,0,0.00646
evt_003988,2026-03-25 21:49:00,demo_publisher,site B,sess_001323,page_058,notícias,rodapé fixo,nativo,computador,BR,3,3,3,0,0.01381
evt_003989,2026-03-29 12:26:00,demo_publisher,site A,sess_001191,page_118,finanças,lateral,banner,celular,BR,4,1,0,0,0.002
evt_003990,2026-04-15 06:27:00,demo_publisher,site B,sess_000637,page_006,notícias,meio do artigo,banner,celular,US,4,4,3,0,0.01243
evt_003991,2026-04-15 05:25:00,demo_publisher,site A,sess_000447,page_116,entretenimento,rodapé fixo,banner,computador,BR,6,5,2,0,0.02104
evt_003992,2026-03-09 09:57:00,demo_publisher,site B,sess_001833,page_079,notícias,topo da página,nativo,celular,BR,4,4,1,0,0.02361
evt_003993,2026-03-18 02:34:00,demo_publisher,site A,sess_000337,page_049,estilo de vida,rodapé fixo,banner,celular,BR,1,1,1,0,0.00329
evt_003994,2026-03-31 16:31:00,demo_publisher,site A,sess_001919,page_016,finanças,rodapé fixo,mídia rica,computador,US,6,4,2,0,0.04093
evt_003995,2026-03-21 02:28:00,demo_publisher,site A,sess_000942,page_107,estilo de vida,lateral,banner,computador,MX,2,1,0,0,0.00703
evt_003996,2026-03-02 12:47:00,demo_publisher,site B,sess_001993,page_001,entretenimento,topo da página,banner,celular,BR,4,4,2,0,0.01681
evt_003997,2026-04-20 17:48:00,demo_publisher,site B,sess_000707,page_076,esportes,meio do artigo,nativo,tablet,BR,6,6,5,0,0.03664
evt_003998,2026-04-13 21:01:00,demo_publisher,site A,sess_001131,page_023,tecnologia,topo da página,nativo,celular,MX,4,4,2,0,0.02422
evt_003999,2026-04-01 04:54:00,demo_publisher,site A,sess_001230,page_127,finanças,topo da página,banner,computador,BR,1,1,1,0,0.00597
evt_004000,2026-03-20 01:11:00,demo_publisher,site B,sess_000678,page_026,estilo de vida,lateral,nativo,celular,BR,3,3,1,0,0.01625
evt_004001,2026-04-20 13:32:00,demo_publisher,site A,sess_000437,page_112,esportes,rodapé fixo,banner,celular,BR,1,1,1,0,0.00069
evt_004002,2026-03-03 02:48:00,demo_publisher,site B,sess_001041,page_080,esportes,lateral,banner,computador,BR,3,0,0,0,0.00144
evt_004003,2026-03-27 18:48:00,demo_publisher,site C,sess_001326,page_006,notícias,meio do artigo,banner,celular,BR,6,4,4,0,0.01654
evt_004004,2026-04-18 01:23:00,demo_publisher,site A,sess_000523,page_101,notícias,intersticial,nativo,celular,BR,2,2,1,0,0.01201
evt_004005,2026-04-27 04:17:00,demo_publisher,site B,sess_001533,page_123,entretenimento,rodapé fixo,nativo,celular,BR,5,4,3,0,0.02086
evt_004006,2026-03-16 02:02:00,demo_publisher,site A,sess_001278,page_031,tecnologia,lateral,nativo,computador,MX,1,0,0,0,0.00046
evt_004007,2026-04-09 01:08:00,demo_publisher,site B,sess_000334,page_135,esportes,meio do artigo,mídia rica,computador,BR,2,1,1,0,0.00379
evt_004008,2026-03-12 09:08:00,demo_publisher,site C,sess_001877,page_111,finanças,lateral,nativo,computador,CL,4,2,1,0,0.00668
evt_004009,2026-03-07 22:53:00,demo_publisher,site C,sess_000088,page_104,tecnologia,meio do artigo,mídia rica,computador,AR,6,3,2,0,0.02504
evt_004010,2026-03-22 04:21:00,demo_publisher,site A,sess_001307,page_047,esportes,topo da página,banner,computador,BR,4,4,3,0,0.0151
evt_004011,2026-04-23 02:32:00,demo_publisher,site C,sess_000879,page_017,finanças,lateral,nativo,celular,BR,5,5,2,0,0.04091
evt_004012,2026-04-11 08:50:00,demo_publisher,site B,sess_001307,page_060,tecnologia,lateral,nativo,celular,BR,5,4,3,0,0.0269
evt_004013,2026-03-30 08:32:00,demo_publisher,site B,sess_001548,page_113,esportes,meio do artigo,banner,computador,BR,1,1,1,0,0.00613
evt_004014,2026-03-17 23:15:00,demo_publisher,site B,sess_001374,page_082,finanças,rodapé fixo,banner,computador,BR,6,3,3,0,0.01853
evt_004015,2026-03-09 11:57:00,demo_publisher,site B,sess_001301,page_091,notícias,rodapé fixo,nativo,computador,BR,3,3,2,0,0.00975
evt_004016,2026-03-17 05:54:00,demo_publisher,site A,sess_001681,page_109,notícias,lateral,banner,tablet,CL,2,1,0,0,0.0061
evt_004017,2026-03-10 03:52:00,demo_publisher,site C,sess_001404,page_048,estilo de vida,topo da página,banner,computador,CL,6,5,3,0,0.01409
evt_004018,2026-03-12 05:24:00,demo_publisher,site A,sess_001627,page_006,tecnologia,topo da página,vídeo,celular,US,3,2,0,0,0.0105
evt_004019,2026-04-11 06:02:00,demo_publisher,site A,sess_000806,page_123,entretenimento,lateral,nativo,computador,BR,5,3,2,0,0.00961
evt_004020,2026-03-08 23:05:00,demo_publisher,site A,sess_000406,page_086,notícias,rodapé fixo,banner,computador,MX,3,2,1,0,0.00739
evt_004021,2026-03-03 20:12:00,demo_publisher,site A,sess_000470,page_079,tecnologia,meio do artigo,banner,celular,CL,4,3,2,0,0.01235
evt_004022,2026-04-02 12:58:00,demo_publisher,site A,sess_001224,page_080,entretenimento,topo da página,mídia rica,celular,MX,1,1,0,0,0.00152
evt_004023,2026-03-18 04:41:00,demo_publisher,site A,sess_001064,page_119,estilo de vida,topo da página,mídia rica,celular,BR,3,2,1,0,0.01615
evt_004024,2026-03-28 06:48:00,demo_publisher,site B,sess_000155,page_107,entretenimento,topo da página,nativo,computador,BR,3,3,3,0,0.0053
evt_004025,2026-03-09 09:17:00,demo_publisher,site C,sess_000409,page_094,entretenimento,lateral,banner,computador,BR,2,2,1,0,0.00616
evt_004026,2026-03-13 14:22:00,demo_publisher,site A,sess_001935,page_109,tecnologia,meio do artigo,banner,computador,BR,6,4,2,0,0.01189
evt_004027,2026-03-27 11:09:00,demo_publisher,site C,sess_001452,page_041,entretenimento,topo da página,banner,celular,BR,4,2,2,0,0.00477
evt_004028,2026-04-11 09:37:00,demo_publisher,site B,sess_001510,page_099,estilo de vida,meio do artigo,vídeo,tablet,BR,6,6,4,0,0.01984
evt_004029,2026-03-25 20:40:00,demo_publisher,site B,sess_000394,page_136,finanças,rodapé fixo,nativo,computador,US,1,1,1,0,0.0115
evt_004030,2026-04-02 12:04:00,demo_publisher,site A,sess_000129,page_033,entretenimento,meio do artigo,vídeo,computador,BR,3,3,1,0,0.01864
evt_004031,2026-04-01 07:30:00,demo_publisher,site C,sess_000583,page_080,tecnologia,topo da página,banner,computador,BR,5,3,2,0,0.01105
evt_004032,2026-03-17 03:09:00,demo_publisher,site B,sess_001713,page_095,notícias,meio do artigo,vídeo,computador,BR,1,1,0,0,0.0
evt_004033,2026-03-17 18:40:00,demo_publisher,site A,sess_001013,page_072,esportes,rodapé fixo,banner,computador,BR,2,2,1,0,0.00693
evt_004034,2026-03-26 13:02:00,demo_publisher,site A,sess_001569,page_135,esportes,topo da página,banner,computador,BR,6,4,3,0,0.01327
evt_004035,2026-03-02 22:08:00,demo_publisher,site B,sess_000973,page_057,tecnologia,topo da página,nativo,tablet,BR,1,1,0,0,0.00604
evt_004036,2026-04-11 02:58:00,demo_publisher,site C,sess_000980,page_031,esportes,meio do artigo,nativo,celular,BR,3,2,2,0,0.01212
evt_004037,2026-04-06 20:42:00,demo_publisher,site B,sess_001202,page_019,esportes,meio do artigo,mídia rica,computador,BR,1,1,1,0,0.00388
evt_004038,2026-03-19 08:49:00,demo_publisher,site A,sess_001917,page_119,finanças,rodapé fixo,banner,computador,BR,3,2,1,0,0.00731
evt_004039,2026-03-23 10:09:00,demo_publisher,site A,sess_000875,page_096,notícias,lateral,mídia rica,celular,BR,5,5,2,0,0.01389
evt_004040,2026-03-20 17:19:00,demo_publisher,site A,sess_001191,page_081,entretenimento,topo da página,banner,computador,BR,3,3,2,0,0.01161
evt_004041,2026-04-09 01:55:00,demo_publisher,site B,sess_001839,page_060,finanças,rodapé fixo,banner,celular,US,3,2,1,0,0.00241
evt_004042,2026-04-15 13:59:00,demo_publisher,site B,sess_000745,page_057,notícias,lateral,banner,celular,US,6,6,5,0,0.00655
evt_004043,2026-03-07 12:28:00,demo_publisher,site B,sess_001680,page_130,esportes,meio do artigo,banner,celular,BR,3,3,1,0,0.01777
evt_004044,2026-03-25 19:10:00,demo_publisher,site B,sess_001070,page_095,tecnologia,topo da página,vídeo,celular,CL,4,4,3,0,0.05077
evt_004045,2026-03-01 19:50:00,demo_publisher,site B,sess_001758,page_135,estilo de vida,lateral,banner,computador,BR,4,3,2,0,0.01207
evt_004046,2026-03-28 03:14:00,demo_publisher,site A,sess_000936,page_112,finanças,rodapé fixo,banner,computador,BR,5,3,1,0,0.01802
evt_004047,2026-03-15 21:32:00,demo_publisher,site A,sess_001259,page_107,esportes,topo da página,banner,celular,BR,4,3,2,0,0.02668
evt_004048,2026-03-21 03:33:00,demo_publisher,site B,sess_000647,page_077,entretenimento,meio do artigo,vídeo,computador,AR,5,4,3,0,0.01802
evt_004049,2026-03-28 09:25:00,demo_publisher,site A,sess_001270,page_034,tecnologia,rodapé fixo,mídia rica,computador,BR,6,6,6,0,0.03381
evt_004050,2026-03-20 10:09:00,demo_publisher,site A,sess_000653,page_091,tecnologia,meio do artigo,vídeo,tablet,BR,6,2,2,0,0.01495
evt_004051,2026-03-24 15:27:00,demo_publisher,site A,sess_001218,page_100,finanças,topo da página,banner,celular,BR,3,3,1,0,0.02704
evt_004052,2026-04-15 21:16:00,demo_publisher,site B,sess_001577,page_073,entretenimento,topo da página,banner,computador,BR,2,1,0,0,0.0036
evt_004053,2026-04-18 14:50:00,demo_publisher,site A,sess_000870,page_003,tecnologia,lateral,banner,celular,MX,2,2,0,0,0.0105
evt_004054,2026-03-01 08:26:00,demo_publisher,site A,sess_000859,page_134,finanças,lateral,mídia rica,computador,BR,5,4,0,0,0.03744
evt_004055,2026-03-23 16:05:00,demo_publisher,site A,sess_000644,page_115,entretenimento,topo da página,banner,celular,BR,6,5,5,0,0.01354
evt_004056,2026-04-20 19:30:00,demo_publisher,site B,sess_001461,page_049,entretenimento,topo da página,mídia rica,computador,BR,2,2,1,0,0.01014
evt_004057,2026-04-01 19:50:00,demo_publisher,site B,sess_001184,page_069,tecnologia,meio do artigo,vídeo,celular,US,3,2,2,0,0.00934
evt_004058,2026-03-13 07:36:00,demo_publisher,site B,sess_001033,page_018,tecnologia,lateral,vídeo,celular,BR,1,1,0,0,0.00768
evt_004059,2026-04-05 14:39:00,demo_publisher,site C,sess_000052,page_131,finanças,topo da página,vídeo,computador,MX,4,4,2,0,0.04568
evt_004060,2026-03-09 16:41:00,demo_publisher,site A,sess_000221,page_033,finanças,meio do artigo,banner,tablet,BR,5,4,2,0,0.0218
evt_004061,2026-03-02 07:26:00,demo_publisher,site A,sess_000015,page_053,notícias,meio do artigo,banner,computador,BR,1,0,0,0,0.00154
evt_004062,2026-04-07 22:41:00,demo_publisher,site C,sess_001700,page_060,estilo de vida,topo da página,banner,tablet,BR,6,5,4,0,0.02182
evt_004063,2026-03-31 21:47:00,demo_publisher,site B,sess_001703,page_037,esportes,topo da página,banner,computador,BR,6,5,2,0,0.02388
evt_004064,2026-04-15 09:21:00,demo_publisher,site A,sess_000136,page_089,esportes,rodapé fixo,vídeo,computador,BR,6,2,1,0,0.01093
evt_004065,2026-03-21 16:33:00,demo_publisher,site B,sess_000093,page_139,entretenimento,rodapé fixo,nativo,computador,CL,6,5,2,0,0.01221
evt_004066,2026-04-21 06:10:00,demo_publisher,site A,sess_001563,page_119,notícias,meio do artigo,mídia rica,computador,BR,1,1,1,0,0.00439
evt_004067,2026-03-26 06:38:00,demo_publisher,site C,sess_001050,page_074,tecnologia,rodapé fixo,vídeo,celular,BR,3,3,3,0,0.03149
evt_004068,2026-04-14 06:44:00,demo_publisher,site C,sess_000618,page_019,esportes,lateral,banner,celular,BR,3,2,0,0,0.00487
evt_004069,2026-03-07 00:24:00,demo_publisher,site C,sess_001230,page_120,notícias,intersticial,banner,celular,AR,1,1,0,0,0.00628
evt_004070,2026-03-06 19:53:00,demo_publisher,site B,sess_000473,page_036,notícias,intersticial,banner,celular,BR,6,5,5,0,0.01939
evt_004071,2026-04-16 23:15:00,demo_publisher,site A,sess_000397,page_127,finanças,lateral,banner,celular,BR,1,1,1,0,0.00267
evt_004072,2026-04-20 00:56:00,demo_publisher,site A,sess_000735,page_055,finanças,meio do artigo,nativo,computador,BR,5,5,5,1,0.03532
evt_004073,2026-04-26 13:03:00,demo_publisher,site B,sess_001791,page_073,esportes,topo da página,vídeo,celular,BR,2,2,0,0,0.01569
evt_004074,2026-03-20 11:27:00,demo_publisher,site A,sess_001534,page_061,estilo de vida,meio do artigo,vídeo,tablet,BR,4,4,3,0,0.0145
evt_004075,2026-03-02 08:04:00,demo_publisher,site A,sess_000381,page_064,finanças,meio do artigo,nativo,computador,BR,3,3,2,0,0.0157
evt_004076,2026-04-28 19:03:00,demo_publisher,site A,sess_001123,page_023,notícias,lateral,vídeo,computador,US,2,2,2,0,0.01469
evt_004077,2026-04-06 01:58:00,demo_publisher,site C,sess_001769,page_077,esportes,topo da página,nativo,computador,US,3,3,2,0,0.01506
evt_004078,2026-03-15 19:51:00,demo_publisher,site C,sess_001903,page_057,notícias,rodapé fixo,mídia rica,computador,BR,5,5,4,0,0.01883
evt_004079,2026-04-15 19:56:00,demo_publisher,site B,sess_001526,page_118,notícias,intersticial,vídeo,celular,BR,4,3,0,0,0.01499
evt_004080,2026-04-24 05:36:00,demo_publisher,site B,sess_000258,page_067,notícias,topo da página,vídeo,computador,BR,2,2,0,0,0.01572
evt_004081,2026-03-18 02:07:00,demo_publisher,site C,sess_000482,page_135,tecnologia,lateral,banner,celular,AR,2,1,1,0,0.00972
evt_004082,2026-04-16 04:19:00,demo_publisher,site A,sess_000437,page_042,estilo de vida,rodapé fixo,vídeo,computador,US,5,5,2,0,0.03383
evt_004083,2026-04-17 06:04:00,demo_publisher,site B,sess_000302,page_046,tecnologia,meio do artigo,banner,computador,BR,2,2,1,0,0.00884
evt_004084,2026-03-31 02:25:00,demo_publisher,site A,sess_000351,page_006,tecnologia,rodapé fixo,banner,computador,AR,4,4,2,0,0.02491
evt_004085,2026-04-07 22:35:00,demo_publisher,site A,sess_000633,page_103,finanças,meio do artigo,nativo,computador,CL,6,3,2,0,0.0302
evt_004086,2026-03-17 04:06:00,demo_publisher,site B,sess_001111,page_011,esportes,topo da página,banner,celular,BR,4,2,1,0,0.00495
evt_004087,2026-04-25 17:59:00,demo_publisher,site A,sess_000796,page_040,notícias,meio do artigo,banner,tablet,AR,2,2,0,0,0.00653
evt_004088,2026-04-28 23:40:00,demo_publisher,site B,sess_000842,page_127,estilo de vida,meio do artigo,banner,celular,AR,5,3,1,0,0.00185
evt_004089,2026-04-28 20:38:00,demo_publisher,site B,sess_000492,page_085,esportes,topo da página,vídeo,computador,BR,6,6,4,0,0.0318
evt_004090,2026-04-14 05:27:00,demo_publisher,site A,sess_000302,page_078,esportes,rodapé fixo,nativo,celular,BR,4,3,3,0,0.02097
evt_004091,2026-03-03 12:58:00,demo_publisher,site A,sess_001997,page_112,entretenimento,lateral,mídia rica,celular,US,4,3,2,0,0.00718
evt_004092,2026-03-22 23:41:00,demo_publisher,site C,sess_001198,page_108,notícias,meio do artigo,vídeo,celular,BR,4,3,2,0,0.02283
evt_004093,2026-03-27 16:42:00,demo_publisher,site B,sess_000460,page_124,notícias,meio do artigo,banner,celular,BR,1,1,1,0,0.0036
evt_004094,2026-04-27 14:10:00,demo_publisher,site B,sess_001620,page_093,entretenimento,meio do artigo,vídeo,celular,BR,1,1,1,0,0.00275
evt_004095,2026-04-02 19:39:00,demo_publisher,site A,sess_001661,page_063,esportes,meio do artigo,nativo,computador,MX,4,2,1,0,0.00683
evt_004096,2026-04-02 04:04:00,demo_publisher,site B,sess_001933,page_019,esportes,meio do artigo,banner,computador,BR,3,3,1,0,0.02126
evt_004097,2026-03-09 19:18:00,demo_publisher,site A,sess_000319,page_052,notícias,meio do artigo,mídia rica,tablet,BR,6,6,3,0,0.04509
evt_004098,2026-04-17 14:57:00,demo_publisher,site A,sess_001280,page_099,finanças,rodapé fixo,mídia rica,computador,MX,3,3,2,0,0.05767
evt_004099,2026-03-21 04:15:00,demo_publisher,site A,sess_001960,page_036,entretenimento,rodapé fixo,banner,computador,BR,6,6,5,0,0.00823
evt_004100,2026-03-06 12:17:00,demo_publisher,site A,sess_001613,page_094,estilo de vida,meio do artigo,vídeo,computador,BR,4,4,2,0,0.03463
evt_004101,2026-04-29 06:12:00,demo_publisher,site C,sess_000451,page_019,finanças,lateral,banner,computador,BR,2,2,0,0,0.00229
evt_004102,2026-03-12 09:42:00,demo_publisher,site B,sess_001786,page_009,esportes,rodapé fixo,mídia rica,tablet,BR,6,5,4,0,0.03036
evt_004103,2026-03-01 23:22:00,demo_publisher,site A,sess_000843,page_051,esportes,topo da página,nativo,computador,AR,1,1,0,0,0.0045
evt_004104,2026-03-05 16:05:00,demo_publisher,site B,sess_000978,page_032,estilo de vida,topo da página,banner,celular,BR,5,4,3,0,0.00783
evt_004105,2026-03-28 03:36:00,demo_publisher,site A,sess_001117,page_122,esportes,topo da página,vídeo,celular,BR,3,3,2,0,0.01419
evt_004106,2026-03-07 04:10:00,demo_publisher,site A,sess_001543,page_053,notícias,meio do artigo,nativo,computador,BR,5,5,2,0,0.0267
evt_004107,2026-04-20 13:25:00,demo_publisher,site A,sess_000241,page_059,estilo de vida,meio do artigo,banner,computador,BR,1,1,0,0,0.00364
evt_004108,2026-03-31 17:55:00,demo_publisher,site A,sess_001078,page_057,tecnologia,meio do artigo,vídeo,computador,CL,2,2,1,0,0.01521
evt_004109,2026-03-20 10:25:00,demo_publisher,site A,sess_001633,page_045,entretenimento,meio do artigo,vídeo,computador,US,2,2,1,0,0.01099
evt_004110,2026-03-01 04:32:00,demo_publisher,site C,sess_001097,page_128,tecnologia,topo da página,nativo,computador,BR,4,3,1,0,0.01958
evt_004111,2026-03-29 18:54:00,demo_publisher,site B,sess_000550,page_103,finanças,meio do artigo,vídeo,celular,BR,6,6,4,0,0.06043
evt_004112,2026-03-10 01:52:00,demo_publisher,site C,sess_000113,page_023,tecnologia,topo da página,banner,computador,BR,6,5,5,0,0.06936
evt_004113,2026-04-28 16:23:00,demo_publisher,site A,sess_001098,page_030,entretenimento,meio do artigo,banner,celular,AR,4,2,1,0,0.00658
evt_004114,2026-03-18 11:10:00,demo_publisher,site A,sess_001406,page_012,notícias,topo da página,nativo,tablet,BR,1,1,1,0,0.00496
evt_004115,2026-03-29 11:49:00,demo_publisher,site B,sess_001099,page_036,finanças,topo da página,banner,computador,BR,5,2,1,0,0.00942
evt_004116,2026-03-02 02:48:00,demo_publisher,site B,sess_001958,page_092,notícias,topo da página,banner,computador,BR,6,5,5,0,0.03914
evt_004117,2026-03-08 20:31:00,demo_publisher,site B,sess_001205,page_131,entretenimento,lateral,mídia rica,computador,BR,4,4,2,0,0.01451
evt_004118,2026-03-13 10:46:00,demo_publisher,site B,sess_001016,page_067,entretenimento,topo da página,vídeo,computador,US,1,1,1,0,0.00692
evt_004119,2026-03-04 02:28:00,demo_publisher,site A,sess_000111,page_012,tecnologia,lateral,nativo,computador,BR,2,1,0,0,0.00679
evt_004120,2026-04-13 13:25:00,demo_publisher,site B,sess_001117,page_007,esportes,rodapé fixo,nativo,celular,BR,5,2,2,0,0.0104
evt_004121,2026-04-26 17:23:00,demo_publisher,site C,sess_000338,page_058,entretenimento,meio do artigo,mídia rica,computador,MX,1,1,0,0,0.01153
evt_004122,2026-04-29 02:54:00,demo_publisher,site B,sess_001449,page_037,notícias,topo da página,vídeo,computador,BR,3,3,1,0,0.02093
evt_004123,2026-03-16 22:45:00,demo_publisher,site C,sess_000323,page_081,notícias,lateral,banner,computador,BR,5,4,3,0,0.02901
evt_004124,2026-04-17 07:47:00,demo_publisher,site A,sess_001813,page_017,estilo de vida,topo da página,nativo,celular,BR,1,1,0,0,0.00375
evt_004125,2026-03-31 05:51:00,demo_publisher,site A,sess_000604,page_033,tecnologia,rodapé fixo,banner,computador,BR,3,3,2,0,0.01545
evt_004126,2026-03-03 18:02:00,demo_publisher,site C,sess_000868,page_078,entretenimento,rodapé fixo,banner,celular,MX,5,5,4,0,0.00978
evt_004127,2026-03-06 10:36:00,demo_publisher,site B,sess_000290,page_040,esportes,meio do artigo,banner,celular,BR,3,3,1,0,0.00989
evt_004128,2026-04-02 20:48:00,demo_publisher,site B,sess_000422,page_051,esportes,topo da página,nativo,computador,CL,6,5,4,0,0.07046
evt_004129,2026-03-26 10:03:00,demo_publisher,site A,sess_001843,page_031,finanças,lateral,vídeo,celular,BR,2,0,0,0,0.0
evt_004130,2026-03-01 12:04:00,demo_publisher,site A,sess_000568,page_008,notícias,meio do artigo,mídia rica,computador,MX,4,3,2,0,0.01156
evt_004131,2026-04-25 19:21:00,demo_publisher,site A,sess_001026,page_048,tecnologia,topo da página,banner,celular,BR,3,2,0,0,0.01034
evt_004132,2026-04-13 19:41:00,demo_publisher,site A,sess_001962,page_046,esportes,rodapé fixo,banner,computador,BR,4,2,2,0,0.01166
evt_004133,2026-03-31 03:28:00,demo_publisher,site C,sess_001247,page_125,notícias,meio do artigo,banner,celular,BR,1,1,0,0,0.001
evt_004134,2026-04-29 05:16:00,demo_publisher,site A,sess_000084,page_125,finanças,rodapé fixo,banner,celular,BR,5,4,3,0,0.01047
evt_004135,2026-04-28 06:26:00,demo_publisher,site A,sess_000715,page_060,tecnologia,rodapé fixo,banner,celular,BR,2,1,1,0,0.0028
evt_004136,2026-04-28 10:29:00,demo_publisher,site A,sess_000774,page_041,entretenimento,topo da página,mídia rica,celular,BR,5,5,4,0,0.02119
evt_004137,2026-03-16 12:43:00,demo_publisher,site A,sess_000553,page_059,notícias,topo da página,banner,computador,BR,6,5,5,0,0.01847
evt_004138,2026-04-22 20:28:00,demo_publisher,site B,sess_000483,page_085,notícias,meio do artigo,vídeo,celular,BR,3,2,1,0,0.01667
evt_004139,2026-03-31 06:32:00,demo_publisher,site A,sess_001006,page_054,entretenimento,rodapé fixo,banner,computador,AR,5,3,3,0,0.01785
evt_004140,2026-04-13 13:29:00,demo_publisher,site C,sess_000754,page_106,estilo de vida,topo da página,nativo,computador,BR,4,4,2,0,0.02274
evt_004141,2026-04-21 13:43:00,demo_publisher,site A,sess_000589,page_135,esportes,meio do artigo,vídeo,computador,BR,6,4,2,0,0.0227
evt_004142,2026-03-10 19:11:00,demo_publisher,site C,sess_000826,page_057,notícias,lateral,mídia rica,celular,BR,6,4,1,0,0.0179
evt_004143,2026-03-27 21:29:00,demo_publisher,site A,sess_000687,page_017,entretenimento,topo da página,banner,celular,BR,6,3,1,0,0.01323
evt_004144,2026-03-08 17:36:00,demo_publisher,site C,sess_000458,page_017,tecnologia,topo da página,mídia rica,celular,BR,2,1,1,0,0.0091
evt_004145,2026-03-17 18:27:00,demo_publisher,site B,sess_000906,page_122,notícias,rodapé fixo,banner,celular,BR,4,4,4,0,0.02122
evt_004146,2026-03-25 19:27:00,demo_publisher,site C,sess_001884,page_058,notícias,meio do artigo,vídeo,celular,BR,1,1,1,0,0.00389
evt_004147,2026-04-21 07:53:00,demo_publisher,site C,sess_001011,page_046,notícias,meio do artigo,banner,celular,BR,2,0,0,0,0.0
evt_004148,2026-04-21 18:14:00,demo_publisher,site B,sess_001195,page_087,esportes,topo da página,nativo,computador,BR,3,3,2,0,0.02443
evt_004149,2026-03-24 09:26:00,demo_publisher,site A,sess_001968,page_133,notícias,meio do artigo,vídeo,celular,BR,3,2,0,0,0.01831
evt_004150,2026-03-20 18:02:00,demo_publisher,site A,sess_001227,page_060,esportes,meio do artigo,vídeo,computador,BR,5,4,2,0,0.09626
evt_004151,2026-04-01 20:14:00,demo_publisher,site A,sess_000447,page_044,notícias,meio do artigo,vídeo,computador,BR,1,1,1,0,0.01073
evt_004152,2026-04-24 17:05:00,demo_publisher,site A,sess_000797,page_120,esportes,intersticial,banner,tablet,BR,3,2,1,0,0.01368
evt_004153,2026-04-28 14:11:00,demo_publisher,site A,sess_000976,page_012,finanças,topo da página,vídeo,computador,BR,5,4,3,0,0.05023
evt_004154,2026-03-14 14:32:00,demo_publisher,site A,sess_000950,page_118,finanças,meio do artigo,banner,tablet,BR,2,2,1,0,0.013
evt_004155,2026-03-12 04:32:00,demo_publisher,site A,sess_000299,page_073,tecnologia,rodapé fixo,banner,celular,BR,5,3,3,0,0.00676
evt_004156,2026-04-12 09:45:00,demo_publisher,site C,sess_000212,page_003,esportes,topo da página,banner,celular,BR,1,1,0,0,0.00188
evt_004157,2026-03-19 02:01:00,demo_publisher,site B,sess_000700,page_032,entretenimento,rodapé fixo,banner,celular,BR,4,2,2,0,0.00262
evt_004158,2026-03-12 23:39:00,demo_publisher,site C,sess_001828,page_095,entretenimento,meio do artigo,banner,celular,BR,6,6,4,0,0.0115
evt_004159,2026-03-02 20:44:00,demo_publisher,site A,sess_001434,page_105,entretenimento,topo da página,nativo,computador,BR,3,2,2,0,0.0064
evt_004160,2026-03-25 04:37:00,demo_publisher,site C,sess_001683,page_028,notícias,topo da página,banner,computador,BR,4,4,3,0,0.01633
evt_004161,2026-03-24 12:14:00,demo_publisher,site A,sess_000349,page_092,esportes,meio do artigo,nativo,celular,US,2,1,1,0,0.00459
evt_004162,2026-04-03 18:48:00,demo_publisher,site A,sess_000829,page_138,estilo de vida,rodapé fixo,banner,computador,CL,3,1,1,0,0.00064
evt_004163,2026-03-13 00:15:00,demo_publisher,site A,sess_001163,page_096,notícias,rodapé fixo,vídeo,celular,CL,1,0,0,0,0.0
evt_004164,2026-04-12 20:41:00,demo_publisher,site A,sess_000869,page_098,notícias,meio do artigo,banner,tablet,BR,1,1,1,0,0.00515
evt_004165,2026-04-10 19:15:00,demo_publisher,site A,sess_000833,page_027,notícias,topo da página,banner,computador,BR,2,2,1,0,0.00841
evt_004166,2026-03-28 17:46:00,demo_publisher,site C,sess_000720,page_089,estilo de vida,meio do artigo,nativo,celular,MX,6,3,2,1,0.01449
evt_004167,2026-03-11 21:06:00,demo_publisher,site B,sess_000104,page_099,tecnologia,meio do artigo,mídia rica,computador,BR,6,5,3,0,0.08309
evt_004168,2026-03-31 10:01:00,demo_publisher,site B,sess_001714,page_016,esportes,topo da página,mídia rica,computador,BR,1,1,0,0,0.0049
evt_004169,2026-04-10 11:43:00,demo_publisher,site A,sess_001866,page_044,entretenimento,topo da página,banner,celular,BR,1,1,0,0,0.00365
evt_004170,2026-03-23 08:42:00,demo_publisher,site B,sess_000162,page_123,tecnologia,meio do artigo,mídia rica,celular,BR,5,3,1,0,0.02062
evt_004171,2026-03-16 19:24:00,demo_publisher,site B,sess_000827,page_139,notícias,meio do artigo,nativo,celular,BR,6,4,4,0,0.0187
evt_004172,2026-03-31 09:22:00,demo_publisher,site C,sess_001036,page_025,finanças,lateral,mídia rica,computador,US,4,2,1,0,0.01757
evt_004173,2026-03-22 07:30:00,demo_publisher,site A,sess_001568,page_102,notícias,meio do artigo,banner,computador,BR,4,3,1,0,0.01509
evt_004174,2026-03-25 00:44:00,demo_publisher,site A,sess_001973,page_070,entretenimento,topo da página,banner,celular,BR,4,3,1,0,0.01366
evt_004175,2026-03-21 22:21:00,demo_publisher,site A,sess_000833,page_083,tecnologia,topo da página,banner,celular,BR,3,1,0,0,0.0039
evt_004176,2026-03-19 04:59:00,demo_publisher,site B,sess_001498,page_072,estilo de vida,lateral,vídeo,celular,BR,5,3,1,0,0.02113
evt_004177,2026-04-13 00:07:00,demo_publisher,site B,sess_001874,page_121,estilo de vida,lateral,banner,computador,BR,1,1,0,0,0.00542
evt_004178,2026-03-28 14:44:00,demo_publisher,site B,sess_001660,page_062,esportes,topo da página,banner,tablet,BR,1,0,0,0,0.0
evt_004179,2026-03-28 23:46:00,demo_publisher,site B,sess_000581,page_082,entretenimento,rodapé fixo,nativo,tablet,BR,1,0,0,0,0.00345
evt_004180,2026-04-09 04:26:00,demo_publisher,site A,sess_001635,page_094,entretenimento,lateral,mídia rica,celular,BR,2,1,1,0,0.00838
evt_004181,2026-03-22 16:16:00,demo_publisher,site A,sess_000825,page_077,tecnologia,topo da página,nativo,computador,BR,4,3,2,0,0.00896
evt_004182,2026-03-07 01:29:00,demo_publisher,site C,sess_000036,page_123,finanças,meio do artigo,vídeo,tablet,BR,2,1,1,0,0.00755
evt_004183,2026-04-21 03:46:00,demo_publisher,site A,sess_001517,page_033,notícias,intersticial,banner,celular,MX,4,2,2,0,0.00532
evt_004184,2026-03-04 08:12:00,demo_publisher,site A,sess_001670,page_132,notícias,meio do artigo,mídia rica,celular,BR,1,1,0,0,0.0
evt_004185,2026-04-04 07:36:00,demo_publisher,site A,sess_000687,page_095,notícias,topo da página,banner,celular,MX,3,1,1,0,0.004
evt_004186,2026-03-16 22:46:00,demo_publisher,site A,sess_000902,page_134,estilo de vida,meio do artigo,banner,celular,AR,1,1,0,0,0.00305
evt_004187,2026-03-13 19:54:00,demo_publisher,site B,sess_000729,page_053,tecnologia,topo da página,banner,computador,AR,2,1,0,0,0.00782
evt_004188,2026-03-03 12:25:00,demo_publisher,site B,sess_000234,page_067,entretenimento,rodapé fixo,banner,celular,BR,4,3,1,0,0.00627
evt_004189,2026-04-24 00:07:00,demo_publisher,site B,sess_001989,page_006,notícias,rodapé fixo,nativo,celular,US,1,1,0,0,0.00408
evt_004190,2026-03-26 18:03:00,demo_publisher,site A,sess_000046,page_129,esportes,rodapé fixo,nativo,celular,BR,5,4,2,0,0.02799
evt_004191,2026-03-21 13:24:00,demo_publisher,site A,sess_001111,page_114,notícias,lateral,banner,celular,BR,2,2,1,0,0.00844
evt_004192,2026-04-14 11:22:00,demo_publisher,site A,sess_000030,page_042,entretenimento,lateral,banner,celular,BR,6,5,2,0,0.02368
evt_004193,2026-03-03 08:07:00,demo_publisher,site A,sess_001379,page_008,tecnologia,meio do artigo,banner,celular,BR,5,3,3,0,0.0131
evt_004194,2026-04-03 20:57:00,demo_publisher,site B,sess_001801,page_097,finanças,rodapé fixo,banner,computador,US,6,5,3,0,0.04378
evt_004195,2026-03-30 16:13:00,demo_publisher,site A,sess_001287,page_094,estilo de vida,topo da página,mídia rica,tablet,BR,4,4,1,0,0.0133
evt_004196,2026-04-03 04:57:00,demo_publisher,site A,sess_001212,page_074,estilo de vida,topo da página,nativo,computador,BR,3,3,2,0,0.00589
evt_004197,2026-03-08 10:28:00,demo_publisher,site A,sess_001656,page_022,esportes,intersticial,banner,computador,BR,1,0,0,0,0.00239
evt_004198,2026-04-27 03:39:00,demo_publisher,site B,sess_001948,page_128,notícias,intersticial,banner,celular,BR,1,0,0,0,0.0
evt_004199,2026-03-15 07:23:00,demo_publisher,site A,sess_001723,page_061,esportes,meio do artigo,vídeo,computador,BR,5,4,4,0,0.03291
evt_004200,2026-04-10 16:58:00,demo_publisher,site A,sess_000463,page_101,esportes,meio do artigo,vídeo,computador,BR,4,4,3,0,0.03827
evt_004201,2026-04-14 19:50:00,demo_publisher,site A,sess_001126,page_120,estilo de vida,topo da página,mídia rica,celular,US,1,1,1,0,0.00371
evt_004202,2026-03-21 15:20:00,demo_publisher,site B,sess_001637,page_077,esportes,lateral,banner,computador,BR,1,1,0,0,0.00818
evt_004203,2026-03-08 20:16:00,demo_publisher,site A,sess_000589,page_014,tecnologia,topo da página,nativo,celular,BR,5,3,1,0,0.02553
evt_004204,2026-03-18 19:12:00,demo_publisher,site A,sess_001350,page_124,estilo de vida,meio do artigo,banner,computador,BR,1,0,0,0,0.0
evt_004205,2026-04-18 09:59:00,demo_publisher,site B,sess_000046,page_093,finanças,meio do artigo,vídeo,computador,BR,4,2,2,0,0.0146
evt_004206,2026-04-24 09:21:00,demo_publisher,site C,sess_001754,page_125,entretenimento,rodapé fixo,banner,computador,US,2,1,1,0,0.00219
evt_004207,2026-04-26 05:08:00,demo_publisher,site B,sess_001229,page_086,esportes,intersticial,nativo,celular,BR,5,4,2,0,0.01066
evt_004208,2026-03-14 13:53:00,demo_publisher,site A,sess_001486,page_127,estilo de vida,intersticial,banner,computador,BR,1,1,0,0,0.00088
evt_004209,2026-04-06 09:24:00,demo_publisher,site C,sess_001651,page_121,notícias,rodapé fixo,vídeo,computador,MX,1,1,1,0,0.01037
evt_004210,2026-03-10 01:29:00,demo_publisher,site A,sess_000438,page_030,tecnologia,meio do artigo,banner,computador,BR,1,1,1,0,0.00371
evt_004211,2026-04-12 14:55:00,demo_publisher,site B,sess_000901,page_025,finanças,topo da página,vídeo,computador,BR,5,5,5,0,0.03008
evt_004212,2026-03-25 22:50:00,demo_publisher,site B,sess_001717,page_023,notícias,meio do artigo,banner,celular,MX,5,5,4,1,0.0183
evt_004213,2026-04-12 19:33:00,demo_publisher,site B,sess_000330,page_112,notícias,meio do artigo,vídeo,celular,BR,5,5,4,0,0.03466
evt_004214,2026-04-11 02:34:00,demo_publisher,site A,sess_001645,page_034,tecnologia,lateral,banner,computador,BR,4,4,3,0,0.03722
evt_004215,2026-04-29 13:38:00,demo_publisher,site A,sess_000576,page_063,estilo de vida,meio do artigo,nativo,computador,BR,2,1,1,0,0.00572
evt_004216,2026-03-30 07:38:00,demo_publisher,site A,sess_001151,page_110,estilo de vida,rodapé fixo,vídeo,celular,BR,2,2,2,0,0.01423
evt_004217,2026-03-21 11:48:00,demo_publisher,site A,sess_001020,page_060,finanças,meio do artigo,banner,computador,BR,1,1,1,0,0.00588
evt_004218,2026-04-01 14:31:00,demo_publisher,site B,sess_001373,page_009,estilo de vida,meio do artigo,banner,tablet,MX,1,1,0,0,0.00166
evt_004219,2026-03-10 18:30:00,demo_publisher,site A,sess_001673,page_051,estilo de vida,rodapé fixo,banner,computador,US,5,4,1,0,0.00926
evt_004220,2026-03-07 16:56:00,demo_publisher,site B,sess_000698,page_014,esportes,lateral,banner,tablet,BR,3,1,0,0,0.00609
evt_004221,2026-04-01 03:36:00,demo_publisher,site B,sess_000344,page_054,finanças,topo da página,nativo,computador,US,3,3,3,0,0.02189
evt_004222,2026-04-19 12:35:00,demo_publisher,site B,sess_000846,page_103,finanças,lateral,banner,celular,BR,1,0,0,0,0.0
evt_004223,2026-04-01 23:52:00,demo_publisher,site C,sess_001224,page_073,tecnologia,meio do artigo,banner,computador,BR,4,2,2,0,0.0143
evt_004224,2026-04-16 21:58:00,demo_publisher,site A,sess_001501,page_094,finanças,topo da página,banner,tablet,MX,5,3,2,0,0.01633
evt_004225,2026-03-11 16:11:00,demo_publisher,site B,sess_001506,page_015,finanças,meio do artigo,banner,computador,BR,1,1,1,0,0.00766
evt_004226,2026-03-27 23:07:00,demo_publisher,site B,sess_000680,page_105,entretenimento,rodapé fixo,banner,celular,MX,6,5,3,0,0.00942
evt_004227,2026-04-06 18:52:00,demo_publisher,site B,sess_001872,page_060,entretenimento,topo da página,vídeo,computador,BR,2,2,1,0,0.02675
evt_004228,2026-03-21 20:39:00,demo_publisher,site B,sess_000167,page_040,esportes,meio do artigo,banner,celular,AR,6,4,3,0,0.01309
evt_004229,2026-03-01 20:20:00,demo_publisher,site A,sess_000234,page_091,entretenimento,topo da página,mídia rica,celular,BR,5,2,2,0,0.0078
evt_004230,2026-03-05 09:45:00,demo_publisher,site B,sess_000050,page_019,notícias,meio do artigo,vídeo,celular,BR,6,4,2,1,0.03386
evt_004231,2026-04-25 15:50:00,demo_publisher,site A,sess_001852,page_070,tecnologia,intersticial,banner,celular,BR,2,2,1,0,0.01138
evt_004232,2026-04-06 07:23:00,demo_publisher,site A,sess_000361,page_059,notícias,meio do artigo,vídeo,celular,BR,4,4,2,1,0.00918
evt_004233,2026-03-16 20:59:00,demo_publisher,site A,sess_001203,page_024,finanças,rodapé fixo,nativo,celular,BR,1,1,1,0,0.0113
evt_004234,2026-03-16 12:41:00,demo_publisher,site B,sess_001626,page_133,entretenimento,rodapé fixo,nativo,computador,BR,3,0,0,0,0.003
evt_004235,2026-03-03 08:58:00,demo_publisher,site A,sess_001533,page_051,notícias,topo da página,banner,computador,BR,2,2,1,0,0.00618
evt_004236,2026-04-26 16:28:00,demo_publisher,site B,sess_001897,page_006,tecnologia,rodapé fixo,nativo,celular,BR,1,1,1,0,0.0
evt_004237,2026-03-07 11:52:00,demo_publisher,site B,sess_000108,page_062,finanças,intersticial,banner,computador,US,5,3,1,0,0.0155
evt_004238,2026-04-15 13:37:00,demo_publisher,site B,sess_000814,page_135,notícias,intersticial,nativo,celular,BR,5,5,3,0,0.01593
evt_004239,2026-03-15 09:57:00,demo_publisher,site C,sess_001012,page_093,entretenimento,lateral,banner,computador,BR,3,3,1,0,0.01128
evt_004240,2026-03-21 03:18:00,demo_publisher,site A,sess_001392,page_089,estilo de vida,topo da página,banner,tablet,BR,3,3,2,0,0.00663
evt_004241,2026-03-17 10:25:00,demo_publisher,site C,sess_001245,page_126,entretenimento,topo da página,nativo,celular,MX,4,3,3,0,0.01075
evt_004242,2026-04-19 11:18:00,demo_publisher,site A,sess_001120,page_012,tecnologia,topo da página,banner,celular,BR,4,4,2,0,0.02642
evt_004243,2026-03-02 23:14:00,demo_publisher,site A,sess_000614,page_077,notícias,lateral,banner,celular,BR,4,4,0,0,0.00456
evt_004244,2026-03-22 03:17:00,demo_publisher,site B,sess_000213,page_045,esportes,meio do artigo,vídeo,celular,BR,2,2,0,0,0.01369
evt_004245,2026-03-17 18:16:00,demo_publisher,site A,sess_000863,page_095,esportes,lateral,banner,computador,BR,3,2,1,0,0.0073
evt_004246,2026-03-17 09:03:00,demo_publisher,site A,sess_000520,page_119,finanças,rodapé fixo,banner,computador,BR,6,4,3,0,0.01762
evt_004247,2026-03-12 13:50:00,demo_publisher,site B,sess_001109,page_011,notícias,topo da página,banner,celular,BR,1,1,1,0,0.00167
evt_004248,2026-04-24 17:55:00,demo_publisher,site B,sess_001594,page_022,esportes,rodapé fixo,mídia rica,computador,CL,3,2,1,0,0.01851
evt_004249,2026-03-23 17:12:00,demo_publisher,site A,sess_001105,page_133,tecnologia,topo da página,nativo,computador,BR,2,1,1,0,0.00808
evt_004250,2026-03-26 02:12:00,demo_publisher,site A,sess_001166,page_069,notícias,topo da página,nativo,computador,BR,2,2,1,0,0.00573
evt_004251,2026-03-24 02:38:00,demo_publisher,site B,sess_000084,page_044,tecnologia,rodapé fixo,vídeo,computador,BR,1,1,1,0,0.01034
evt_004252,2026-04-28 19:30:00,demo_publisher,site B,sess_001289,page_022,finanças,topo da página,nativo,computador,AR,1,1,0,0,0.01644
evt_004253,2026-03-21 08:10:00,demo_publisher,site B,sess_000879,page_050,notícias,topo da página,vídeo,computador,MX,6,5,3,1,0.02461
evt_004254,2026-03-21 12:01:00,demo_publisher,site C,sess_000248,page_001,notícias,intersticial,nativo,computador,BR,6,5,4,0,0.01422
evt_004255,2026-03-20 16:12:00,demo_publisher,site C,sess_000428,page_031,notícias,rodapé fixo,vídeo,celular,BR,5,5,2,0,0.03183
evt_004256,2026-03-20 14:49:00,demo_publisher,site A,sess_001561,page_026,estilo de vida,rodapé fixo,nativo,computador,BR,6,3,3,0,0.01533
evt_004257,2026-03-06 09:12:00,demo_publisher,site A,sess_001833,page_012,notícias,topo da página,banner,computador,CL,5,3,3,0,0.01136
evt_004258,2026-04-06 06:09:00,demo_publisher,site C,sess_001015,page_135,tecnologia,topo da página,banner,celular,BR,1,1,1,0,0.00596
evt_004259,2026-03-02 12:17:00,demo_publisher,site A,sess_001953,page_110,tecnologia,topo da página,banner,celular,US,5,5,4,0,0.01334
evt_004260,2026-03-14 13:22:00,demo_publisher,site A,sess_000360,page_131,notícias,topo da página,nativo,celular,MX,5,5,2,0,0.02403
evt_004261,2026-03-13 03:02:00,demo_publisher,site A,sess_000599,page_034,entretenimento,intersticial,mídia rica,tablet,BR,1,1,1,0,0.00581
evt_004262,2026-03-18 11:44:00,demo_publisher,site B,sess_001860,page_041,entretenimento,topo da página,vídeo,celular,BR,6,6,2,0,0.03406
evt_004263,2026-04-15 09:34:00,demo_publisher,site A,sess_000351,page_040,notícias,rodapé fixo,vídeo,celular,US,5,4,3,0,0.03654
evt_004264,2026-04-05 23:16:00,demo_publisher,site A,sess_001319,page_078,entretenimento,topo da página,nativo,computador,BR,6,4,3,0,0.01403
evt_004265,2026-04-29 10:45:00,demo_publisher,site A,sess_000439,page_026,esportes,meio do artigo,mídia rica,celular,BR,3,1,0,0,0.00722
evt_004266,2026-03-22 01:43:00,demo_publisher,site B,sess_000663,page_033,estilo de vida,topo da página,vídeo,celular,BR,5,5,4,0,0.03167
evt_004267,2026-04-25 17:04:00,demo_publisher,site A,sess_000956,page_136,notícias,topo da página,banner,celular,CL,5,5,4,0,0.01054
evt_004268,2026-03-03 16:40:00,demo_publisher,site B,sess_000720,page_049,tecnologia,topo da página,nativo,computador,BR,4,3,3,0,0.01379
evt_004269,2026-03-31 06:04:00,demo_publisher,site B,sess_001749,page_109,tecnologia,rodapé fixo,banner,tablet,BR,6,5,4,0,0.021
evt_004270,2026-04-17 22:20:00,demo_publisher,site A,sess_001945,page_032,entretenimento,lateral,banner,computador,BR,1,1,0,0,0.00424
evt_004271,2026-04-01 21:49:00,demo_publisher,site A,sess_001000,page_130,entretenimento,lateral,banner,celular,BR,3,3,3,0,0.0055
evt_004272,2026-04-25 23:58:00,demo_publisher,site B,sess_001050,page_097,notícias,meio do artigo,banner,tablet,MX,1,1,0,0,0.00052
evt_004273,2026-03-19 20:59:00,demo_publisher,site B,sess_000111,page_120,estilo de vida,lateral,banner,celular,BR,4,4,1,0,0.00244
evt_004274,2026-03-02 23:59:00,demo_publisher,site A,sess_000469,page_072,esportes,lateral,banner,computador,US,1,1,0,0,0.00749
evt_004275,2026-04-16 10:28:00,demo_publisher,site B,sess_000080,page_126,notícias,meio do artigo,mídia rica,computador,BR,2,1,0,0,0.00912
evt_004276,2026-03-05 01:55:00,demo_publisher,site A,sess_001713,page_051,notícias,lateral,banner,celular,US,5,4,2,0,0.0142
evt_004277,2026-04-15 21:14:00,demo_publisher,site A,sess_000455,page_067,entretenimento,rodapé fixo,vídeo,celular,US,6,3,0,1,0.00846
evt_004278,2026-04-14 00:07:00,demo_publisher,site C,sess_000681,page_009,estilo de vida,intersticial,banner,computador,BR,2,1,1,0,0.00701
evt_004279,2026-04-20 15:45:00,demo_publisher,site B,sess_001685,page_024,notícias,intersticial,mídia rica,celular,BR,2,2,1,0,0.00219
evt_004280,2026-03-29 17:39:00,demo_publisher,site B,sess_001426,page_108,entretenimento,meio do artigo,vídeo,tablet,CL,1,1,1,0,0.01266
evt_004281,2026-04-23 17:31:00,demo_publisher,site A,sess_001243,page_046,tecnologia,topo da página,mídia rica,computador,BR,3,2,1,0,0.01817
evt_004282,2026-03-11 04:33:00,demo_publisher,site C,sess_000077,page_015,esportes,topo da página,nativo,computador,MX,5,5,3,0,0.02253
evt_004283,2026-03-27 01:27:00,demo_publisher,site A,sess_001126,page_041,finanças,topo da página,nativo,celular,BR,6,5,4,0,0.04755
evt_004284,2026-03-08 07:26:00,demo_publisher,site A,sess_001122,page_050,tecnologia,meio do artigo,banner,celular,BR,3,3,1,0,0.00969
evt_004285,2026-04-16 00:18:00,demo_publisher,site A,sess_000638,page_100,estilo de vida,meio do artigo,banner,tablet,BR,1,0,0,0,0.0
evt_004286,2026-04-12 20:33:00,demo_publisher,site C,sess_001490,page_013,finanças,lateral,vídeo,celular,BR,2,0,0,0,0.0
evt_004287,2026-04-18 09:12:00,demo_publisher,site C,sess_001858,page_004,finanças,meio do artigo,banner,computador,BR,3,2,2,0,0.00919
evt_004288,2026-04-15 20:39:00,demo_publisher,site C,sess_000518,page_101,notícias,lateral,banner,celular,MX,4,4,1,0,0.02914
evt_004289,2026-03-19 12:10:00,demo_publisher,site A,sess_000663,page_020,finanças,intersticial,vídeo,celular,BR,4,4,2,0,0.0267
evt_004290,2026-03-05 02:00:00,demo_publisher,site B,sess_000645,page_059,esportes,topo da página,banner,computador,BR,5,5,4,0,0.01693
evt_004291,2026-04-25 18:06:00,demo_publisher,site B,sess_001670,page_095,esportes,topo da página,vídeo,computador,BR,4,4,2,0,0.04269
evt_004292,2026-03-30 13:39:00,demo_publisher,site A,sess_000156,page_072,esportes,lateral,banner,celular,MX,3,1,0,0,0.00402
evt_004293,2026-03-06 15:51:00,demo_publisher,site C,sess_001791,page_018,estilo de vida,meio do artigo,banner,computador,BR,1,1,1,0,0.00099
evt_004294,2026-04-25 14:58:00,demo_publisher,site C,sess_001550,page_101,finanças,meio do artigo,banner,tablet,BR,6,5,2,0,0.04765
evt_004295,2026-04-29 15:44:00,demo_publisher,site A,sess_000967,page_007,finanças,rodapé fixo,nativo,computador,MX,1,0,0,0,0.00236
evt_004296,2026-03-27 17:31:00,demo_publisher,site A,sess_001167,page_033,notícias,topo da página,vídeo,computador,BR,2,2,2,0,0.01796
evt_004297,2026-04-16 04:55:00,demo_publisher,site A,sess_001788,page_016,entretenimento,meio do artigo,vídeo,tablet,BR,3,2,2,0,0.01162
evt_004298,2026-03-03 04:16:00,demo_publisher,site C,sess_001539,page_072,esportes,rodapé fixo,banner,computador,AR,6,5,4,0,0.0229
evt_004299,2026-03-06 14:18:00,demo_publisher,site C,sess_000554,page_097,finanças,meio do artigo,banner,computador,BR,3,2,0,0,0.00463
evt_004300,2026-03-17 14:15:00,demo_publisher,site B,sess_000101,page_091,notícias,meio do artigo,vídeo,computador,BR,3,3,3,0,0.02233
evt_004301,2026-04-09 08:58:00,demo_publisher,site A,sess_001317,page_020,tecnologia,topo da página,banner,tablet,MX,6,6,3,0,0.03237
evt_004302,2026-03-09 00:07:00,demo_publisher,site B,sess_000292,page_048,finanças,meio do artigo,banner,tablet,BR,3,1,0,0,0.00419
evt_004303,2026-03-03 01:13:00,demo_publisher,site A,sess_000176,page_021,finanças,topo da página,nativo,computador,BR,5,3,2,0,0.0226
evt_004304,2026-04-10 03:01:00,demo_publisher,site B,sess_001964,page_048,entretenimento,meio do artigo,vídeo,celular,BR,1,1,1,0,0.00404
evt_004305,2026-04-16 05:04:00,demo_publisher,site B,sess_000948,page_033,tecnologia,lateral,banner,celular,BR,4,2,1,0,0.00698
evt_004306,2026-04-14 08:27:00,demo_publisher,site A,sess_001302,page_103,finanças,intersticial,banner,computador,BR,5,4,3,0,0.02915
evt_004307,2026-04-17 22:52:00,demo_publisher,site A,sess_000435,page_105,finanças,lateral,mídia rica,computador,US,2,2,1,1,0.01855
evt_004308,2026-04-18 04:06:00,demo_publisher,site A,sess_000204,page_114,entretenimento,topo da página,mídia rica,celular,BR,5,5,3,0,0.01367
evt_004309,2026-04-06 03:28:00,demo_publisher,site B,sess_000126,page_028,entretenimento,rodapé fixo,nativo,computador,US,6,6,5,0,0.03175
evt_004310,2026-04-01 03:57:00,demo_publisher,site A,sess_000709,page_002,tecnologia,meio do artigo,nativo,celular,AR,1,1,1,0,0.00291
evt_004311,2026-04-21 09:52:00,demo_publisher,site B,sess_000008,page_005,tecnologia,lateral,mídia rica,computador,BR,2,1,1,0,0.0095
evt_004312,2026-03-21 21:09:00,demo_publisher,site B,sess_000840,page_118,entretenimento,topo da página,nativo,celular,BR,1,1,1,0,0.00556
evt_004313,2026-03-06 20:57:00,demo_publisher,site B,sess_000650,page_126,entretenimento,rodapé fixo,vídeo,computador,US,6,5,4,0,0.0454
evt_004314,2026-04-15 02:49:00,demo_publisher,site C,sess_001054,page_030,notícias,rodapé fixo,nativo,computador,BR,2,2,0,0,0.0216
evt_004315,2026-03-17 13:19:00,demo_publisher,site B,sess_001179,page_122,entretenimento,topo da página,banner,computador,BR,6,5,1,0,0.02062
evt_004316,2026-04-28 17:32:00,demo_publisher,site B,sess_000617,page_074,tecnologia,meio do artigo,vídeo,tablet,BR,3,1,1,0,0.01148
evt_004317,2026-03-25 20:24:00,demo_publisher,site C,sess_000911,page_026,estilo de vida,meio do artigo,nativo,computador,AR,6,6,4,0,0.03646
evt_004318,2026-04-21 02:34:00,demo_publisher,site A,sess_000157,page_044,finanças,meio do artigo,banner,computador,US,4,3,2,0,0.01985
evt_004319,2026-03-03 13:08:00,demo_publisher,site A,sess_000604,page_037,esportes,meio do artigo,nativo,computador,BR,2,1,0,0,0.00499
evt_004320,2026-04-09 13:17:00,demo_publisher,site A,sess_001956,page_107,tecnologia,lateral,vídeo,computador,BR,4,3,3,0,0.02483
evt_004321,2026-03-27 21:25:00,demo_publisher,site B,sess_001982,page_027,estilo de vida,meio do artigo,banner,celular,BR,1,0,0,0,0.00274
evt_004322,2026-03-28 18:08:00,demo_publisher,site B,sess_000972,page_026,notícias,topo da página,vídeo,computador,BR,2,2,1,0,0.01402
evt_004323,2026-03-16 21:54:00,demo_publisher,site B,sess_001879,page_101,estilo de vida,rodapé fixo,banner,celular,BR,4,2,2,0,0.00455
evt_004324,2026-04-28 06:31:00,demo_publisher,site B,sess_001003,page_043,notícias,lateral,nativo,celular,BR,5,3,2,0,0.01209
evt_004325,2026-03-24 13:32:00,demo_publisher,site B,sess_000252,page_035,finanças,topo da página,mídia rica,celular,BR,3,3,3,0,0.03148
evt_004326,2026-04-21 00:41:00,demo_publisher,site A,sess_001735,page_113,estilo de vida,intersticial,vídeo,celular,MX,6,6,3,0,0.02217
evt_004327,2026-03-26 12:08:00,demo_publisher,site A,sess_000830,page_130,estilo de vida,rodapé fixo,vídeo,computador,BR,3,2,2,0,0.02844
evt_004328,2026-03-03 21:31:00,demo_publisher,site C,sess_001225,page_078,notícias,intersticial,nativo,celular,US,3,3,2,0,0.02081
evt_004329,2026-04-22 18:21:00,demo_publisher,site A,sess_001298,page_116,notícias,meio do artigo,nativo,celular,BR,4,4,1,0,0.01006
evt_004330,2026-03-12 02:33:00,demo_publisher,site A,sess_000616,page_117,esportes,topo da página,nativo,tablet,BR,3,3,3,0,0.01613
evt_004331,2026-03-17 05:17:00,demo_publisher,site B,sess_001467,page_082,estilo de vida,topo da página,banner,tablet,BR,5,4,3,0,0.0087
evt_004332,2026-04-21 15:59:00,demo_publisher,site B,sess_001003,page_116,entretenimento,intersticial,nativo,celular,AR,6,3,2,0,0.00551
evt_004333,2026-04-23 14:59:00,demo_publisher,site B,sess_000733,page_002,tecnologia,rodapé fixo,nativo,celular,BR,2,2,2,0,0.00824
evt_004334,2026-04-25 00:07:00,demo_publisher,site B,sess_000596,page_005,tecnologia,rodapé fixo,nativo,computador,BR,3,3,2,0,0.01309
evt_004335,2026-03-26 13:23:00,demo_publisher,site C,sess_001492,page_123,esportes,meio do artigo,banner,celular,BR,3,2,1,0,0.0076
evt_004336,2026-04-15 10:02:00,demo_publisher,site B,sess_000499,page_020,notícias,meio do artigo,banner,tablet,BR,4,3,2,0,0.01268
evt_004337,2026-03-20 16:02:00,demo_publisher,site C,sess_000249,page_102,entretenimento,lateral,banner,computador,BR,4,4,2,0,0.02147
evt_004338,2026-04-14 10:09:00,demo_publisher,site C,sess_001763,page_059,finanças,topo da página,banner,celular,MX,3,3,2,0,0.0133
evt_004339,2026-03-31 03:37:00,demo_publisher,site A,sess_000664,page_110,notícias,meio do artigo,banner,computador,BR,1,1,1,0,0.00282
evt_004340,2026-03-04 02:49:00,demo_publisher,site B,sess_001282,page_093,finanças,lateral,banner,computador,BR,6,3,1,0,0.01414
evt_004341,2026-03-26 01:33:00,demo_publisher,site C,sess_001433,page_010,estilo de vida,rodapé fixo,mídia rica,computador,MX,5,4,3,0,0.03278
evt_004342,2026-03-29 01:31:00,demo_publisher,site A,sess_001676,page_047,esportes,meio do artigo,banner,computador,AR,5,4,3,0,0.013
evt_004343,2026-03-16 10:36:00,demo_publisher,site A,sess_001251,page_099,notícias,rodapé fixo,vídeo,celular,BR,5,2,1,0,0.02428
evt_004344,2026-03-23 11:14:00,demo_publisher,site A,sess_001416,page_129,estilo de vida,topo da página,banner,computador,MX,1,1,1,0,0.0
evt_004345,2026-03-31 03:51:00,demo_publisher,site B,sess_001674,page_112,notícias,topo da página,vídeo,celular,BR,6,4,3,0,0.02132
evt_004346,2026-03-03 23:34:00,demo_publisher,site B,sess_001886,page_124,finanças,topo da página,vídeo,celular,AR,1,1,1,0,0.01073
evt_004347,2026-03-10 02:35:00,demo_publisher,site A,sess_000094,page_133,tecnologia,meio do artigo,mídia rica,celular,BR,5,4,1,0,0.03366
evt_004348,2026-04-16 00:10:00,demo_publisher,site B,sess_001486,page_125,entretenimento,meio do artigo,vídeo,computador,AR,6,3,1,0,0.02914
evt_004349,2026-03-22 02:46:00,demo_publisher,site B,sess_000349,page_081,esportes,meio do artigo,vídeo,computador,MX,4,4,2,0,0.03666
evt_004350,2026-04-06 12:04:00,demo_publisher,site A,sess_001782,page_047,notícias,meio do artigo,banner,celular,BR,5,3,3,0,0.00953
evt_004351,2026-04-03 22:44:00,demo_publisher,site A,sess_000097,page_071,finanças,meio do artigo,nativo,celular,MX,6,5,3,0,0.02033
evt_004352,2026-04-03 01:45:00,demo_publisher,site A,sess_000494,page_111,esportes,meio do artigo,banner,celular,BR,4,3,1,0,0.01046
evt_004353,2026-03-25 19:18:00,demo_publisher,site A,sess_000385,page_060,entretenimento,rodapé fixo,mídia rica,celular,US,3,3,1,0,0.02899
evt_004354,2026-03-29 23:58:00,demo_publisher,site B,sess_001207,page_116,tecnologia,topo da página,vídeo,tablet,BR,5,4,4,0,0.02125
evt_004355,2026-04-19 10:26:00,demo_publisher,site C,sess_000009,page_098,finanças,meio do artigo,banner,computador,AR,5,5,5,0,0.02363
evt_004356,2026-04-27 21:40:00,demo_publisher,site C,sess_000035,page_030,tecnologia,topo da página,nativo,computador,BR,1,1,1,0,0.00273
evt_004357,2026-03-16 09:40:00,demo_publisher,site A,sess_001008,page_128,esportes,topo da página,banner,tablet,US,1,1,1,0,0.00431
evt_004358,2026-04-10 04:02:00,demo_publisher,site B,sess_001943,page_118,finanças,lateral,nativo,celular,CL,5,4,3,1,0.01429
evt_004359,2026-04-28 04:28:00,demo_publisher,site A,sess_001057,page_084,entretenimento,rodapé fixo,nativo,computador,MX,5,5,4,0,0.01482
evt_004360,2026-03-01 10:55:00,demo_publisher,site A,sess_000892,page_027,notícias,meio do artigo,nativo,celular,BR,5,3,3,0,0.01359
evt_004361,2026-04-17 01:59:00,demo_publisher,site A,sess_001316,page_032,esportes,meio do artigo,vídeo,computador,US,1,1,0,0,0.01154
evt_004362,2026-03-30 19:25:00,demo_publisher,site C,sess_001104,page_117,entretenimento,topo da página,banner,celular,BR,1,1,1,0,0.00532
evt_004363,2026-04-28 01:20:00,demo_publisher,site A,sess_000770,page_003,finanças,topo da página,vídeo,celular,BR,1,1,1,0,0.00161
evt_004364,2026-04-04 16:42:00,demo_publisher,site A,sess_001177,page_068,esportes,rodapé fixo,nativo,celular,CL,2,2,1,0,0.00545
evt_004365,2026-04-20 06:54:00,demo_publisher,site A,sess_000007,page_087,notícias,meio do artigo,banner,tablet,BR,4,4,3,0,0.00597
evt_004366,2026-03-10 23:03:00,demo_publisher,site B,sess_000489,page_033,finanças,lateral,banner,celular,MX,3,2,0,0,0.00525
evt_004367,2026-03-09 12:37:00,demo_publisher,site A,sess_001348,page_121,finanças,rodapé fixo,banner,computador,US,1,1,1,0,0.00464
evt_004368,2026-04-25 14:16:00,demo_publisher,site A,sess_000683,page_073,finanças,lateral,nativo,celular,BR,4,3,1,0,0.01466
evt_004369,2026-04-01 14:06:00,demo_publisher,site C,sess_000109,page_010,esportes,topo da página,mídia rica,celular,AR,2,2,1,0,0.01118
evt_004370,2026-04-03 12:00:00,demo_publisher,site A,sess_000249,page_045,esportes,lateral,banner,celular,BR,2,2,0,0,0.00786
evt_004371,2026-03-11 04:46:00,demo_publisher,site B,sess_001732,page_056,estilo de vida,rodapé fixo,banner,computador,BR,5,4,4,0,0.02988
evt_004372,2026-03-14 14:29:00,demo_publisher,site C,sess_000659,page_031,entretenimento,meio do artigo,nativo,computador,BR,2,1,1,0,0.00914
evt_004373,2026-04-19 02:14:00,demo_publisher,site B,sess_000046,page_131,estilo de vida,lateral,banner,tablet,BR,4,2,2,0,0.00927
evt_004374,2026-03-19 04:47:00,demo_publisher,site B,sess_001457,page_051,estilo de vida,meio do artigo,banner,celular,BR,1,1,0,0,0.00373
evt_004375,2026-04-05 01:11:00,demo_publisher,site C,sess_001061,page_070,tecnologia,meio do artigo,nativo,celular,BR,5,3,2,0,0.01246
evt_004376,2026-03-19 23:48:00,demo_publisher,site A,sess_000903,page_075,notícias,lateral,banner,celular,CL,4,3,2,0,0.00866
evt_004377,2026-03-16 19:22:00,demo_publisher,site C,sess_001789,page_031,esportes,topo da página,vídeo,computador,US,5,3,2,0,0.02871
evt_004378,2026-03-10 23:04:00,demo_publisher,site A,sess_000628,page_079,notícias,meio do artigo,banner,computador,BR,2,1,1,0,0.00599
evt_004379,2026-04-25 18:37:00,demo_publisher,site A,sess_001145,page_050,esportes,meio do artigo,nativo,computador,MX,3,3,3,0,0.0084
evt_004380,2026-04-26 09:41:00,demo_publisher,site B,sess_001490,page_002,entretenimento,lateral,banner,computador,AR,3,3,2,0,0.01281
evt_004381,2026-03-07 21:52:00,demo_publisher,site C,sess_001217,page_057,esportes,rodapé fixo,banner,celular,BR,6,3,3,0,0.01008
evt_004382,2026-03-22 04:40:00,demo_publisher,site A,sess_000416,page_082,tecnologia,lateral,nativo,computador,AR,1,1,1,0,0.0
evt_004383,2026-04-03 19:57:00,demo_publisher,site A,sess_001363,page_017,notícias,lateral,vídeo,computador,BR,2,2,2,0,0.00876
evt_004384,2026-03-23 23:55:00,demo_publisher,site A,sess_001487,page_109,finanças,meio do artigo,mídia rica,celular,BR,6,4,2,0,0.02766
evt_004385,2026-04-13 06:17:00,demo_publisher,site A,sess_000245,page_092,esportes,lateral,banner,celular,BR,1,1,0,0,0.0
evt_004386,2026-03-16 14:43:00,demo_publisher,site C,sess_000331,page_044,notícias,topo da página,nativo,computador,BR,2,1,0,0,0.0
evt_004387,2026-03-04 12:44:00,demo_publisher,site B,sess_001350,page_083,esportes,meio do artigo,nativo,computador,BR,2,2,1,0,0.01
evt_004388,2026-03-21 05:11:00,demo_publisher,site B,sess_000238,page_043,estilo de vida,lateral,banner,celular,BR,5,3,2,0,0.01095
evt_004389,2026-04-05 20:54:00,demo_publisher,site A,sess_001760,page_091,finanças,topo da página,vídeo,celular,BR,5,4,2,1,0.03741
evt_004390,2026-03-11 20:07:00,demo_publisher,site C,sess_000220,page_022,tecnologia,rodapé fixo,banner,celular,BR,6,5,2,0,0.04591
evt_004391,2026-04-18 22:53:00,demo_publisher,site A,sess_001948,page_085,entretenimento,meio do artigo,vídeo,computador,US,1,0,0,0,0.0
evt_004392,2026-03-01 17:38:00,demo_publisher,site A,sess_001343,page_008,finanças,lateral,nativo,celular,BR,2,2,2,0,0.01175
evt_004393,2026-03-05 01:14:00,demo_publisher,site A,sess_000886,page_003,entretenimento,meio do artigo,banner,celular,BR,3,2,1,0,0.01087
evt_004394,2026-03-31 12:43:00,demo_publisher,site B,sess_000537,page_036,notícias,lateral,vídeo,celular,BR,5,4,2,0,0.02318
evt_004395,2026-03-31 17:37:00,demo_publisher,site C,sess_000689,page_025,esportes,lateral,banner,tablet,BR,4,3,1,0,0.02427
evt_004396,2026-03-18 16:38:00,demo_publisher,site B,sess_001497,page_069,finanças,topo da página,vídeo,celular,BR,4,3,3,0,0.03387
evt_004397,2026-03-16 12:19:00,demo_publisher,site A,sess_001506,page_024,estilo de vida,rodapé fixo,vídeo,computador,BR,5,3,2,0,0.02372
evt_004398,2026-03-05 04:31:00,demo_publisher,site B,sess_000418,page_034,estilo de vida,lateral,nativo,celular,BR,2,1,1,0,0.00446
evt_004399,2026-04-09 18:36:00,demo_publisher,site B,sess_001086,page_014,estilo de vida,meio do artigo,banner,celular,MX,6,4,3,0,0.01162
evt_004400,2026-03-23 17:47:00,demo_publisher,site A,sess_001985,page_124,entretenimento,lateral,banner,computador,BR,4,4,2,0,0.01444
evt_004401,2026-03-08 02:53:00,demo_publisher,site A,sess_000515,page_103,esportes,topo da página,nativo,computador,US,2,1,0,0,0.00463
evt_004402,2026-03-24 23:46:00,demo_publisher,site A,sess_001387,page_031,tecnologia,rodapé fixo,nativo,computador,BR,3,1,1,0,0.01053
evt_004403,2026-04-26 05:21:00,demo_publisher,site C,sess_000345,page_017,estilo de vida,meio do artigo,nativo,tablet,BR,2,0,0,0,0.00025
evt_004404,2026-03-16 16:10:00,demo_publisher,site C,sess_001668,page_119,finanças,rodapé fixo,banner,celular,BR,2,1,1,0,0.00286
evt_004405,2026-04-23 16:24:00,demo_publisher,site C,sess_000341,page_093,esportes,topo da página,vídeo,celular,BR,5,4,3,0,0.04109
evt_004406,2026-03-16 12:35:00,demo_publisher,site B,sess_000595,page_124,esportes,rodapé fixo,vídeo,celular,BR,2,1,1,0,0.00345
evt_004407,2026-03-12 03:48:00,demo_publisher,site A,sess_000918,page_025,esportes,rodapé fixo,nativo,celular,BR,6,4,2,0,0.0236
evt_004408,2026-03-16 15:19:00,demo_publisher,site B,sess_000741,page_050,tecnologia,intersticial,banner,celular,BR,1,1,1,0,0.0039
evt_004409,2026-03-20 09:30:00,demo_publisher,site C,sess_000341,page_017,finanças,rodapé fixo,nativo,computador,BR,2,1,1,0,0.00459
evt_004410,2026-03-08 05:40:00,demo_publisher,site B,sess_001282,page_059,notícias,lateral,banner,computador,US,6,5,3,0,0.035
evt_004411,2026-04-05 06:11:00,demo_publisher,site C,sess_000040,page_023,tecnologia,meio do artigo,vídeo,celular,BR,5,4,4,0,0.02861
evt_004412,2026-03-21 00:09:00,demo_publisher,site A,sess_001967,page_001,estilo de vida,topo da página,vídeo,celular,BR,3,3,2,0,0.02778
evt_004413,2026-04-13 02:00:00,demo_publisher,site B,sess_000105,page_071,entretenimento,meio do artigo,vídeo,celular,BR,2,2,1,0,0.00801
evt_004414,2026-03-30 11:01:00,demo_publisher,site C,sess_000668,page_137,finanças,meio do artigo,banner,tablet,MX,2,1,1,0,0.00078
evt_004415,2026-03-27 13:25:00,demo_publisher,site B,sess_001859,page_090,estilo de vida,topo da página,vídeo,celular,BR,2,2,2,0,0.01398
evt_004416,2026-03-29 06:13:00,demo_publisher,site A,sess_000311,page_106,finanças,lateral,vídeo,computador,BR,6,5,4,0,0.06029
evt_004417,2026-03-10 09:03:00,demo_publisher,site A,sess_000146,page_113,estilo de vida,topo da página,banner,computador,BR,3,3,2,1,0.01766
evt_004418,2026-04-12 18:32:00,demo_publisher,site A,sess_001488,page_136,finanças,lateral,banner,celular,CL,6,4,1,0,0.01805
evt_004419,2026-03-07 05:58:00,demo_publisher,site C,sess_000147,page_018,notícias,meio do artigo,banner,celular,BR,5,5,4,0,0.01657
evt_004420,2026-04-13 07:00:00,demo_publisher,site B,sess_001799,page_035,entretenimento,rodapé fixo,nativo,celular,BR,3,2,1,0,0.00969
evt_004421,2026-04-29 23:39:00,demo_publisher,site C,sess_000902,page_086,tecnologia,topo da página,banner,computador,MX,5,5,4,0,0.0439
evt_004422,2026-04-15 20:09:00,demo_publisher,site A,sess_001738,page_115,estilo de vida,topo da página,banner,celular,BR,3,1,1,0,0.00094
evt_004423,2026-03-28 07:42:00,demo_publisher,site A,sess_000490,page_108,finanças,meio do artigo,nativo,celular,BR,3,3,3,0,0.02653
evt_004424,2026-03-19 20:50:00,demo_publisher,site B,sess_000283,page_102,tecnologia,meio do artigo,vídeo,computador,BR,5,2,1,0,0.0151
evt_004425,2026-04-22 08:26:00,demo_publisher,site A,sess_001925,page_044,notícias,topo da página,vídeo,celular,BR,5,5,4,0,0.03866
evt_004426,2026-03-16 10:21:00,demo_publisher,site B,sess_001524,page_051,esportes,lateral,vídeo,computador,BR,2,2,1,0,0.01759
evt_004427,2026-03-29 22:37:00,demo_publisher,site A,sess_001822,page_012,notícias,rodapé fixo,mídia rica,celular,MX,3,1,1,0,0.00525
evt_004428,2026-04-16 06:03:00,demo_publisher,site A,sess_000640,page_044,notícias,rodapé fixo,nativo,celular,BR,6,4,2,0,0.01101
evt_004429,2026-04-25 08:11:00,demo_publisher,site A,sess_000810,page_022,notícias,topo da página,vídeo,computador,BR,2,2,1,0,0.00668
evt_004430,2026-04-25 06:10:00,demo_publisher,site C,sess_001154,page_131,tecnologia,topo da página,banner,celular,BR,5,4,3,0,0.02587
evt_004431,2026-03-06 06:22:00,demo_publisher,site B,sess_000898,page_013,esportes,meio do artigo,vídeo,celular,BR,6,6,4,1,0.03465
evt_004432,2026-04-23 21:29:00,demo_publisher,site B,sess_000486,page_051,tecnologia,lateral,mídia rica,computador,BR,4,4,2,0,0.02866
evt_004433,2026-03-07 20:11:00,demo_publisher,site B,sess_000750,page_124,entretenimento,intersticial,nativo,celular,BR,1,1,1,0,0.00873
evt_004434,2026-04-05 01:38:00,demo_publisher,site C,sess_001217,page_133,notícias,topo da página,banner,celular,BR,6,6,3,0,0.03093
evt_004435,2026-04-25 18:40:00,demo_publisher,site B,sess_000076,page_053,tecnologia,meio do artigo,banner,celular,BR,6,6,3,0,0.02942
evt_004436,2026-04-09 06:55:00,demo_publisher,site B,sess_000672,page_065,finanças,intersticial,banner,computador,BR,4,3,2,0,0.01137
evt_004437,2026-04-26 20:23:00,demo_publisher,site A,sess_000586,page_073,entretenimento,topo da página,banner,celular,US,5,3,2,0,0.00946
evt_004438,2026-03-21 15:50:00,demo_publisher,site B,sess_000141,page_115,finanças,intersticial,banner,computador,BR,1,1,1,0,0.00828
evt_004439,2026-03-19 21:11:00,demo_publisher,site A,sess_000246,page_107,esportes,meio do artigo,banner,computador,BR,5,4,3,0,0.02306
evt_004440,2026-03-20 13:45:00,demo_publisher,site A,sess_000991,page_073,esportes,lateral,banner,celular,BR,5,5,3,0,0.02348
evt_004441,2026-03-22 07:26:00,demo_publisher,site C,sess_000205,page_052,entretenimento,meio do artigo,mídia rica,tablet,BR,4,1,0,0,0.0019
evt_004442,2026-04-10 23:14:00,demo_publisher,site B,sess_000690,page_052,esportes,rodapé fixo,nativo,computador,BR,4,4,3,0,0.02564
evt_004443,2026-03-28 03:31:00,demo_publisher,site B,sess_001122,page_091,tecnologia,rodapé fixo,vídeo,celular,US,5,4,3,0,0.04513
evt_004444,2026-04-14 05:53:00,demo_publisher,site B,sess_001747,page_117,notícias,topo da página,banner,celular,BR,4,2,2,0,0.0089
evt_004445,2026-03-25 23:16:00,demo_publisher,site A,sess_000198,page_011,estilo de vida,rodapé fixo,banner,celular,BR,1,1,1,0,0.0026
evt_004446,2026-03-19 11:07:00,demo_publisher,site C,sess_000869,page_107,finanças,topo da página,banner,celular,US,2,2,1,0,0.00422
evt_004447,2026-03-12 09:39:00,demo_publisher,site B,sess_000206,page_067,notícias,topo da página,vídeo,computador,US,4,3,3,0,0.02144
evt_004448,2026-04-03 01:31:00,demo_publisher,site B,sess_000857,page_021,notícias,meio do artigo,banner,celular,US,4,4,3,0,0.00959
evt_004449,2026-04-23 21:39:00,demo_publisher,site A,sess_000961,page_014,esportes,lateral,nativo,computador,US,2,2,1,0,0.01341
evt_004450,2026-04-21 12:54:00,demo_publisher,site C,sess_001598,page_047,tecnologia,meio do artigo,banner,computador,BR,1,1,0,0,0.00629
evt_004451,2026-03-16 04:45:00,demo_publisher,site B,sess_000885,page_035,tecnologia,topo da página,banner,celular,US,4,1,1,0,0.00752
evt_004452,2026-03-29 15:47:00,demo_publisher,site A,sess_001871,page_015,notícias,topo da página,banner,computador,BR,2,0,0,0,0.00256
evt_004453,2026-04-12 07:35:00,demo_publisher,site C,sess_000276,page_041,finanças,topo da página,nativo,computador,BR,5,4,3,0,0.03345
evt_004454,2026-04-06 17:53:00,demo_publisher,site A,sess_000107,page_116,notícias,topo da página,banner,computador,BR,4,4,2,0,0.0222
evt_004455,2026-03-05 00:42:00,demo_publisher,site B,sess_000009,page_100,tecnologia,topo da página,vídeo,computador,BR,2,2,2,0,0.04195
evt_004456,2026-04-05 11:07:00,demo_publisher,site A,sess_000714,page_030,tecnologia,rodapé fixo,banner,computador,BR,5,2,2,0,0.01804
evt_004457,2026-03-03 07:48:00,demo_publisher,site A,sess_000386,page_094,entretenimento,meio do artigo,banner,computador,BR,1,1,1,0,0.00082
evt_004458,2026-03-07 23:45:00,demo_publisher,site A,sess_000184,page_063,entretenimento,rodapé fixo,banner,computador,US,3,3,2,0,0.00813
evt_004459,2026-04-09 05:22:00,demo_publisher,site A,sess_000472,page_104,esportes,topo da página,mídia rica,celular,BR,4,2,1,0,0.0101
evt_004460,2026-03-07 03:40:00,demo_publisher,site C,sess_001949,page_035,esportes,meio do artigo,nativo,celular,BR,6,3,1,0,0.02309
evt_004461,2026-03-21 08:10:00,demo_publisher,site C,sess_001600,page_009,entretenimento,topo da página,nativo,tablet,BR,6,6,3,0,0.02289
evt_004462,2026-04-05 07:20:00,demo_publisher,site A,sess_000038,page_044,notícias,topo da página,nativo,tablet,BR,5,4,1,0,0.01411
evt_004463,2026-04-09 07:51:00,demo_publisher,site B,sess_001830,page_139,notícias,lateral,vídeo,celular,BR,4,2,0,1,0.0318
evt_004464,2026-03-27 17:51:00,demo_publisher,site C,sess_000411,page_078,esportes,meio do artigo,banner,celular,BR,4,4,4,0,0.00841
evt_004465,2026-03-06 15:23:00,demo_publisher,site A,sess_000812,page_008,tecnologia,meio do artigo,vídeo,computador,BR,3,1,1,0,0.00883
evt_004466,2026-04-17 22:42:00,demo_publisher,site C,sess_000655,page_136,estilo de vida,meio do artigo,vídeo,computador,BR,4,4,2,0,0.0351
evt_004467,2026-04-26 23:47:00,demo_publisher,site B,sess_000810,page_115,entretenimento,rodapé fixo,banner,tablet,BR,6,5,2,0,0.01904
evt_004468,2026-04-23 07:45:00,demo_publisher,site A,sess_001521,page_076,esportes,meio do artigo,banner,tablet,MX,4,2,1,0,0.00571
evt_004469,2026-04-14 21:51:00,demo_publisher,site C,sess_001425,page_103,esportes,topo da página,nativo,celular,BR,5,3,3,0,0.03906
evt_004470,2026-03-25 03:11:00,demo_publisher,site A,sess_001188,page_026,esportes,topo da página,banner,celular,BR,4,4,4,0,0.01898
evt_004471,2026-04-22 13:49:00,demo_publisher,site B,sess_001254,page_083,tecnologia,meio do artigo,banner,computador,BR,5,3,0,0,0.01255
evt_004472,2026-03-30 06:58:00,demo_publisher,site A,sess_001455,page_127,notícias,intersticial,banner,computador,BR,6,4,4,1,0.00878
evt_004473,2026-03-09 04:31:00,demo_publisher,site B,sess_000369,page_062,entretenimento,topo da página,banner,celular,MX,3,2,0,0,0.00285
evt_004474,2026-04-21 00:47:00,demo_publisher,site B,sess_000791,page_006,finanças,meio do artigo,vídeo,computador,BR,4,3,2,0,0.03891
evt_004475,2026-03-20 05:01:00,demo_publisher,site B,sess_000216,page_106,tecnologia,meio do artigo,nativo,celular,CL,3,1,0,0,0.00258
evt_004476,2026-04-26 07:43:00,demo_publisher,site A,sess_001408,page_102,tecnologia,intersticial,nativo,celular,CL,4,2,2,0,0.00666
evt_004477,2026-03-23 02:24:00,demo_publisher,site C,sess_000875,page_103,finanças,topo da página,nativo,celular,BR,2,1,0,0,0.00533
evt_004478,2026-04-22 03:55:00,demo_publisher,site C,sess_001274,page_091,tecnologia,rodapé fixo,banner,celular,AR,6,5,4,0,0.02921
evt_004479,2026-04-02 05:31:00,demo_publisher,site C,sess_001130,page_020,esportes,lateral,nativo,computador,BR,5,4,1,0,0.02862
evt_004480,2026-03-29 01:02:00,demo_publisher,site B,sess_000547,page_016,tecnologia,meio do artigo,mídia rica,celular,BR,6,5,4,0,0.03857
evt_004481,2026-03-18 19:29:00,demo_publisher,site B,sess_000278,page_111,tecnologia,rodapé fixo,banner,celular,AR,2,2,2,0,0.01521
evt_004482,2026-04-20 03:24:00,demo_publisher,site C,sess_001945,page_119,estilo de vida,meio do artigo,nativo,celular,BR,6,3,3,0,0.0067
evt_004483,2026-03-04 15:18:00,demo_publisher,site A,sess_000587,page_011,notícias,topo da página,vídeo,tablet,BR,5,4,2,0,0.01646
evt_004484,2026-03-29 03:10:00,demo_publisher,site B,sess_000220,page_081,entretenimento,meio do artigo,nativo,computador,BR,3,2,2,0,0.01047
evt_004485,2026-03-23 03:11:00,demo_publisher,site B,sess_000612,page_070,entretenimento,meio do artigo,banner,computador,BR,6,5,3,0,0.0241
evt_004486,2026-04-02 14:29:00,demo_publisher,site B,sess_001804,page_049,estilo de vida,meio do artigo,banner,computador,US,4,3,3,0,0.01546
evt_004487,2026-03-16 06:33:00,demo_publisher,site A,sess_000523,page_090,entretenimento,rodapé fixo,nativo,celular,BR,4,3,2,0,0.00332
evt_004488,2026-04-09 21:00:00,demo_publisher,site A,sess_001973,page_128,finanças,lateral,vídeo,computador,CL,5,3,2,0,0.03027
evt_004489,2026-03-24 03:43:00,demo_publisher,site C,sess_000922,page_115,esportes,rodapé fixo,vídeo,computador,US,1,1,0,0,0.00491
evt_004490,2026-03-12 06:54:00,demo_publisher,site A,sess_001723,page_022,finanças,meio do artigo,nativo,computador,BR,3,3,2,0,0.02334
evt_004491,2026-03-12 19:37:00,demo_publisher,site C,sess_001306,page_065,notícias,meio do artigo,banner,celular,BR,1,1,0,0,0.00474
evt_004492,2026-04-11 18:58:00,demo_publisher,site B,sess_000088,page_131,estilo de vida,topo da página,vídeo,celular,BR,3,3,2,0,0.00697
evt_004493,2026-03-16 17:07:00,demo_publisher,site A,sess_001019,page_033,estilo de vida,rodapé fixo,nativo,computador,US,5,3,3,0,0.02472
evt_004494,2026-03-19 10:26:00,demo_publisher,site B,sess_000834,page_119,notícias,topo da página,mídia rica,celular,US,6,4,2,0,0.01422
evt_004495,2026-04-07 14:48:00,demo_publisher,site C,sess_000403,page_069,esportes,meio do artigo,vídeo,celular,BR,2,2,2,0,0.01714
evt_004496,2026-03-20 18:53:00,demo_publisher,site A,sess_001100,page_073,tecnologia,lateral,banner,computador,BR,6,4,2,0,0.02679
evt_004497,2026-03-24 06:56:00,demo_publisher,site B,sess_000206,page_035,tecnologia,rodapé fixo,nativo,computador,BR,1,0,0,0,0.0
evt_004498,2026-03-15 16:02:00,demo_publisher,site C,sess_001396,page_128,entretenimento,topo da página,nativo,computador,BR,1,1,1,0,0.00343
evt_004499,2026-03-21 17:21:00,demo_publisher,site A,sess_001643,page_074,esportes,lateral,banner,computador,BR,3,2,1,0,0.00666
evt_004500,2026-04-11 13:36:00,demo_publisher,site C,sess_000185,page_080,tecnologia,topo da página,nativo,celular,BR,2,2,2,0,0.00684
evt_004501,2026-04-02 00:49:00,demo_publisher,site A,sess_000959,page_065,notícias,rodapé fixo,banner,tablet,BR,4,3,3,0,0.01582
evt_004502,2026-04-29 20:26:00,demo_publisher,site B,sess_001310,page_013,notícias,lateral,banner,computador,BR,2,2,0,0,0.00595
evt_004503,2026-04-16 07:28:00,demo_publisher,site A,sess_000125,page_109,tecnologia,rodapé fixo,vídeo,computador,BR,4,4,3,0,0.07476
evt_004504,2026-03-02 00:14:00,demo_publisher,site B,sess_000779,page_046,finanças,topo da página,banner,celular,BR,6,6,3,0,0.03729
evt_004505,2026-03-23 17:34:00,demo_publisher,site A,sess_000516,page_034,tecnologia,meio do artigo,vídeo,celular,BR,2,2,0,0,0.00835
evt_004506,2026-03-18 09:23:00,demo_publisher,site C,sess_000079,page_109,esportes,topo da página,nativo,celular,AR,3,3,3,0,0.01729
evt_004507,2026-04-05 06:01:00,demo_publisher,site C,sess_001608,page_028,notícias,meio do artigo,vídeo,celular,BR,4,3,2,0,0.01908
evt_004508,2026-03-16 22:32:00,demo_publisher,site C,sess_000889,page_095,estilo de vida,intersticial,vídeo,computador,BR,3,1,1,0,0.01284
evt_004509,2026-04-27 23:19:00,demo_publisher,site C,sess_001503,page_066,notícias,topo da página,vídeo,computador,BR,3,3,1,0,0.02178
evt_004510,2026-03-18 23:06:00,demo_publisher,site B,sess_001174,page_112,esportes,lateral,banner,tablet,BR,1,1,0,0,0.00259
evt_004511,2026-04-01 07:39:00,demo_publisher,site A,sess_001751,page_008,notícias,topo da página,mídia rica,celular,BR,3,3,1,0,0.01597
evt_004512,2026-03-08 08:59:00,demo_publisher,site C,sess_001994,page_108,esportes,meio do artigo,banner,computador,BR,6,5,4,0,0.01996
evt_004513,2026-04-24 14:06:00,demo_publisher,site A,sess_001204,page_032,tecnologia,meio do artigo,vídeo,tablet,BR,6,5,3,1,0.02208
evt_004514,2026-04-24 17:03:00,demo_publisher,site C,sess_000704,page_122,notícias,meio do artigo,nativo,computador,BR,5,4,1,0,0.02985
evt_004515,2026-04-17 14:53:00,demo_publisher,site B,sess_000846,page_050,estilo de vida,lateral,banner,computador,CL,1,1,0,0,0.01169
evt_004516,2026-03-22 02:20:00,demo_publisher,site B,sess_001650,page_001,estilo de vida,intersticial,nativo,tablet,BR,1,1,1,0,0.00421
evt_004517,2026-03-04 12:33:00,demo_publisher,site B,sess_000853,page_068,finanças,rodapé fixo,nativo,celular,BR,4,3,3,0,0.0103
evt_004518,2026-04-12 15:47:00,demo_publisher,site A,sess_001039,page_008,finanças,intersticial,banner,celular,BR,2,1,1,0,0.00457
evt_004519,2026-03-26 17:54:00,demo_publisher,site B,sess_000388,page_038,estilo de vida,topo da página,banner,computador,BR,2,0,0,0,0.0
evt_004520,2026-04-29 10:08:00,demo_publisher,site A,sess_001980,page_100,tecnologia,intersticial,banner,computador,BR,2,2,1,0,0.00483
evt_004521,2026-04-11 21:34:00,demo_publisher,site C,sess_001301,page_078,notícias,meio do artigo,mídia rica,tablet,BR,2,2,2,0,0.01483
evt_004522,2026-04-02 07:37:00,demo_publisher,site A,sess_000661,page_099,tecnologia,topo da página,nativo,computador,BR,1,1,1,0,0.00915
evt_004523,2026-04-29 04:51:00,demo_publisher,site C,sess_001170,page_123,notícias,meio do artigo,banner,celular,US,4,2,1,0,0.01453
evt_004524,2026-04-18 00:40:00,demo_publisher,site B,sess_000802,page_066,finanças,topo da página,vídeo,celular,BR,3,3,2,0,0.03172
evt_004525,2026-03-28 12:03:00,demo_publisher,site B,sess_000310,page_076,finanças,rodapé fixo,nativo,computador,US,5,4,4,0,0.02095
evt_004526,2026-03-02 03:09:00,demo_publisher,site B,sess_001749,page_009,notícias,topo da página,vídeo,celular,US,2,2,1,0,0.01267
evt_004527,2026-03-06 13:36:00,demo_publisher,site A,sess_001771,page_040,notícias,meio do artigo,nativo,tablet,BR,4,2,0,1,0.00853
evt_004528,2026-03-27 14:57:00,demo_publisher,site B,sess_001669,page_101,notícias,meio do artigo,banner,celular,BR,2,2,1,0,0.00779
evt_004529,2026-04-03 17:17:00,demo_publisher,site A,sess_000737,page_009,notícias,topo da página,banner,computador,BR,6,5,0,0,0.02448
evt_004530,2026-03-02 19:25:00,demo_publisher,site B,sess_000513,page_050,estilo de vida,rodapé fixo,vídeo,celular,US,2,1,0,0,0.00672
evt_004531,2026-03-08 14:15:00,demo_publisher,site A,sess_000100,page_019,notícias,meio do artigo,vídeo,computador,US,5,3,3,0,0.03346
evt_004532,2026-04-12 06:11:00,demo_publisher,site C,sess_001463,page_120,tecnologia,meio do artigo,vídeo,computador,BR,5,5,4,0,0.05408
evt_004533,2026-04-15 02:11:00,demo_publisher,site B,sess_000656,page_079,entretenimento,rodapé fixo,banner,tablet,BR,2,2,2,0,0.00143
evt_004534,2026-03-02 18:55:00,demo_publisher,site B,sess_001784,page_090,esportes,rodapé fixo,vídeo,tablet,US,1,1,1,0,0.00281
evt_004535,2026-03-31 11:03:00,demo_publisher,site A,sess_001739,page_096,notícias,meio do artigo,banner,computador,BR,4,3,2,0,0.01586
evt_004536,2026-03-05 20:36:00,demo_publisher,site B,sess_000257,page_032,finanças,topo da página,nativo,celular,US,1,1,0,0,0.00868
evt_004537,2026-04-13 09:44:00,demo_publisher,site B,sess_001833,page_007,entretenimento,intersticial,banner,tablet,BR,4,1,1,1,0.00658
evt_004538,2026-04-20 01:03:00,demo_publisher,site A,sess_000281,page_056,esportes,meio do artigo,vídeo,celular,BR,5,4,4,0,0.02761
evt_004539,2026-04-22 03:52:00,demo_publisher,site B,sess_000981,page_026,notícias,topo da página,mídia rica,computador,BR,4,4,3,0,0.02817
evt_004540,2026-04-05 21:22:00,demo_publisher,site A,sess_000948,page_045,entretenimento,topo da página,banner,computador,BR,6,5,3,0,0.02222
evt_004541,2026-04-07 17:41:00,demo_publisher,site A,sess_001912,page_045,finanças,topo da página,vídeo,celular,BR,3,3,2,0,0.0162
evt_004542,2026-04-25 14:17:00,demo_publisher,site A,sess_001314,page_109,esportes,intersticial,nativo,tablet,MX,4,2,2,0,0.00286
evt_004543,2026-04-06 17:54:00,demo_publisher,site B,sess_001750,page_045,entretenimento,intersticial,banner,computador,BR,6,4,1,0,0.0194
evt_004544,2026-03-27 18:38:00,demo_publisher,site B,sess_001192,page_022,entretenimento,meio do artigo,banner,computador,BR,6,4,3,0,0.01549
evt_004545,2026-04-15 06:34:00,demo_publisher,site A,sess_001650,page_134,finanças,lateral,vídeo,celular,BR,3,0,0,0,0.0
evt_004546,2026-04-05 10:48:00,demo_publisher,site C,sess_001704,page_007,esportes,rodapé fixo,banner,celular,BR,3,3,2,0,0.02073
evt_004547,2026-04-20 13:08:00,demo_publisher,site A,sess_001719,page_029,finanças,meio do artigo,banner,tablet,BR,5,3,3,0,0.01313
evt_004548,2026-04-01 11:34:00,demo_publisher,site B,sess_000823,page_049,notícias,lateral,vídeo,celular,BR,4,2,0,0,0.01101
evt_004549,2026-04-22 03:26:00,demo_publisher,site C,sess_000764,page_009,finanças,intersticial,nativo,celular,US,3,3,1,0,0.00954
evt_004550,2026-03-03 16:36:00,demo_publisher,site B,sess_001969,page_126,esportes,topo da página,vídeo,tablet,MX,5,4,3,0,0.03499
evt_004551,2026-03-03 04:27:00,demo_publisher,site A,sess_001513,page_050,estilo de vida,topo da página,nativo,celular,BR,5,5,4,0,0.00936
evt_004552,2026-03-06 22:36:00,demo_publisher,site C,sess_001834,page_109,tecnologia,rodapé fixo,nativo,celular,BR,3,2,1,0,0.00236
evt_004553,2026-04-03 08:54:00,demo_publisher,site B,sess_001155,page_019,entretenimento,lateral,vídeo,computador,MX,3,3,2,0,0.02178
evt_004554,2026-04-12 12:55:00,demo_publisher,site A,sess_001858,page_073,tecnologia,topo da página,banner,celular,BR,5,5,2,0,0.01535
evt_004555,2026-03-13 23:25:00,demo_publisher,site B,sess_001439,page_018,notícias,meio do artigo,banner,computador,BR,1,1,1,1,0.00103
evt_004556,2026-03-10 08:16:00,demo_publisher,site A,sess_001485,page_033,notícias,lateral,nativo,celular,BR,5,4,1,0,0.01611
evt_004557,2026-04-21 14:53:00,demo_publisher,site A,sess_000356,page_057,finanças,meio do artigo,mídia rica,computador,MX,3,3,1,0,0.01635
evt_004558,2026-04-15 00:46:00,demo_publisher,site A,sess_001134,page_120,esportes,rodapé fixo,banner,computador,BR,6,4,3,0,0.00871
evt_004559,2026-04-08 21:41:00,demo_publisher,site A,sess_001463,page_043,notícias,rodapé fixo,mídia rica,tablet,AR,4,3,2,0,0.02317
evt_004560,2026-03-30 07:14:00,demo_publisher,site A,sess_001522,page_105,tecnologia,meio do artigo,vídeo,celular,US,3,3,2,0,0.01909
evt_004561,2026-03-26 05:07:00,demo_publisher,site A,sess_001915,page_013,esportes,lateral,nativo,celular,MX,1,0,0,0,0.0
evt_004562,2026-03-02 05:33:00,demo_publisher,site B,sess_000654,page_035,notícias,lateral,banner,celular,BR,1,0,0,0,0.0
evt_004563,2026-03-12 06:52:00,demo_publisher,site A,sess_000606,page_084,finanças,topo da página,banner,computador,BR,4,4,3,0,0.02212
evt_004564,2026-04-23 19:40:00,demo_publisher,site B,sess_001938,page_066,entretenimento,meio do artigo,nativo,computador,BR,2,0,0,0,0.0054
evt_004565,2026-03-21 08:11:00,demo_publisher,site B,sess_001972,page_070,estilo de vida,meio do artigo,banner,celular,US,6,2,1,0,0.00585
evt_004566,2026-04-12 06:32:00,demo_publisher,site C,sess_000360,page_095,notícias,rodapé fixo,banner,celular,BR,3,2,2,0,0.00628
evt_004567,2026-04-12 05:26:00,demo_publisher,site A,sess_000757,page_011,finanças,rodapé fixo,banner,computador,BR,6,3,2,0,0.01031
evt_004568,2026-03-19 13:34:00,demo_publisher,site B,sess_001896,page_097,entretenimento,topo da página,mídia rica,computador,BR,3,2,2,0,0.02483
evt_004569,2026-03-13 06:16:00,demo_publisher,site B,sess_000400,page_120,notícias,rodapé fixo,banner,computador,BR,3,2,2,0,0.00945
evt_004570,2026-04-11 12:00:00,demo_publisher,site B,sess_001566,page_107,estilo de vida,lateral,nativo,celular,US,1,1,1,0,0.00609
evt_004571,2026-03-06 14:45:00,demo_publisher,site B,sess_000225,page_040,tecnologia,topo da página,banner,computador,BR,3,2,2,0,0.01653
evt_004572,2026-03-30 16:32:00,demo_publisher,site B,sess_000357,page_049,tecnologia,meio do artigo,banner,computador,BR,5,5,4,0,0.02576
evt_004573,2026-04-23 06:45:00,demo_publisher,site B,sess_001570,page_134,notícias,rodapé fixo,banner,computador,BR,6,4,3,0,0.01575
evt_004574,2026-04-12 16:18:00,demo_publisher,site B,sess_001215,page_110,entretenimento,meio do artigo,vídeo,celular,US,3,3,2,0,0.01473
evt_004575,2026-04-15 20:27:00,demo_publisher,site A,sess_001110,page_130,esportes,lateral,nativo,celular,BR,6,4,1,0,0.0158
evt_004576,2026-03-05 23:54:00,demo_publisher,site B,sess_001713,page_127,notícias,meio do artigo,banner,computador,BR,1,0,0,0,0.0
evt_004577,2026-03-12 23:42:00,demo_publisher,site B,sess_000614,page_061,notícias,lateral,vídeo,computador,BR,1,1,0,0,0.00717
evt_004578,2026-03-17 12:08:00,demo_publisher,site C,sess_001007,page_018,finanças,meio do artigo,banner,computador,BR,1,1,1,0,0.00664
evt_004579,2026-03-18 12:55:00,demo_publisher,site A,sess_001217,page_032,notícias,meio do artigo,vídeo,celular,BR,1,1,1,0,0.00345
evt_004580,2026-03-12 15:28:00,demo_publisher,site A,sess_001479,page_041,tecnologia,rodapé fixo,banner,computador,BR,1,1,1,0,0.00252
evt_004581,2026-04-28 07:46:00,demo_publisher,site B,sess_000664,page_117,tecnologia,meio do artigo,vídeo,tablet,US,1,0,0,0,0.0
evt_004582,2026-03-10 21:32:00,demo_publisher,site C,sess_001267,page_039,notícias,topo da página,mídia rica,computador,US,5,4,3,0,0.01955
evt_004583,2026-04-12 11:47:00,demo_publisher,site C,sess_000897,page_051,tecnologia,meio do artigo,vídeo,celular,BR,3,2,1,0,0.01216
evt_004584,2026-04-05 04:55:00,demo_publisher,site B,sess_001084,page_119,entretenimento,lateral,banner,computador,BR,5,3,2,0,0.00649
evt_004585,2026-04-06 15:09:00,demo_publisher,site B,sess_001725,page_023,notícias,meio do artigo,nativo,celular,BR,5,4,3,0,0.01926
evt_004586,2026-03-13 21:06:00,demo_publisher,site A,sess_000787,page_093,tecnologia,lateral,vídeo,celular,BR,5,4,3,0,0.01987
evt_004587,2026-03-19 10:59:00,demo_publisher,site A,sess_001336,page_077,entretenimento,topo da página,nativo,computador,US,1,1,1,0,0.00042
evt_004588,2026-04-06 09:21:00,demo_publisher,site B,sess_001884,page_137,tecnologia,lateral,banner,computador,US,1,1,1,0,0.00328
evt_004589,2026-03-18 22:44:00,demo_publisher,site C,sess_001525,page_069,finanças,rodapé fixo,nativo,computador,BR,5,3,2,0,0.01931
evt_004590,2026-04-11 15:31:00,demo_publisher,site A,sess_001977,page_073,entretenimento,meio do artigo,banner,celular,BR,6,3,2,0,0.01013
evt_004591,2026-03-03 08:54:00,demo_publisher,site B,sess_001167,page_119,tecnologia,lateral,nativo,tablet,BR,2,2,1,0,0.01084
evt_004592,2026-03-05 08:51:00,demo_publisher,site C,sess_000564,page_138,esportes,lateral,banner,celular,BR,4,3,1,0,0.00382
evt_004593,2026-04-13 17:00:00,demo_publisher,site A,sess_001982,page_102,esportes,lateral,nativo,celular,BR,1,1,0,0,0.00813
evt_004594,2026-04-07 00:07:00,demo_publisher,site A,sess_001289,page_098,finanças,meio do artigo,banner,computador,BR,2,1,0,0,0.00956
evt_004595,2026-03-03 14:10:00,demo_publisher,site B,sess_000483,page_122,esportes,lateral,banner,celular,US,4,3,3,0,0.01128
evt_004596,2026-04-23 22:36:00,demo_publisher,site A,sess_000635,page_137,esportes,meio do artigo,banner,celular,BR,4,4,1,0,0.01628
evt_004597,2026-03-01 06:59:00,demo_publisher,site B,sess_000525,page_103,notícias,meio do artigo,mídia rica,computador,BR,4,3,2,0,0.03212
evt_004598,2026-04-27 07:59:00,demo_publisher,site A,sess_001667,page_041,tecnologia,meio do artigo,nativo,computador,BR,3,2,1,0,0.00838
evt_004599,2026-04-13 18:28:00,demo_publisher,site B,sess_000186,page_090,tecnologia,meio do artigo,nativo,computador,BR,2,2,2,0,0.01872
evt_004600,2026-04-29 06:55:00,demo_publisher,site C,sess_001480,page_033,esportes,topo da página,vídeo,computador,BR,5,4,3,0,0.05337
evt_004601,2026-04-26 22:22:00,demo_publisher,site B,sess_001108,page_070,esportes,rodapé fixo,nativo,tablet,BR,2,2,0,0,0.00841
evt_004602,2026-03-19 18:54:00,demo_publisher,site B,sess_000147,page_062,notícias,lateral,banner,computador,BR,5,3,3,0,0.00896
evt_004603,2026-04-15 09:21:00,demo_publisher,site C,sess_001227,page_138,notícias,topo da página,nativo,computador,BR,3,1,1,0,0.00487
evt_004604,2026-03-13 15:42:00,demo_publisher,site A,sess_001506,page_078,estilo de vida,topo da página,banner,computador,BR,4,3,3,0,0.01617
evt_004605,2026-03-29 07:09:00,demo_publisher,site A,sess_001452,page_134,notícias,lateral,nativo,computador,BR,6,5,4,0,0.03145
evt_004606,2026-03-15 09:45:00,demo_publisher,site B,sess_001057,page_113,entretenimento,meio do artigo,banner,computador,BR,3,1,0,0,0.00416
evt_004607,2026-03-30 03:54:00,demo_publisher,site B,sess_000671,page_118,esportes,lateral,mídia rica,computador,BR,6,5,2,0,0.05098
evt_004608,2026-04-22 08:10:00,demo_publisher,site A,sess_000328,page_024,notícias,meio do artigo,nativo,computador,BR,1,1,0,0,0.00617
evt_004609,2026-03-27 04:02:00,demo_publisher,site B,sess_000025,page_108,tecnologia,rodapé fixo,banner,computador,CL,4,3,3,0,0.01892
evt_004610,2026-03-06 13:02:00,demo_publisher,site B,sess_000719,page_035,esportes,topo da página,nativo,celular,BR,4,4,4,0,0.0173
evt_004611,2026-03-20 11:29:00,demo_publisher,site A,sess_001264,page_081,esportes,lateral,banner,celular,BR,6,3,1,0,0.00944
evt_004612,2026-04-17 04:35:00,demo_publisher,site A,sess_000076,page_068,notícias,meio do artigo,banner,celular,BR,2,2,2,0,0.004
evt_004613,2026-04-01 07:16:00,demo_publisher,site B,sess_001997,page_037,estilo de vida,meio do artigo,vídeo,computador,BR,4,2,2,0,0.0147
evt_004614,2026-04-03 14:40:00,demo_publisher,site A,sess_001172,page_137,esportes,intersticial,vídeo,computador,BR,4,2,1,0,0.01715
evt_004615,2026-03-26 20:51:00,demo_publisher,site A,sess_000589,page_122,tecnologia,rodapé fixo,vídeo,tablet,US,1,1,1,0,0.00927
evt_004616,2026-03-18 13:36:00,demo_publisher,site A,sess_001924,page_080,estilo de vida,topo da página,nativo,computador,US,6,6,2,0,0.02432
evt_004617,2026-04-05 21:21:00,demo_publisher,site A,sess_000368,page_002,entretenimento,topo da página,banner,celular,US,3,3,2,0,0.01296
evt_004618,2026-04-07 23:38:00,demo_publisher,site A,sess_001915,page_026,estilo de vida,rodapé fixo,banner,computador,BR,3,1,1,0,0.00988
evt_004619,2026-04-23 21:17:00,demo_publisher,site B,sess_000564,page_032,tecnologia,topo da página,nativo,computador,BR,6,5,3,0,0.0752
evt_004620,2026-04-07 01:36:00,demo_publisher,site C,sess_000760,page_136,estilo de vida,rodapé fixo,nativo,celular,BR,1,1,1,0,0.00798
evt_004621,2026-04-29 16:48:00,demo_publisher,site B,sess_000851,page_057,finanças,topo da página,banner,celular,BR,4,3,2,0,0.02086
evt_004622,2026-04-19 14:16:00,demo_publisher,site B,sess_001989,page_007,estilo de vida,meio do artigo,banner,computador,BR,1,1,0,0,0.00668
evt_004623,2026-03-05 17:23:00,demo_publisher,site B,sess_000502,page_082,estilo de vida,topo da página,banner,celular,BR,6,5,3,0,0.0153
evt_004624,2026-03-24 12:43:00,demo_publisher,site B,sess_001945,page_133,notícias,meio do artigo,banner,computador,US,5,4,3,0,0.00895
evt_004625,2026-03-24 01:56:00,demo_publisher,site A,sess_000694,page_078,estilo de vida,topo da página,banner,celular,BR,4,4,2,0,0.02187
evt_004626,2026-03-01 04:20:00,demo_publisher,site A,sess_000571,page_062,esportes,meio do artigo,banner,celular,US,3,3,1,0,0.01416
evt_004627,2026-03-11 20:13:00,demo_publisher,site B,sess_001276,page_025,estilo de vida,rodapé fixo,nativo,celular,BR,6,4,3,0,0.01287
evt_004628,2026-04-15 17:33:00,demo_publisher,site A,sess_001387,page_123,notícias,topo da página,banner,computador,US,2,0,0,0,0.0
evt_004629,2026-03-22 03:03:00,demo_publisher,site C,sess_000690,page_015,notícias,lateral,banner,computador,BR,5,3,1,0,0.01189
evt_004630,2026-03-09 20:56:00,demo_publisher,site A,sess_000268,page_130,notícias,topo da página,nativo,celular,BR,3,2,2,0,0.00248
evt_004631,2026-03-18 05:57:00,demo_publisher,site B,sess_000792,page_031,notícias,lateral,vídeo,computador,BR,5,4,3,0,0.02448
evt_004632,2026-03-17 11:34:00,demo_publisher,site A,sess_001081,page_020,notícias,meio do artigo,banner,tablet,BR,5,3,1,0,0.00988
evt_004633,2026-03-11 11:20:00,demo_publisher,site B,sess_000081,page_049,notícias,lateral,banner,celular,AR,6,5,3,0,0.01862
evt_004634,2026-03-07 01:42:00,demo_publisher,site B,sess_000158,page_001,estilo de vida,rodapé fixo,nativo,computador,BR,4,2,2,1,0.01215
evt_004635,2026-04-15 20:16:00,demo_publisher,site B,sess_001835,page_002,finanças,rodapé fixo,banner,celular,BR,2,1,1,0,0.0028
evt_004636,2026-04-19 11:18:00,demo_publisher,site A,sess_000072,page_026,entretenimento,rodapé fixo,banner,computador,BR,6,5,3,0,0.01776
evt_004637,2026-03-30 18:39:00,demo_publisher,site B,sess_000814,page_097,tecnologia,topo da página,banner,computador,BR,4,3,2,0,0.01934
evt_004638,2026-04-06 22:16:00,demo_publisher,site B,sess_001528,page_114,notícias,topo da página,banner,tablet,BR,5,5,2,0,0.01619
evt_004639,2026-04-25 03:42:00,demo_publisher,site A,sess_000656,page_035,finanças,topo da página,vídeo,celular,AR,2,2,1,0,0.01079
evt_004640,2026-04-20 13:26:00,demo_publisher,site B,sess_000990,page_090,finanças,lateral,vídeo,celular,BR,4,2,1,0,0.01307
evt_004641,2026-03-02 22:55:00,demo_publisher,site B,sess_000173,page_049,esportes,topo da página,banner,celular,BR,6,4,1,0,0.01565
evt_004642,2026-04-27 04:15:00,demo_publisher,site B,sess_001589,page_061,finanças,rodapé fixo,banner,computador,BR,3,3,2,0,0.03455
evt_004643,2026-03-05 00:26:00,demo_publisher,site A,sess_001268,page_047,estilo de vida,intersticial,mídia rica,celular,MX,4,2,2,0,0.00364
evt_004644,2026-03-02 14:15:00,demo_publisher,site B,sess_001703,page_124,estilo de vida,topo da página,nativo,tablet,BR,2,2,0,0,0.00982
evt_004645,2026-03-25 04:42:00,demo_publisher,site B,sess_001727,page_072,esportes,meio do artigo,mídia rica,celular,BR,2,1,1,0,0.00414
evt_004646,2026-04-14 18:01:00,demo_publisher,site A,sess_000702,page_071,tecnologia,meio do artigo,vídeo,celular,US,5,4,2,0,0.0258
evt_004647,2026-03-05 19:35:00,demo_publisher,site B,sess_000083,page_120,esportes,meio do artigo,banner,computador,BR,3,2,1,0,0.00808
evt_004648,2026-03-18 13:54:00,demo_publisher,site A,sess_000693,page_092,tecnologia,meio do artigo,banner,celular,BR,2,1,1,0,0.00624
evt_004649,2026-03-16 18:19:00,demo_publisher,site B,sess_000291,page_021,entretenimento,topo da página,banner,computador,BR,2,2,1,0,0.00449
evt_004650,2026-03-24 20:13:00,demo_publisher,site A,sess_001067,page_027,esportes,rodapé fixo,vídeo,tablet,MX,1,1,1,0,0.00362
evt_004651,2026-04-29 03:52:00,demo_publisher,site A,sess_000293,page_048,tecnologia,lateral,banner,computador,US,3,2,0,0,0.01359
evt_004652,2026-03-20 21:14:00,demo_publisher,site C,sess_001843,page_014,tecnologia,topo da página,nativo,computador,BR,2,1,1,0,0.00922
evt_004653,2026-03-13 12:54:00,demo_publisher,site A,sess_001204,page_097,finanças,topo da página,nativo,computador,AR,1,0,0,0,0.0005
evt_004654,2026-03-08 08:07:00,demo_publisher,site C,sess_000506,page_069,notícias,rodapé fixo,vídeo,celular,BR,3,2,1,0,0.01488
evt_004655,2026-03-12 21:17:00,demo_publisher,site B,sess_001842,page_007,tecnologia,topo da página,vídeo,computador,BR,6,6,4,0,0.06363
evt_004656,2026-03-08 23:43:00,demo_publisher,site C,sess_001539,page_056,finanças,rodapé fixo,banner,computador,BR,6,4,3,0,0.01337
evt_004657,2026-04-04 10:02:00,demo_publisher,site C,sess_000876,page_116,notícias,meio do artigo,banner,tablet,US,4,3,2,0,0.00933
evt_004658,2026-03-26 05:31:00,demo_publisher,site C,sess_000293,page_127,estilo de vida,rodapé fixo,nativo,computador,BR,4,2,2,0,0.0137
evt_004659,2026-03-30 21:07:00,demo_publisher,site A,sess_000688,page_134,finanças,rodapé fixo,vídeo,celular,BR,6,4,2,0,0.02841
evt_004660,2026-04-19 22:17:00,demo_publisher,site C,sess_001168,page_129,notícias,rodapé fixo,vídeo,computador,BR,5,3,2,0,0.02055
evt_004661,2026-04-04 19:49:00,demo_publisher,site A,sess_001531,page_085,entretenimento,rodapé fixo,nativo,celular,BR,2,2,1,0,0.01373
evt_004662,2026-03-10 07:26:00,demo_publisher,site C,sess_000524,page_129,esportes,meio do artigo,vídeo,celular,BR,4,3,1,0,0.03393
evt_004663,2026-03-23 14:29:00,demo_publisher,site B,sess_001485,page_133,finanças,topo da página,banner,celular,BR,3,1,0,0,0.00791
evt_004664,2026-03-19 18:06:00,demo_publisher,site A,sess_000566,page_089,estilo de vida,lateral,banner,computador,BR,1,1,0,0,0.00241
evt_004665,2026-04-19 14:32:00,demo_publisher,site C,sess_000494,page_058,notícias,lateral,vídeo,celular,BR,6,4,1,0,0.03071
evt_004666,2026-03-19 10:06:00,demo_publisher,site B,sess_000894,page_135,tecnologia,meio do artigo,nativo,computador,BR,4,3,2,0,0.01723
evt_004667,2026-03-09 07:33:00,demo_publisher,site B,sess_000322,page_058,estilo de vida,meio do artigo,vídeo,celular,AR,5,5,3,0,0.04172
evt_004668,2026-04-14 03:50:00,demo_publisher,site C,sess_000809,page_024,finanças,topo da página,banner,computador,BR,5,3,0,0,0.01169
evt_004669,2026-03-26 16:53:00,demo_publisher,site C,sess_000716,page_015,finanças,meio do artigo,nativo,celular,BR,1,1,1,0,0.01134
evt_004670,2026-03-06 18:02:00,demo_publisher,site B,sess_000560,page_079,entretenimento,topo da página,banner,celular,BR,2,0,0,0,0.0035
evt_004671,2026-04-11 09:15:00,demo_publisher,site B,sess_001551,page_005,entretenimento,meio do artigo,banner,celular,BR,6,4,3,0,0.01019
evt_004672,2026-03-13 15:08:00,demo_publisher,site A,sess_000664,page_017,notícias,meio do artigo,banner,computador,BR,2,2,2,0,0.0087
evt_004673,2026-04-22 02:15:00,demo_publisher,site B,sess_001390,page_034,esportes,rodapé fixo,vídeo,celular,BR,2,1,1,0,0.00417
evt_004674,2026-04-19 22:44:00,demo_publisher,site B,sess_001440,page_074,finanças,meio do artigo,banner,computador,BR,4,2,1,0,0.01808
evt_004675,2026-03-23 04:10:00,demo_publisher,site B,sess_001332,page_067,entretenimento,rodapé fixo,banner,celular,BR,2,2,1,0,0.00713
evt_004676,2026-04-03 08:03:00,demo_publisher,site B,sess_000539,page_072,tecnologia,intersticial,banner,tablet,BR,5,5,2,0,0.03143
evt_004677,2026-04-04 01:33:00,demo_publisher,site B,sess_001659,page_071,esportes,topo da página,banner,celular,MX,5,4,2,0,0.01087
evt_004678,2026-04-09 04:56:00,demo_publisher,site A,sess_000473,page_139,entretenimento,lateral,nativo,computador,BR,5,4,1,0,0.02729
evt_004679,2026-03-05 03:33:00,demo_publisher,site A,sess_000554,page_031,esportes,meio do artigo,nativo,celular,BR,5,5,3,0,0.02885
evt_004680,2026-03-20 11:46:00,demo_publisher,site A,sess_001750,page_066,esportes,rodapé fixo,nativo,computador,BR,1,1,1,0,0.00614
evt_004681,2026-03-11 05:15:00,demo_publisher,site B,sess_000680,page_086,estilo de vida,meio do artigo,banner,celular,AR,4,3,2,0,0.00819
evt_004682,2026-04-11 20:23:00,demo_publisher,site B,sess_001394,page_039,esportes,topo da página,nativo,computador,AR,2,1,0,0,0.00754
evt_004683,2026-03-05 03:33:00,demo_publisher,site B,sess_000085,page_026,estilo de vida,topo da página,banner,celular,BR,1,0,0,0,0.0
evt_004684,2026-04-01 00:25:00,demo_publisher,site B,sess_001229,page_007,finanças,lateral,nativo,celular,BR,6,6,3,0,0.02636
evt_004685,2026-04-13 16:08:00,demo_publisher,site C,sess_001737,page_046,tecnologia,topo da página,vídeo,computador,BR,2,1,0,0,0.0161
evt_004686,2026-04-26 21:39:00,demo_publisher,site B,sess_001417,page_036,entretenimento,meio do artigo,nativo,celular,AR,5,4,1,0,0.00961
evt_004687,2026-03-18 06:48:00,demo_publisher,site C,sess_001165,page_028,esportes,rodapé fixo,mídia rica,computador,BR,3,2,2,0,0.01586
evt_004688,2026-03-01 11:28:00,demo_publisher,site B,sess_001698,page_038,finanças,topo da página,banner,computador,BR,5,5,3,0,0.01315
evt_004689,2026-04-13 10:11:00,demo_publisher,site B,sess_000596,page_097,tecnologia,lateral,vídeo,celular,BR,3,2,1,1,0.0194
evt_004690,2026-03-01 02:13:00,demo_publisher,site A,sess_000754,page_116,notícias,lateral,vídeo,celular,BR,3,1,1,0,0.00161
evt_004691,2026-03-04 23:36:00,demo_publisher,site A,sess_000139,page_072,tecnologia,meio do artigo,nativo,celular,BR,1,1,1,0,0.00548
evt_004692,2026-04-29 10:18:00,demo_publisher,site A,sess_001397,page_010,estilo de vida,topo da página,nativo,computador,BR,3,3,2,0,0.00893
evt_004693,2026-04-21 18:04:00,demo_publisher,site B,sess_001447,page_103,notícias,topo da página,banner,computador,BR,5,4,2,0,0.02335
evt_004694,2026-04-12 10:51:00,demo_publisher,site A,sess_001503,page_022,tecnologia,intersticial,vídeo,celular,BR,5,1,0,0,0.00698
evt_004695,2026-04-20 03:09:00,demo_publisher,site A,sess_001497,page_008,finanças,lateral,nativo,celular,BR,6,4,1,0,0.0172
evt_004696,2026-03-05 12:30:00,demo_publisher,site C,sess_000255,page_080,notícias,meio do artigo,nativo,celular,CL,4,4,2,0,0.01655
evt_004697,2026-03-06 08:03:00,demo_publisher,site A,sess_001332,page_060,notícias,rodapé fixo,banner,celular,AR,6,3,2,0,0.0091
evt_004698,2026-03-19 01:11:00,demo_publisher,site C,sess_001526,page_044,tecnologia,topo da página,banner,celular,BR,4,3,2,0,0.01732
evt_004699,2026-03-02 10:12:00,demo_publisher,site C,sess_000408,page_135,entretenimento,topo da página,mídia rica,computador,US,5,4,4,0,0.01836
evt_004700,2026-04-23 07:10:00,demo_publisher,site A,sess_000953,page_013,esportes,topo da página,banner,tablet,US,1,1,1,0,0.00531
evt_004701,2026-03-04 09:03:00,demo_publisher,site A,sess_001826,page_008,notícias,rodapé fixo,banner,tablet,AR,2,2,1,0,0.00457
evt_004702,2026-04-02 15:25:00,demo_publisher,site B,sess_000830,page_082,notícias,meio do artigo,banner,computador,BR,4,3,2,0,0.013
evt_004703,2026-04-21 05:13:00,demo_publisher,site A,sess_001506,page_059,estilo de vida,lateral,nativo,computador,BR,4,2,0,0,0.01134
evt_004704,2026-04-14 02:22:00,demo_publisher,site A,sess_001061,page_112,esportes,topo da página,vídeo,celular,CL,3,2,1,0,0.01348
evt_004705,2026-03-15 01:58:00,demo_publisher,site B,sess_001315,page_006,finanças,rodapé fixo,mídia rica,celular,BR,6,3,3,0,0.02033
evt_004706,2026-03-29 05:16:00,demo_publisher,site B,sess_001253,page_059,esportes,rodapé fixo,nativo,computador,BR,3,2,2,0,0.019
evt_004707,2026-04-02 21:30:00,demo_publisher,site A,sess_001302,page_021,finanças,meio do artigo,banner,computador,BR,1,1,0,0,0.0049
evt_004708,2026-04-16 01:48:00,demo_publisher,site A,sess_001558,page_006,estilo de vida,topo da página,banner,celular,CL,4,3,2,0,0.01295
evt_004709,2026-03-26 13:47:00,demo_publisher,site A,sess_001808,page_065,estilo de vida,lateral,banner,celular,BR,2,2,2,0,0.00871
evt_004710,2026-03-18 02:27:00,demo_publisher,site C,sess_000592,page_103,notícias,topo da página,nativo,celular,BR,1,1,1,0,0.0035
evt_004711,2026-04-17 17:33:00,demo_publisher,site C,sess_001856,page_022,finanças,topo da página,mídia rica,tablet,BR,2,1,1,0,0.00738
evt_004712,2026-04-23 04:31:00,demo_publisher,site C,sess_001256,page_118,finanças,lateral,banner,celular,US,1,1,1,0,0.00342
evt_004713,2026-03-30 08:00:00,demo_publisher,site A,sess_001191,page_073,estilo de vida,meio do artigo,banner,celular,BR,4,1,0,0,0.00231
evt_004714,2026-03-02 16:20:00,demo_publisher,site A,sess_000656,page_067,notícias,rodapé fixo,nativo,computador,BR,3,2,2,0,0.02124
evt_004715,2026-03-31 00:57:00,demo_publisher,site C,sess_000833,page_129,notícias,meio do artigo,nativo,celular,MX,6,6,4,0,0.03171
evt_004716,2026-04-23 08:34:00,demo_publisher,site C,sess_001303,page_046,finanças,topo da página,nativo,tablet,BR,1,1,0,0,0.00748
evt_004717,2026-04-29 08:17:00,demo_publisher,site A,sess_000728,page_028,esportes,lateral,nativo,celular,MX,3,2,1,0,0.00576
evt_004718,2026-03-25 01:29:00,demo_publisher,site A,sess_000575,page_110,estilo de vida,lateral,banner,celular,BR,6,5,3,1,0.01871
evt_004719,2026-03-10 00:11:00,demo_publisher,site B,sess_001638,page_015,esportes,meio do artigo,nativo,computador,BR,4,3,2,0,0.01162
evt_004720,2026-04-04 07:54:00,demo_publisher,site B,sess_000831,page_122,esportes,meio do artigo,banner,computador,BR,3,3,1,0,0.01936
evt_004721,2026-04-19 20:12:00,demo_publisher,site B,sess_001289,page_115,estilo de vida,topo da página,vídeo,celular,BR,4,2,0,0,0.01693
evt_004722,2026-04-26 16:48:00,demo_publisher,site C,sess_000063,page_136,esportes,meio do artigo,banner,computador,BR,2,2,2,1,0.00724
evt_004723,2026-03-04 02:31:00,demo_publisher,site A,sess_000155,page_064,notícias,intersticial,nativo,computador,BR,6,4,1,0,0.03561
evt_004724,2026-03-18 10:23:00,demo_publisher,site C,sess_001696,page_087,tecnologia,topo da página,mídia rica,celular,CL,4,1,1,0,0.00696
evt_004725,2026-03-29 15:48:00,demo_publisher,site A,sess_000285,page_123,finanças,meio do artigo,nativo,computador,BR,2,1,1,0,0.00348
evt_004726,2026-03-06 21:29:00,demo_publisher,site B,sess_001591,page_019,entretenimento,topo da página,banner,computador,AR,1,1,0,0,0.00227
evt_004727,2026-04-23 04:19:00,demo_publisher,site B,sess_001800,page_043,notícias,meio do artigo,mídia rica,computador,BR,4,2,0,0,0.01792
evt_004728,2026-03-07 17:31:00,demo_publisher,site B,sess_000963,page_066,entretenimento,rodapé fixo,banner,computador,US,6,2,2,0,0.00641
evt_004729,2026-04-09 21:54:00,demo_publisher,site A,sess_001769,page_088,tecnologia,meio do artigo,vídeo,computador,BR,6,4,3,0,0.02928
evt_004730,2026-04-25 02:49:00,demo_publisher,site A,sess_000855,page_095,notícias,topo da página,banner,computador,BR,4,3,3,0,0.00995
evt_004731,2026-04-11 02:42:00,demo_publisher,site C,sess_001903,page_129,finanças,meio do artigo,vídeo,celular,MX,6,6,4,0,0.05564
evt_004732,2026-04-15 19:01:00,demo_publisher,site A,sess_000474,page_069,estilo de vida,topo da página,banner,celular,BR,5,3,2,0,0.01149
evt_004733,2026-03-16 19:10:00,demo_publisher,site A,sess_000856,page_024,finanças,meio do artigo,banner,celular,US,3,1,1,0,0.00218
evt_004734,2026-04-19 15:33:00,demo_publisher,site A,sess_000778,page_027,esportes,rodapé fixo,mídia rica,celular,AR,6,4,4,0,0.02612
evt_004735,2026-03-26 02:44:00,demo_publisher,site B,sess_001568,page_112,entretenimento,topo da página,nativo,celular,BR,1,1,1,0,0.00363
evt_004736,2026-03-04 16:18:00,demo_publisher,site B,sess_000088,page_065,tecnologia,meio do artigo,banner,celular,AR,6,4,2,0,0.01801
evt_004737,2026-03-22 23:52:00,demo_publisher,site B,sess_001656,page_088,entretenimento,meio do artigo,banner,celular,BR,6,5,4,0,0.00642
evt_004738,2026-03-21 23:46:00,demo_publisher,site A,sess_000047,page_079,tecnologia,rodapé fixo,banner,celular,BR,4,4,4,0,0.01476
evt_004739,2026-04-01 06:52:00,demo_publisher,site C,sess_000632,page_113,tecnologia,topo da página,banner,computador,MX,6,5,4,0,0.05238
evt_004740,2026-03-16 21:21:00,demo_publisher,site A,sess_001192,page_031,tecnologia,meio do artigo,nativo,tablet,BR,1,1,1,0,0.00488
evt_004741,2026-03-28 17:36:00,demo_publisher,site C,sess_000291,page_024,estilo de vida,topo da página,nativo,celular,CL,1,1,0,0,0.00177
evt_004742,2026-03-26 16:16:00,demo_publisher,site A,sess_000980,page_102,entretenimento,topo da página,mídia rica,celular,AR,3,2,2,1,0.00649
evt_004743,2026-03-20 14:44:00,demo_publisher,site B,sess_001994,page_061,estilo de vida,topo da página,vídeo,celular,BR,1,1,1,0,0.01626
evt_004744,2026-04-11 18:34:00,demo_publisher,site B,sess_001646,page_114,notícias,lateral,mídia rica,celular,US,2,0,0,0,0.00011
evt_004745,2026-03-19 07:53:00,demo_publisher,site B,sess_000061,page_018,estilo de vida,topo da página,nativo,celular,BR,2,2,1,0,0.00642
evt_004746,2026-04-15 22:43:00,demo_publisher,site C,sess_001183,page_038,notícias,intersticial,banner,celular,BR,3,1,0,0,0.00249
evt_004747,2026-03-16 01:13:00,demo_publisher,site B,sess_001195,page_134,entretenimento,meio do artigo,nativo,celular,BR,4,4,2,0,0.0166
evt_004748,2026-04-21 21:25:00,demo_publisher,site B,sess_000137,page_118,estilo de vida,rodapé fixo,banner,celular,BR,2,2,2,0,0.0054
evt_004749,2026-03-22 21:40:00,demo_publisher,site A,sess_001300,page_009,estilo de vida,topo da página,banner,computador,BR,2,2,1,0,0.00837
evt_004750,2026-03-03 10:36:00,demo_publisher,site B,sess_001042,page_114,notícias,meio do artigo,vídeo,tablet,BR,5,4,1,0,0.01416
evt_004751,2026-03-09 23:54:00,demo_publisher,site B,sess_001363,page_010,finanças,lateral,nativo,celular,BR,2,1,0,0,0.00778
evt_004752,2026-04-18 09:00:00,demo_publisher,site C,sess_000595,page_017,esportes,meio do artigo,banner,computador,CL,3,2,1,0,0.00771
evt_004753,2026-04-22 07:49:00,demo_publisher,site B,sess_000511,page_125,estilo de vida,meio do artigo,banner,computador,AR,5,4,3,0,0.0201
evt_004754,2026-03-13 17:15:00,demo_publisher,site A,sess_001472,page_018,estilo de vida,rodapé fixo,banner,tablet,BR,3,1,1,0,0.0024
evt_004755,2026-04-06 03:03:00,demo_publisher,site A,sess_001443,page_042,finanças,lateral,nativo,computador,CL,2,2,1,0,0.01954
evt_004756,2026-04-04 11:03:00,demo_publisher,site A,sess_000324,page_019,esportes,rodapé fixo,banner,computador,BR,5,4,2,0,0.02041
evt_004757,2026-03-09 00:39:00,demo_publisher,site B,sess_000433,page_083,finanças,topo da página,vídeo,computador,BR,6,4,3,0,0.02767
evt_004758,2026-03-28 02:52:00,demo_publisher,site B,sess_001173,page_008,finanças,lateral,nativo,computador,BR,6,5,3,0,0.05829
evt_004759,2026-04-11 15:09:00,demo_publisher,site B,sess_001658,page_040,tecnologia,lateral,banner,celular,BR,3,2,1,0,0.01001
evt_004760,2026-04-28 00:39:00,demo_publisher,site B,sess_000404,page_046,entretenimento,lateral,vídeo,celular,BR,1,1,0,0,0.00561
evt_004761,2026-04-20 20:38:00,demo_publisher,site B,sess_000439,page_091,tecnologia,lateral,mídia rica,celular,BR,3,3,2,0,0.00969
evt_004762,2026-03-06 20:52:00,demo_publisher,site B,sess_001615,page_070,esportes,lateral,vídeo,computador,BR,5,4,3,0,0.04105
evt_004763,2026-03-15 06:03:00,demo_publisher,site C,sess_001393,page_027,notícias,rodapé fixo,nativo,celular,BR,6,6,4,0,0.01176
evt_004764,2026-03-27 04:51:00,demo_publisher,site B,sess_001804,page_065,entretenimento,topo da página,banner,computador,BR,1,1,1,0,0.00915
evt_004765,2026-03-10 00:51:00,demo_publisher,site A,sess_001567,page_064,entretenimento,topo da página,nativo,celular,BR,1,1,1,0,0.00471
evt_004766,2026-04-04 05:47:00,demo_publisher,site A,sess_001906,page_050,notícias,topo da página,vídeo,computador,AR,2,2,0,0,0.01373
evt_004767,2026-03-01 12:24:00,demo_publisher,site A,sess_000378,page_075,estilo de vida,topo da página,mídia rica,tablet,US,1,0,0,0,0.00228
evt_004768,2026-03-07 19:28:00,demo_publisher,site A,sess_000544,page_046,finanças,lateral,banner,celular,BR,2,1,1,0,0.00321
evt_004769,2026-03-03 20:02:00,demo_publisher,site B,sess_000476,page_047,notícias,meio do artigo,nativo,celular,BR,3,3,2,0,0.01492
evt_004770,2026-03-18 17:30:00,demo_publisher,site A,sess_000111,page_109,entretenimento,meio do artigo,banner,celular,MX,2,1,0,0,0.00408
evt_004771,2026-04-15 17:38:00,demo_publisher,site A,sess_001558,page_035,entretenimento,rodapé fixo,banner,celular,BR,4,3,2,0,0.00856
evt_004772,2026-03-11 15:16:00,demo_publisher,site B,sess_001323,page_046,entretenimento,rodapé fixo,banner,celular,BR,6,6,5,0,0.01679
evt_004773,2026-04-29 05:32:00,demo_publisher,site A,sess_000172,page_020,notícias,meio do artigo,banner,celular,BR,4,4,3,0,0.01482
evt_004774,2026-03-17 04:08:00,demo_publisher,site C,sess_000397,page_098,finanças,meio do artigo,nativo,tablet,BR,4,3,2,0,0.0289
evt_004775,2026-03-03 16:37:00,demo_publisher,site B,sess_000382,page_099,entretenimento,topo da página,banner,tablet,BR,6,6,4,0,0.03021
evt_004776,2026-03-21 03:06:00,demo_publisher,site B,sess_000806,page_095,estilo de vida,meio do artigo,nativo,celular,BR,4,2,1,0,0.00419
evt_004777,2026-04-14 21:13:00,demo_publisher,site B,sess_000911,page_024,finanças,meio do artigo,nativo,celular,BR,6,4,3,0,0.02235
evt_004778,2026-03-07 09:34:00,demo_publisher,site B,sess_000578,page_063,finanças,topo da página,banner,computador,BR,6,4,3,0,0.02328
evt_004779,2026-03-05 07:28:00,demo_publisher,site B,sess_001860,page_041,notícias,rodapé fixo,nativo,computador,US,1,0,0,0,0.00109
evt_004780,2026-04-20 23:03:00,demo_publisher,site C,sess_000426,page_107,estilo de vida,meio do artigo,banner,celular,CL,6,6,5,0,0.01417
evt_004781,2026-04-05 12:40:00,demo_publisher,site A,sess_001124,page_047,tecnologia,topo da página,banner,tablet,BR,1,1,0,0,0.01008
evt_004782,2026-03-21 14:16:00,demo_publisher,site A,sess_000876,page_058,notícias,lateral,mídia rica,celular,BR,2,2,2,0,0.00621
evt_004783,2026-04-15 08:44:00,demo_publisher,site B,sess_000775,page_064,notícias,meio do artigo,banner,celular,BR,4,3,2,0,0.01372
evt_004784,2026-04-20 15:49:00,demo_publisher,site A,sess_001651,page_106,finanças,meio do artigo,banner,computador,BR,5,4,1,0,0.01682
evt_004785,2026-03-22 13:15:00,demo_publisher,site A,sess_001956,page_098,estilo de vida,topo da página,nativo,celular,BR,6,6,5,0,0.02609
evt_004786,2026-04-03 16:06:00,demo_publisher,site A,sess_000012,page_114,esportes,topo da página,banner,celular,BR,3,2,0,0,0.01082
evt_004787,2026-03-01 15:44:00,demo_publisher,site A,sess_000927,page_060,notícias,meio do artigo,banner,celular,BR,2,2,1,0,0.01688
evt_004788,2026-03-19 08:49:00,demo_publisher,site B,sess_000239,page_114,tecnologia,meio do artigo,vídeo,computador,AR,3,3,3,0,0.02044
evt_004789,2026-04-05 17:04:00,demo_publisher,site C,sess_000868,page_122,esportes,topo da página,nativo,celular,BR,3,2,0,0,0.01221
evt_004790,2026-03-12 19:49:00,demo_publisher,site B,sess_001234,page_073,estilo de vida,rodapé fixo,nativo,computador,MX,2,2,1,0,0.00378
evt_004791,2026-04-29 11:23:00,demo_publisher,site A,sess_000823,page_095,estilo de vida,rodapé fixo,mídia rica,celular,US,2,2,2,0,0.00623
evt_004792,2026-04-28 06:26:00,demo_publisher,site B,sess_000618,page_127,finanças,meio do artigo,banner,tablet,BR,5,5,2,0,0.04526
evt_004793,2026-03-16 10:58:00,demo_publisher,site A,sess_000625,page_117,estilo de vida,rodapé fixo,nativo,celular,BR,6,5,4,0,0.03474
evt_004794,2026-03-24 18:45:00,demo_publisher,site A,sess_000600,page_039,estilo de vida,meio do artigo,banner,computador,BR,4,2,0,0,0.01235
evt_004795,2026-03-12 08:52:00,demo_publisher,site A,sess_000652,page_100,estilo de vida,topo da página,banner,celular,BR,1,0,0,0,0.00213
evt_004796,2026-03-31 05:41:00,demo_publisher,site A,sess_000748,page_062,estilo de vida,meio do artigo,mídia rica,celular,BR,5,3,2,0,0.01074
evt_004797,2026-03-08 10:27:00,demo_publisher,site C,sess_001375,page_021,finanças,meio do artigo,vídeo,celular,US,4,3,1,0,0.04363
evt_004798,2026-03-24 10:57:00,demo_publisher,site A,sess_000192,page_052,finanças,meio do artigo,banner,computador,BR,3,1,0,0,0.00437
evt_004799,2026-04-03 07:34:00,demo_publisher,site A,sess_000082,page_136,finanças,intersticial,banner,celular,CL,1,0,0,0,0.0
evt_004800,2026-04-06 17:03:00,demo_publisher,site B,sess_001033,page_134,finanças,meio do artigo,banner,celular,BR,5,3,1,0,0.0418
evt_004801,2026-04-05 18:52:00,demo_publisher,site B,sess_001363,page_110,finanças,topo da página,nativo,computador,AR,4,4,4,0,0.02009
evt_004802,2026-03-14 06:50:00,demo_publisher,site C,sess_000518,page_138,notícias,topo da página,banner,celular,BR,2,2,1,0,0.00862
evt_004803,2026-04-17 12:52:00,demo_publisher,site B,sess_000403,page_080,tecnologia,rodapé fixo,mídia rica,celular,BR,3,3,1,0,0.02552
evt_004804,2026-04-11 12:07:00,demo_publisher,site C,sess_001249,page_106,notícias,topo da página,banner,celular,US,4,3,1,0,0.00909
evt_004805,2026-04-15 04:25:00,demo_publisher,site B,sess_000769,page_023,entretenimento,rodapé fixo,banner,tablet,MX,4,2,1,1,0.01708
evt_004806,2026-03-29 01:42:00,demo_publisher,site B,sess_001472,page_042,estilo de vida,topo da página,mídia rica,celular,BR,4,3,2,0,0.00823
evt_004807,2026-04-23 13:15:00,demo_publisher,site A,sess_000293,page_025,notícias,rodapé fixo,mídia rica,celular,BR,1,0,0,0,0.0
evt_004808,2026-03-24 09:23:00,demo_publisher,site A,sess_000243,page_131,estilo de vida,meio do artigo,banner,celular,BR,4,4,1,0,0.01523
evt_004809,2026-04-18 08:18:00,demo_publisher,site B,sess_001105,page_086,esportes,topo da página,nativo,computador,US,1,1,1,0,0.00459
evt_004810,2026-03-13 05:04:00,demo_publisher,site B,sess_000785,page_130,entretenimento,topo da página,mídia rica,computador,BR,1,0,0,0,0.0
evt_004811,2026-03-15 20:03:00,demo_publisher,site A,sess_001458,page_058,entretenimento,topo da página,nativo,celular,BR,1,1,0,0,0.00491
evt_004812,2026-04-01 14:30:00,demo_publisher,site A,sess_001012,page_057,tecnologia,topo da página,nativo,computador,BR,4,4,3,0,0.04733
evt_004813,2026-04-03 08:27:00,demo_publisher,site A,sess_000709,page_094,estilo de vida,topo da página,nativo,computador,BR,6,5,2,0,0.01547
evt_004814,2026-04-14 18:33:00,demo_publisher,site A,sess_000320,page_079,entretenimento,lateral,mídia rica,celular,BR,6,4,2,0,0.00469
evt_004815,2026-03-18 20:16:00,demo_publisher,site B,sess_000327,page_052,estilo de vida,meio do artigo,nativo,computador,BR,5,4,3,0,0.02108
evt_004816,2026-04-22 08:36:00,demo_publisher,site A,sess_001511,page_045,entretenimento,meio do artigo,banner,computador,BR,5,5,2,0,0.02257
evt_004817,2026-03-20 18:53:00,demo_publisher,site A,sess_000453,page_072,notícias,lateral,nativo,celular,AR,1,1,1,0,0.0104
evt_004818,2026-04-02 01:13:00,demo_publisher,site A,sess_001005,page_011,entretenimento,rodapé fixo,vídeo,computador,BR,1,1,1,0,0.0113
evt_004819,2026-04-25 21:59:00,demo_publisher,site A,sess_001636,page_027,estilo de vida,intersticial,nativo,celular,BR,2,1,0,0,0.00404
evt_004820,2026-04-02 08:44:00,demo_publisher,site B,sess_001795,page_007,esportes,meio do artigo,banner,computador,BR,3,3,3,0,0.01927
evt_004821,2026-04-10 21:55:00,demo_publisher,site A,sess_000536,page_022,entretenimento,meio do artigo,nativo,celular,BR,3,3,2,0,0.01441
evt_004822,2026-04-24 12:25:00,demo_publisher,site B,sess_000220,page_028,estilo de vida,intersticial,banner,celular,BR,4,3,1,0,0.01582
evt_004823,2026-04-28 11:24:00,demo_publisher,site A,sess_001549,page_011,entretenimento,intersticial,mídia rica,celular,BR,1,1,0,0,0.00249
evt_004824,2026-03-30 23:08:00,demo_publisher,site B,sess_001374,page_008,notícias,rodapé fixo,banner,computador,BR,1,1,1,0,0.00626
evt_004825,2026-03-26 00:21:00,demo_publisher,site A,sess_000663,page_114,estilo de vida,lateral,vídeo,celular,MX,6,3,2,0,0.02249
evt_004826,2026-03-12 19:34:00,demo_publisher,site B,sess_001187,page_026,tecnologia,lateral,nativo,computador,BR,4,2,1,0,0.01908
evt_004827,2026-04-02 05:54:00,demo_publisher,site A,sess_000378,page_078,notícias,rodapé fixo,banner,celular,BR,3,3,1,1,0.01913
evt_004828,2026-04-25 02:24:00,demo_publisher,site B,sess_001401,page_014,tecnologia,meio do artigo,nativo,computador,BR,5,4,2,0,0.02692
evt_004829,2026-03-30 05:26:00,demo_publisher,site C,sess_001454,page_132,estilo de vida,topo da página,banner,computador,BR,5,4,3,0,0.01471
evt_004830,2026-03-21 21:48:00,demo_publisher,site B,sess_000599,page_034,esportes,intersticial,vídeo,computador,BR,6,4,1,0,0.04013
evt_004831,2026-03-07 10:29:00,demo_publisher,site A,sess_000937,page_105,estilo de vida,rodapé fixo,vídeo,computador,BR,4,3,2,0,0.00954
evt_004832,2026-03-24 09:12:00,demo_publisher,site A,sess_000668,page_090,notícias,topo da página,banner,computador,BR,4,3,1,0,0.02623
evt_004833,2026-03-15 04:51:00,demo_publisher,site A,sess_000063,page_107,tecnologia,topo da página,nativo,computador,MX,6,5,3,0,0.0259
evt_004834,2026-04-28 14:28:00,demo_publisher,site A,sess_000255,page_088,tecnologia,rodapé fixo,mídia rica,celular,BR,6,6,5,0,0.03609
evt_004835,2026-04-01 15:47:00,demo_publisher,site B,sess_001919,page_071,finanças,meio do artigo,banner,celular,BR,5,3,3,0,0.02059
evt_004836,2026-03-09 05:15:00,demo_publisher,site B,sess_000912,page_108,finanças,lateral,mídia rica,celular,US,4,3,1,0,0.01429
evt_004837,2026-03-05 01:01:00,demo_publisher,site B,sess_000296,page_114,finanças,topo da página,banner,computador,BR,1,1,1,0,0.00134
evt_004838,2026-04-21 01:04:00,demo_publisher,site A,sess_000089,page_053,esportes,topo da página,banner,computador,BR,6,5,3,0,0.03539
evt_004839,2026-04-25 21:18:00,demo_publisher,site A,sess_000707,page_131,entretenimento,rodapé fixo,nativo,tablet,AR,1,1,0,0,0.00344
evt_004840,2026-04-15 18:43:00,demo_publisher,site A,sess_001965,page_138,esportes,intersticial,banner,computador,BR,1,1,0,0,0.0053
evt_004841,2026-03-08 10:20:00,demo_publisher,site A,sess_000770,page_101,finanças,meio do artigo,vídeo,celular,BR,3,3,1,0,0.0223
evt_004842,2026-03-06 21:31:00,demo_publisher,site A,sess_001998,page_130,esportes,topo da página,nativo,celular,BR,1,1,0,0,0.0
evt_004843,2026-03-12 21:05:00,demo_publisher,site C,sess_000979,page_015,estilo de vida,topo da página,nativo,computador,BR,1,1,1,0,0.00127
evt_004844,2026-04-15 01:38:00,demo_publisher,site A,sess_001528,page_076,tecnologia,topo da página,nativo,celular,BR,3,2,1,0,0.00675
evt_004845,2026-04-15 22:03:00,demo_publisher,site B,sess_001571,page_091,notícias,rodapé fixo,nativo,celular,AR,3,3,2,0,0.01834
evt_004846,2026-04-20 06:30:00,demo_publisher,site C,sess_000057,page_129,esportes,meio do artigo,vídeo,celular,BR,1,1,1,0,0.00526
evt_004847,2026-03-06 19:35:00,demo_publisher,site C,sess_000013,page_017,notícias,intersticial,nativo,celular,US,6,3,2,0,0.01197
evt_004848,2026-03-10 04:37:00,demo_publisher,site A,sess_001845,page_113,notícias,rodapé fixo,vídeo,computador,BR,2,2,2,1,0.01392
evt_004849,2026-04-24 00:24:00,demo_publisher,site B,sess_001865,page_011,finanças,meio do artigo,nativo,celular,BR,2,2,2,0,0.01346
evt_004850,2026-04-25 17:23:00,demo_publisher,site C,sess_000266,page_050,tecnologia,topo da página,banner,computador,BR,5,3,0,0,0.02334
evt_004851,2026-04-13 13:00:00,demo_publisher,site A,sess_001292,page_097,estilo de vida,intersticial,nativo,computador,BR,5,3,2,0,0.01458
evt_004852,2026-03-07 08:41:00,demo_publisher,site B,sess_001847,page_041,notícias,topo da página,banner,celular,MX,3,3,2,0,0.00917
evt_004853,2026-03-05 02:48:00,demo_publisher,site C,sess_001901,page_117,estilo de vida,rodapé fixo,banner,computador,BR,2,1,1,0,0.0062
evt_004854,2026-03-04 08:02:00,demo_publisher,site C,sess_000593,page_130,tecnologia,meio do artigo,banner,celular,BR,6,5,3,0,0.02015
evt_004855,2026-04-11 12:15:00,demo_publisher,site C,sess_001634,page_023,esportes,meio do artigo,banner,tablet,MX,1,1,0,0,0.00783
evt_004856,2026-04-20 18:11:00,demo_publisher,site B,sess_001293,page_036,esportes,meio do artigo,banner,computador,BR,4,3,3,0,0.01622
evt_004857,2026-04-07 21:32:00,demo_publisher,site B,sess_001855,page_011,tecnologia,meio do artigo,vídeo,computador,BR,1,1,0,0,0.00607
evt_004858,2026-03-16 17:25:00,demo_publisher,site A,sess_000294,page_099,notícias,lateral,vídeo,celular,BR,1,1,1,0,0.0093
evt_004859,2026-04-15 10:34:00,demo_publisher,site C,sess_001202,page_124,tecnologia,meio do artigo,banner,computador,BR,1,1,1,0,0.00663
evt_004860,2026-03-04 13:08:00,demo_publisher,site B,sess_000049,page_084,tecnologia,topo da página,mídia rica,computador,BR,4,2,2,1,0.02729
evt_004861,2026-04-19 16:36:00,demo_publisher,site A,sess_000715,page_019,entretenimento,meio do artigo,mídia rica,tablet,BR,2,1,1,0,0.00332
evt_004862,2026-04-23 12:18:00,demo_publisher,site C,sess_000023,page_025,notícias,meio do artigo,vídeo,computador,BR,5,4,1,0,0.00949
evt_004863,2026-04-13 02:25:00,demo_publisher,site A,sess_000886,page_005,notícias,rodapé fixo,banner,computador,BR,6,5,4,0,0.01996
evt_004864,2026-04-22 18:08:00,demo_publisher,site C,sess_001622,page_069,entretenimento,rodapé fixo,banner,celular,AR,1,1,1,0,0.00149
evt_004865,2026-04-05 04:05:00,demo_publisher,site B,sess_001316,page_101,finanças,lateral,banner,computador,BR,4,4,2,0,0.01488
evt_004866,2026-03-29 02:26:00,demo_publisher,site A,sess_000634,page_021,esportes,intersticial,vídeo,celular,BR,6,4,3,0,0.05464
evt_004867,2026-03-20 08:20:00,demo_publisher,site A,sess_000854,page_118,estilo de vida,meio do artigo,nativo,celular,US,1,0,0,0,0.0
evt_004868,2026-04-25 07:15:00,demo_publisher,site B,sess_000735,page_036,notícias,topo da página,nativo,computador,BR,3,2,1,0,0.00986
evt_004869,2026-04-11 20:04:00,demo_publisher,site B,sess_001463,page_072,estilo de vida,topo da página,vídeo,computador,BR,1,0,0,0,0.00042
evt_004870,2026-03-12 10:18:00,demo_publisher,site A,sess_000533,page_093,entretenimento,rodapé fixo,mídia rica,celular,BR,1,1,0,0,0.00385
evt_004871,2026-04-27 10:02:00,demo_publisher,site A,sess_000184,page_076,estilo de vida,meio do artigo,nativo,celular,AR,6,6,3,0,0.01427
evt_004872,2026-03-04 13:15:00,demo_publisher,site A,sess_001013,page_067,finanças,rodapé fixo,mídia rica,celular,BR,2,0,0,0,0.0
evt_004873,2026-04-05 06:01:00,demo_publisher,site C,sess_001660,page_047,entretenimento,meio do artigo,vídeo,computador,CL,2,1,1,0,0.00712
evt_004874,2026-03-12 10:22:00,demo_publisher,site A,sess_000954,page_060,estilo de vida,topo da página,banner,celular,BR,6,5,4,0,0.0304
evt_004875,2026-04-09 20:39:00,demo_publisher,site A,sess_000409,page_034,notícias,meio do artigo,vídeo,computador,BR,2,2,1,0,0.00917
evt_004876,2026-03-25 18:13:00,demo_publisher,site A,sess_000093,page_041,estilo de vida,lateral,banner,celular,BR,2,1,1,0,0.00607
evt_004877,2026-03-27 05:27:00,demo_publisher,site A,sess_001887,page_105,notícias,meio do artigo,banner,celular,BR,6,6,5,0,0.01047
evt_004878,2026-04-10 07:01:00,demo_publisher,site C,sess_001521,page_123,esportes,rodapé fixo,mídia rica,computador,BR,5,2,2,0,0.0058
evt_004879,2026-04-15 08:48:00,demo_publisher,site B,sess_000311,page_119,estilo de vida,lateral,banner,celular,CL,4,3,3,0,0.01339
evt_004880,2026-03-23 19:15:00,demo_publisher,site B,sess_000148,page_047,notícias,meio do artigo,nativo,celular,US,6,6,1,0,0.02331
evt_004881,2026-04-29 20:38:00,demo_publisher,site C,sess_000259,page_045,notícias,lateral,mídia rica,celular,AR,2,2,1,0,0.00732
evt_004882,2026-03-30 21:48:00,demo_publisher,site C,sess_000753,page_009,estilo de vida,meio do artigo,banner,celular,US,5,5,5,0,0.00607
evt_004883,2026-03-10 14:57:00,demo_publisher,site C,sess_001623,page_039,esportes,rodapé fixo,banner,computador,MX,4,2,1,0,0.01233
evt_004884,2026-03-01 09:12:00,demo_publisher,site C,sess_000320,page_082,finanças,meio do artigo,banner,celular,BR,4,4,3,1,0.02535
evt_004885,2026-03-13 03:27:00,demo_publisher,site B,sess_001637,page_038,esportes,lateral,nativo,celular,MX,3,2,1,0,0.00405
evt_004886,2026-04-11 11:10:00,demo_publisher,site C,sess_000004,page_102,estilo de vida,meio do artigo,banner,computador,US,1,1,1,0,0.00585
evt_004887,2026-04-02 08:47:00,demo_publisher,site B,sess_001477,page_008,entretenimento,topo da página,banner,celular,BR,4,3,3,0,0.00642
evt_004888,2026-03-21 06:28:00,demo_publisher,site C,sess_000565,page_058,notícias,lateral,vídeo,tablet,BR,5,3,1,0,0.01158
evt_004889,2026-03-29 21:10:00,demo_publisher,site C,sess_001921,page_040,tecnologia,meio do artigo,banner,celular,US,1,1,1,0,0.00611
evt_004890,2026-04-20 06:53:00,demo_publisher,site B,sess_000952,page_069,notícias,lateral,nativo,computador,BR,1,1,0,0,0.00272
evt_004891,2026-04-04 07:03:00,demo_publisher,site A,sess_000541,page_004,esportes,meio do artigo,banner,celular,BR,6,5,3,0,0.02338
evt_004892,2026-03-04 11:39:00,demo_publisher,site C,sess_000486,page_059,esportes,topo da página,nativo,computador,AR,6,3,2,0,0.01351
evt_004893,2026-03-03 22:39:00,demo_publisher,site B,sess_001653,page_110,notícias,topo da página,nativo,computador,BR,4,3,2,0,0.01754
evt_004894,2026-03-29 22:09:00,demo_publisher,site C,sess_000806,page_120,notícias,lateral,banner,computador,BR,3,3,2,0,0.01843
evt_004895,2026-03-25 06:09:00,demo_publisher,site A,sess_000704,page_036,tecnologia,meio do artigo,banner,celular,BR,1,1,1,0,0.00496
evt_004896,2026-04-21 00:43:00,demo_publisher,site B,sess_001471,page_060,tecnologia,meio do artigo,banner,celular,BR,6,6,4,0,0.01082
evt_004897,2026-04-04 23:29:00,demo_publisher,site C,sess_001075,page_096,entretenimento,topo da página,banner,celular,MX,4,3,0,0,0.01191
evt_004898,2026-04-15 09:52:00,demo_publisher,site A,sess_001328,page_065,entretenimento,meio do artigo,banner,computador,BR,1,1,1,0,0.00056
evt_004899,2026-04-05 02:40:00,demo_publisher,site A,sess_000891,page_076,finanças,lateral,nativo,computador,CL,3,1,1,0,0.01552
evt_004900,2026-03-21 17:12:00,demo_publisher,site C,sess_000128,page_048,notícias,rodapé fixo,banner,celular,BR,6,4,3,0,0.01202
evt_004901,2026-04-09 10:33:00,demo_publisher,site B,sess_000012,page_117,notícias,meio do artigo,banner,celular,BR,6,4,4,0,0.02003
evt_004902,2026-04-07 06:51:00,demo_publisher,site B,sess_000079,page_088,finanças,meio do artigo,banner,computador,BR,4,4,3,0,0.04109
evt_004903,2026-04-13 05:06:00,demo_publisher,site B,sess_001149,page_134,tecnologia,meio do artigo,vídeo,computador,BR,1,1,0,0,0.00719
evt_004904,2026-03-12 08:30:00,demo_publisher,site B,sess_001027,page_109,esportes,lateral,banner,computador,BR,1,1,1,0,0.00614
evt_004905,2026-04-08 11:49:00,demo_publisher,site A,sess_001495,page_052,notícias,rodapé fixo,nativo,celular,US,3,1,1,0,0.00637
evt_004906,2026-03-18 03:04:00,demo_publisher,site C,sess_001789,page_046,finanças,topo da página,nativo,celular,US,5,2,2,0,0.02596
evt_004907,2026-04-17 09:57:00,demo_publisher,site B,sess_000349,page_013,entretenimento,lateral,banner,celular,BR,5,5,2,0,0.02528
evt_004908,2026-04-17 21:52:00,demo_publisher,site C,sess_001914,page_087,finanças,topo da página,banner,celular,BR,5,2,1,0,0.00468
evt_004909,2026-04-07 11:39:00,demo_publisher,site C,sess_001863,page_105,tecnologia,topo da página,banner,computador,BR,2,2,1,0,0.00971
evt_004910,2026-04-26 19:14:00,demo_publisher,site A,sess_001232,page_050,finanças,topo da página,nativo,computador,US,2,1,0,1,0.00637
evt_004911,2026-04-02 06:00:00,demo_publisher,site C,sess_001061,page_003,esportes,topo da página,banner,computador,US,2,0,0,0,0.0
evt_004912,2026-03-02 12:11:00,demo_publisher,site A,sess_000354,page_115,finanças,meio do artigo,banner,celular,BR,5,2,1,0,0.00615
evt_004913,2026-04-06 08:55:00,demo_publisher,site C,sess_000357,page_031,tecnologia,topo da página,mídia rica,celular,BR,5,4,2,0,0.02002
evt_004914,2026-04-16 15:52:00,demo_publisher,site B,sess_000038,page_081,tecnologia,topo da página,vídeo,computador,BR,1,1,1,0,0.01162
evt_004915,2026-03-07 01:43:00,demo_publisher,site A,sess_001292,page_008,finanças,topo da página,banner,computador,BR,5,4,2,0,0.02588
evt_004916,2026-03-07 06:37:00,demo_publisher,site B,sess_000866,page_009,esportes,topo da página,mídia rica,computador,US,3,3,2,0,0.02726
evt_004917,2026-03-17 09:20:00,demo_publisher,site C,sess_000384,page_125,notícias,meio do artigo,banner,computador,BR,3,3,2,0,0.01173
evt_004918,2026-04-20 15:42:00,demo_publisher,site C,sess_000268,page_094,notícias,rodapé fixo,banner,celular,BR,4,2,1,0,0.00542
evt_004919,2026-04-01 15:27:00,demo_publisher,site A,sess_000128,page_001,notícias,meio do artigo,banner,computador,BR,3,3,2,0,0.0137
evt_004920,2026-04-28 14:04:00,demo_publisher,site B,sess_001282,page_014,notícias,topo da página,mídia rica,computador,US,6,5,5,0,0.02516
evt_004921,2026-04-22 09:06:00,demo_publisher,site A,sess_001370,page_069,estilo de vida,meio do artigo,banner,celular,BR,4,4,4,0,0.02257
evt_004922,2026-04-03 06:57:00,demo_publisher,site A,sess_001263,page_095,tecnologia,meio do artigo,vídeo,computador,BR,5,4,2,0,0.05055
evt_004923,2026-04-10 17:50:00,demo_publisher,site A,sess_000222,page_059,tecnologia,topo da página,nativo,computador,BR,6,6,5,0,0.05564
evt_004924,2026-03-20 20:38:00,demo_publisher,site B,sess_000083,page_122,tecnologia,meio do artigo,nativo,celular,BR,6,3,2,0,0.02
evt_004925,2026-03-06 10:11:00,demo_publisher,site A,sess_000213,page_091,entretenimento,meio do artigo,banner,computador,AR,4,2,2,0,0.00183
evt_004926,2026-03-24 22:10:00,demo_publisher,site B,sess_001503,page_086,entretenimento,meio do artigo,banner,celular,BR,6,6,3,0,0.01212
evt_004927,2026-04-05 12:52:00,demo_publisher,site C,sess_001480,page_041,esportes,lateral,vídeo,celular,BR,4,4,2,0,0.01141
evt_004928,2026-03-11 22:21:00,demo_publisher,site B,sess_000590,page_095,notícias,meio do artigo,banner,computador,BR,3,3,3,0,0.02278
evt_004929,2026-03-14 07:18:00,demo_publisher,site A,sess_000111,page_122,notícias,topo da página,nativo,celular,BR,5,5,2,0,0.02804
evt_004930,2026-03-01 21:35:00,demo_publisher,site C,sess_000640,page_007,entretenimento,topo da página,banner,computador,BR,6,5,4,0,0.02145
evt_004931,2026-04-14 00:59:00,demo_publisher,site B,sess_001619,page_103,notícias,rodapé fixo,vídeo,celular,BR,2,2,1,0,0.01036
evt_004932,2026-04-23 23:10:00,demo_publisher,site B,sess_000287,page_123,esportes,lateral,nativo,computador,BR,6,5,1,0,0.02026
evt_004933,2026-04-19 15:30:00,demo_publisher,site C,sess_001592,page_061,finanças,lateral,nativo,celular,BR,3,3,1,0,0.01147
evt_004934,2026-03-23 19:11:00,demo_publisher,site A,sess_000927,page_107,estilo de vida,rodapé fixo,nativo,computador,BR,2,2,1,0,0.01196
evt_004935,2026-04-05 14:34:00,demo_publisher,site A,sess_000283,page_050,estilo de vida,meio do artigo,banner,celular,US,5,2,1,0,0.0032
evt_004936,2026-04-27 15:33:00,demo_publisher,site A,sess_001867,page_027,tecnologia,topo da página,banner,tablet,BR,2,1,1,0,0.0061
evt_004937,2026-04-05 11:33:00,demo_publisher,site A,sess_001037,page_114,estilo de vida,lateral,banner,computador,US,3,3,3,0,0.01469
evt_004938,2026-03-18 18:04:00,demo_publisher,site A,sess_001343,page_044,tecnologia,topo da página,nativo,celular,BR,4,3,3,0,0.02238
evt_004939,2026-03-21 07:34:00,demo_publisher,site B,sess_000194,page_106,notícias,lateral,banner,celular,BR,3,3,3,0,0.01053
evt_004940,2026-04-13 15:04:00,demo_publisher,site A,sess_000743,page_044,tecnologia,meio do artigo,banner,celular,AR,1,0,0,0,0.0
evt_004941,2026-03-27 18:36:00,demo_publisher,site B,sess_001265,page_056,estilo de vida,topo da página,banner,computador,BR,1,0,0,0,0.00248
evt_004942,2026-04-20 05:43:00,demo_publisher,site A,sess_001291,page_096,esportes,topo da página,banner,celular,BR,1,1,1,0,0.0
evt_004943,2026-04-21 20:18:00,demo_publisher,site A,sess_000126,page_048,entretenimento,meio do artigo,nativo,celular,BR,4,3,3,0,0.01315
evt_004944,2026-03-03 03:36:00,demo_publisher,site B,sess_001208,page_113,entretenimento,lateral,nativo,tablet,BR,6,3,2,0,0.01058
evt_004945,2026-04-13 09:34:00,demo_publisher,site A,sess_001889,page_006,tecnologia,topo da página,banner,celular,BR,4,4,3,0,0.01525
evt_004946,2026-03-23 04:44:00,demo_publisher,site C,sess_001572,page_002,entretenimento,topo da página,banner,celular,BR,4,3,1,0,0.00764
evt_004947,2026-04-01 04:26:00,demo_publisher,site A,sess_000416,page_012,esportes,meio do artigo,nativo,computador,BR,6,6,5,0,0.04838
evt_004948,2026-03-16 21:18:00,demo_publisher,site A,sess_001825,page_036,esportes,rodapé fixo,nativo,computador,CL,1,1,1,0,0.00606
evt_004949,2026-03-23 02:15:00,demo_publisher,site A,sess_001366,page_008,notícias,rodapé fixo,vídeo,celular,US,1,1,1,0,0.0061
evt_004950,2026-03-20 19:44:00,demo_publisher,site C,sess_000114,page_053,entretenimento,lateral,vídeo,celular,MX,6,5,3,0,0.02959
evt_004951,2026-03-04 00:32:00,demo_publisher,site B,sess_000257,page_004,tecnologia,meio do artigo,vídeo,celular,BR,6,6,4,0,0.06811
evt_004952,2026-04-16 23:11:00,demo_publisher,site A,sess_001842,page_106,entretenimento,meio do artigo,vídeo,celular,BR,4,4,2,0,0.03003
evt_004953,2026-03-09 13:55:00,demo_publisher,site B,sess_000419,page_022,tecnologia,topo da página,vídeo,computador,BR,1,0,0,0,0.0
evt_004954,2026-03-23 13:08:00,demo_publisher,site C,sess_000194,page_136,estilo de vida,topo da página,nativo,computador,BR,2,2,2,0,0.0075
evt_004955,2026-03-12 13:57:00,demo_publisher,site A,sess_000902,page_120,notícias,topo da página,nativo,celular,US,5,4,3,0,0.01427
evt_004956,2026-03-10 15:16:00,demo_publisher,site A,sess_001051,page_097,notícias,rodapé fixo,vídeo,computador,BR,2,2,2,0,0.00832
evt_004957,2026-03-23 09:40:00,demo_publisher,site A,sess_001146,page_111,finanças,meio do artigo,banner,computador,BR,4,2,1,0,0.03282
evt_004958,2026-04-25 03:01:00,demo_publisher,site C,sess_001318,page_108,tecnologia,topo da página,banner,computador,BR,5,5,5,0,0.04955
evt_004959,2026-04-26 15:34:00,demo_publisher,site A,sess_001997,page_118,notícias,meio do artigo,mídia rica,computador,BR,3,2,2,0,0.01424
evt_004960,2026-03-23 21:38:00,demo_publisher,site B,sess_001518,page_078,entretenimento,topo da página,nativo,computador,CL,3,3,0,0,0.01564
evt_004961,2026-03-31 07:25:00,demo_publisher,site B,sess_000052,page_087,estilo de vida,meio do artigo,banner,tablet,BR,6,4,3,0,0.01114
evt_004962,2026-04-29 03:24:00,demo_publisher,site A,sess_000178,page_066,esportes,lateral,banner,celular,BR,6,3,1,0,0.00713
evt_004963,2026-03-15 02:10:00,demo_publisher,site A,sess_000001,page_087,entretenimento,rodapé fixo,banner,computador,US,3,3,3,0,0.00903
evt_004964,2026-04-26 16:22:00,demo_publisher,site C,sess_000791,page_054,estilo de vida,lateral,banner,celular,BR,2,2,1,0,0.00247
evt_004965,2026-03-07 08:16:00,demo_publisher,site C,sess_000701,page_018,tecnologia,rodapé fixo,nativo,celular,BR,1,1,1,0,0.00504
evt_004966,2026-03-14 13:13:00,demo_publisher,site C,sess_001867,page_130,esportes,topo da página,nativo,tablet,AR,2,2,1,0,0.0094
evt_004967,2026-03-21 07:09:00,demo_publisher,site B,sess_000732,page_098,esportes,lateral,nativo,celular,AR,4,2,1,0,0.01353
evt_004968,2026-03-03 05:24:00,demo_publisher,site A,sess_000062,page_098,notícias,rodapé fixo,banner,computador,BR,6,5,3,0,0.02296
evt_004969,2026-04-18 22:39:00,demo_publisher,site B,sess_001767,page_039,finanças,meio do artigo,banner,computador,BR,4,2,2,0,0.00646
evt_004970,2026-04-21 07:47:00,demo_publisher,site B,sess_000521,page_108,tecnologia,rodapé fixo,banner,tablet,BR,6,6,5,0,0.02738
evt_004971,2026-03-24 00:00:00,demo_publisher,site B,sess_001825,page_073,entretenimento,intersticial,banner,tablet,BR,5,5,4,0,0.01885
evt_004972,2026-04-20 04:23:00,demo_publisher,site B,sess_001549,page_011,entretenimento,lateral,nativo,celular,BR,1,1,0,0,0.00599
evt_004973,2026-04-16 08:24:00,demo_publisher,site B,sess_001761,page_133,notícias,topo da página,banner,celular,BR,3,2,1,0,0.0051
evt_004974,2026-04-18 02:01:00,demo_publisher,site A,sess_001639,page_138,entretenimento,topo da página,mídia rica,celular,BR,4,4,2,0,0.01321
evt_004975,2026-04-18 03:53:00,demo_publisher,site A,sess_000287,page_122,notícias,lateral,nativo,celular,BR,1,0,0,0,0.00221
evt_004976,2026-04-04 09:48:00,demo_publisher,site B,sess_001252,page_067,notícias,rodapé fixo,banner,celular,CL,1,1,0,0,0.00219
evt_004977,2026-03-07 15:34:00,demo_publisher,site B,sess_000824,page_033,tecnologia,topo da página,banner,computador,BR,3,2,2,0,0.00564
evt_004978,2026-04-25 09:49:00,demo_publisher,site B,sess_001257,page_002,entretenimento,meio do artigo,banner,computador,BR,6,5,2,0,0.02008
evt_004979,2026-04-06 12:28:00,demo_publisher,site A,sess_001492,page_103,entretenimento,topo da página,banner,celular,BR,4,4,1,0,0.01355
evt_004980,2026-04-24 01:49:00,demo_publisher,site C,sess_001002,page_124,tecnologia,meio do artigo,mídia rica,computador,BR,4,2,1,0,0.00932
evt_004981,2026-04-27 13:05:00,demo_publisher,site A,sess_000625,page_015,notícias,rodapé fixo,nativo,celular,BR,4,4,3,0,0.02438
evt_004982,2026-03-12 05:30:00,demo_publisher,site C,sess_001832,page_096,notícias,meio do artigo,vídeo,tablet,BR,4,3,1,0,0.0295
evt_004983,2026-03-25 03:04:00,demo_publisher,site A,sess_001326,page_004,notícias,meio do artigo,nativo,computador,BR,6,4,1,0,0.01716
evt_004984,2026-03-12 13:11:00,demo_publisher,site A,sess_001771,page_108,estilo de vida,lateral,mídia rica,celular,BR,2,2,1,0,0.00436
evt_004985,2026-03-04 01:21:00,demo_publisher,site A,sess_000475,page_004,finanças,meio do artigo,mídia rica,celular,BR,2,1,0,0,0.00578
evt_004986,2026-04-27 23:37:00,demo_publisher,site B,sess_001676,page_136,notícias,lateral,banner,celular,BR,2,2,1,0,0.00657
evt_004987,2026-04-25 09:33:00,demo_publisher,site B,sess_000647,page_024,finanças,topo da página,banner,computador,BR,4,4,4,0,0.01942
evt_004988,2026-04-25 21:42:00,demo_publisher,site A,sess_000921,page_056,estilo de vida,topo da página,banner,computador,BR,2,2,2,0,0.00484
evt_004989,2026-04-23 00:28:00,demo_publisher,site A,sess_001720,page_097,tecnologia,rodapé fixo,banner,tablet,BR,6,5,4,0,0.03532
evt_004990,2026-04-08 22:14:00,demo_publisher,site A,sess_000710,page_118,finanças,meio do artigo,nativo,celular,BR,5,4,3,0,0.02495
evt_004991,2026-04-01 07:53:00,demo_publisher,site A,sess_000501,page_051,esportes,meio do artigo,banner,celular,BR,2,2,1,0,0.01386
evt_004992,2026-04-29 11:43:00,demo_publisher,site B,sess_001831,page_137,estilo de vida,meio do artigo,vídeo,computador,US,2,1,0,0,0.00335
evt_004993,2026-04-03 03:14:00,demo_publisher,site A,sess_001928,page_003,estilo de vida,lateral,banner,computador,BR,3,3,1,0,0.02105
evt_004994,2026-04-08 13:06:00,demo_publisher,site A,sess_000622,page_066,esportes,topo da página,vídeo,celular,BR,6,5,4,0,0.0297
evt_004995,2026-03-13 16:54:00,demo_publisher,site B,sess_000613,page_138,notícias,meio do artigo,banner,celular,BR,6,4,3,0,0.01131
evt_004996,2026-04-14 19:15:00,demo_publisher,site B,sess_000456,page_039,entretenimento,topo da página,banner,celular,BR,4,3,2,0,0.01067
evt_004997,2026-04-19 04:00:00,demo_publisher,site A,sess_000048,page_075,tecnologia,rodapé fixo,vídeo,celular,BR,1,0,0,0,0.0
evt_004998,2026-04-10 17:04:00,demo_publisher,site A,sess_001106,page_062,notícias,meio do artigo,banner,computador,BR,1,1,1,0,0.00144
evt_004999,2026-03-30 21:59:00,demo_publisher,site A,sess_000510,page_055,estilo de vida,rodapé fixo,vídeo,computador,BR,4,2,0,0,0.02484
evt_005000,2026-03-12 20:55:00,demo_publisher,site A,sess_001698,page_107,estilo de vida,lateral,vídeo,computador,MX,4,2,1,0,0.01028
evt_005001,2026-03-03 00:47:00,demo_publisher,site A,sess_000343,page_073,notícias,rodapé fixo,banner,computador,BR,3,3,3,0,0.00434
evt_005002,2026-04-07 15:19:00,demo_publisher,site A,sess_001270,page_100,notícias,meio do artigo,banner,computador,US,6,4,4,0,0.02231
evt_005003,2026-04-10 23:32:00,demo_publisher,site A,sess_001014,page_073,entretenimento,topo da página,banner,celular,BR,1,1,0,0,0.00538
evt_005004,2026-04-16 08:33:00,demo_publisher,site B,sess_001224,page_139,finanças,rodapé fixo,banner,computador,BR,2,2,2,0,0.01257
evt_005005,2026-04-27 00:42:00,demo_publisher,site B,sess_000226,page_066,notícias,rodapé fixo,mídia rica,celular,BR,5,4,4,0,0.02384
evt_005006,2026-03-30 20:12:00,demo_publisher,site C,sess_000933,page_111,tecnologia,rodapé fixo,vídeo,tablet,BR,2,2,2,0,0.0188
evt_005007,2026-04-19 17:58:00,demo_publisher,site C,sess_001252,page_086,finanças,intersticial,banner,computador,BR,2,2,1,0,0.02692
evt_005008,2026-04-12 23:27:00,demo_publisher,site A,sess_000682,page_112,estilo de vida,lateral,nativo,celular,BR,5,3,1,0,0.01377
evt_005009,2026-03-17 15:09:00,demo_publisher,site C,sess_001749,page_124,esportes,meio do artigo,mídia rica,computador,BR,6,6,5,0,0.04045
evt_005010,2026-04-20 16:58:00,demo_publisher,site B,sess_001059,page_032,notícias,rodapé fixo,banner,computador,BR,2,1,1,0,0.00402
evt_005011,2026-03-04 04:47:00,demo_publisher,site B,sess_000725,page_042,notícias,topo da página,banner,computador,BR,3,1,1,0,0.00595
evt_005012,2026-04-05 22:24:00,demo_publisher,site B,sess_000062,page_042,entretenimento,rodapé fixo,vídeo,computador,BR,6,6,3,0,0.04472
evt_005013,2026-04-26 10:06:00,demo_publisher,site A,sess_000337,page_068,estilo de vida,rodapé fixo,vídeo,celular,BR,1,1,1,0,0.00378
evt_005014,2026-04-09 12:54:00,demo_publisher,site A,sess_000953,page_069,tecnologia,meio do artigo,banner,celular,US,1,1,1,0,0.00712
evt_005015,2026-04-26 05:22:00,demo_publisher,site B,sess_000800,page_001,notícias,meio do artigo,nativo,celular,MX,2,0,0,0,0.0
evt_005016,2026-03-04 08:52:00,demo_publisher,site C,sess_001743,page_125,tecnologia,lateral,banner,celular,BR,3,1,0,0,0.00166
evt_005017,2026-04-01 22:40:00,demo_publisher,site A,sess_001572,page_120,finanças,rodapé fixo,nativo,celular,BR,5,4,3,0,0.0112
evt_005018,2026-04-16 20:04:00,demo_publisher,site A,sess_000318,page_084,estilo de vida,topo da página,nativo,celular,BR,3,1,0,0,0.00881
evt_005019,2026-04-08 12:56:00,demo_publisher,site B,sess_001183,page_043,esportes,meio do artigo,banner,celular,BR,3,3,1,0,0.00801
evt_005020,2026-04-22 19:58:00,demo_publisher,site B,sess_000909,page_115,estilo de vida,lateral,vídeo,celular,BR,6,5,4,0,0.03768
evt_005021,2026-03-28 18:08:00,demo_publisher,site B,sess_000203,page_038,notícias,rodapé fixo,nativo,computador,BR,2,2,2,0,0.01538
evt_005022,2026-04-10 22:56:00,demo_publisher,site A,sess_001332,page_043,notícias,lateral,vídeo,celular,MX,3,2,2,0,0.01599
evt_005023,2026-03-26 04:27:00,demo_publisher,site A,sess_001074,page_139,tecnologia,lateral,nativo,celular,BR,2,2,1,0,0.01656
evt_005024,2026-04-22 07:51:00,demo_publisher,site B,sess_000175,page_129,notícias,topo da página,banner,computador,BR,1,1,1,0,0.0069
evt_005025,2026-03-08 04:00:00,demo_publisher,site A,sess_000936,page_082,notícias,meio do artigo,banner,celular,BR,4,4,1,0,0.01662
evt_005026,2026-03-16 05:55:00,demo_publisher,site A,sess_001463,page_024,entretenimento,rodapé fixo,banner,tablet,US,6,5,3,0,0.01492
evt_005027,2026-03-06 19:19:00,demo_publisher,site B,sess_000654,page_018,esportes,meio do artigo,vídeo,tablet,BR,2,0,0,0,0.0
evt_005028,2026-04-12 03:01:00,demo_publisher,site A,sess_000714,page_135,estilo de vida,meio do artigo,nativo,computador,BR,1,1,1,0,0.00025
evt_005029,2026-03-14 23:08:00,demo_publisher,site C,sess_000221,page_037,tecnologia,meio do artigo,banner,computador,BR,6,5,3,0,0.02689
evt_005030,2026-03-20 00:40:00,demo_publisher,site A,sess_000409,page_095,tecnologia,meio do artigo,mídia rica,computador,BR,1,1,0,0,0.01052
evt_005031,2026-04-20 04:45:00,demo_publisher,site A,sess_001962,page_050,notícias,meio do artigo,vídeo,celular,BR,1,1,0,0,0.00902
evt_005032,2026-03-22 14:39:00,demo_publisher,site B,sess_001241,page_070,estilo de vida,rodapé fixo,banner,celular,US,5,5,2,0,0.01252
evt_005033,2026-03-09 17:59:00,demo_publisher,site A,sess_000352,page_138,estilo de vida,meio do artigo,banner,celular,CL,1,1,0,0,0.00292
evt_005034,2026-03-02 06:11:00,demo_publisher,site A,sess_000966,page_083,esportes,lateral,nativo,tablet,BR,6,3,2,0,0.01116
evt_005035,2026-03-14 14:26:00,demo_publisher,site A,sess_000386,page_060,tecnologia,meio do artigo,banner,computador,BR,3,3,3,0,0.01468
evt_005036,2026-04-24 21:08:00,demo_publisher,site A,sess_000886,page_058,entretenimento,rodapé fixo,mídia rica,computador,BR,5,5,4,0,0.02369
evt_005037,2026-04-02 22:00:00,demo_publisher,site B,sess_000292,page_032,notícias,topo da página,nativo,celular,BR,2,1,0,0,0.00156
evt_005038,2026-04-29 16:33:00,demo_publisher,site B,sess_001237,page_078,notícias,topo da página,banner,computador,CL,2,2,0,0,0.00992
evt_005039,2026-03-13 21:47:00,demo_publisher,site A,sess_001140,page_080,tecnologia,meio do artigo,banner,celular,US,5,4,3,0,0.01062
evt_005040,2026-03-22 02:07:00,demo_publisher,site A,sess_001267,page_014,finanças,intersticial,banner,celular,BR,4,3,3,0,0.02057
evt_005041,2026-03-10 19:01:00,demo_publisher,site B,sess_000887,page_057,tecnologia,lateral,nativo,celular,CL,6,3,1,0,0.0144
evt_005042,2026-03-24 21:39:00,demo_publisher,site B,sess_000572,page_090,notícias,lateral,banner,tablet,BR,6,5,3,0,0.02575
evt_005043,2026-04-03 19:10:00,demo_publisher,site B,sess_000499,page_008,notícias,meio do artigo,vídeo,computador,BR,4,4,2,0,0.03852
evt_005044,2026-04-18 11:42:00,demo_publisher,site B,sess_000431,page_136,estilo de vida,meio do artigo,vídeo,celular,BR,5,4,1,0,0.02693
evt_005045,2026-03-23 02:03:00,demo_publisher,site A,sess_000859,page_120,entretenimento,intersticial,mídia rica,tablet,BR,6,4,2,0,0.02089
evt_005046,2026-04-16 07:00:00,demo_publisher,site B,sess_000903,page_089,notícias,meio do artigo,banner,computador,BR,4,4,2,0,0.01368
evt_005047,2026-04-07 13:40:00,demo_publisher,site B,sess_001347,page_003,tecnologia,lateral,banner,celular,AR,5,4,2,0,0.02732
evt_005048,2026-03-18 12:12:00,demo_publisher,site A,sess_000105,page_073,esportes,rodapé fixo,vídeo,tablet,MX,1,1,1,0,0.00893
evt_005049,2026-04-24 17:34:00,demo_publisher,site A,sess_000564,page_125,notícias,lateral,banner,computador,BR,1,1,0,0,0.0
evt_005050,2026-03-27 01:18:00,demo_publisher,site A,sess_001705,page_004,finanças,topo da página,banner,computador,BR,3,3,1,0,0.01268
evt_005051,2026-03-10 01:25:00,demo_publisher,site B,sess_001830,page_111,esportes,meio do artigo,mídia rica,computador,US,1,1,0,0,0.0182
evt_005052,2026-04-27 18:17:00,demo_publisher,site A,sess_001861,page_117,estilo de vida,topo da página,vídeo,computador,BR,3,3,1,0,0.01631
evt_005053,2026-04-24 19:20:00,demo_publisher,site C,sess_000613,page_011,esportes,intersticial,vídeo,computador,CL,4,2,1,0,0.01577
evt_005054,2026-03-03 23:20:00,demo_publisher,site A,sess_000275,page_033,finanças,rodapé fixo,banner,computador,BR,3,2,2,0,0.01325
evt_005055,2026-04-24 03:35:00,demo_publisher,site A,sess_000397,page_101,notícias,meio do artigo,nativo,computador,BR,6,5,2,0,0.03059
evt_005056,2026-04-26 20:13:00,demo_publisher,site C,sess_000264,page_127,tecnologia,rodapé fixo,banner,celular,BR,6,4,3,0,0.01549
evt_005057,2026-04-19 17:53:00,demo_publisher,site C,sess_001909,page_108,entretenimento,topo da página,banner,computador,MX,5,4,3,0,0.01533
evt_005058,2026-03-16 07:11:00,demo_publisher,site A,sess_001766,page_074,finanças,topo da página,banner,celular,BR,5,3,2,0,0.03425
evt_005059,2026-04-07 21:03:00,demo_publisher,site B,sess_001621,page_084,finanças,topo da página,vídeo,computador,BR,4,3,2,0,0.0169
evt_005060,2026-04-02 07:04:00,demo_publisher,site B,sess_001459,page_073,entretenimento,rodapé fixo,banner,celular,BR,4,4,2,0,0.00909
evt_005061,2026-04-07 05:00:00,demo_publisher,site B,sess_000686,page_081,notícias,topo da página,nativo,computador,BR,1,1,1,0,0.00622
evt_005062,2026-04-06 23:40:00,demo_publisher,site B,sess_000951,page_108,tecnologia,topo da página,vídeo,computador,BR,6,6,4,0,0.02734
evt_005063,2026-04-08 08:27:00,demo_publisher,site C,sess_001683,page_007,estilo de vida,topo da página,vídeo,tablet,BR,5,5,2,0,0.0356
evt_005064,2026-03-31 20:09:00,demo_publisher,site B,sess_001628,page_030,entretenimento,meio do artigo,banner,celular,MX,2,2,2,0,0.01014
evt_005065,2026-04-11 10:18:00,demo_publisher,site B,sess_001038,page_009,esportes,meio do artigo,nativo,celular,US,5,5,3,0,0.01459
evt_005066,2026-04-01 14:18:00,demo_publisher,site B,sess_001675,page_111,esportes,topo da página,nativo,celular,BR,3,2,1,0,0.01087
evt_005067,2026-03-01 23:44:00,demo_publisher,site C,sess_000694,page_102,esportes,rodapé fixo,banner,celular,BR,6,5,4,0,0.01935
evt_005068,2026-03-03 02:48:00,demo_publisher,site C,sess_000827,page_008,notícias,intersticial,banner,computador,BR,4,4,4,0,0.02392
evt_005069,2026-04-27 11:39:00,demo_publisher,site B,sess_001679,page_015,notícias,meio do artigo,nativo,celular,BR,5,5,5,0,0.06273
evt_005070,2026-04-24 13:19:00,demo_publisher,site B,sess_000753,page_037,entretenimento,rodapé fixo,vídeo,celular,AR,2,2,1,0,0.00795
evt_005071,2026-04-05 03:16:00,demo_publisher,site B,sess_001504,page_034,esportes,rodapé fixo,mídia rica,tablet,BR,1,1,1,0,0.00741
evt_005072,2026-03-11 11:24:00,demo_publisher,site A,sess_000907,page_073,notícias,rodapé fixo,banner,celular,US,6,4,2,0,0.01511
evt_005073,2026-04-16 21:18:00,demo_publisher,site C,sess_000596,page_070,esportes,topo da página,banner,computador,BR,4,4,3,0,0.01214
evt_005074,2026-03-09 14:20:00,demo_publisher,site A,sess_000438,page_050,finanças,rodapé fixo,banner,celular,BR,4,4,4,0,0.01687
evt_005075,2026-03-23 15:17:00,demo_publisher,site A,sess_001213,page_023,estilo de vida,lateral,mídia rica,celular,US,3,1,1,0,0.0043
evt_005076,2026-03-20 18:59:00,demo_publisher,site A,sess_000959,page_091,notícias,topo da página,vídeo,computador,BR,4,4,4,0,0.02903
evt_005077,2026-03-01 17:51:00,demo_publisher,site B,sess_000739,page_110,tecnologia,rodapé fixo,mídia rica,celular,BR,3,3,3,0,0.02029
evt_005078,2026-04-18 10:05:00,demo_publisher,site A,sess_001486,page_090,tecnologia,topo da página,nativo,computador,BR,4,4,2,0,0.02454
evt_005079,2026-03-31 14:01:00,demo_publisher,site A,sess_000003,page_113,notícias,rodapé fixo,banner,computador,BR,4,4,3,0,0.00956
evt_005080,2026-03-19 23:24:00,demo_publisher,site A,sess_000185,page_128,tecnologia,lateral,nativo,celular,BR,2,1,1,0,0.00926
evt_005081,2026-03-31 10:21:00,demo_publisher,site C,sess_001923,page_118,esportes,meio do artigo,banner,computador,BR,6,4,2,0,0.02792
evt_005082,2026-03-01 00:00:00,demo_publisher,site C,sess_001327,page_091,finanças,topo da página,banner,celular,MX,6,6,4,0,0.04255
evt_005083,2026-03-27 05:15:00,demo_publisher,site A,sess_001099,page_007,entretenimento,rodapé fixo,banner,computador,AR,5,4,4,0,0.02051
evt_005084,2026-04-01 04:11:00,demo_publisher,site C,sess_000030,page_047,entretenimento,topo da página,banner,computador,AR,1,1,1,0,0.00158
evt_005085,2026-03-21 09:11:00,demo_publisher,site A,sess_001197,page_060,esportes,rodapé fixo,banner,celular,BR,1,1,0,0,0.00216
evt_005086,2026-04-19 19:44:00,demo_publisher,site B,sess_000870,page_100,finanças,lateral,mídia rica,celular,BR,5,1,1,0,0.00743
evt_005087,2026-03-15 23:44:00,demo_publisher,site A,sess_001200,page_118,esportes,topo da página,vídeo,celular,BR,1,1,1,0,0.0
evt_005088,2026-03-09 06:28:00,demo_publisher,site C,sess_000082,page_090,finanças,meio do artigo,vídeo,celular,MX,6,3,3,0,0.0185
evt_005089,2026-04-01 15:39:00,demo_publisher,site A,sess_001101,page_051,estilo de vida,intersticial,banner,celular,CL,3,3,2,1,0.02596
evt_005090,2026-04-23 05:40:00,demo_publisher,site B,sess_001156,page_110,notícias,rodapé fixo,vídeo,computador,BR,2,2,2,0,0.01681
evt_005091,2026-03-23 12:24:00,demo_publisher,site B,sess_000580,page_097,entretenimento,topo da página,banner,celular,BR,5,5,4,0,0.01337
evt_005092,2026-03-03 19:08:00,demo_publisher,site B,sess_000109,page_111,tecnologia,topo da página,banner,computador,BR,5,3,2,1,0.00895
evt_005093,2026-04-28 04:42:00,demo_publisher,site A,sess_001943,page_082,notícias,topo da página,banner,celular,BR,4,3,1,0,0.00743
evt_005094,2026-03-27 15:47:00,demo_publisher,site B,sess_001419,page_090,tecnologia,rodapé fixo,banner,celular,MX,5,3,2,0,0.01872
evt_005095,2026-03-11 09:00:00,demo_publisher,site B,sess_001243,page_049,tecnologia,topo da página,vídeo,computador,AR,4,4,3,0,0.02154
evt_005096,2026-04-06 22:29:00,demo_publisher,site A,sess_001534,page_056,esportes,topo da página,vídeo,celular,BR,2,2,0,0,0.01386
evt_005097,2026-03-20 04:19:00,demo_publisher,site A,sess_001342,page_039,finanças,meio do artigo,banner,celular,BR,3,2,2,0,0.00659
evt_005098,2026-04-26 06:25:00,demo_publisher,site B,sess_000269,page_036,tecnologia,intersticial,nativo,computador,MX,4,3,2,0,0.01457
evt_005099,2026-03-18 15:18:00,demo_publisher,site A,sess_000910,page_091,entretenimento,meio do artigo,banner,celular,BR,5,3,3,0,0.00118
evt_005100,2026-04-03 00:11:00,demo_publisher,site B,sess_001777,page_054,esportes,lateral,banner,celular,BR,3,2,1,0,0.00681
evt_005101,2026-04-02 14:21:00,demo_publisher,site C,sess_000576,page_019,estilo de vida,topo da página,nativo,computador,BR,1,1,1,0,0.00083
evt_005102,2026-03-15 13:06:00,demo_publisher,site A,sess_001944,page_005,tecnologia,lateral,vídeo,celular,BR,3,3,1,0,0.01818
evt_005103,2026-03-30 22:57:00,demo_publisher,site C,sess_000129,page_120,entretenimento,lateral,vídeo,celular,BR,4,3,2,0,0.0183
evt_005104,2026-03-07 13:03:00,demo_publisher,site B,sess_000662,page_061,notícias,rodapé fixo,banner,computador,BR,5,5,5,0,0.02504
evt_005105,2026-04-08 14:59:00,demo_publisher,site B,sess_000701,page_081,finanças,lateral,nativo,computador,CL,5,4,1,0,0.03325
evt_005106,2026-04-15 11:58:00,demo_publisher,site A,sess_001235,page_126,entretenimento,topo da página,banner,celular,BR,5,3,2,0,0.00643
evt_005107,2026-04-27 00:00:00,demo_publisher,site C,sess_000353,page_016,notícias,meio do artigo,banner,celular,MX,2,2,2,0,0.00475
evt_005108,2026-03-20 13:07:00,demo_publisher,site B,sess_000459,page_131,finanças,topo da página,banner,celular,BR,1,0,0,0,3e-05
evt_005109,2026-03-18 02:43:00,demo_publisher,site B,sess_001324,page_098,estilo de vida,topo da página,banner,celular,AR,2,1,0,0,0.0037
evt_005110,2026-04-02 22:17:00,demo_publisher,site C,sess_000569,page_089,finanças,intersticial,banner,celular,BR,1,1,0,0,0.00258
evt_005111,2026-04-11 13:35:00,demo_publisher,site A,sess_001758,page_060,tecnologia,meio do artigo,banner,celular,BR,5,5,2,0,0.02013
evt_005112,2026-04-29 13:08:00,demo_publisher,site A,sess_001740,page_099,notícias,rodapé fixo,nativo,computador,US,2,1,1,0,0.01191
evt_005113,2026-03-02 12:03:00,demo_publisher,site A,sess_000606,page_029,tecnologia,topo da página,banner,celular,BR,2,1,1,0,0.00406
evt_005114,2026-03-15 07:09:00,demo_publisher,site C,sess_001120,page_042,esportes,rodapé fixo,banner,computador,BR,4,4,3,0,0.02831
evt_005115,2026-03-16 17:50:00,demo_publisher,site C,sess_000666,page_134,tecnologia,rodapé fixo,mídia rica,tablet,BR,3,1,1,0,0.0072
evt_005116,2026-03-16 07:45:00,demo_publisher,site A,sess_000690,page_039,finanças,lateral,vídeo,computador,BR,5,5,2,0,0.03366
evt_005117,2026-03-28 19:45:00,demo_publisher,site B,sess_001341,page_101,notícias,topo da página,banner,computador,BR,6,5,4,0,0.02015
evt_005118,2026-04-22 08:59:00,demo_publisher,site C,sess_000586,page_130,entretenimento,rodapé fixo,banner,celular,BR,1,0,0,0,0.0
evt_005119,2026-03-02 20:37:00,demo_publisher,site A,sess_000299,page_083,tecnologia,rodapé fixo,banner,computador,BR,1,1,1,0,0.01131
evt_005120,2026-04-18 22:48:00,demo_publisher,site A,sess_000518,page_042,esportes,topo da página,mídia rica,computador,BR,5,4,3,0,0.03265
evt_005121,2026-04-07 01:26:00,demo_publisher,site C,sess_001858,page_118,esportes,intersticial,banner,tablet,BR,6,5,4,0,0.01602
evt_005122,2026-04-06 21:53:00,demo_publisher,site A,sess_000519,page_115,estilo de vida,rodapé fixo,banner,celular,BR,3,3,3,0,0.00933
evt_005123,2026-04-10 16:46:00,demo_publisher,site B,sess_000728,page_076,entretenimento,topo da página,vídeo,computador,BR,2,1,1,0,0.00693
evt_005124,2026-03-07 22:11:00,demo_publisher,site B,sess_001258,page_016,esportes,meio do artigo,vídeo,computador,BR,2,2,2,0,0.0168
evt_005125,2026-04-14 19:17:00,demo_publisher,site A,sess_000203,page_062,entretenimento,meio do artigo,banner,celular,US,3,2,1,0,0.00927
evt_005126,2026-03-15 21:18:00,demo_publisher,site B,sess_000537,page_060,esportes,meio do artigo,banner,celular,BR,1,0,0,0,0.00173
evt_005127,2026-03-31 23:52:00,demo_publisher,site C,sess_000350,page_027,tecnologia,rodapé fixo,banner,computador,BR,1,0,0,0,0.00137
evt_005128,2026-04-10 14:42:00,demo_publisher,site B,sess_001848,page_056,esportes,rodapé fixo,banner,computador,BR,1,0,0,0,0.0016
evt_005129,2026-04-06 05:40:00,demo_publisher,site B,sess_001865,page_022,notícias,topo da página,banner,celular,BR,5,3,2,0,0.01295
evt_005130,2026-03-20 09:17:00,demo_publisher,site A,sess_001511,page_097,entretenimento,meio do artigo,vídeo,computador,BR,3,3,2,0,0.01426
evt_005131,2026-03-24 18:20:00,demo_publisher,site A,sess_000494,page_061,notícias,meio do artigo,vídeo,celular,BR,6,4,2,0,0.03356
evt_005132,2026-03-29 14:10:00,demo_publisher,site A,sess_001233,page_102,entretenimento,meio do artigo,nativo,computador,BR,3,3,3,0,0.02959
evt_005133,2026-03-03 11:24:00,demo_publisher,site B,sess_001324,page_064,notícias,lateral,nativo,celular,BR,2,1,1,0,0.00494
evt_005134,2026-04-13 13:30:00,demo_publisher,site A,sess_001738,page_100,esportes,lateral,nativo,celular,US,2,1,0,0,0.00417
evt_005135,2026-03-06 23:55:00,demo_publisher,site C,sess_000313,page_102,entretenimento,topo da página,banner,computador,MX,6,6,5,0,0.01657
evt_005136,2026-03-28 12:21:00,demo_publisher,site C,sess_001472,page_023,estilo de vida,meio do artigo,vídeo,celular,BR,2,1,0,0,0.00571
evt_005137,2026-04-09 07:11:00,demo_publisher,site C,sess_000389,page_062,notícias,rodapé fixo,banner,computador,AR,5,4,4,0,0.01896
evt_005138,2026-03-05 19:45:00,demo_publisher,site A,sess_001137,page_105,estilo de vida,meio do artigo,banner,celular,BR,6,4,2,0,0.01486
evt_005139,2026-04-29 17:35:00,demo_publisher,site B,sess_001758,page_083,notícias,meio do artigo,banner,celular,BR,6,5,3,0,0.01663
evt_005140,2026-03-23 15:12:00,demo_publisher,site C,sess_000125,page_031,entretenimento,intersticial,vídeo,computador,BR,1,1,1,0,0.00624
evt_005141,2026-03-01 22:45:00,demo_publisher,site A,sess_000296,page_116,notícias,rodapé fixo,nativo,celular,BR,5,3,3,1,0.00943
evt_005142,2026-04-09 12:25:00,demo_publisher,site B,sess_001626,page_028,finanças,lateral,banner,tablet,CL,5,4,1,0,0.01501
evt_005143,2026-04-03 10:55:00,demo_publisher,site A,sess_000038,page_139,notícias,meio do artigo,nativo,celular,BR,5,3,1,0,0.02024
evt_005144,2026-04-08 10:04:00,demo_publisher,site C,sess_001370,page_099,estilo de vida,lateral,vídeo,computador,BR,6,4,2,0,0.03785
evt_005145,2026-04-15 01:27:00,demo_publisher,site B,sess_001002,page_045,entretenimento,lateral,banner,celular,BR,6,3,0,0,0.013
evt_005146,2026-03-29 12:54:00,demo_publisher,site C,sess_000693,page_028,tecnologia,meio do artigo,banner,computador,BR,6,4,4,0,0.01888
evt_005147,2026-04-19 14:33:00,demo_publisher,site A,sess_001725,page_126,esportes,topo da página,vídeo,celular,BR,5,3,1,0,0.02109
evt_005148,2026-03-23 05:00:00,demo_publisher,site B,sess_001698,page_073,esportes,meio do artigo,nativo,computador,BR,2,2,0,0,0.00599
evt_005149,2026-04-02 17:05:00,demo_publisher,site A,sess_000652,page_113,notícias,meio do artigo,banner,celular,BR,6,4,1,0,0.01
evt_005150,2026-03-10 12:15:00,demo_publisher,site A,sess_000009,page_116,entretenimento,intersticial,banner,celular,AR,5,5,4,0,0.03393
evt_005151,2026-04-07 04:40:00,demo_publisher,site C,sess_000257,page_010,notícias,lateral,mídia rica,computador,BR,2,2,0,1,0.00968
evt_005152,2026-03-16 16:41:00,demo_publisher,site A,sess_000215,page_096,estilo de vida,topo da página,banner,celular,BR,4,2,2,0,0.00537
evt_005153,2026-04-11 19:17:00,demo_publisher,site B,sess_001964,page_047,esportes,meio do artigo,vídeo,celular,BR,2,1,0,0,0.00615
evt_005154,2026-04-18 01:31:00,demo_publisher,site A,sess_001194,page_127,entretenimento,meio do artigo,vídeo,computador,MX,6,4,2,0,0.01373
evt_005155,2026-04-21 12:54:00,demo_publisher,site C,sess_001353,page_031,finanças,meio do artigo,vídeo,celular,BR,4,3,2,0,0.0199
evt_005156,2026-04-25 17:52:00,demo_publisher,site B,sess_000462,page_005,estilo de vida,topo da página,banner,celular,BR,4,4,3,0,0.01623
evt_005157,2026-03-08 08:05:00,demo_publisher,site B,sess_001701,page_093,entretenimento,rodapé fixo,nativo,computador,BR,2,1,1,0,0.00714
evt_005158,2026-03-09 06:42:00,demo_publisher,site B,sess_001445,page_077,entretenimento,rodapé fixo,banner,celular,BR,1,1,1,0,0.00281
evt_005159,2026-04-25 13:42:00,demo_publisher,site A,sess_001504,page_078,estilo de vida,rodapé fixo,banner,tablet,BR,3,3,3,0,0.01106
evt_005160,2026-03-23 20:23:00,demo_publisher,site C,sess_000937,page_037,tecnologia,meio do artigo,banner,computador,US,3,3,2,0,0.01555
evt_005161,2026-03-02 13:27:00,demo_publisher,site A,sess_001396,page_069,estilo de vida,rodapé fixo,banner,celular,BR,6,3,2,0,0.00477
evt_005162,2026-03-18 05:15:00,demo_publisher,site A,sess_001088,page_135,finanças,lateral,banner,celular,BR,6,5,3,0,0.03864
evt_005163,2026-04-20 04:07:00,demo_publisher,site B,sess_000769,page_107,notícias,meio do artigo,nativo,computador,BR,4,3,2,0,0.01487
evt_005164,2026-03-22 07:11:00,demo_publisher,site A,sess_001189,page_137,tecnologia,topo da página,banner,celular,BR,5,4,2,0,0.0211
evt_005165,2026-03-05 14:30:00,demo_publisher,site A,sess_000649,page_047,tecnologia,topo da página,banner,celular,BR,6,6,5,0,0.04418
evt_005166,2026-04-13 07:50:00,demo_publisher,site B,sess_001905,page_121,notícias,topo da página,banner,celular,BR,5,5,2,0,0.01086
evt_005167,2026-03-12 16:15:00,demo_publisher,site B,sess_001434,page_054,esportes,rodapé fixo,nativo,celular,BR,3,3,3,0,0.01797
evt_005168,2026-03-22 04:02:00,demo_publisher,site C,sess_001478,page_131,tecnologia,lateral,banner,computador,BR,2,2,2,0,0.00955
evt_005169,2026-03-01 05:36:00,demo_publisher,site A,sess_001433,page_121,notícias,intersticial,vídeo,computador,US,2,2,2,0,0.01475
evt_005170,2026-04-06 02:52:00,demo_publisher,site C,sess_000897,page_023,estilo de vida,meio do artigo,banner,computador,US,2,2,1,0,0.0052
evt_005171,2026-03-27 17:10:00,demo_publisher,site B,sess_001901,page_136,tecnologia,topo da página,nativo,celular,BR,2,2,1,0,0.00398
evt_005172,2026-04-22 00:33:00,demo_publisher,site C,sess_000416,page_085,esportes,meio do artigo,vídeo,tablet,BR,5,4,3,0,0.00581
evt_005173,2026-03-21 01:28:00,demo_publisher,site B,sess_001137,page_108,esportes,topo da página,nativo,celular,US,6,4,1,0,0.03033
evt_005174,2026-03-13 06:37:00,demo_publisher,site C,sess_000139,page_081,esportes,rodapé fixo,nativo,celular,US,2,2,1,0,0.00756
evt_005175,2026-03-10 23:01:00,demo_publisher,site B,sess_000589,page_031,esportes,topo da página,mídia rica,celular,BR,3,3,2,0,0.02848
evt_005176,2026-03-13 00:13:00,demo_publisher,site C,sess_001149,page_137,estilo de vida,topo da página,banner,computador,BR,6,6,5,0,0.01877
evt_005177,2026-03-28 01:34:00,demo_publisher,site B,sess_000979,page_016,tecnologia,meio do artigo,banner,celular,BR,6,3,2,0,0.00405
evt_005178,2026-03-06 05:31:00,demo_publisher,site A,sess_001882,page_113,tecnologia,rodapé fixo,mídia rica,computador,BR,1,0,0,0,0.0
evt_005179,2026-03-25 03:24:00,demo_publisher,site A,sess_001227,page_030,notícias,meio do artigo,vídeo,computador,BR,3,3,2,0,0.02368
evt_005180,2026-04-21 06:44:00,demo_publisher,site A,sess_000823,page_110,tecnologia,topo da página,nativo,computador,BR,3,3,3,0,0.02414
evt_005181,2026-04-16 01:25:00,demo_publisher,site B,sess_000854,page_059,esportes,rodapé fixo,banner,tablet,BR,2,2,1,0,0.01325
evt_005182,2026-04-08 05:39:00,demo_publisher,site A,sess_001223,page_033,tecnologia,topo da página,banner,celular,MX,6,6,5,0,0.0237
evt_005183,2026-04-23 14:06:00,demo_publisher,site A,sess_001582,page_033,notícias,lateral,vídeo,computador,BR,5,5,4,0,0.03204
evt_005184,2026-04-16 19:30:00,demo_publisher,site A,sess_000553,page_045,estilo de vida,lateral,nativo,tablet,US,1,1,1,0,0.00747
evt_005185,2026-04-09 03:41:00,demo_publisher,site B,sess_001169,page_126,estilo de vida,topo da página,banner,celular,BR,4,4,2,0,0.01471
evt_005186,2026-04-21 18:49:00,demo_publisher,site C,sess_001149,page_107,esportes,meio do artigo,banner,celular,AR,4,4,3,0,0.01823
evt_005187,2026-03-08 11:09:00,demo_publisher,site A,sess_000019,page_094,entretenimento,topo da página,vídeo,computador,BR,4,4,3,0,0.01095
evt_005188,2026-04-19 02:17:00,demo_publisher,site A,sess_001825,page_088,notícias,meio do artigo,nativo,computador,BR,5,4,4,0,0.02447
evt_005189,2026-03-18 17:21:00,demo_publisher,site B,sess_001140,page_058,notícias,lateral,mídia rica,computador,BR,3,3,1,0,0.01774
evt_005190,2026-04-13 23:36:00,demo_publisher,site B,sess_000484,page_126,estilo de vida,meio do artigo,banner,celular,US,5,3,1,0,0.01261
evt_005191,2026-04-24 19:10:00,demo_publisher,site B,sess_001267,page_039,finanças,topo da página,banner,celular,BR,3,3,2,0,0.02921
evt_005192,2026-03-30 18:16:00,demo_publisher,site C,sess_001355,page_132,esportes,lateral,banner,computador,MX,6,5,2,0,0.03865
evt_005193,2026-03-06 07:46:00,demo_publisher,site B,sess_001830,page_053,esportes,rodapé fixo,nativo,computador,BR,6,3,1,1,0.0252
evt_005194,2026-03-23 05:07:00,demo_publisher,site A,sess_000069,page_048,notícias,rodapé fixo,banner,celular,US,1,1,1,0,0.00612
evt_005195,2026-03-25 09:52:00,demo_publisher,site C,sess_000828,page_067,tecnologia,rodapé fixo,banner,celular,BR,1,1,0,0,0.0053
evt_005196,2026-04-26 04:53:00,demo_publisher,site A,sess_000361,page_105,estilo de vida,meio do artigo,banner,computador,BR,3,2,2,0,0.00914
evt_005197,2026-04-26 13:12:00,demo_publisher,site A,sess_001149,page_100,esportes,meio do artigo,banner,celular,CL,1,1,0,0,0.00342
evt_005198,2026-04-04 02:35:00,demo_publisher,site A,sess_001003,page_107,esportes,lateral,vídeo,tablet,BR,1,1,0,0,0.01013
evt_005199,2026-04-27 00:57:00,demo_publisher,site A,sess_000950,page_013,entretenimento,rodapé fixo,banner,celular,BR,1,0,0,0,0.0044
evt_005200,2026-03-27 04:15:00,demo_publisher,site B,sess_001964,page_023,entretenimento,meio do artigo,banner,celular,BR,6,4,2,0,0.01907
evt_005201,2026-03-25 16:07:00,demo_publisher,site A,sess_001063,page_118,notícias,intersticial,nativo,celular,US,3,1,1,0,0.00397
evt_005202,2026-04-20 04:34:00,demo_publisher,site C,sess_000822,page_137,estilo de vida,lateral,banner,celular,BR,5,4,2,0,0.01138
evt_005203,2026-04-10 01:03:00,demo_publisher,site C,sess_000135,page_018,notícias,meio do artigo,nativo,celular,US,5,5,3,0,0.02892
evt_005204,2026-04-01 08:13:00,demo_publisher,site C,sess_000579,page_126,notícias,rodapé fixo,vídeo,computador,CL,1,1,1,0,0.00606
evt_005205,2026-03-28 09:42:00,demo_publisher,site B,sess_001794,page_037,tecnologia,topo da página,nativo,computador,BR,5,4,2,0,0.0266
evt_005206,2026-04-12 08:04:00,demo_publisher,site B,sess_000903,page_137,entretenimento,rodapé fixo,nativo,computador,CL,4,3,3,0,0.01549
evt_005207,2026-04-15 04:58:00,demo_publisher,site A,sess_001820,page_139,notícias,meio do artigo,vídeo,computador,BR,6,4,2,0,0.02156
evt_005208,2026-03-30 10:26:00,demo_publisher,site B,sess_001065,page_089,entretenimento,lateral,mídia rica,celular,BR,6,5,4,0,0.03811
evt_005209,2026-03-02 21:28:00,demo_publisher,site B,sess_001096,page_027,tecnologia,lateral,vídeo,computador,MX,4,2,1,0,0.01171
evt_005210,2026-03-07 02:38:00,demo_publisher,site C,sess_000860,page_110,tecnologia,topo da página,banner,celular,BR,5,5,2,0,0.03627
evt_005211,2026-03-09 15:35:00,demo_publisher,site A,sess_001113,page_015,tecnologia,lateral,nativo,celular,MX,4,1,0,0,0.00089
evt_005212,2026-03-28 17:24:00,demo_publisher,site B,sess_000134,page_047,finanças,meio do artigo,nativo,celular,BR,4,4,3,0,0.01347
evt_005213,2026-04-06 20:26:00,demo_publisher,site A,sess_000116,page_089,entretenimento,meio do artigo,banner,computador,BR,4,3,2,0,0.0117
evt_005214,2026-04-18 05:25:00,demo_publisher,site A,sess_000952,page_010,notícias,topo da página,banner,computador,AR,6,5,3,0,0.02769
evt_005215,2026-03-14 22:52:00,demo_publisher,site C,sess_001196,page_055,finanças,rodapé fixo,vídeo,computador,BR,6,4,4,0,0.04137
evt_005216,2026-04-17 04:42:00,demo_publisher,site C,sess_001102,page_111,esportes,rodapé fixo,banner,tablet,BR,2,1,0,0,0.00781
evt_005217,2026-04-09 23:06:00,demo_publisher,site A,sess_000858,page_013,tecnologia,topo da página,mídia rica,computador,BR,1,1,0,0,0.00339
evt_005218,2026-03-04 02:23:00,demo_publisher,site A,sess_000588,page_051,notícias,rodapé fixo,mídia rica,computador,US,2,1,1,0,0.00987
evt_005219,2026-03-22 01:45:00,demo_publisher,site B,sess_001418,page_001,finanças,rodapé fixo,banner,computador,BR,3,1,0,0,0.00106
evt_005220,2026-03-19 03:49:00,demo_publisher,site A,sess_001209,page_092,tecnologia,topo da página,banner,celular,BR,2,2,0,0,0.00747
evt_005221,2026-04-23 04:46:00,demo_publisher,site B,sess_000095,page_012,esportes,intersticial,mídia rica,celular,BR,3,2,2,0,0.00824
evt_005222,2026-04-25 06:31:00,demo_publisher,site C,sess_000905,page_040,esportes,topo da página,banner,tablet,US,3,2,2,0,0.00428
evt_005223,2026-04-19 03:44:00,demo_publisher,site A,sess_001422,page_073,esportes,rodapé fixo,vídeo,computador,BR,6,5,4,0,0.04944
evt_005224,2026-04-01 16:19:00,demo_publisher,site C,sess_001568,page_030,tecnologia,meio do artigo,banner,computador,BR,3,3,3,0,0.01124
evt_005225,2026-03-30 13:41:00,demo_publisher,site A,sess_000574,page_033,esportes,intersticial,banner,celular,BR,2,2,2,0,0.01301
evt_005226,2026-03-19 16:32:00,demo_publisher,site A,sess_001850,page_117,finanças,meio do artigo,banner,computador,BR,3,3,3,0,0.02623
evt_005227,2026-04-16 08:58:00,demo_publisher,site B,sess_001303,page_109,estilo de vida,meio do artigo,banner,computador,BR,1,1,1,0,0.0029
evt_005228,2026-03-06 04:14:00,demo_publisher,site B,sess_000875,page_012,entretenimento,rodapé fixo,mídia rica,tablet,BR,1,1,1,0,0.00328
evt_005229,2026-03-17 06:26:00,demo_publisher,site B,sess_001254,page_120,tecnologia,lateral,banner,celular,BR,4,4,4,0,0.01929
evt_005230,2026-03-09 02:42:00,demo_publisher,site B,sess_001743,page_066,notícias,lateral,banner,computador,AR,2,2,2,0,0.01636
evt_005231,2026-03-30 15:44:00,demo_publisher,site C,sess_000454,page_021,entretenimento,lateral,nativo,tablet,BR,4,4,2,0,0.01458
evt_005232,2026-03-18 23:38:00,demo_publisher,site A,sess_000301,page_127,tecnologia,lateral,mídia rica,computador,MX,1,0,0,0,0.0
evt_005233,2026-03-12 20:22:00,demo_publisher,site A,sess_000881,page_047,tecnologia,topo da página,banner,computador,BR,2,1,1,0,0.00391
evt_005234,2026-03-23 14:02:00,demo_publisher,site B,sess_000168,page_046,finanças,topo da página,vídeo,computador,BR,4,4,2,0,0.02727
evt_005235,2026-04-21 15:40:00,demo_publisher,site B,sess_001671,page_021,notícias,topo da página,banner,computador,BR,4,4,3,0,0.01084
evt_005236,2026-04-03 11:32:00,demo_publisher,site B,sess_001940,page_124,tecnologia,topo da página,vídeo,computador,US,4,2,1,0,0.01562
evt_005237,2026-04-19 09:13:00,demo_publisher,site A,sess_001211,page_040,finanças,rodapé fixo,vídeo,celular,US,4,3,3,0,0.01415
evt_005238,2026-04-24 20:01:00,demo_publisher,site B,sess_001959,page_083,esportes,meio do artigo,mídia rica,tablet,BR,2,2,0,0,0.01337
evt_005239,2026-04-24 03:05:00,demo_publisher,site A,sess_000138,page_034,notícias,meio do artigo,nativo,celular,AR,3,2,0,0,0.00161
evt_005240,2026-03-22 01:26:00,demo_publisher,site A,sess_001265,page_125,esportes,topo da página,mídia rica,tablet,BR,3,3,2,0,0.04983
evt_005241,2026-04-22 15:34:00,demo_publisher,site A,sess_000886,page_110,estilo de vida,rodapé fixo,banner,computador,BR,3,1,1,0,0.00581
evt_005242,2026-04-24 13:30:00,demo_publisher,site B,sess_000555,page_070,notícias,topo da página,vídeo,computador,MX,5,3,3,0,0.02211
evt_005243,2026-04-27 13:49:00,demo_publisher,site B,sess_000624,page_049,estilo de vida,topo da página,vídeo,computador,BR,1,1,1,0,0.00531
evt_005244,2026-03-22 01:26:00,demo_publisher,site B,sess_001090,page_092,tecnologia,rodapé fixo,banner,celular,MX,4,3,2,0,0.01133
evt_005245,2026-03-14 16:48:00,demo_publisher,site A,sess_001283,page_069,esportes,topo da página,mídia rica,computador,US,5,3,3,0,0.02633
evt_005246,2026-04-05 01:21:00,demo_publisher,site A,sess_000328,page_131,notícias,rodapé fixo,vídeo,computador,BR,3,3,3,0,0.01988
evt_005247,2026-04-25 21:49:00,demo_publisher,site A,sess_001229,page_094,notícias,meio do artigo,vídeo,tablet,BR,3,1,1,0,0.00408
evt_005248,2026-04-24 00:53:00,demo_publisher,site A,sess_001853,page_004,esportes,rodapé fixo,banner,computador,BR,5,4,2,0,0.00928
evt_005249,2026-04-04 06:32:00,demo_publisher,site B,sess_000021,page_115,tecnologia,topo da página,vídeo,celular,MX,4,4,4,0,0.02584
evt_005250,2026-03-09 22:54:00,demo_publisher,site B,sess_001756,page_027,estilo de vida,meio do artigo,banner,computador,CL,4,1,1,0,0.00487
evt_005251,2026-03-26 08:23:00,demo_publisher,site C,sess_001215,page_042,tecnologia,meio do artigo,mídia rica,celular,BR,3,2,2,0,0.01248
evt_005252,2026-04-12 20:20:00,demo_publisher,site C,sess_000685,page_061,entretenimento,lateral,banner,celular,BR,1,1,1,0,0.00233
evt_005253,2026-04-03 14:56:00,demo_publisher,site A,sess_001469,page_030,notícias,rodapé fixo,nativo,computador,AR,1,1,1,0,0.00828
evt_005254,2026-03-21 17:28:00,demo_publisher,site A,sess_001235,page_131,estilo de vida,topo da página,banner,computador,BR,3,2,1,0,0.00654
evt_005255,2026-03-21 13:20:00,demo_publisher,site C,sess_001537,page_137,finanças,lateral,vídeo,celular,BR,5,3,0,0,0.00971
evt_005256,2026-03-04 14:02:00,demo_publisher,site B,sess_000163,page_022,finanças,topo da página,banner,celular,BR,2,2,2,0,0.01073
evt_005257,2026-03-18 07:30:00,demo_publisher,site A,sess_000118,page_045,esportes,rodapé fixo,vídeo,computador,BR,3,2,2,0,0.01847
evt_005258,2026-04-10 03:54:00,demo_publisher,site C,sess_001284,page_052,esportes,rodapé fixo,vídeo,computador,BR,2,1,1,0,0.00671
evt_005259,2026-03-15 11:29:00,demo_publisher,site A,sess_000608,page_094,estilo de vida,topo da página,banner,computador,BR,2,1,1,0,0.00402
evt_005260,2026-04-29 14:29:00,demo_publisher,site A,sess_000477,page_084,estilo de vida,topo da página,vídeo,computador,BR,6,5,2,0,0.01901
evt_005261,2026-03-05 22:41:00,demo_publisher,site B,sess_000843,page_095,esportes,rodapé fixo,nativo,celular,CL,6,2,2,0,0.00295
evt_005262,2026-04-05 07:50:00,demo_publisher,site A,sess_001450,page_005,notícias,rodapé fixo,banner,computador,BR,6,6,5,0,0.02545
evt_005263,2026-03-30 19:03:00,demo_publisher,site A,sess_000360,page_072,estilo de vida,lateral,banner,celular,BR,6,4,3,0,0.01128
evt_005264,2026-04-19 23:57:00,demo_publisher,site A,sess_001946,page_030,tecnologia,meio do artigo,banner,celular,BR,3,3,3,0,0.01276
evt_005265,2026-04-23 06:22:00,demo_publisher,site B,sess_000842,page_032,estilo de vida,rodapé fixo,banner,celular,US,5,2,2,0,0.0121
evt_005266,2026-04-02 14:36:00,demo_publisher,site C,sess_000302,page_108,notícias,meio do artigo,nativo,computador,US,2,1,0,0,0.00533
evt_005267,2026-04-07 19:25:00,demo_publisher,site C,sess_000143,page_020,esportes,intersticial,nativo,celular,BR,4,2,1,0,0.01515
evt_005268,2026-04-11 22:29:00,demo_publisher,site B,sess_001714,page_005,tecnologia,rodapé fixo,banner,celular,BR,2,2,2,0,0.0089
evt_005269,2026-04-01 06:12:00,demo_publisher,site B,sess_000227,page_068,tecnologia,rodapé fixo,mídia rica,computador,MX,4,2,2,0,0.01547
evt_005270,2026-03-12 02:14:00,demo_publisher,site A,sess_000838,page_103,notícias,rodapé fixo,banner,computador,BR,3,3,2,0,0.00971
evt_005271,2026-03-26 17:10:00,demo_publisher,site B,sess_001337,page_072,finanças,rodapé fixo,vídeo,celular,BR,3,2,1,0,0.0053
evt_005272,2026-03-15 11:50:00,demo_publisher,site B,sess_001026,page_023,finanças,topo da página,vídeo,celular,BR,1,0,0,0,0.0
evt_005273,2026-03-28 20:44:00,demo_publisher,site B,sess_000525,page_108,estilo de vida,rodapé fixo,vídeo,computador,BR,2,1,1,0,0.00613
evt_005274,2026-04-06 21:49:00,demo_publisher,site A,sess_000216,page_054,notícias,topo da página,nativo,celular,BR,3,2,1,0,0.01736
evt_005275,2026-03-13 13:21:00,demo_publisher,site B,sess_001423,page_099,estilo de vida,meio do artigo,banner,computador,BR,4,4,2,0,0.01015
evt_005276,2026-03-15 23:10:00,demo_publisher,site B,sess_000981,page_029,entretenimento,meio do artigo,vídeo,computador,US,6,5,4,0,0.04392
evt_005277,2026-04-19 09:01:00,demo_publisher,site B,sess_000097,page_127,esportes,topo da página,vídeo,computador,BR,5,5,2,0,0.04512
evt_005278,2026-03-23 15:56:00,demo_publisher,site A,sess_000363,page_040,esportes,meio do artigo,vídeo,computador,BR,4,4,2,0,0.04892
evt_005279,2026-03-12 21:40:00,demo_publisher,site A,sess_001125,page_135,notícias,meio do artigo,banner,celular,BR,3,1,1,0,0.00358
evt_005280,2026-04-12 18:58:00,demo_publisher,site A,sess_000337,page_053,notícias,topo da página,nativo,computador,AR,3,2,0,0,0.00789
evt_005281,2026-04-12 23:56:00,demo_publisher,site A,sess_000783,page_102,entretenimento,meio do artigo,banner,computador,BR,6,6,4,0,0.02347
evt_005282,2026-04-19 13:40:00,demo_publisher,site A,sess_000249,page_070,entretenimento,meio do artigo,nativo,celular,BR,6,5,4,0,0.01646
evt_005283,2026-04-15 14:22:00,demo_publisher,site B,sess_001594,page_011,notícias,lateral,vídeo,celular,MX,3,3,1,0,0.02689
evt_005284,2026-04-29 12:26:00,demo_publisher,site A,sess_001261,page_014,entretenimento,lateral,banner,celular,BR,4,4,3,0,0.00951
evt_005285,2026-04-04 11:48:00,demo_publisher,site A,sess_001568,page_057,notícias,lateral,banner,computador,MX,3,2,2,0,0.00404
evt_005286,2026-03-18 05:01:00,demo_publisher,site C,sess_000105,page_027,estilo de vida,rodapé fixo,banner,computador,BR,4,4,3,0,0.01734
evt_005287,2026-04-21 18:36:00,demo_publisher,site B,sess_000751,page_085,estilo de vida,lateral,banner,tablet,AR,3,3,2,0,0.01384
evt_005288,2026-03-16 21:20:00,demo_publisher,site B,sess_000535,page_020,esportes,topo da página,banner,computador,AR,6,6,5,0,0.02784
evt_005289,2026-03-18 11:06:00,demo_publisher,site A,sess_001245,page_083,finanças,meio do artigo,banner,computador,BR,5,3,1,0,0.01657
evt_005290,2026-04-19 17:01:00,demo_publisher,site B,sess_001643,page_029,estilo de vida,meio do artigo,banner,celular,BR,2,2,2,0,0.01201
evt_005291,2026-04-22 21:31:00,demo_publisher,site B,sess_000455,page_026,notícias,topo da página,nativo,celular,BR,1,1,1,0,0.00302
evt_005292,2026-03-21 08:39:00,demo_publisher,site B,sess_001539,page_052,entretenimento,rodapé fixo,vídeo,tablet,BR,6,3,2,0,0.01192
evt_005293,2026-04-13 18:21:00,demo_publisher,site C,sess_001161,page_082,notícias,topo da página,banner,computador,US,3,2,1,0,0.00582
evt_005294,2026-04-25 08:14:00,demo_publisher,site A,sess_001648,page_056,notícias,intersticial,banner,tablet,BR,1,1,1,0,0.00367
evt_005295,2026-04-17 22:11:00,demo_publisher,site B,sess_000163,page_049,entretenimento,topo da página,vídeo,computador,BR,5,3,2,0,0.01687
evt_005296,2026-03-01 07:11:00,demo_publisher,site A,sess_001981,page_048,finanças,lateral,banner,celular,BR,3,2,0,0,0.0098
evt_005297,2026-04-09 20:59:00,demo_publisher,site A,sess_000869,page_048,esportes,meio do artigo,banner,computador,US,4,2,2,0,0.01126
evt_005298,2026-03-11 04:38:00,demo_publisher,site A,sess_000560,page_057,esportes,rodapé fixo,nativo,tablet,BR,4,4,3,0,0.03093
evt_005299,2026-04-20 18:44:00,demo_publisher,site B,sess_000366,page_116,notícias,rodapé fixo,mídia rica,celular,BR,2,2,1,0,0.01074
evt_005300,2026-03-05 00:32:00,demo_publisher,site B,sess_001969,page_081,esportes,topo da página,banner,celular,BR,4,4,1,0,0.01624
evt_005301,2026-04-29 14:03:00,demo_publisher,site C,sess_001766,page_059,esportes,topo da página,mídia rica,celular,BR,4,3,1,0,0.0087
evt_005302,2026-03-11 15:21:00,demo_publisher,site A,sess_000263,page_105,finanças,lateral,banner,computador,BR,4,3,3,0,0.01292
evt_005303,2026-03-26 05:02:00,demo_publisher,site B,sess_000890,page_074,finanças,topo da página,banner,celular,BR,6,5,2,0,0.03129
evt_005304,2026-03-15 01:04:00,demo_publisher,site B,sess_001467,page_132,entretenimento,topo da página,banner,computador,BR,3,3,2,0,0.00814
evt_005305,2026-04-18 20:02:00,demo_publisher,site B,sess_001181,page_079,entretenimento,intersticial,vídeo,celular,US,4,3,1,0,0.01008
evt_005306,2026-03-24 14:38:00,demo_publisher,site A,sess_000378,page_031,esportes,lateral,nativo,computador,BR,5,4,3,0,0.01703
evt_005307,2026-04-14 16:11:00,demo_publisher,site B,sess_000721,page_079,entretenimento,topo da página,nativo,computador,BR,5,5,2,1,0.02543
evt_005308,2026-03-05 00:47:00,demo_publisher,site B,sess_000736,page_108,tecnologia,meio do artigo,mídia rica,computador,BR,6,4,2,0,0.03147
evt_005309,2026-03-28 04:07:00,demo_publisher,site C,sess_000578,page_030,entretenimento,topo da página,nativo,celular,CL,2,1,0,0,0.00114
evt_005310,2026-04-24 15:54:00,demo_publisher,site B,sess_001921,page_029,tecnologia,rodapé fixo,banner,computador,BR,6,2,1,1,0.01573
evt_005311,2026-04-25 14:48:00,demo_publisher,site B,sess_000406,page_084,notícias,topo da página,vídeo,celular,BR,3,3,3,0,0.03681
evt_005312,2026-03-13 12:31:00,demo_publisher,site A,sess_001413,page_123,notícias,meio do artigo,banner,computador,BR,2,2,1,0,0.01188
evt_005313,2026-03-24 15:58:00,demo_publisher,site A,sess_001823,page_047,entretenimento,topo da página,nativo,computador,US,2,2,1,0,0.00984
evt_005314,2026-03-25 13:07:00,demo_publisher,site C,sess_001589,page_071,finanças,intersticial,vídeo,celular,BR,3,2,1,0,0.01252
evt_005315,2026-04-03 22:16:00,demo_publisher,site B,sess_001599,page_092,entretenimento,topo da página,nativo,computador,BR,6,5,4,0,0.01963
evt_005316,2026-04-02 05:45:00,demo_publisher,site B,sess_000318,page_093,tecnologia,lateral,banner,celular,BR,1,0,0,0,0.0
evt_005317,2026-03-07 08:33:00,demo_publisher,site C,sess_000267,page_021,notícias,meio do artigo,nativo,celular,US,2,1,1,0,0.00501
evt_005318,2026-04-15 18:14:00,demo_publisher,site A,sess_001566,page_055,esportes,rodapé fixo,banner,tablet,AR,5,4,3,0,0.01449
evt_005319,2026-03-14 13:06:00,demo_publisher,site B,sess_001493,page_139,entretenimento,topo da página,banner,computador,BR,6,5,4,0,0.01343
evt_005320,2026-03-19 21:30:00,demo_publisher,site A,sess_001484,page_124,notícias,rodapé fixo,nativo,computador,BR,1,1,0,0,0.00334
evt_005321,2026-04-20 10:36:00,demo_publisher,site A,sess_000837,page_108,tecnologia,intersticial,banner,tablet,BR,3,2,1,0,0.0144
evt_005322,2026-04-11 09:05:00,demo_publisher,site A,sess_001047,page_004,entretenimento,topo da página,banner,celular,BR,3,2,2,0,0.00276
evt_005323,2026-03-24 19:02:00,demo_publisher,site B,sess_000031,page_058,notícias,topo da página,nativo,celular,MX,3,3,3,0,0.01012
evt_005324,2026-04-24 17:57:00,demo_publisher,site B,sess_000582,page_008,esportes,intersticial,banner,computador,CL,5,5,4,0,0.01088
evt_005325,2026-03-24 15:28:00,demo_publisher,site A,sess_001057,page_042,estilo de vida,meio do artigo,banner,computador,BR,4,3,2,0,0.01156
evt_005326,2026-04-03 22:18:00,demo_publisher,site A,sess_000252,page_121,tecnologia,rodapé fixo,mídia rica,celular,US,1,1,1,0,0.0082
evt_005327,2026-03-15 18:12:00,demo_publisher,site C,sess_000260,page_054,finanças,rodapé fixo,banner,computador,US,2,1,1,0,0.0057
evt_005328,2026-03-11 23:47:00,demo_publisher,site A,sess_000091,page_024,notícias,meio do artigo,banner,computador,US,5,4,2,0,0.01311
evt_005329,2026-03-30 11:55:00,demo_publisher,site B,sess_000420,page_101,notícias,topo da página,vídeo,celular,BR,2,2,0,0,0.01005
evt_005330,2026-04-03 18:44:00,demo_publisher,site A,sess_001985,page_106,esportes,meio do artigo,banner,computador,MX,3,3,2,0,0.007
evt_005331,2026-04-18 08:22:00,demo_publisher,site B,sess_001392,page_092,esportes,lateral,mídia rica,celular,BR,3,2,1,0,0.01121
evt_005332,2026-03-24 10:54:00,demo_publisher,site B,sess_001896,page_113,notícias,meio do artigo,nativo,computador,MX,3,3,3,0,0.01237
evt_005333,2026-04-23 17:02:00,demo_publisher,site C,sess_000515,page_098,tecnologia,lateral,nativo,tablet,BR,5,5,1,0,0.02686
evt_005334,2026-04-06 10:38:00,demo_publisher,site A,sess_001198,page_089,notícias,meio do artigo,banner,celular,AR,2,2,2,0,0.01294
evt_005335,2026-03-05 04:57:00,demo_publisher,site B,sess_001783,page_124,tecnologia,rodapé fixo,banner,tablet,BR,5,3,2,0,0.03505
evt_005336,2026-04-14 08:18:00,demo_publisher,site A,sess_000704,page_046,entretenimento,topo da página,vídeo,celular,BR,5,4,2,0,0.03328
evt_005337,2026-04-04 11:44:00,demo_publisher,site A,sess_001314,page_064,estilo de vida,meio do artigo,banner,computador,BR,6,3,3,0,0.01468
evt_005338,2026-03-24 08:40:00,demo_publisher,site A,sess_001385,page_079,estilo de vida,topo da página,vídeo,computador,BR,3,1,0,0,0.00356
evt_005339,2026-03-29 00:52:00,demo_publisher,site C,sess_001664,page_094,notícias,topo da página,vídeo,computador,BR,1,1,0,0,0.02093
evt_005340,2026-03-19 02:34:00,demo_publisher,site C,sess_001938,page_067,estilo de vida,meio do artigo,vídeo,celular,US,5,2,1,0,0.01053
evt_005341,2026-04-06 20:33:00,demo_publisher,site A,sess_001230,page_062,esportes,rodapé fixo,banner,computador,BR,5,4,3,0,0.01358
evt_005342,2026-04-04 00:24:00,demo_publisher,site B,sess_001165,page_023,esportes,meio do artigo,vídeo,celular,BR,1,1,1,0,0.01898
evt_005343,2026-03-27 20:04:00,demo_publisher,site A,sess_001737,page_089,estilo de vida,topo da página,vídeo,celular,BR,2,2,2,0,0.00937
evt_005344,2026-03-18 02:41:00,demo_publisher,site B,sess_001369,page_018,notícias,lateral,banner,computador,US,3,2,2,0,0.00941
evt_005345,2026-03-24 22:02:00,demo_publisher,site C,sess_000724,page_067,esportes,lateral,mídia rica,celular,BR,4,3,1,0,0.01424
evt_005346,2026-03-30 20:53:00,demo_publisher,site C,sess_001260,page_057,estilo de vida,meio do artigo,banner,celular,US,4,4,3,0,0.01479
evt_005347,2026-03-29 07:30:00,demo_publisher,site B,sess_001098,page_108,finanças,meio do artigo,mídia rica,celular,US,2,2,2,0,0.01813
evt_005348,2026-03-19 13:22:00,demo_publisher,site A,sess_000458,page_067,notícias,meio do artigo,banner,computador,BR,2,2,1,0,0.01059
evt_005349,2026-04-04 22:04:00,demo_publisher,site A,sess_001032,page_001,notícias,topo da página,banner,computador,BR,6,6,4,0,0.04592
evt_005350,2026-03-14 14:13:00,demo_publisher,site A,sess_001247,page_071,esportes,meio do artigo,nativo,celular,MX,5,4,3,0,0.0175
evt_005351,2026-03-31 01:24:00,demo_publisher,site A,sess_001807,page_030,estilo de vida,topo da página,banner,computador,US,4,3,3,0,0.01134
evt_005352,2026-03-08 07:01:00,demo_publisher,site A,sess_001161,page_053,finanças,lateral,banner,celular,CL,2,2,1,0,0.00961
evt_005353,2026-03-29 07:53:00,demo_publisher,site B,sess_000330,page_042,notícias,rodapé fixo,banner,tablet,CL,3,3,1,0,0.00487
evt_005354,2026-04-17 00:55:00,demo_publisher,site A,sess_001975,page_024,estilo de vida,topo da página,vídeo,celular,BR,6,3,2,0,0.01017
evt_005355,2026-04-19 01:40:00,demo_publisher,site B,sess_001156,page_132,entretenimento,topo da página,banner,computador,BR,2,2,2,0,0.00341
evt_005356,2026-04-11 16:21:00,demo_publisher,site B,sess_000574,page_036,estilo de vida,rodapé fixo,nativo,computador,US,2,1,1,0,0.00809
evt_005357,2026-04-14 17:43:00,demo_publisher,site B,sess_001509,page_071,finanças,meio do artigo,nativo,tablet,BR,3,3,3,0,0.0246
evt_005358,2026-03-04 22:58:00,demo_publisher,site C,sess_000770,page_116,estilo de vida,lateral,nativo,computador,BR,2,1,0,0,0.00372
evt_005359,2026-03-21 11:35:00,demo_publisher,site C,sess_000740,page_051,entretenimento,rodapé fixo,banner,computador,BR,1,0,0,0,0.00251
evt_005360,2026-04-09 06:07:00,demo_publisher,site A,sess_001679,page_131,entretenimento,lateral,banner,celular,BR,6,6,3,0,0.01025
evt_005361,2026-04-18 00:49:00,demo_publisher,site C,sess_001735,page_057,notícias,rodapé fixo,mídia rica,celular,BR,5,4,3,0,0.01334
evt_005362,2026-04-04 23:18:00,demo_publisher,site C,sess_001048,page_132,notícias,meio do artigo,vídeo,computador,US,3,3,3,0,0.02534
evt_005363,2026-04-21 05:15:00,demo_publisher,site A,sess_000746,page_063,notícias,rodapé fixo,mídia rica,celular,BR,4,4,4,0,0.02158
evt_005364,2026-03-17 09:12:00,demo_publisher,site B,sess_001726,page_003,tecnologia,lateral,vídeo,celular,BR,3,2,0,0,0.02052
evt_005365,2026-03-10 05:01:00,demo_publisher,site A,sess_000347,page_121,notícias,topo da página,vídeo,computador,BR,1,1,1,0,0.00904
evt_005366,2026-03-06 04:23:00,demo_publisher,site A,sess_001494,page_121,entretenimento,lateral,mídia rica,computador,BR,5,4,2,0,0.02598
evt_005367,2026-04-04 23:03:00,demo_publisher,site C,sess_001168,page_134,notícias,topo da página,banner,celular,BR,1,1,1,0,0.00262
evt_005368,2026-04-09 21:51:00,demo_publisher,site C,sess_001708,page_018,estilo de vida,meio do artigo,mídia rica,computador,BR,4,3,3,0,0.0104
evt_005369,2026-03-18 02:50:00,demo_publisher,site B,sess_000841,page_118,esportes,topo da página,banner,tablet,US,2,2,1,0,0.01314
evt_005370,2026-04-17 00:27:00,demo_publisher,site A,sess_001664,page_048,finanças,lateral,banner,computador,BR,3,3,2,0,0.017
evt_005371,2026-04-14 08:24:00,demo_publisher,site A,sess_000031,page_117,finanças,meio do artigo,nativo,celular,BR,3,3,1,1,0.02228
evt_005372,2026-03-22 14:35:00,demo_publisher,site B,sess_001516,page_134,tecnologia,meio do artigo,banner,celular,US,3,3,3,1,0.02073
evt_005373,2026-03-15 07:51:00,demo_publisher,site A,sess_000140,page_028,finanças,lateral,banner,celular,US,2,1,1,0,0.00908
evt_005374,2026-04-14 12:56:00,demo_publisher,site B,sess_001285,page_052,finanças,topo da página,nativo,computador,US,1,1,1,0,0.01403
evt_005375,2026-04-10 06:49:00,demo_publisher,site A,sess_000391,page_038,tecnologia,meio do artigo,nativo,celular,BR,1,1,1,0,0.00474
evt_005376,2026-03-11 05:55:00,demo_publisher,site C,sess_001926,page_043,entretenimento,meio do artigo,vídeo,tablet,BR,5,4,1,0,0.02378
evt_005377,2026-03-16 07:22:00,demo_publisher,site A,sess_001538,page_083,tecnologia,meio do artigo,banner,computador,BR,1,1,1,0,0.01585
evt_005378,2026-03-30 03:47:00,demo_publisher,site A,sess_000210,page_058,tecnologia,rodapé fixo,banner,computador,BR,4,2,2,0,0.03411
evt_005379,2026-03-31 16:02:00,demo_publisher,site A,sess_001784,page_092,finanças,meio do artigo,vídeo,computador,BR,2,1,1,0,0.00638
evt_005380,2026-03-10 22:58:00,demo_publisher,site A,sess_000504,page_094,entretenimento,lateral,nativo,computador,BR,5,4,2,0,0.01668
evt_005381,2026-04-26 22:03:00,demo_publisher,site A,sess_001091,page_029,finanças,rodapé fixo,vídeo,computador,MX,4,4,4,0,0.04635
evt_005382,2026-03-24 07:39:00,demo_publisher,site B,sess_000171,page_007,entretenimento,lateral,banner,celular,BR,2,1,1,0,0.00389
evt_005383,2026-03-23 21:04:00,demo_publisher,site C,sess_000212,page_104,tecnologia,meio do artigo,banner,tablet,US,5,3,2,0,0.00898
evt_005384,2026-03-04 15:09:00,demo_publisher,site C,sess_000483,page_026,notícias,meio do artigo,mídia rica,tablet,BR,4,2,1,0,0.00885
evt_005385,2026-04-22 13:03:00,demo_publisher,site B,sess_001069,page_028,notícias,rodapé fixo,banner,computador,BR,2,1,1,0,0.00682
evt_005386,2026-03-15 02:36:00,demo_publisher,site C,sess_001086,page_084,tecnologia,meio do artigo,nativo,celular,CL,6,5,3,0,0.01909
evt_005387,2026-04-29 05:12:00,demo_publisher,site A,sess_001711,page_037,estilo de vida,topo da página,banner,computador,BR,3,3,2,0,0.01517
evt_005388,2026-03-30 18:15:00,demo_publisher,site B,sess_000331,page_027,estilo de vida,meio do artigo,banner,computador,BR,1,1,0,0,0.00606
evt_005389,2026-04-22 11:47:00,demo_publisher,site A,sess_001499,page_043,entretenimento,topo da página,vídeo,celular,BR,4,3,3,0,0.01164
evt_005390,2026-03-11 17:56:00,demo_publisher,site B,sess_000012,page_073,estilo de vida,lateral,banner,computador,MX,3,3,1,0,0.02739
evt_005391,2026-03-10 22:50:00,demo_publisher,site C,sess_000582,page_118,esportes,intersticial,banner,computador,BR,3,2,1,0,0.01829
evt_005392,2026-04-18 01:36:00,demo_publisher,site B,sess_000350,page_138,estilo de vida,intersticial,vídeo,celular,MX,3,0,0,0,0.00187
evt_005393,2026-04-19 04:18:00,demo_publisher,site A,sess_000248,page_102,notícias,lateral,banner,celular,BR,6,6,4,0,0.01637
evt_005394,2026-04-02 14:03:00,demo_publisher,site A,sess_001169,page_125,estilo de vida,rodapé fixo,banner,tablet,CL,3,3,2,0,0.01124
evt_005395,2026-03-02 22:17:00,demo_publisher,site C,sess_001801,page_074,entretenimento,rodapé fixo,nativo,computador,BR,5,4,3,0,0.01385
evt_005396,2026-04-26 14:57:00,demo_publisher,site C,sess_001334,page_057,notícias,intersticial,banner,celular,BR,6,5,2,0,0.02013
evt_005397,2026-03-24 14:21:00,demo_publisher,site B,sess_001708,page_114,tecnologia,rodapé fixo,nativo,computador,AR,4,2,1,0,0.01372
evt_005398,2026-04-26 03:49:00,demo_publisher,site A,sess_001183,page_043,tecnologia,rodapé fixo,banner,computador,AR,6,4,3,0,0.01957
evt_005399,2026-04-22 05:51:00,demo_publisher,site A,sess_000108,page_113,notícias,topo da página,banner,celular,BR,3,3,3,0,0.01037
evt_005400,2026-04-21 02:08:00,demo_publisher,site A,sess_000692,page_139,tecnologia,topo da página,banner,celular,BR,2,1,1,0,0.00443
evt_005401,2026-04-11 07:48:00,demo_publisher,site B,sess_001647,page_055,tecnologia,topo da página,mídia rica,celular,BR,3,3,3,0,0.02302
evt_005402,2026-04-10 09:28:00,demo_publisher,site A,sess_000089,page_089,finanças,lateral,banner,celular,AR,1,1,0,0,0.01208
evt_005403,2026-04-01 23:08:00,demo_publisher,site A,sess_000195,page_109,esportes,rodapé fixo,mídia rica,computador,MX,2,1,1,0,0.0
evt_005404,2026-03-02 11:40:00,demo_publisher,site B,sess_001667,page_109,esportes,intersticial,banner,tablet,MX,2,1,1,0,0.00416
evt_005405,2026-03-24 06:31:00,demo_publisher,site A,sess_000127,page_029,estilo de vida,rodapé fixo,banner,computador,MX,1,1,0,0,0.00427
evt_005406,2026-04-13 19:58:00,demo_publisher,site A,sess_001918,page_134,esportes,rodapé fixo,vídeo,celular,BR,1,1,0,0,0.00151
evt_005407,2026-04-18 17:42:00,demo_publisher,site A,sess_001517,page_070,esportes,meio do artigo,banner,tablet,BR,6,4,3,0,0.02058
evt_005408,2026-04-03 13:46:00,demo_publisher,site B,sess_001330,page_006,entretenimento,meio do artigo,nativo,celular,CL,6,3,2,0,0.01884
evt_005409,2026-04-12 13:45:00,demo_publisher,site A,sess_001073,page_017,tecnologia,lateral,mídia rica,celular,BR,6,4,4,0,0.01859
evt_005410,2026-03-02 07:18:00,demo_publisher,site B,sess_000179,page_102,tecnologia,topo da página,vídeo,celular,CL,1,0,0,0,0.0
evt_005411,2026-03-29 02:30:00,demo_publisher,site A,sess_000829,page_060,entretenimento,rodapé fixo,nativo,computador,BR,6,6,3,0,0.01543
evt_005412,2026-03-31 11:07:00,demo_publisher,site A,sess_001615,page_016,notícias,lateral,vídeo,celular,BR,3,3,3,0,0.02391
evt_005413,2026-04-23 13:10:00,demo_publisher,site C,sess_001807,page_073,esportes,topo da página,banner,celular,BR,3,3,2,0,0.01001
evt_005414,2026-03-19 15:54:00,demo_publisher,site A,sess_000894,page_084,estilo de vida,lateral,vídeo,computador,BR,2,2,1,0,0.01331
evt_005415,2026-03-14 19:07:00,demo_publisher,site B,sess_001678,page_012,finanças,lateral,banner,computador,BR,6,4,3,0,0.02951
evt_005416,2026-03-22 03:25:00,demo_publisher,site A,sess_001553,page_049,notícias,rodapé fixo,banner,computador,US,6,5,5,0,0.02034
evt_005417,2026-03-11 05:21:00,demo_publisher,site B,sess_000116,page_065,tecnologia,rodapé fixo,nativo,computador,BR,5,5,3,0,0.04948
evt_005418,2026-04-03 12:07:00,demo_publisher,site A,sess_001240,page_109,notícias,topo da página,banner,tablet,BR,1,1,1,0,0.00629
evt_005419,2026-04-08 13:38:00,demo_publisher,site A,sess_001232,page_091,estilo de vida,rodapé fixo,vídeo,tablet,BR,3,3,3,0,0.01487
evt_005420,2026-04-18 01:36:00,demo_publisher,site B,sess_001086,page_013,estilo de vida,topo da página,banner,celular,BR,2,2,0,0,0.00333
evt_005421,2026-04-28 07:40:00,demo_publisher,site C,sess_001544,page_086,estilo de vida,meio do artigo,banner,computador,BR,6,4,3,1,0.02318
evt_005422,2026-03-05 09:59:00,demo_publisher,site A,sess_001779,page_126,esportes,meio do artigo,nativo,computador,BR,4,2,1,0,0.01963
evt_005423,2026-03-15 20:02:00,demo_publisher,site B,sess_001101,page_008,notícias,rodapé fixo,nativo,computador,BR,6,5,4,0,0.01275
evt_005424,2026-03-19 01:01:00,demo_publisher,site A,sess_000641,page_138,entretenimento,rodapé fixo,mídia rica,computador,BR,6,4,4,0,0.02746
evt_005425,2026-03-15 23:31:00,demo_publisher,site B,sess_001966,page_014,entretenimento,topo da página,banner,celular,BR,4,3,3,0,0.01182
evt_005426,2026-04-19 15:17:00,demo_publisher,site C,sess_001927,page_087,finanças,lateral,banner,celular,US,2,2,1,0,0.0091
evt_005427,2026-03-09 08:52:00,demo_publisher,site A,sess_001372,page_049,notícias,rodapé fixo,banner,celular,BR,5,4,4,0,0.02495
evt_005428,2026-03-02 18:49:00,demo_publisher,site C,sess_001281,page_102,estilo de vida,intersticial,banner,computador,MX,5,5,1,0,0.01172
evt_005429,2026-04-21 15:12:00,demo_publisher,site C,sess_000209,page_118,esportes,topo da página,banner,tablet,BR,5,3,3,0,0.0052
evt_005430,2026-04-27 16:35:00,demo_publisher,site C,sess_000803,page_119,notícias,topo da página,vídeo,computador,US,6,4,4,0,0.04586
evt_005431,2026-03-14 14:00:00,demo_publisher,site A,sess_000397,page_121,notícias,meio do artigo,banner,computador,BR,4,4,2,0,0.01521
evt_005432,2026-03-20 23:18:00,demo_publisher,site B,sess_001030,page_114,notícias,rodapé fixo,mídia rica,computador,BR,5,4,2,0,0.02289
evt_005433,2026-03-31 04:34:00,demo_publisher,site A,sess_001652,page_044,esportes,meio do artigo,nativo,computador,BR,3,3,0,0,0.01097
evt_005434,2026-04-01 13:21:00,demo_publisher,site A,sess_000449,page_065,esportes,meio do artigo,nativo,celular,BR,3,1,1,0,0.00288
evt_005435,2026-04-29 10:51:00,demo_publisher,site B,sess_001993,page_100,tecnologia,intersticial,banner,celular,BR,1,0,0,0,0.0
evt_005436,2026-03-25 05:58:00,demo_publisher,site B,sess_000259,page_024,finanças,meio do artigo,banner,celular,MX,2,1,1,0,0.00467
evt_005437,2026-03-01 17:28:00,demo_publisher,site B,sess_000197,page_081,finanças,lateral,banner,computador,BR,6,5,2,0,0.01815
evt_005438,2026-03-26 08:46:00,demo_publisher,site A,sess_001948,page_074,notícias,intersticial,nativo,tablet,BR,2,1,0,0,0.0042
evt_005439,2026-04-03 09:20:00,demo_publisher,site A,sess_000201,page_137,entretenimento,meio do artigo,nativo,celular,BR,1,1,1,0,0.00517
evt_005440,2026-04-01 00:19:00,demo_publisher,site A,sess_001470,page_007,notícias,topo da página,banner,celular,BR,5,5,1,0,0.01619
evt_005441,2026-03-31 17:41:00,demo_publisher,site C,sess_001527,page_014,esportes,meio do artigo,banner,computador,US,1,1,0,0,0.0
evt_005442,2026-04-25 08:34:00,demo_publisher,site C,sess_000660,page_005,estilo de vida,lateral,mídia rica,tablet,BR,3,3,2,0,0.01579
evt_005443,2026-04-18 10:43:00,demo_publisher,site A,sess_000129,page_077,tecnologia,topo da página,banner,celular,BR,3,3,1,0,0.01615
evt_005444,2026-03-16 02:27:00,demo_publisher,site A,sess_000617,page_077,tecnologia,topo da página,banner,celular,BR,3,3,3,0,0.0143
evt_005445,2026-03-22 07:36:00,demo_publisher,site A,sess_000138,page_083,finanças,topo da página,banner,computador,BR,3,3,2,0,0.03061
evt_005446,2026-04-10 01:19:00,demo_publisher,site B,sess_001344,page_034,esportes,meio do artigo,banner,computador,BR,1,1,1,0,0.00094
evt_005447,2026-03-25 14:53:00,demo_publisher,site A,sess_001777,page_043,esportes,rodapé fixo,banner,celular,US,2,2,2,0,0.01103
evt_005448,2026-03-26 16:53:00,demo_publisher,site B,sess_001994,page_058,estilo de vida,meio do artigo,nativo,computador,BR,4,4,3,0,0.01506
evt_005449,2026-03-11 01:49:00,demo_publisher,site C,sess_001601,page_007,esportes,rodapé fixo,nativo,celular,AR,1,1,1,0,0.00532
evt_005450,2026-03-16 06:17:00,demo_publisher,site B,sess_001549,page_105,esportes,intersticial,nativo,celular,BR,2,1,0,0,0.00317
evt_005451,2026-04-14 10:46:00,demo_publisher,site B,sess_001763,page_008,notícias,rodapé fixo,banner,celular,BR,6,5,5,0,0.04376
evt_005452,2026-04-20 13:49:00,demo_publisher,site B,sess_001539,page_093,entretenimento,lateral,banner,computador,BR,4,2,1,0,0.0094
evt_005453,2026-04-17 01:58:00,demo_publisher,site A,sess_001301,page_064,notícias,topo da página,vídeo,tablet,BR,4,3,2,0,0.01515
evt_005454,2026-03-19 11:16:00,demo_publisher,site B,sess_001992,page_139,esportes,meio do artigo,banner,computador,BR,4,4,4,0,0.01273
evt_005455,2026-03-09 04:47:00,demo_publisher,site B,sess_000645,page_097,entretenimento,topo da página,banner,celular,BR,6,6,4,0,0.01771
evt_005456,2026-03-10 13:57:00,demo_publisher,site A,sess_000826,page_067,tecnologia,meio do artigo,banner,celular,BR,1,1,1,0,0.00633
evt_005457,2026-03-24 14:34:00,demo_publisher,site A,sess_001812,page_098,estilo de vida,intersticial,vídeo,computador,MX,6,5,3,0,0.016
evt_005458,2026-04-01 01:34:00,demo_publisher,site B,sess_000622,page_017,estilo de vida,meio do artigo,banner,computador,BR,3,1,0,0,0.0044
evt_005459,2026-04-23 13:46:00,demo_publisher,site C,sess_000598,page_026,notícias,topo da página,mídia rica,celular,BR,3,2,1,0,0.01382
evt_005460,2026-04-23 22:18:00,demo_publisher,site A,sess_000305,page_070,tecnologia,rodapé fixo,banner,celular,BR,2,2,1,0,0.01194
evt_005461,2026-03-01 03:53:00,demo_publisher,site A,sess_000551,page_120,esportes,intersticial,mídia rica,computador,BR,3,3,1,0,0.0274
evt_005462,2026-04-12 10:53:00,demo_publisher,site A,sess_001187,page_114,entretenimento,rodapé fixo,banner,computador,BR,4,4,1,0,0.01783
evt_005463,2026-03-18 22:12:00,demo_publisher,site A,sess_001772,page_053,esportes,topo da página,vídeo,celular,US,2,1,1,0,0.00508
evt_005464,2026-03-12 20:50:00,demo_publisher,site B,sess_000273,page_040,estilo de vida,meio do artigo,banner,computador,AR,3,1,1,0,0.00856
evt_005465,2026-04-03 07:15:00,demo_publisher,site A,sess_001361,page_135,estilo de vida,meio do artigo,vídeo,computador,BR,6,5,5,0,0.02103
evt_005466,2026-03-03 00:50:00,demo_publisher,site A,sess_001532,page_079,notícias,lateral,nativo,celular,AR,5,3,3,0,0.00726
evt_005467,2026-03-21 01:05:00,demo_publisher,site C,sess_001791,page_017,esportes,lateral,vídeo,computador,BR,4,4,3,0,0.03258
evt_005468,2026-04-03 03:12:00,demo_publisher,site A,sess_001500,page_032,tecnologia,rodapé fixo,vídeo,computador,BR,2,1,1,0,0.00798
evt_005469,2026-03-17 07:44:00,demo_publisher,site A,sess_000312,page_117,notícias,topo da página,nativo,celular,BR,6,6,4,0,0.01497
evt_005470,2026-04-05 14:29:00,demo_publisher,site A,sess_000978,page_125,entretenimento,intersticial,banner,celular,BR,6,4,2,0,0.01613
evt_005471,2026-03-28 14:27:00,demo_publisher,site B,sess_001904,page_127,esportes,topo da página,banner,celular,BR,6,5,5,1,0.01097
evt_005472,2026-04-17 23:08:00,demo_publisher,site C,sess_001816,page_001,estilo de vida,topo da página,mídia rica,computador,MX,5,4,2,0,0.02115
evt_005473,2026-03-11 21:23:00,demo_publisher,site B,sess_001225,page_115,estilo de vida,rodapé fixo,mídia rica,celular,BR,2,1,1,0,0.005
evt_005474,2026-03-04 10:13:00,demo_publisher,site B,sess_001926,page_016,finanças,meio do artigo,banner,computador,BR,3,3,2,0,0.02144
evt_005475,2026-04-01 18:39:00,demo_publisher,site B,sess_001336,page_113,estilo de vida,meio do artigo,banner,celular,BR,6,5,3,0,0.01747
evt_005476,2026-03-16 09:55:00,demo_publisher,site A,sess_000130,page_123,tecnologia,meio do artigo,banner,computador,US,1,1,1,0,0.00629
evt_005477,2026-04-12 09:38:00,demo_publisher,site C,sess_001828,page_051,estilo de vida,topo da página,banner,computador,MX,5,4,3,0,0.03092
evt_005478,2026-03-06 14:19:00,demo_publisher,site C,sess_000337,page_027,estilo de vida,topo da página,banner,celular,US,4,2,1,0,0.01172
evt_005479,2026-04-04 12:25:00,demo_publisher,site B,sess_000762,page_100,estilo de vida,rodapé fixo,vídeo,computador,BR,3,2,1,0,0.02768
evt_005480,2026-04-29 09:21:00,demo_publisher,site C,sess_000476,page_010,finanças,topo da página,banner,tablet,BR,1,1,0,0,0.00819
evt_005481,2026-03-06 14:04:00,demo_publisher,site B,sess_001439,page_081,notícias,intersticial,mídia rica,tablet,BR,6,4,4,0,0.03029
evt_005482,2026-03-19 02:37:00,demo_publisher,site B,sess_000060,page_047,notícias,rodapé fixo,mídia rica,computador,CL,2,1,1,0,0.00522
evt_005483,2026-04-20 15:56:00,demo_publisher,site B,sess_001281,page_060,estilo de vida,rodapé fixo,banner,celular,BR,4,4,2,0,0.00942
evt_005484,2026-04-02 00:19:00,demo_publisher,site A,sess_001728,page_115,entretenimento,rodapé fixo,banner,celular,BR,4,3,3,0,0.0113
evt_005485,2026-03-11 11:58:00,demo_publisher,site B,sess_001575,page_139,notícias,lateral,nativo,computador,US,3,3,1,0,0.00632
evt_005486,2026-03-13 18:54:00,demo_publisher,site A,sess_000614,page_056,estilo de vida,meio do artigo,banner,computador,BR,1,1,0,0,0.00506
evt_005487,2026-04-15 21:19:00,demo_publisher,site C,sess_001793,page_041,esportes,rodapé fixo,vídeo,tablet,BR,1,0,0,0,0.00136
evt_005488,2026-04-21 15:41:00,demo_publisher,site A,sess_000724,page_116,estilo de vida,meio do artigo,nativo,computador,US,4,3,2,0,0.01145
evt_005489,2026-03-22 15:12:00,demo_publisher,site B,sess_001360,page_058,tecnologia,topo da página,banner,celular,CL,5,3,3,0,0.01824
evt_005490,2026-03-29 10:19:00,demo_publisher,site A,sess_001013,page_028,tecnologia,lateral,mídia rica,celular,US,2,1,1,0,0.00395
evt_005491,2026-04-16 23:10:00,demo_publisher,site B,sess_000136,page_126,tecnologia,topo da página,banner,computador,BR,5,3,2,0,0.01285
evt_005492,2026-03-11 14:46:00,demo_publisher,site B,sess_000006,page_138,tecnologia,lateral,banner,celular,BR,5,3,2,0,0.01016
evt_005493,2026-03-13 09:01:00,demo_publisher,site C,sess_000367,page_041,notícias,intersticial,mídia rica,tablet,CL,2,2,2,0,0.00837
evt_005494,2026-04-16 11:10:00,demo_publisher,site C,sess_001869,page_022,finanças,lateral,banner,computador,BR,3,3,2,0,0.00485
evt_005495,2026-03-12 04:47:00,demo_publisher,site B,sess_001908,page_022,esportes,topo da página,banner,computador,BR,3,2,2,0,0.01922
evt_005496,2026-04-16 05:58:00,demo_publisher,site B,sess_000820,page_084,entretenimento,topo da página,banner,computador,MX,4,4,3,0,0.0168
evt_005497,2026-03-30 19:43:00,demo_publisher,site A,sess_001937,page_044,tecnologia,meio do artigo,banner,celular,BR,1,1,1,0,0.00512
evt_005498,2026-04-29 09:38:00,demo_publisher,site C,sess_000099,page_087,notícias,topo da página,banner,celular,BR,6,3,3,0,0.01693
evt_005499,2026-03-02 23:25:00,demo_publisher,site B,sess_001934,page_106,esportes,meio do artigo,nativo,celular,BR,4,3,0,0,0.00917
evt_005500,2026-04-26 18:10:00,demo_publisher,site A,sess_000462,page_001,finanças,rodapé fixo,banner,celular,BR,5,5,4,0,0.01665
evt_005501,2026-03-14 12:25:00,demo_publisher,site C,sess_000074,page_120,entretenimento,lateral,nativo,tablet,BR,4,3,2,0,0.01921
evt_005502,2026-03-03 02:30:00,demo_publisher,site B,sess_001515,page_005,notícias,lateral,banner,computador,BR,3,2,1,0,0.01225
evt_005503,2026-04-13 10:34:00,demo_publisher,site B,sess_000765,page_016,estilo de vida,meio do artigo,banner,celular,CL,6,3,2,0,0.00943
evt_005504,2026-04-01 22:50:00,demo_publisher,site A,sess_000585,page_101,esportes,topo da página,mídia rica,computador,BR,2,1,0,0,0.00638
evt_005505,2026-04-20 05:49:00,demo_publisher,site A,sess_001519,page_087,estilo de vida,lateral,vídeo,computador,BR,1,1,1,0,0.01026
evt_005506,2026-03-07 12:01:00,demo_publisher,site B,sess_000666,page_137,estilo de vida,meio do artigo,vídeo,computador,MX,4,2,1,0,0.01877
evt_005507,2026-03-05 20:19:00,demo_publisher,site A,sess_001506,page_079,esportes,meio do artigo,banner,computador,BR,1,1,1,0,0.00518
evt_005508,2026-04-04 00:50:00,demo_publisher,site B,sess_000391,page_058,tecnologia,lateral,nativo,celular,CL,5,4,2,0,0.02737
evt_005509,2026-04-22 22:11:00,demo_publisher,site B,sess_000172,page_093,notícias,meio do artigo,vídeo,celular,BR,1,0,0,0,0.0
evt_005510,2026-03-25 08:17:00,demo_publisher,site A,sess_000650,page_106,tecnologia,topo da página,mídia rica,celular,BR,2,2,1,0,0.01073
evt_005511,2026-04-17 20:25:00,demo_publisher,site A,sess_001219,page_094,notícias,meio do artigo,vídeo,computador,BR,6,3,3,0,0.02872
evt_005512,2026-04-24 08:56:00,demo_publisher,site C,sess_000450,page_052,estilo de vida,meio do artigo,banner,computador,BR,2,1,1,0,0.00041
evt_005513,2026-04-22 04:20:00,demo_publisher,site B,sess_000286,page_134,esportes,lateral,banner,tablet,BR,4,4,1,0,0.02432
evt_005514,2026-03-31 12:28:00,demo_publisher,site A,sess_001498,page_042,estilo de vida,topo da página,banner,celular,CL,6,5,1,0,0.02907
evt_005515,2026-04-11 21:44:00,demo_publisher,site B,sess_000986,page_049,esportes,rodapé fixo,banner,celular,BR,2,2,2,0,0.00762
evt_005516,2026-04-01 12:57:00,demo_publisher,site B,sess_000863,page_039,estilo de vida,meio do artigo,banner,computador,AR,2,2,2,0,0.00811
evt_005517,2026-04-10 10:46:00,demo_publisher,site A,sess_000480,page_042,notícias,topo da página,banner,computador,BR,1,1,1,0,0.00109
evt_005518,2026-04-04 00:36:00,demo_publisher,site A,sess_000036,page_030,esportes,topo da página,banner,tablet,BR,5,4,3,0,0.01658
evt_005519,2026-04-01 12:08:00,demo_publisher,site A,sess_000107,page_081,tecnologia,intersticial,nativo,computador,MX,1,1,0,0,0.00877
evt_005520,2026-03-27 05:00:00,demo_publisher,site A,sess_001363,page_102,finanças,meio do artigo,nativo,computador,BR,6,4,2,0,0.02356
evt_005521,2026-04-09 04:00:00,demo_publisher,site A,sess_000160,page_060,finanças,rodapé fixo,nativo,celular,BR,5,5,5,1,0.0395
evt_005522,2026-04-15 01:34:00,demo_publisher,site C,sess_000494,page_129,estilo de vida,rodapé fixo,banner,tablet,BR,2,2,2,0,0.00684
evt_005523,2026-04-25 03:31:00,demo_publisher,site B,sess_001821,page_066,finanças,meio do artigo,nativo,computador,MX,3,3,3,0,0.01681
evt_005524,2026-04-06 19:02:00,demo_publisher,site A,sess_000688,page_065,tecnologia,meio do artigo,mídia rica,celular,BR,4,3,1,0,0.02578
evt_005525,2026-03-07 00:45:00,demo_publisher,site A,sess_001489,page_010,finanças,lateral,banner,computador,BR,5,5,3,0,0.03957
evt_005526,2026-04-05 05:58:00,demo_publisher,site A,sess_000687,page_126,entretenimento,rodapé fixo,vídeo,celular,MX,3,1,0,0,0.00279
evt_005527,2026-03-19 22:42:00,demo_publisher,site A,sess_001863,page_021,entretenimento,meio do artigo,banner,computador,BR,2,2,2,0,0.00549
evt_005528,2026-03-02 14:36:00,demo_publisher,site C,sess_001643,page_023,finanças,intersticial,nativo,celular,AR,1,0,0,0,0.0
evt_005529,2026-03-05 08:20:00,demo_publisher,site B,sess_000940,page_131,esportes,lateral,nativo,celular,BR,3,3,1,0,0.01361
evt_005530,2026-04-05 11:28:00,demo_publisher,site C,sess_001369,page_073,estilo de vida,rodapé fixo,nativo,tablet,BR,3,3,2,0,0.01488
evt_005531,2026-04-26 16:31:00,demo_publisher,site A,sess_000827,page_010,tecnologia,topo da página,mídia rica,celular,BR,4,2,1,0,0.0215
evt_005532,2026-03-31 08:01:00,demo_publisher,site A,sess_001888,page_062,notícias,meio do artigo,banner,celular,BR,6,5,3,0,0.01307
evt_005533,2026-03-27 17:10:00,demo_publisher,site C,sess_000717,page_083,esportes,topo da página,vídeo,celular,US,2,2,2,0,0.00672
evt_005534,2026-03-06 07:40:00,demo_publisher,site B,sess_001673,page_002,notícias,rodapé fixo,mídia rica,celular,MX,2,2,2,0,0.00733
evt_005535,2026-04-10 12:29:00,demo_publisher,site B,sess_001232,page_105,tecnologia,topo da página,vídeo,computador,BR,2,1,0,0,0.00576
evt_005536,2026-03-04 07:52:00,demo_publisher,site A,sess_001287,page_093,tecnologia,lateral,banner,celular,BR,1,1,0,0,0.00222
evt_005537,2026-04-20 11:12:00,demo_publisher,site A,sess_000703,page_002,notícias,topo da página,banner,computador,BR,1,1,0,0,0.00256
evt_005538,2026-04-18 23:37:00,demo_publisher,site A,sess_001665,page_086,finanças,topo da página,mídia rica,celular,BR,5,3,0,0,0.02262
evt_005539,2026-04-29 11:02:00,demo_publisher,site A,sess_001492,page_031,tecnologia,meio do artigo,vídeo,celular,BR,5,3,2,0,0.01978
evt_005540,2026-03-18 01:21:00,demo_publisher,site B,sess_001630,page_103,entretenimento,rodapé fixo,mídia rica,celular,MX,5,3,3,0,0.01462
evt_005541,2026-03-10 16:58:00,demo_publisher,site C,sess_001602,page_053,notícias,topo da página,banner,celular,MX,4,3,3,0,0.00799
evt_005542,2026-03-18 23:19:00,demo_publisher,site C,sess_000316,page_029,esportes,rodapé fixo,vídeo,celular,BR,5,3,3,0,0.0164
evt_005543,2026-04-17 23:17:00,demo_publisher,site A,sess_001751,page_071,esportes,rodapé fixo,vídeo,celular,AR,3,2,2,0,0.01327
evt_005544,2026-03-14 03:06:00,demo_publisher,site A,sess_001683,page_062,estilo de vida,intersticial,vídeo,celular,US,6,5,5,0,0.01352
evt_005545,2026-04-23 05:53:00,demo_publisher,site C,sess_000486,page_048,notícias,lateral,nativo,celular,BR,4,3,0,0,0.01535
evt_005546,2026-03-10 06:01:00,demo_publisher,site A,sess_001963,page_123,notícias,lateral,banner,celular,BR,1,0,0,0,0.00163
evt_005547,2026-03-03 22:22:00,demo_publisher,site A,sess_001054,page_091,tecnologia,lateral,nativo,celular,BR,2,2,1,0,0.01044
evt_005548,2026-03-14 03:52:00,demo_publisher,site A,sess_000644,page_068,estilo de vida,topo da página,nativo,celular,BR,4,3,1,0,0.01636
evt_005549,2026-04-15 05:53:00,demo_publisher,site A,sess_000447,page_032,notícias,meio do artigo,banner,computador,BR,5,4,3,0,0.02005
evt_005550,2026-04-06 03:16:00,demo_publisher,site A,sess_000730,page_080,esportes,rodapé fixo,banner,computador,BR,1,1,1,0,0.00639
evt_005551,2026-03-22 06:48:00,demo_publisher,site A,sess_000076,page_004,notícias,topo da página,mídia rica,celular,BR,5,4,2,0,0.02033
evt_005552,2026-04-09 08:41:00,demo_publisher,site B,sess_001381,page_123,esportes,topo da página,banner,tablet,US,6,5,3,0,0.0131
evt_005553,2026-04-08 21:58:00,demo_publisher,site B,sess_001415,page_001,finanças,lateral,banner,computador,BR,2,2,1,0,0.02363
evt_005554,2026-04-03 06:47:00,demo_publisher,site A,sess_001335,page_098,notícias,rodapé fixo,nativo,tablet,BR,4,4,3,0,0.02742
evt_005555,2026-03-31 20:13:00,demo_publisher,site A,sess_001098,page_049,notícias,meio do artigo,mídia rica,computador,BR,6,5,2,0,0.02504
evt_005556,2026-03-07 02:09:00,demo_publisher,site B,sess_000726,page_100,entretenimento,rodapé fixo,nativo,tablet,BR,2,1,0,0,0.00804
evt_005557,2026-03-16 14:01:00,demo_publisher,site B,sess_001448,page_051,entretenimento,meio do artigo,banner,tablet,AR,3,3,2,0,0.01056
evt_005558,2026-04-01 15:53:00,demo_publisher,site B,sess_001742,page_004,notícias,meio do artigo,banner,celular,BR,3,3,1,0,0.01078
evt_005559,2026-03-09 02:43:00,demo_publisher,site A,sess_000176,page_132,estilo de vida,intersticial,banner,tablet,BR,3,2,1,0,0.00783
evt_005560,2026-03-29 13:12:00,demo_publisher,site B,sess_000766,page_107,notícias,meio do artigo,banner,celular,US,2,2,1,0,0.01508
evt_005561,2026-03-08 00:24:00,demo_publisher,site B,sess_001991,page_007,tecnologia,lateral,vídeo,computador,BR,4,3,1,0,0.0191
evt_005562,2026-04-17 05:36:00,demo_publisher,site A,sess_001724,page_005,entretenimento,rodapé fixo,banner,celular,MX,2,1,1,0,0.00658
evt_005563,2026-03-07 04:47:00,demo_publisher,site C,sess_001988,page_074,estilo de vida,topo da página,banner,computador,BR,5,3,2,0,0.01001
evt_005564,2026-03-06 13:15:00,demo_publisher,site C,sess_000367,page_133,estilo de vida,topo da página,vídeo,computador,BR,5,5,3,0,0.04182
evt_005565,2026-04-08 06:25:00,demo_publisher,site A,sess_000930,page_081,esportes,intersticial,banner,computador,BR,1,0,0,0,0.0
evt_005566,2026-03-14 05:33:00,demo_publisher,site B,sess_000261,page_002,esportes,meio do artigo,banner,celular,BR,6,5,3,0,0.02874
evt_005567,2026-03-22 02:01:00,demo_publisher,site A,sess_001732,page_098,finanças,intersticial,nativo,celular,BR,2,2,2,0,0.0053
evt_005568,2026-03-19 20:32:00,demo_publisher,site C,sess_001038,page_060,notícias,rodapé fixo,banner,celular,BR,4,3,2,1,0.01165
evt_005569,2026-03-13 23:57:00,demo_publisher,site A,sess_000487,page_089,estilo de vida,lateral,banner,celular,CL,6,6,1,0,0.02743
evt_005570,2026-04-15 16:57:00,demo_publisher,site A,sess_000181,page_049,finanças,meio do artigo,mídia rica,celular,BR,5,5,3,0,0.02363
evt_005571,2026-04-11 12:18:00,demo_publisher,site B,sess_001475,page_002,notícias,meio do artigo,vídeo,celular,US,6,6,1,0,0.04068
evt_005572,2026-03-15 07:50:00,demo_publisher,site A,sess_001623,page_003,estilo de vida,topo da página,vídeo,tablet,BR,4,3,1,0,0.01641
evt_005573,2026-04-11 05:03:00,demo_publisher,site C,sess_001758,page_088,tecnologia,meio do artigo,nativo,computador,BR,5,5,3,0,0.04212
evt_005574,2026-04-12 19:23:00,demo_publisher,site C,sess_001942,page_089,estilo de vida,rodapé fixo,banner,celular,BR,3,2,2,0,0.00905
evt_005575,2026-04-02 08:24:00,demo_publisher,site C,sess_001629,page_045,finanças,intersticial,vídeo,computador,BR,2,2,1,0,0.02404
evt_005576,2026-04-04 16:52:00,demo_publisher,site A,sess_001572,page_012,tecnologia,intersticial,nativo,computador,BR,2,2,0,1,0.01174
evt_005577,2026-04-26 02:20:00,demo_publisher,site A,sess_001623,page_108,notícias,intersticial,banner,computador,BR,4,3,2,0,0.01057
evt_005578,2026-03-28 05:35:00,demo_publisher,site C,sess_001997,page_022,estilo de vida,topo da página,banner,computador,US,1,1,1,0,0.0062
evt_005579,2026-03-24 02:59:00,demo_publisher,site A,sess_000926,page_027,finanças,meio do artigo,nativo,tablet,BR,3,2,2,0,0.00773
evt_005580,2026-04-02 08:09:00,demo_publisher,site B,sess_001517,page_063,notícias,topo da página,banner,celular,BR,3,3,2,0,0.0265
evt_005581,2026-04-20 03:38:00,demo_publisher,site B,sess_001640,page_100,entretenimento,lateral,banner,tablet,MX,1,0,0,0,0.00015
evt_005582,2026-04-12 13:48:00,demo_publisher,site C,sess_000233,page_139,finanças,intersticial,banner,celular,BR,6,4,3,0,0.01658
evt_005583,2026-03-05 12:12:00,demo_publisher,site B,sess_001381,page_087,esportes,rodapé fixo,nativo,celular,BR,1,0,0,0,0.0017
evt_005584,2026-03-28 13:21:00,demo_publisher,site B,sess_000678,page_134,notícias,rodapé fixo,banner,computador,MX,2,2,2,0,0.01897
evt_005585,2026-04-14 09:21:00,demo_publisher,site B,sess_000265,page_091,entretenimento,meio do artigo,nativo,tablet,BR,6,5,3,0,0.01582
evt_005586,2026-03-14 10:26:00,demo_publisher,site B,sess_000341,page_118,tecnologia,meio do artigo,banner,computador,BR,1,0,0,0,0.0
evt_005587,2026-04-29 07:21:00,demo_publisher,site B,sess_000229,page_025,notícias,meio do artigo,nativo,celular,BR,1,1,1,0,0.00516
evt_005588,2026-04-18 11:40:00,demo_publisher,site B,sess_001795,page_008,estilo de vida,meio do artigo,banner,tablet,BR,6,4,3,0,0.02501
evt_005589,2026-04-20 19:06:00,demo_publisher,site C,sess_001544,page_094,notícias,meio do artigo,banner,celular,BR,2,2,1,0,0.01153
evt_005590,2026-03-05 21:41:00,demo_publisher,site B,sess_000205,page_136,tecnologia,rodapé fixo,nativo,celular,BR,6,6,5,0,0.03134
evt_005591,2026-04-04 18:43:00,demo_publisher,site C,sess_001251,page_103,finanças,meio do artigo,nativo,computador,BR,1,1,1,0,0.00529
evt_005592,2026-04-01 16:00:00,demo_publisher,site B,sess_001321,page_048,notícias,lateral,banner,celular,BR,1,1,1,0,0.00576
evt_005593,2026-04-07 14:32:00,demo_publisher,site A,sess_001039,page_069,estilo de vida,rodapé fixo,nativo,computador,BR,4,4,3,0,0.01507
evt_005594,2026-04-21 00:22:00,demo_publisher,site C,sess_001212,page_016,entretenimento,meio do artigo,vídeo,computador,BR,6,5,3,0,0.03296
evt_005595,2026-03-22 04:44:00,demo_publisher,site A,sess_001814,page_048,esportes,lateral,banner,computador,BR,5,3,2,0,0.01497
evt_005596,2026-04-02 00:55:00,demo_publisher,site A,sess_001038,page_095,notícias,rodapé fixo,nativo,celular,BR,4,4,2,0,0.02107
evt_005597,2026-04-10 18:27:00,demo_publisher,site A,sess_001319,page_024,entretenimento,intersticial,banner,tablet,AR,2,2,0,0,0.0094
evt_005598,2026-04-15 04:35:00,demo_publisher,site B,sess_001142,page_067,notícias,topo da página,vídeo,celular,BR,1,0,0,0,0.0
evt_005599,2026-04-16 05:22:00,demo_publisher,site B,sess_000792,page_041,finanças,lateral,banner,celular,BR,5,5,2,0,0.01819
evt_005600,2026-03-21 05:11:00,demo_publisher,site B,sess_001781,page_069,estilo de vida,meio do artigo,mídia rica,celular,BR,1,0,0,0,0.0
evt_005601,2026-04-29 21:26:00,demo_publisher,site B,sess_000828,page_107,esportes,meio do artigo,nativo,computador,MX,2,2,1,0,0.00937
evt_005602,2026-03-01 13:51:00,demo_publisher,site C,sess_001600,page_123,notícias,topo da página,nativo,celular,BR,3,2,1,0,0.00964
evt_005603,2026-03-30 13:08:00,demo_publisher,site A,sess_001210,page_057,notícias,lateral,banner,computador,AR,3,2,1,0,0.01438
evt_005604,2026-04-06 12:37:00,demo_publisher,site B,sess_001370,page_115,notícias,meio do artigo,nativo,celular,BR,6,6,2,0,0.01832
evt_005605,2026-03-04 16:16:00,demo_publisher,site B,sess_001520,page_098,finanças,lateral,banner,tablet,BR,2,2,2,0,0.01244
evt_005606,2026-03-28 01:40:00,demo_publisher,site C,sess_001472,page_129,tecnologia,meio do artigo,banner,computador,BR,4,4,3,0,0.01829
evt_005607,2026-04-05 18:02:00,demo_publisher,site A,sess_001129,page_103,notícias,topo da página,banner,computador,BR,3,3,3,0,0.02233
evt_005608,2026-04-06 10:57:00,demo_publisher,site A,sess_001231,page_077,tecnologia,rodapé fixo,nativo,computador,AR,2,2,2,0,0.03206
evt_005609,2026-03-08 03:23:00,demo_publisher,site A,sess_001018,page_094,finanças,topo da página,vídeo,celular,MX,6,5,2,0,0.06017
evt_005610,2026-03-17 15:36:00,demo_publisher,site A,sess_000678,page_045,notícias,topo da página,mídia rica,computador,BR,5,4,3,0,0.03287
evt_005611,2026-03-15 16:27:00,demo_publisher,site B,sess_001454,page_094,finanças,topo da página,banner,celular,BR,5,5,1,0,0.03919
evt_005612,2026-04-08 09:29:00,demo_publisher,site B,sess_001757,page_099,esportes,meio do artigo,mídia rica,computador,BR,3,2,1,0,0.01267
evt_005613,2026-03-20 17:26:00,demo_publisher,site B,sess_001410,page_085,estilo de vida,meio do artigo,vídeo,celular,US,2,2,0,0,0.00938
evt_005614,2026-04-04 06:53:00,demo_publisher,site C,sess_001544,page_015,esportes,rodapé fixo,vídeo,celular,US,4,4,3,0,0.01754
evt_005615,2026-04-13 20:40:00,demo_publisher,site B,sess_001660,page_073,estilo de vida,lateral,vídeo,computador,CL,6,5,3,0,0.0278
evt_005616,2026-04-17 20:04:00,demo_publisher,site B,sess_000735,page_099,entretenimento,topo da página,banner,celular,BR,2,2,0,0,0.00282
evt_005617,2026-03-12 00:41:00,demo_publisher,site A,sess_000126,page_028,esportes,topo da página,vídeo,computador,BR,5,5,1,0,0.04357
evt_005618,2026-04-24 05:05:00,demo_publisher,site C,sess_000675,page_110,entretenimento,rodapé fixo,nativo,computador,CL,6,6,4,0,0.03162
evt_005619,2026-03-10 22:41:00,demo_publisher,site B,sess_001510,page_118,notícias,topo da página,vídeo,celular,BR,3,3,3,0,0.01778
evt_005620,2026-03-02 07:30:00,demo_publisher,site C,sess_001631,page_075,notícias,topo da página,banner,computador,BR,1,0,0,0,0.0
evt_005621,2026-03-03 16:44:00,demo_publisher,site A,sess_001028,page_135,notícias,topo da página,banner,tablet,BR,6,5,4,0,0.03083
evt_005622,2026-03-13 01:29:00,demo_publisher,site B,sess_001557,page_120,tecnologia,rodapé fixo,banner,celular,CL,1,0,0,0,0.0
evt_005623,2026-04-22 09:27:00,demo_publisher,site B,sess_000150,page_065,estilo de vida,lateral,nativo,celular,BR,5,5,5,0,0.01759
evt_005624,2026-03-13 11:21:00,demo_publisher,site C,sess_001288,page_123,entretenimento,meio do artigo,banner,computador,MX,3,1,1,0,0.00386
evt_005625,2026-04-11 14:38:00,demo_publisher,site A,sess_001358,page_130,tecnologia,topo da página,mídia rica,celular,BR,5,5,3,0,0.04003
evt_005626,2026-03-26 02:37:00,demo_publisher,site C,sess_001016,page_016,finanças,rodapé fixo,banner,celular,BR,5,5,4,0,0.02729
evt_005627,2026-03-03 09:31:00,demo_publisher,site A,sess_001433,page_139,entretenimento,topo da página,banner,computador,AR,2,2,1,0,0.00625
evt_005628,2026-03-27 15:33:00,demo_publisher,site A,sess_000983,page_001,entretenimento,meio do artigo,banner,celular,BR,1,1,0,0,0.00185
evt_005629,2026-03-02 16:44:00,demo_publisher,site A,sess_001047,page_068,tecnologia,rodapé fixo,banner,celular,BR,1,1,1,0,0.01027
evt_005630,2026-03-29 13:41:00,demo_publisher,site B,sess_001208,page_131,estilo de vida,topo da página,banner,tablet,BR,2,1,0,0,0.00405
evt_005631,2026-04-03 12:29:00,demo_publisher,site B,sess_001587,page_101,tecnologia,meio do artigo,vídeo,tablet,BR,6,4,1,0,0.03273
evt_005632,2026-04-01 06:45:00,demo_publisher,site C,sess_000498,page_038,notícias,lateral,mídia rica,computador,BR,1,1,0,0,0.00258
evt_005633,2026-03-17 22:50:00,demo_publisher,site A,sess_000601,page_090,entretenimento,lateral,banner,celular,BR,5,3,1,0,0.01032
evt_005634,2026-04-15 23:51:00,demo_publisher,site B,sess_000838,page_030,entretenimento,meio do artigo,banner,tablet,BR,3,3,1,0,0.00963
evt_005635,2026-04-05 19:17:00,demo_publisher,site B,sess_000404,page_033,estilo de vida,meio do artigo,vídeo,celular,MX,5,5,3,0,0.04103
evt_005636,2026-03-16 06:53:00,demo_publisher,site A,sess_000669,page_127,notícias,meio do artigo,banner,computador,CL,4,4,3,0,0.02132
evt_005637,2026-03-27 01:49:00,demo_publisher,site B,sess_000702,page_007,notícias,meio do artigo,vídeo,computador,BR,5,5,3,0,0.02142
evt_005638,2026-03-07 12:14:00,demo_publisher,site A,sess_000629,page_134,entretenimento,meio do artigo,nativo,computador,BR,5,5,3,0,0.0102
evt_005639,2026-04-25 09:34:00,demo_publisher,site B,sess_000820,page_064,entretenimento,topo da página,vídeo,computador,BR,6,6,2,0,0.03038
evt_005640,2026-04-15 04:23:00,demo_publisher,site B,sess_001010,page_010,tecnologia,meio do artigo,banner,tablet,BR,5,4,4,0,0.00945
evt_005641,2026-03-18 06:26:00,demo_publisher,site C,sess_001392,page_110,entretenimento,meio do artigo,mídia rica,tablet,BR,3,2,2,0,0.01303
evt_005642,2026-04-10 11:52:00,demo_publisher,site A,sess_000606,page_007,finanças,meio do artigo,mídia rica,tablet,BR,6,3,1,0,0.02326
evt_005643,2026-04-10 17:58:00,demo_publisher,site A,sess_001691,page_046,entretenimento,lateral,banner,computador,US,3,0,0,0,0.0
evt_005644,2026-04-06 13:56:00,demo_publisher,site B,sess_000959,page_034,notícias,lateral,nativo,celular,BR,4,4,1,0,0.02274
evt_005645,2026-03-04 05:50:00,demo_publisher,site B,sess_001442,page_110,notícias,intersticial,banner,celular,BR,2,2,2,0,0.00523
evt_005646,2026-04-22 17:04:00,demo_publisher,site A,sess_000230,page_056,finanças,lateral,banner,celular,CL,5,4,2,0,0.01421
evt_005647,2026-04-27 08:26:00,demo_publisher,site B,sess_000348,page_092,esportes,lateral,mídia rica,celular,BR,1,1,1,0,0.00437
evt_005648,2026-04-28 10:45:00,demo_publisher,site A,sess_000907,page_011,finanças,topo da página,banner,tablet,CL,6,6,4,0,0.04506
evt_005649,2026-04-28 20:17:00,demo_publisher,site B,sess_000733,page_097,tecnologia,rodapé fixo,banner,celular,US,3,2,1,0,0.00899
evt_005650,2026-04-25 17:30:00,demo_publisher,site B,sess_000992,page_099,notícias,meio do artigo,banner,celular,BR,6,3,2,0,0.01821
evt_005651,2026-04-14 08:16:00,demo_publisher,site A,sess_000317,page_040,tecnologia,rodapé fixo,nativo,computador,BR,3,3,1,0,0.02921
evt_005652,2026-03-04 09:54:00,demo_publisher,site B,sess_000947,page_123,notícias,intersticial,vídeo,computador,BR,1,0,0,0,0.0
evt_005653,2026-03-28 21:54:00,demo_publisher,site A,sess_001373,page_066,tecnologia,topo da página,nativo,celular,BR,1,1,1,0,0.00314
evt_005654,2026-03-15 17:00:00,demo_publisher,site C,sess_001457,page_093,notícias,rodapé fixo,nativo,celular,BR,6,5,4,0,0.01828
evt_005655,2026-03-14 04:47:00,demo_publisher,site B,sess_000497,page_026,tecnologia,lateral,banner,celular,BR,4,4,2,0,0.02034
evt_005656,2026-04-19 20:05:00,demo_publisher,site B,sess_000689,page_130,estilo de vida,lateral,vídeo,computador,BR,1,1,1,0,0.008
evt_005657,2026-04-18 18:01:00,demo_publisher,site A,sess_001051,page_035,esportes,meio do artigo,banner,computador,AR,3,3,1,0,0.01169
evt_005658,2026-04-01 07:46:00,demo_publisher,site B,sess_001036,page_088,esportes,meio do artigo,nativo,celular,CL,4,3,2,0,0.01766
evt_005659,2026-04-14 04:20:00,demo_publisher,site B,sess_001583,page_013,notícias,rodapé fixo,nativo,celular,US,3,3,1,0,0.01631
evt_005660,2026-03-08 18:17:00,demo_publisher,site C,sess_000781,page_007,esportes,topo da página,mídia rica,celular,BR,1,1,1,0,0.00486
evt_005661,2026-03-14 07:36:00,demo_publisher,site B,sess_001342,page_018,notícias,meio do artigo,vídeo,celular,BR,4,3,0,0,0.02087
evt_005662,2026-04-21 15:05:00,demo_publisher,site A,sess_001767,page_132,notícias,topo da página,nativo,celular,BR,2,2,0,0,0.00959
evt_005663,2026-03-28 01:45:00,demo_publisher,site B,sess_000597,page_030,tecnologia,topo da página,banner,celular,BR,2,2,1,0,0.01748
evt_005664,2026-04-02 19:08:00,demo_publisher,site B,sess_001646,page_123,notícias,lateral,banner,computador,MX,5,2,1,0,0.0115
evt_005665,2026-03-28 18:25:00,demo_publisher,site C,sess_000666,page_081,esportes,rodapé fixo,nativo,celular,BR,5,3,2,0,0.01582
evt_005666,2026-03-13 03:06:00,demo_publisher,site A,sess_000669,page_013,esportes,rodapé fixo,nativo,celular,BR,1,0,0,0,0.00026
evt_005667,2026-04-19 14:01:00,demo_publisher,site A,sess_001307,page_062,finanças,lateral,vídeo,celular,MX,4,4,2,0,0.04641
evt_005668,2026-04-15 11:57:00,demo_publisher,site C,sess_001243,page_067,finanças,lateral,nativo,celular,BR,2,2,1,0,0.01284
evt_005669,2026-04-11 00:44:00,demo_publisher,site B,sess_001099,page_038,estilo de vida,intersticial,banner,computador,MX,3,1,1,0,0.0024
evt_005670,2026-03-22 04:35:00,demo_publisher,site A,sess_000463,page_084,estilo de vida,meio do artigo,banner,computador,BR,5,2,2,0,0.00612
evt_005671,2026-04-08 14:09:00,demo_publisher,site B,sess_000193,page_120,finanças,lateral,banner,celular,AR,3,3,2,0,0.01222
evt_005672,2026-04-27 04:41:00,demo_publisher,site A,sess_001817,page_123,esportes,rodapé fixo,vídeo,celular,MX,4,1,1,0,0.0054
evt_005673,2026-04-08 23:45:00,demo_publisher,site A,sess_001748,page_073,esportes,rodapé fixo,mídia rica,computador,AR,1,1,0,0,0.01053
evt_005674,2026-03-30 15:45:00,demo_publisher,site A,sess_001773,page_125,tecnologia,rodapé fixo,nativo,celular,AR,3,2,1,0,0.0116
evt_005675,2026-03-17 05:28:00,demo_publisher,site A,sess_001025,page_129,esportes,meio do artigo,nativo,computador,BR,5,4,2,0,0.01613
evt_005676,2026-04-01 08:50:00,demo_publisher,site C,sess_001769,page_013,tecnologia,meio do artigo,nativo,celular,MX,4,4,2,0,0.02903
evt_005677,2026-03-23 07:15:00,demo_publisher,site C,sess_000947,page_089,estilo de vida,lateral,banner,celular,BR,6,6,2,0,0.01656
evt_005678,2026-04-06 16:13:00,demo_publisher,site B,sess_000151,page_108,estilo de vida,lateral,banner,celular,BR,5,5,4,0,0.01497
evt_005679,2026-03-03 17:45:00,demo_publisher,site A,sess_000397,page_003,finanças,meio do artigo,banner,computador,BR,1,1,1,0,0.0052
evt_005680,2026-03-12 09:50:00,demo_publisher,site B,sess_000545,page_084,entretenimento,topo da página,mídia rica,computador,BR,1,1,1,0,0.00862
evt_005681,2026-04-17 05:11:00,demo_publisher,site C,sess_000754,page_127,finanças,topo da página,banner,computador,BR,2,2,2,0,0.01399
evt_005682,2026-03-23 20:14:00,demo_publisher,site C,sess_001878,page_038,finanças,meio do artigo,nativo,computador,BR,5,4,3,0,0.06084
evt_005683,2026-03-26 23:31:00,demo_publisher,site A,sess_000666,page_120,entretenimento,topo da página,banner,computador,BR,6,5,3,0,0.006
evt_005684,2026-04-02 15:12:00,demo_publisher,site B,sess_001225,page_130,estilo de vida,meio do artigo,nativo,celular,BR,5,5,2,0,0.03006
evt_005685,2026-03-27 07:03:00,demo_publisher,site A,sess_000542,page_089,finanças,topo da página,banner,celular,BR,5,5,2,0,0.01315
evt_005686,2026-04-15 12:26:00,demo_publisher,site B,sess_001286,page_088,esportes,topo da página,mídia rica,computador,BR,5,4,2,0,0.02351
evt_005687,2026-03-15 17:18:00,demo_publisher,site A,sess_001135,page_075,esportes,rodapé fixo,banner,celular,BR,2,2,1,0,0.00336
evt_005688,2026-04-15 12:08:00,demo_publisher,site C,sess_000301,page_057,tecnologia,meio do artigo,mídia rica,computador,BR,5,3,3,0,0.02173
evt_005689,2026-03-13 13:34:00,demo_publisher,site B,sess_000925,page_063,esportes,rodapé fixo,nativo,tablet,BR,4,2,2,0,0.00754
evt_005690,2026-03-23 05:39:00,demo_publisher,site A,sess_000211,page_073,notícias,topo da página,banner,celular,BR,1,1,1,0,0.00152
evt_005691,2026-04-05 06:27:00,demo_publisher,site B,sess_001778,page_068,notícias,meio do artigo,vídeo,celular,BR,6,5,4,0,0.01032
evt_005692,2026-04-23 03:48:00,demo_publisher,site B,sess_001408,page_115,entretenimento,topo da página,nativo,computador,BR,5,3,2,0,0.01127
evt_005693,2026-03-14 22:52:00,demo_publisher,site C,sess_001882,page_107,estilo de vida,topo da página,banner,celular,BR,2,2,2,0,0.00727
evt_005694,2026-04-05 05:50:00,demo_publisher,site B,sess_001751,page_049,finanças,topo da página,vídeo,celular,BR,2,2,2,0,0.01881
evt_005695,2026-03-04 20:27:00,demo_publisher,site A,sess_000439,page_072,entretenimento,meio do artigo,nativo,tablet,MX,5,1,1,0,0.00624
evt_005696,2026-03-05 12:36:00,demo_publisher,site B,sess_001414,page_030,esportes,topo da página,nativo,computador,US,2,1,1,0,0.00964
evt_005697,2026-04-16 01:12:00,demo_publisher,site C,sess_000201,page_025,tecnologia,rodapé fixo,vídeo,celular,BR,5,2,2,0,0.02016
evt_005698,2026-04-13 03:18:00,demo_publisher,site B,sess_001921,page_052,tecnologia,meio do artigo,nativo,celular,BR,3,3,3,0,0.00829
evt_005699,2026-03-23 14:06:00,demo_publisher,site C,sess_001570,page_009,finanças,topo da página,banner,celular,BR,1,1,1,0,0.00727
evt_005700,2026-04-07 09:05:00,demo_publisher,site A,sess_001361,page_119,tecnologia,rodapé fixo,banner,celular,BR,5,3,2,0,0.01866
evt_005701,2026-03-23 19:32:00,demo_publisher,site A,sess_001989,page_018,entretenimento,meio do artigo,banner,tablet,BR,6,6,3,0,0.01365
evt_005702,2026-03-17 15:14:00,demo_publisher,site C,sess_001693,page_046,notícias,meio do artigo,nativo,computador,BR,2,1,1,0,0.00475
evt_005703,2026-03-26 21:05:00,demo_publisher,site A,sess_001727,page_035,notícias,meio do artigo,banner,computador,AR,6,5,4,0,0.01847
evt_005704,2026-03-19 17:04:00,demo_publisher,site C,sess_000201,page_029,tecnologia,lateral,banner,tablet,CL,5,3,1,0,0.00892
evt_005705,2026-04-18 21:39:00,demo_publisher,site C,sess_000048,page_052,finanças,meio do artigo,vídeo,computador,BR,5,4,2,0,0.07159
evt_005706,2026-03-25 16:48:00,demo_publisher,site B,sess_001922,page_100,estilo de vida,rodapé fixo,banner,celular,BR,3,3,2,0,0.00836
evt_005707,2026-03-20 06:00:00,demo_publisher,site B,sess_000503,page_125,esportes,meio do artigo,banner,computador,CL,4,2,2,0,0.00652
evt_005708,2026-04-02 04:03:00,demo_publisher,site B,sess_000853,page_027,tecnologia,meio do artigo,vídeo,computador,US,2,1,0,0,0.00335
evt_005709,2026-04-15 11:34:00,demo_publisher,site A,sess_000087,page_034,tecnologia,rodapé fixo,vídeo,computador,BR,4,3,3,0,0.0377
evt_005710,2026-03-17 10:04:00,demo_publisher,site B,sess_001246,page_066,entretenimento,lateral,vídeo,celular,MX,6,3,0,0,0.01119
evt_005711,2026-04-26 08:56:00,demo_publisher,site C,sess_001641,page_045,finanças,intersticial,banner,computador,BR,4,3,2,0,0.01716
evt_005712,2026-03-28 19:29:00,demo_publisher,site B,sess_001683,page_112,entretenimento,rodapé fixo,nativo,computador,BR,6,4,4,0,0.01535
evt_005713,2026-04-09 15:39:00,demo_publisher,site A,sess_001163,page_031,finanças,meio do artigo,mídia rica,computador,US,1,1,1,0,0.0229
evt_005714,2026-04-27 10:25:00,demo_publisher,site A,sess_001322,page_056,estilo de vida,lateral,banner,computador,BR,4,2,2,0,0.00605
evt_005715,2026-03-26 21:37:00,demo_publisher,site A,sess_001027,page_076,estilo de vida,meio do artigo,banner,computador,BR,2,1,0,0,0.00313
evt_005716,2026-03-12 23:44:00,demo_publisher,site A,sess_000892,page_054,finanças,topo da página,banner,tablet,BR,4,3,0,0,0.01443
evt_005717,2026-04-14 20:49:00,demo_publisher,site B,sess_001109,page_086,estilo de vida,meio do artigo,mídia rica,celular,BR,1,0,0,0,0.0
evt_005718,2026-03-01 09:32:00,demo_publisher,site B,sess_001871,page_112,esportes,meio do artigo,banner,computador,BR,3,3,1,0,0.01265
evt_005719,2026-03-28 11:22:00,demo_publisher,site C,sess_000505,page_074,esportes,lateral,nativo,computador,BR,3,2,0,0,0.01295
evt_005720,2026-04-28 19:11:00,demo_publisher,site A,sess_000940,page_064,tecnologia,lateral,nativo,computador,BR,4,2,1,0,0.01633
evt_005721,2026-03-25 20:46:00,demo_publisher,site C,sess_001203,page_133,notícias,rodapé fixo,mídia rica,computador,BR,5,5,4,0,0.03077
evt_005722,2026-04-11 01:05:00,demo_publisher,site B,sess_001140,page_137,tecnologia,topo da página,banner,computador,AR,4,3,1,0,0.01124
evt_005723,2026-04-01 12:24:00,demo_publisher,site C,sess_000062,page_139,esportes,meio do artigo,nativo,tablet,US,6,4,3,0,0.01852
evt_005724,2026-03-13 21:08:00,demo_publisher,site A,sess_000575,page_003,esportes,meio do artigo,mídia rica,computador,BR,2,2,2,0,0.00962
evt_005725,2026-03-20 01:31:00,demo_publisher,site B,sess_001292,page_117,estilo de vida,meio do artigo,banner,computador,BR,3,3,2,0,0.01381
evt_005726,2026-04-01 09:53:00,demo_publisher,site A,sess_001388,page_125,notícias,topo da página,nativo,celular,BR,3,3,2,0,0.01707
evt_005727,2026-03-07 06:07:00,demo_publisher,site B,sess_001469,page_112,entretenimento,meio do artigo,banner,computador,AR,4,4,2,0,0.01985
evt_005728,2026-03-25 21:26:00,demo_publisher,site A,sess_001982,page_105,entretenimento,lateral,banner,celular,AR,6,5,5,0,0.00827
evt_005729,2026-03-25 21:23:00,demo_publisher,site A,sess_001346,page_051,finanças,meio do artigo,banner,celular,BR,4,3,3,0,0.01705
evt_005730,2026-04-20 02:16:00,demo_publisher,site B,sess_001159,page_101,finanças,lateral,banner,computador,BR,6,4,4,0,0.01604
evt_005731,2026-03-08 10:21:00,demo_publisher,site C,sess_000664,page_081,notícias,topo da página,banner,celular,BR,3,3,2,0,0.01587
evt_005732,2026-04-20 13:28:00,demo_publisher,site B,sess_000741,page_116,tecnologia,meio do artigo,vídeo,computador,BR,4,3,2,0,0.04026
evt_005733,2026-03-25 15:02:00,demo_publisher,site B,sess_001652,page_049,notícias,rodapé fixo,nativo,computador,BR,5,3,2,0,0.00776
evt_005734,2026-04-09 01:56:00,demo_publisher,site A,sess_000937,page_104,entretenimento,topo da página,banner,celular,BR,1,0,0,0,0.0011
evt_005735,2026-04-03 09:59:00,demo_publisher,site A,sess_001431,page_110,entretenimento,topo da página,nativo,celular,BR,1,0,0,0,0.00296
evt_005736,2026-03-18 23:41:00,demo_publisher,site A,sess_000249,page_116,notícias,rodapé fixo,mídia rica,computador,BR,3,2,2,0,0.01906
evt_005737,2026-04-25 20:13:00,demo_publisher,site A,sess_000257,page_024,estilo de vida,topo da página,banner,computador,BR,1,1,1,0,0.00536
evt_005738,2026-03-14 11:13:00,demo_publisher,site A,sess_000431,page_121,finanças,meio do artigo,banner,celular,US,3,1,0,0,0.0042
evt_005739,2026-03-03 04:09:00,demo_publisher,site C,sess_000391,page_031,estilo de vida,meio do artigo,banner,celular,BR,3,1,1,0,0.00265
evt_005740,2026-04-15 00:10:00,demo_publisher,site A,sess_001214,page_131,notícias,lateral,vídeo,celular,MX,4,2,1,0,0.01797
evt_005741,2026-04-07 06:54:00,demo_publisher,site B,sess_001274,page_006,tecnologia,lateral,vídeo,celular,BR,6,4,2,0,0.02925
evt_005742,2026-04-23 10:22:00,demo_publisher,site B,sess_001116,page_032,notícias,lateral,nativo,celular,BR,4,4,3,1,0.02691
evt_005743,2026-03-28 11:08:00,demo_publisher,site A,sess_000579,page_085,entretenimento,intersticial,banner,celular,US,6,4,2,0,0.01783
evt_005744,2026-03-02 00:15:00,demo_publisher,site A,sess_001153,page_076,finanças,meio do artigo,nativo,computador,BR,4,4,3,0,0.02238
evt_005745,2026-03-02 05:10:00,demo_publisher,site A,sess_000239,page_096,estilo de vida,meio do artigo,nativo,computador,BR,4,3,2,0,0.01129
evt_005746,2026-03-26 23:53:00,demo_publisher,site A,sess_000946,page_057,entretenimento,intersticial,banner,celular,AR,6,4,2,0,0.01527
evt_005747,2026-03-15 23:20:00,demo_publisher,site C,sess_000310,page_001,tecnologia,topo da página,banner,celular,BR,4,2,2,0,0.00519
evt_005748,2026-04-25 07:56:00,demo_publisher,site C,sess_000154,page_086,estilo de vida,intersticial,banner,celular,BR,6,4,2,0,0.00718
evt_005749,2026-03-08 02:37:00,demo_publisher,site C,sess_000332,page_071,finanças,intersticial,nativo,celular,US,4,3,3,0,0.00879
evt_005750,2026-04-22 20:22:00,demo_publisher,site A,sess_000223,page_071,finanças,intersticial,mídia rica,celular,BR,3,2,2,0,0.02321
evt_005751,2026-03-14 00:11:00,demo_publisher,site A,sess_000956,page_053,esportes,topo da página,banner,computador,BR,3,3,2,0,0.03179
evt_005752,2026-03-08 03:56:00,demo_publisher,site B,sess_001092,page_124,entretenimento,meio do artigo,mídia rica,celular,MX,4,4,3,0,0.01299
evt_005753,2026-03-17 11:22:00,demo_publisher,site A,sess_001215,page_111,esportes,rodapé fixo,banner,tablet,MX,2,1,1,0,0.00214
evt_005754,2026-03-09 15:33:00,demo_publisher,site A,sess_000879,page_026,finanças,meio do artigo,nativo,celular,BR,5,4,3,0,0.03673
evt_005755,2026-03-25 01:52:00,demo_publisher,site B,sess_000353,page_006,tecnologia,lateral,vídeo,celular,BR,1,1,0,0,0.00787
evt_005756,2026-03-20 19:51:00,demo_publisher,site A,sess_000042,page_026,esportes,topo da página,nativo,tablet,US,5,4,1,0,0.0228
evt_005757,2026-04-01 17:49:00,demo_publisher,site A,sess_001425,page_007,entretenimento,topo da página,banner,computador,BR,1,1,0,0,0.00559
evt_005758,2026-04-02 05:22:00,demo_publisher,site B,sess_001965,page_099,esportes,rodapé fixo,banner,celular,AR,1,1,0,0,0.00496
evt_005759,2026-03-01 01:25:00,demo_publisher,site B,sess_000562,page_087,notícias,intersticial,vídeo,celular,AR,6,4,2,0,0.02638
evt_005760,2026-03-08 11:48:00,demo_publisher,site B,sess_000410,page_065,estilo de vida,topo da página,nativo,celular,BR,5,2,1,0,0.01609
evt_005761,2026-03-10 17:05:00,demo_publisher,site A,sess_000623,page_083,finanças,topo da página,banner,celular,BR,5,5,4,0,0.02167
evt_005762,2026-03-12 16:24:00,demo_publisher,site A,sess_000429,page_113,entretenimento,lateral,nativo,computador,BR,6,5,1,0,0.01476
evt_005763,2026-03-06 14:44:00,demo_publisher,site A,sess_000447,page_116,finanças,topo da página,banner,computador,US,5,4,3,0,0.02438
evt_005764,2026-03-19 21:04:00,demo_publisher,site A,sess_000989,page_061,notícias,lateral,banner,computador,MX,1,1,0,0,0.00811
evt_005765,2026-04-02 23:31:00,demo_publisher,site B,sess_001570,page_083,esportes,lateral,vídeo,computador,BR,6,5,2,0,0.0523
evt_005766,2026-03-19 12:48:00,demo_publisher,site A,sess_001424,page_081,esportes,meio do artigo,banner,computador,US,2,1,0,0,0.0038
evt_005767,2026-03-20 17:52:00,demo_publisher,site A,sess_001919,page_132,estilo de vida,rodapé fixo,banner,computador,BR,4,2,2,0,0.01111
evt_005768,2026-03-29 04:09:00,demo_publisher,site B,sess_000715,page_106,esportes,topo da página,banner,computador,BR,6,5,4,0,0.01725
evt_005769,2026-04-02 21:41:00,demo_publisher,site A,sess_000985,page_044,estilo de vida,meio do artigo,mídia rica,celular,MX,5,3,2,0,0.01611
evt_005770,2026-03-20 20:35:00,demo_publisher,site B,sess_000761,page_124,entretenimento,rodapé fixo,banner,celular,BR,1,1,0,0,0.00398
evt_005771,2026-03-14 07:25:00,demo_publisher,site A,sess_000085,page_056,finanças,topo da página,banner,celular,US,5,3,1,0,0.01605
evt_005772,2026-03-25 13:30:00,demo_publisher,site A,sess_000777,page_106,estilo de vida,meio do artigo,banner,computador,BR,5,4,4,0,0.01576
evt_005773,2026-03-02 10:53:00,demo_publisher,site A,sess_000521,page_136,esportes,lateral,banner,tablet,BR,1,1,0,0,0.00615
evt_005774,2026-03-30 13:18:00,demo_publisher,site C,sess_000957,page_113,tecnologia,topo da página,banner,computador,BR,6,5,3,0,0.05377
evt_005775,2026-04-26 11:34:00,demo_publisher,site B,sess_000316,page_015,esportes,meio do artigo,banner,celular,BR,2,2,1,0,0.00417
evt_005776,2026-03-24 21:01:00,demo_publisher,site A,sess_001483,page_029,estilo de vida,rodapé fixo,banner,celular,BR,1,1,0,0,0.00663
evt_005777,2026-03-07 11:57:00,demo_publisher,site B,sess_001685,page_111,esportes,topo da página,nativo,celular,CL,4,3,1,0,0.01522
evt_005778,2026-04-12 10:11:00,demo_publisher,site C,sess_001921,page_018,notícias,meio do artigo,banner,celular,BR,5,4,2,0,0.02029
evt_005779,2026-03-08 14:40:00,demo_publisher,site A,sess_000170,page_002,esportes,topo da página,banner,computador,BR,1,1,0,0,0.00449
evt_005780,2026-03-12 14:50:00,demo_publisher,site B,sess_000236,page_036,notícias,lateral,vídeo,celular,BR,1,1,1,0,0.00599
evt_005781,2026-03-09 19:01:00,demo_publisher,site A,sess_001932,page_068,entretenimento,meio do artigo,banner,celular,MX,4,3,2,0,0.00582
evt_005782,2026-04-23 00:28:00,demo_publisher,site B,sess_001696,page_018,esportes,rodapé fixo,banner,celular,BR,1,0,0,0,0.00251
evt_005783,2026-04-28 21:02:00,demo_publisher,site A,sess_001177,page_022,entretenimento,topo da página,mídia rica,computador,BR,5,4,3,0,0.02739
evt_005784,2026-04-04 04:16:00,demo_publisher,site A,sess_000643,page_048,finanças,rodapé fixo,nativo,tablet,BR,2,1,1,0,0.00897
evt_005785,2026-04-07 01:25:00,demo_publisher,site B,sess_001035,page_084,esportes,rodapé fixo,nativo,tablet,CL,6,2,2,0,0.03093
evt_005786,2026-04-08 17:27:00,demo_publisher,site B,sess_001071,page_076,esportes,rodapé fixo,nativo,celular,BR,5,5,4,0,0.02816
evt_005787,2026-04-06 14:49:00,demo_publisher,site B,sess_001694,page_111,notícias,lateral,mídia rica,tablet,BR,2,2,2,0,0.00362
evt_005788,2026-04-02 15:30:00,demo_publisher,site B,sess_001059,page_137,tecnologia,topo da página,banner,celular,BR,5,3,1,0,0.02035
evt_005789,2026-04-29 04:50:00,demo_publisher,site C,sess_000056,page_005,notícias,meio do artigo,banner,computador,BR,2,1,1,0,0.00722
evt_005790,2026-04-13 23:42:00,demo_publisher,site B,sess_001399,page_096,entretenimento,meio do artigo,vídeo,celular,BR,3,3,3,0,0.01386
evt_005791,2026-03-06 07:21:00,demo_publisher,site C,sess_001554,page_023,notícias,topo da página,banner,celular,BR,6,6,3,0,0.01962
evt_005792,2026-03-24 12:23:00,demo_publisher,site B,sess_000596,page_051,esportes,meio do artigo,nativo,celular,BR,6,5,2,0,0.01991
evt_005793,2026-04-28 11:16:00,demo_publisher,site B,sess_000234,page_048,notícias,lateral,banner,computador,BR,6,4,4,0,0.0268
evt_005794,2026-03-25 05:16:00,demo_publisher,site C,sess_000285,page_098,estilo de vida,meio do artigo,banner,celular,BR,1,1,0,0,0.00487
evt_005795,2026-03-13 05:46:00,demo_publisher,site B,sess_001681,page_036,finanças,intersticial,nativo,computador,BR,2,1,1,0,0.01295
evt_005796,2026-04-22 02:37:00,demo_publisher,site A,sess_000895,page_125,entretenimento,lateral,nativo,celular,AR,1,1,0,0,0.00898
evt_005797,2026-04-07 09:13:00,demo_publisher,site C,sess_001058,page_054,esportes,meio do artigo,nativo,tablet,BR,6,5,2,0,0.02736
evt_005798,2026-04-03 18:06:00,demo_publisher,site A,sess_001921,page_114,notícias,meio do artigo,banner,computador,BR,5,5,4,0,0.00516
evt_005799,2026-03-26 04:55:00,demo_publisher,site A,sess_000123,page_133,tecnologia,lateral,banner,celular,BR,6,5,1,0,0.01489
evt_005800,2026-03-08 11:05:00,demo_publisher,site B,sess_000412,page_071,estilo de vida,meio do artigo,vídeo,computador,BR,1,0,0,0,0.00241
evt_005801,2026-03-24 00:53:00,demo_publisher,site A,sess_001666,page_015,tecnologia,topo da página,banner,celular,US,3,3,1,0,0.02655
evt_005802,2026-03-27 05:58:00,demo_publisher,site A,sess_001080,page_098,finanças,meio do artigo,nativo,tablet,BR,5,4,0,0,0.03103
evt_005803,2026-04-25 20:59:00,demo_publisher,site C,sess_000055,page_059,tecnologia,lateral,nativo,computador,BR,3,3,2,0,0.01757
evt_005804,2026-03-19 10:28:00,demo_publisher,site A,sess_001406,page_048,notícias,meio do artigo,banner,computador,BR,2,2,2,0,0.01029
evt_005805,2026-03-09 22:53:00,demo_publisher,site B,sess_000277,page_064,entretenimento,meio do artigo,banner,tablet,BR,6,6,3,0,0.03402
evt_005806,2026-03-26 15:38:00,demo_publisher,site A,sess_001564,page_042,notícias,topo da página,vídeo,computador,BR,4,3,2,0,0.0153
evt_005807,2026-04-29 19:46:00,demo_publisher,site A,sess_001595,page_039,tecnologia,meio do artigo,banner,computador,BR,5,2,1,0,0.00437
evt_005808,2026-03-29 22:22:00,demo_publisher,site B,sess_001648,page_138,notícias,topo da página,banner,celular,BR,5,5,3,0,0.00981
evt_005809,2026-03-23 17:56:00,demo_publisher,site C,sess_000930,page_039,tecnologia,rodapé fixo,mídia rica,computador,BR,4,4,4,0,0.03355
evt_005810,2026-04-10 00:18:00,demo_publisher,site B,sess_000536,page_064,tecnologia,lateral,banner,computador,BR,5,5,3,0,0.01714
evt_005811,2026-04-08 22:14:00,demo_publisher,site B,sess_001762,page_100,entretenimento,meio do artigo,vídeo,celular,MX,6,4,2,0,0.03223
evt_005812,2026-03-18 22:58:00,demo_publisher,site B,sess_001117,page_031,finanças,intersticial,banner,celular,BR,3,3,2,0,0.01436
evt_005813,2026-04-28 01:47:00,demo_publisher,site A,sess_001271,page_086,finanças,lateral,banner,computador,MX,6,3,2,0,0.00935
evt_005814,2026-04-05 13:50:00,demo_publisher,site B,sess_000273,page_125,tecnologia,topo da página,nativo,celular,BR,1,1,1,0,0.00378
evt_005815,2026-03-04 10:56:00,demo_publisher,site C,sess_001247,page_113,estilo de vida,rodapé fixo,banner,computador,BR,1,1,1,0,0.00458
evt_005816,2026-03-25 10:53:00,demo_publisher,site A,sess_001160,page_004,estilo de vida,rodapé fixo,vídeo,celular,BR,3,3,3,0,0.01753
evt_005817,2026-04-25 08:55:00,demo_publisher,site A,sess_000585,page_057,esportes,meio do artigo,banner,tablet,BR,3,2,2,0,0.01512
evt_005818,2026-03-24 14:26:00,demo_publisher,site A,sess_001533,page_001,finanças,topo da página,nativo,celular,BR,2,1,0,0,0.00387
evt_005819,2026-04-04 01:38:00,demo_publisher,site A,sess_000268,page_085,esportes,rodapé fixo,vídeo,celular,BR,6,5,4,0,0.02207
evt_005820,2026-04-06 18:11:00,demo_publisher,site B,sess_001439,page_046,estilo de vida,topo da página,nativo,celular,BR,1,1,0,0,0.00506
evt_005821,2026-04-12 06:19:00,demo_publisher,site A,sess_001922,page_125,notícias,meio do artigo,banner,celular,US,1,1,1,0,0.00307
evt_005822,2026-04-22 08:08:00,demo_publisher,site A,sess_001134,page_025,finanças,rodapé fixo,banner,celular,BR,4,2,1,0,0.01122
evt_005823,2026-03-09 22:49:00,demo_publisher,site A,sess_000210,page_119,tecnologia,rodapé fixo,banner,computador,US,1,1,1,0,0.00211
evt_005824,2026-04-01 00:06:00,demo_publisher,site B,sess_001107,page_048,estilo de vida,lateral,mídia rica,computador,MX,2,1,1,0,0.00553
evt_005825,2026-04-02 00:04:00,demo_publisher,site A,sess_001058,page_128,entretenimento,topo da página,nativo,computador,BR,6,6,5,0,0.01061
evt_005826,2026-03-10 03:26:00,demo_publisher,site B,sess_001104,page_028,esportes,meio do artigo,nativo,tablet,BR,5,4,3,0,0.01893
evt_005827,2026-04-10 09:51:00,demo_publisher,site C,sess_000545,page_038,finanças,rodapé fixo,banner,celular,BR,5,4,3,0,0.02462
evt_005828,2026-03-08 02:08:00,demo_publisher,site A,sess_001252,page_049,finanças,lateral,banner,computador,BR,3,2,1,0,0.0246
evt_005829,2026-03-28 08:59:00,demo_publisher,site A,sess_000529,page_137,finanças,rodapé fixo,banner,computador,BR,2,2,2,0,0.00771
evt_005830,2026-03-20 19:33:00,demo_publisher,site B,sess_001116,page_103,estilo de vida,topo da página,banner,tablet,BR,2,2,0,0,0.00053
evt_005831,2026-03-10 07:10:00,demo_publisher,site A,sess_001189,page_114,notícias,intersticial,banner,computador,BR,2,2,2,0,0.00973
evt_005832,2026-04-19 08:08:00,demo_publisher,site C,sess_001292,page_077,finanças,topo da página,banner,celular,BR,2,2,1,0,0.00896
evt_005833,2026-03-15 15:31:00,demo_publisher,site A,sess_001596,page_111,notícias,meio do artigo,banner,celular,BR,5,5,3,0,0.0208
evt_005834,2026-03-16 07:32:00,demo_publisher,site A,sess_001765,page_088,estilo de vida,rodapé fixo,nativo,tablet,US,2,2,1,0,0.01321
evt_005835,2026-04-21 06:19:00,demo_publisher,site A,sess_001554,page_093,tecnologia,meio do artigo,nativo,computador,US,2,2,1,0,0.01976
evt_005836,2026-04-22 15:24:00,demo_publisher,site A,sess_001591,page_117,notícias,lateral,banner,celular,BR,2,2,2,0,0.00961
evt_005837,2026-03-03 01:38:00,demo_publisher,site A,sess_001737,page_137,finanças,meio do artigo,vídeo,computador,BR,1,1,0,0,0.00799
evt_005838,2026-03-17 16:08:00,demo_publisher,site A,sess_000485,page_081,finanças,rodapé fixo,nativo,tablet,BR,6,5,5,0,0.03974
evt_005839,2026-04-12 12:45:00,demo_publisher,site A,sess_000586,page_062,tecnologia,topo da página,banner,computador,BR,6,5,3,0,0.04176
evt_005840,2026-04-16 16:31:00,demo_publisher,site A,sess_001066,page_091,notícias,topo da página,vídeo,celular,BR,2,1,1,0,0.0027
evt_005841,2026-04-29 23:07:00,demo_publisher,site A,sess_000932,page_104,finanças,lateral,nativo,celular,BR,5,3,2,0,0.02293
evt_005842,2026-04-03 06:42:00,demo_publisher,site A,sess_001404,page_138,tecnologia,rodapé fixo,nativo,celular,BR,2,2,1,0,0.00918
evt_005843,2026-03-01 10:46:00,demo_publisher,site B,sess_000019,page_098,finanças,rodapé fixo,mídia rica,computador,BR,3,2,0,0,0.01062
evt_005844,2026-04-22 10:01:00,demo_publisher,site A,sess_000278,page_133,tecnologia,meio do artigo,banner,computador,BR,6,5,4,0,0.03205
evt_005845,2026-03-10 15:54:00,demo_publisher,site B,sess_001493,page_102,esportes,lateral,nativo,celular,MX,4,3,2,0,0.02167
evt_005846,2026-03-08 05:56:00,demo_publisher,site C,sess_001644,page_133,entretenimento,meio do artigo,banner,computador,BR,5,4,2,0,0.02129
evt_005847,2026-04-10 10:46:00,demo_publisher,site C,sess_000605,page_105,notícias,meio do artigo,banner,computador,BR,3,3,2,0,0.0089
evt_005848,2026-04-06 05:29:00,demo_publisher,site C,sess_000622,page_124,notícias,topo da página,banner,computador,BR,4,2,0,0,0.01776
evt_005849,2026-03-04 14:23:00,demo_publisher,site A,sess_001123,page_027,finanças,topo da página,banner,tablet,US,2,2,2,0,0.01244
evt_005850,2026-03-11 03:46:00,demo_publisher,site A,sess_000954,page_138,finanças,topo da página,banner,celular,AR,5,5,4,0,0.03618
evt_005851,2026-04-05 09:17:00,demo_publisher,site B,sess_000339,page_049,estilo de vida,topo da página,nativo,celular,BR,6,6,4,0,0.01583
evt_005852,2026-03-16 07:42:00,demo_publisher,site C,sess_001001,page_111,esportes,meio do artigo,banner,celular,BR,1,1,1,0,0.00702
evt_005853,2026-04-11 00:57:00,demo_publisher,site C,sess_001638,page_055,esportes,rodapé fixo,banner,celular,US,4,4,2,0,0.02168
evt_005854,2026-03-25 16:56:00,demo_publisher,site B,sess_001459,page_064,tecnologia,topo da página,banner,celular,BR,2,2,2,0,0.0058
evt_005855,2026-04-05 06:55:00,demo_publisher,site B,sess_001634,page_104,esportes,rodapé fixo,banner,computador,BR,4,3,3,0,0.01506
evt_005856,2026-03-29 11:56:00,demo_publisher,site A,sess_001287,page_076,tecnologia,rodapé fixo,nativo,celular,BR,3,1,1,0,0.00708
evt_005857,2026-03-22 21:51:00,demo_publisher,site A,sess_001755,page_100,estilo de vida,meio do artigo,nativo,celular,CL,3,2,1,0,0.00571
evt_005858,2026-03-21 13:03:00,demo_publisher,site C,sess_000500,page_011,notícias,lateral,vídeo,computador,BR,3,2,1,0,0.03568
evt_005859,2026-04-11 20:05:00,demo_publisher,site C,sess_000092,page_116,tecnologia,meio do artigo,mídia rica,celular,BR,4,3,3,0,0.01927
evt_005860,2026-03-31 20:42:00,demo_publisher,site B,sess_000228,page_057,entretenimento,topo da página,banner,computador,BR,2,2,0,0,0.00954
evt_005861,2026-04-05 15:47:00,demo_publisher,site A,sess_001984,page_110,tecnologia,lateral,banner,celular,BR,2,1,0,0,0.00217
evt_005862,2026-04-04 15:19:00,demo_publisher,site A,sess_001281,page_040,notícias,lateral,vídeo,celular,BR,1,1,0,0,0.01025
evt_005863,2026-03-13 10:59:00,demo_publisher,site A,sess_000496,page_083,finanças,meio do artigo,nativo,tablet,CL,3,2,2,0,0.01387
evt_005864,2026-04-24 19:03:00,demo_publisher,site A,sess_001708,page_082,entretenimento,rodapé fixo,mídia rica,computador,BR,4,4,3,0,0.00818
evt_005865,2026-04-03 18:54:00,demo_publisher,site A,sess_000619,page_020,estilo de vida,lateral,vídeo,computador,MX,4,3,1,0,0.0132
evt_005866,2026-04-13 02:00:00,demo_publisher,site A,sess_001194,page_066,esportes,meio do artigo,vídeo,celular,BR,2,2,2,0,0.01729
evt_005867,2026-04-22 21:56:00,demo_publisher,site A,sess_000499,page_089,notícias,topo da página,banner,tablet,AR,5,5,1,0,0.03627
evt_005868,2026-04-25 11:34:00,demo_publisher,site C,sess_000190,page_117,estilo de vida,rodapé fixo,banner,celular,US,3,2,0,0,0.00869
evt_005869,2026-04-10 00:14:00,demo_publisher,site A,sess_000535,page_124,tecnologia,intersticial,nativo,computador,BR,5,2,1,0,0.01547
evt_005870,2026-04-17 05:26:00,demo_publisher,site A,sess_000457,page_054,entretenimento,lateral,nativo,tablet,BR,5,3,0,0,0.01364
evt_005871,2026-03-29 07:22:00,demo_publisher,site A,sess_001105,page_090,entretenimento,rodapé fixo,vídeo,celular,BR,1,0,0,0,0.0
evt_005872,2026-04-14 06:25:00,demo_publisher,site B,sess_000042,page_025,esportes,meio do artigo,mídia rica,computador,BR,1,0,0,0,0.0
evt_005873,2026-03-20 07:04:00,demo_publisher,site B,sess_000480,page_125,estilo de vida,topo da página,banner,computador,BR,4,2,0,0,0.0032
evt_005874,2026-04-12 16:57:00,demo_publisher,site B,sess_001135,page_121,notícias,rodapé fixo,banner,celular,BR,6,4,3,0,0.01696
evt_005875,2026-03-06 03:40:00,demo_publisher,site B,sess_000788,page_139,notícias,lateral,vídeo,celular,MX,3,2,2,1,0.00531
evt_005876,2026-04-24 20:33:00,demo_publisher,site A,sess_001272,page_068,notícias,meio do artigo,vídeo,computador,AR,4,4,4,0,0.0285
evt_005877,2026-03-15 16:15:00,demo_publisher,site B,sess_001311,page_050,entretenimento,lateral,vídeo,celular,US,4,1,1,0,0.00998
evt_005878,2026-04-09 09:27:00,demo_publisher,site A,sess_001930,page_106,notícias,meio do artigo,nativo,tablet,BR,5,4,2,0,0.0191
evt_005879,2026-03-01 16:06:00,demo_publisher,site B,sess_001672,page_101,finanças,topo da página,mídia rica,celular,BR,6,6,4,0,0.03696
evt_005880,2026-03-10 08:13:00,demo_publisher,site C,sess_000457,page_030,finanças,lateral,banner,celular,BR,4,3,1,0,0.01173
evt_005881,2026-04-29 04:44:00,demo_publisher,site A,sess_001385,page_076,esportes,topo da página,banner,computador,MX,5,3,1,0,0.01533
evt_005882,2026-04-20 00:02:00,demo_publisher,site A,sess_001254,page_090,finanças,topo da página,banner,computador,BR,4,3,1,0,0.01146
evt_005883,2026-03-14 08:22:00,demo_publisher,site C,sess_001189,page_064,notícias,topo da página,banner,tablet,BR,2,2,2,0,0.00695
evt_005884,2026-03-08 20:25:00,demo_publisher,site C,sess_001598,page_052,esportes,meio do artigo,vídeo,celular,BR,4,3,1,0,0.01993
evt_005885,2026-04-18 21:25:00,demo_publisher,site B,sess_000296,page_034,finanças,rodapé fixo,banner,computador,BR,5,3,3,0,0.01143
evt_005886,2026-04-29 09:50:00,demo_publisher,site A,sess_000750,page_058,tecnologia,topo da página,nativo,celular,BR,6,4,2,0,0.011
evt_005887,2026-03-11 02:50:00,demo_publisher,site B,sess_001632,page_035,tecnologia,meio do artigo,banner,computador,BR,1,1,1,0,0.00553
evt_005888,2026-04-09 20:04:00,demo_publisher,site B,sess_001784,page_042,tecnologia,rodapé fixo,vídeo,computador,BR,3,2,2,0,0.01277
evt_005889,2026-03-18 00:23:00,demo_publisher,site A,sess_000075,page_026,esportes,rodapé fixo,banner,computador,BR,1,1,1,0,0.00424
evt_005890,2026-04-14 15:55:00,demo_publisher,site B,sess_000943,page_053,notícias,lateral,nativo,celular,BR,2,2,2,0,0.00386
evt_005891,2026-03-26 02:19:00,demo_publisher,site A,sess_000529,page_088,finanças,intersticial,banner,celular,MX,2,2,1,0,0.0087
evt_005892,2026-03-08 12:30:00,demo_publisher,site B,sess_000336,page_053,entretenimento,lateral,nativo,celular,BR,6,5,3,1,0.02651
evt_005893,2026-03-20 11:08:00,demo_publisher,site B,sess_000115,page_020,notícias,rodapé fixo,banner,computador,BR,3,2,2,0,0.00327
evt_005894,2026-04-02 07:37:00,demo_publisher,site A,sess_001076,page_112,notícias,meio do artigo,nativo,celular,BR,6,3,2,0,0.02437
evt_005895,2026-04-17 21:37:00,demo_publisher,site A,sess_001335,page_060,entretenimento,meio do artigo,nativo,computador,BR,4,1,1,0,0.00426
evt_005896,2026-03-02 06:16:00,demo_publisher,site B,sess_001062,page_082,entretenimento,meio do artigo,mídia rica,computador,BR,1,1,1,0,0.00547
evt_005897,2026-04-27 11:04:00,demo_publisher,site B,sess_000737,page_073,notícias,rodapé fixo,mídia rica,celular,BR,3,3,3,0,0.01549
evt_005898,2026-04-08 23:25:00,demo_publisher,site B,sess_001542,page_071,tecnologia,lateral,banner,celular,BR,5,5,1,0,0.0138
evt_005899,2026-04-22 12:25:00,demo_publisher,site B,sess_001304,page_061,finanças,rodapé fixo,banner,computador,AR,4,3,2,0,0.03568
evt_005900,2026-04-25 19:16:00,demo_publisher,site B,sess_001816,page_106,finanças,lateral,banner,computador,BR,3,2,0,0,0.01141
evt_005901,2026-03-10 05:09:00,demo_publisher,site A,sess_000694,page_119,finanças,lateral,banner,celular,BR,1,1,0,0,0.00245
evt_005902,2026-03-06 14:58:00,demo_publisher,site B,sess_000478,page_126,entretenimento,topo da página,banner,computador,BR,5,2,2,0,0.00993
evt_005903,2026-04-16 14:25:00,demo_publisher,site A,sess_000912,page_062,notícias,meio do artigo,mídia rica,celular,BR,4,4,3,0,0.02558
evt_005904,2026-03-12 06:33:00,demo_publisher,site A,sess_001014,page_048,tecnologia,meio do artigo,mídia rica,celular,BR,5,4,2,0,0.02022
evt_005905,2026-03-09 21:02:00,demo_publisher,site C,sess_000916,page_012,notícias,topo da página,banner,celular,MX,2,2,1,0,0.01087
evt_005906,2026-03-29 02:39:00,demo_publisher,site B,sess_001664,page_062,estilo de vida,rodapé fixo,vídeo,celular,BR,1,1,1,0,0.00509
evt_005907,2026-04-24 19:16:00,demo_publisher,site A,sess_000092,page_138,estilo de vida,topo da página,vídeo,celular,BR,3,3,2,0,0.01698
evt_005908,2026-04-17 17:40:00,demo_publisher,site A,sess_001056,page_037,tecnologia,topo da página,banner,tablet,US,2,2,1,0,0.00792
evt_005909,2026-04-01 01:44:00,demo_publisher,site A,sess_000861,page_118,entretenimento,lateral,vídeo,celular,MX,4,4,2,0,0.03439
evt_005910,2026-03-12 18:53:00,demo_publisher,site B,sess_000422,page_106,tecnologia,topo da página,mídia rica,computador,BR,4,4,4,0,0.03427
evt_005911,2026-03-21 04:23:00,demo_publisher,site B,sess_001282,page_092,tecnologia,meio do artigo,mídia rica,tablet,BR,1,0,0,0,7e-05
evt_005912,2026-04-11 07:25:00,demo_publisher,site B,sess_001602,page_079,esportes,topo da página,vídeo,celular,BR,3,3,2,0,0.02353
evt_005913,2026-03-10 10:07:00,demo_publisher,site C,sess_001092,page_106,entretenimento,topo da página,banner,computador,BR,3,3,2,0,0.00619
evt_005914,2026-04-01 11:08:00,demo_publisher,site B,sess_000170,page_014,finanças,lateral,banner,computador,BR,4,2,1,0,0.00783
evt_005915,2026-03-01 17:00:00,demo_publisher,site B,sess_000151,page_018,finanças,meio do artigo,mídia rica,computador,BR,5,5,5,0,0.04513
evt_005916,2026-03-20 12:07:00,demo_publisher,site C,sess_000843,page_028,finanças,meio do artigo,banner,computador,BR,3,3,1,0,0.02417
evt_005917,2026-03-15 21:02:00,demo_publisher,site B,sess_001336,page_107,esportes,topo da página,banner,celular,BR,2,1,0,0,0.00429
evt_005918,2026-04-10 20:45:00,demo_publisher,site A,sess_000627,page_061,estilo de vida,meio do artigo,banner,computador,BR,6,4,4,0,0.01568
evt_005919,2026-04-24 20:11:00,demo_publisher,site B,sess_000618,page_029,esportes,meio do artigo,nativo,computador,BR,5,4,1,0,0.02249
evt_005920,2026-03-09 18:55:00,demo_publisher,site C,sess_001720,page_007,esportes,topo da página,banner,celular,MX,6,5,2,0,0.02109
evt_005921,2026-04-17 20:03:00,demo_publisher,site B,sess_000029,page_068,entretenimento,lateral,vídeo,computador,AR,2,2,1,0,0.008
evt_005922,2026-04-09 08:31:00,demo_publisher,site B,sess_000160,page_056,entretenimento,meio do artigo,nativo,celular,BR,4,2,0,0,0.00945
evt_005923,2026-04-28 04:30:00,demo_publisher,site B,sess_000312,page_025,finanças,rodapé fixo,banner,tablet,BR,5,4,3,0,0.02799
evt_005924,2026-04-24 16:34:00,demo_publisher,site A,sess_001967,page_004,entretenimento,rodapé fixo,banner,computador,BR,6,4,4,0,0.03383
evt_005925,2026-03-07 01:05:00,demo_publisher,site B,sess_000995,page_105,finanças,meio do artigo,nativo,computador,BR,2,2,2,0,0.02683
evt_005926,2026-04-14 14:14:00,demo_publisher,site B,sess_000317,page_109,esportes,topo da página,vídeo,computador,BR,2,2,2,0,0.01235
evt_005927,2026-04-05 12:44:00,demo_publisher,site C,sess_000621,page_035,entretenimento,rodapé fixo,mídia rica,celular,BR,6,6,5,0,0.02495
evt_005928,2026-03-07 18:50:00,demo_publisher,site A,sess_001938,page_069,estilo de vida,meio do artigo,vídeo,computador,AR,4,3,3,0,0.02364
evt_005929,2026-03-16 10:17:00,demo_publisher,site C,sess_001389,page_036,tecnologia,rodapé fixo,banner,tablet,BR,1,1,1,0,0.0
evt_005930,2026-04-25 14:47:00,demo_publisher,site A,sess_000448,page_057,finanças,meio do artigo,vídeo,celular,BR,2,2,1,0,0.02042
evt_005931,2026-04-02 13:50:00,demo_publisher,site A,sess_000482,page_016,finanças,topo da página,nativo,celular,BR,6,6,4,0,0.02367
evt_005932,2026-03-21 07:23:00,demo_publisher,site A,sess_000150,page_132,notícias,rodapé fixo,nativo,tablet,BR,6,5,5,0,0.02695
evt_005933,2026-03-20 05:27:00,demo_publisher,site A,sess_001545,page_101,entretenimento,rodapé fixo,nativo,computador,BR,2,2,1,0,0.01081
evt_005934,2026-04-20 06:31:00,demo_publisher,site B,sess_000275,page_126,esportes,topo da página,banner,celular,MX,4,2,1,0,0.00038
evt_005935,2026-03-18 00:11:00,demo_publisher,site B,sess_000573,page_042,finanças,lateral,nativo,celular,BR,5,3,2,0,0.04235
evt_005936,2026-03-10 12:48:00,demo_publisher,site C,sess_000697,page_122,notícias,meio do artigo,nativo,celular,US,3,2,2,0,0.00753
evt_005937,2026-04-04 10:20:00,demo_publisher,site C,sess_001242,page_073,estilo de vida,lateral,banner,celular,AR,2,1,0,0,0.00497
evt_005938,2026-04-29 13:12:00,demo_publisher,site A,sess_001213,page_028,esportes,rodapé fixo,vídeo,computador,US,5,4,4,0,0.01672
evt_005939,2026-03-11 23:58:00,demo_publisher,site B,sess_001598,page_047,tecnologia,topo da página,banner,celular,US,1,1,1,0,0.00123
evt_005940,2026-03-16 07:39:00,demo_publisher,site C,sess_000595,page_113,finanças,topo da página,nativo,celular,BR,2,2,2,0,0.01642
evt_005941,2026-03-29 03:33:00,demo_publisher,site A,sess_000771,page_108,notícias,topo da página,vídeo,celular,BR,1,1,0,0,0.00567
evt_005942,2026-03-12 23:43:00,demo_publisher,site A,sess_000777,page_101,notícias,rodapé fixo,banner,celular,BR,6,5,5,0,0.02633
evt_005943,2026-04-09 01:10:00,demo_publisher,site A,sess_000094,page_032,notícias,topo da página,banner,celular,CL,1,1,0,0,0.00456
evt_005944,2026-03-16 05:12:00,demo_publisher,site C,sess_001475,page_091,tecnologia,lateral,nativo,tablet,BR,6,6,5,0,0.02378
evt_005945,2026-03-08 16:34:00,demo_publisher,site C,sess_001071,page_131,tecnologia,rodapé fixo,banner,computador,BR,3,2,2,0,0.01731
evt_005946,2026-03-16 16:13:00,demo_publisher,site B,sess_000951,page_007,esportes,rodapé fixo,banner,computador,BR,1,1,1,0,0.00655
evt_005947,2026-04-25 20:03:00,demo_publisher,site A,sess_001990,page_045,finanças,topo da página,vídeo,computador,BR,4,4,3,0,0.02339
evt_005948,2026-04-26 02:14:00,demo_publisher,site B,sess_000358,page_012,esportes,topo da página,banner,computador,BR,2,2,0,0,0.01218
evt_005949,2026-03-31 08:14:00,demo_publisher,site C,sess_001938,page_015,entretenimento,intersticial,nativo,celular,BR,3,3,2,0,0.01202
evt_005950,2026-03-25 00:39:00,demo_publisher,site A,sess_001361,page_139,entretenimento,meio do artigo,banner,computador,MX,6,5,3,0,0.02024
evt_005951,2026-04-19 04:07:00,demo_publisher,site A,sess_000442,page_034,tecnologia,topo da página,banner,celular,BR,4,3,1,0,0.01096
evt_005952,2026-03-12 15:44:00,demo_publisher,site A,sess_001357,page_025,notícias,topo da página,banner,tablet,BR,1,1,1,0,0.00618
evt_005953,2026-04-09 05:37:00,demo_publisher,site C,sess_001511,page_011,finanças,rodapé fixo,mídia rica,celular,MX,1,1,1,0,0.0
evt_005954,2026-04-10 19:16:00,demo_publisher,site B,sess_000725,page_137,entretenimento,rodapé fixo,nativo,celular,BR,5,5,4,0,0.0165
evt_005955,2026-04-12 14:24:00,demo_publisher,site B,sess_000690,page_066,esportes,meio do artigo,banner,tablet,BR,5,4,2,0,0.01667
evt_005956,2026-03-14 01:50:00,demo_publisher,site A,sess_001670,page_111,estilo de vida,meio do artigo,banner,celular,AR,3,2,1,0,0.00813
evt_005957,2026-04-12 23:13:00,demo_publisher,site A,sess_000321,page_035,entretenimento,lateral,nativo,celular,BR,5,3,2,0,0.00872
evt_005958,2026-04-06 17:16:00,demo_publisher,site B,sess_000027,page_090,tecnologia,topo da página,nativo,computador,BR,2,2,2,0,0.0268
evt_005959,2026-04-22 12:08:00,demo_publisher,site A,sess_001332,page_124,estilo de vida,rodapé fixo,banner,celular,CL,2,1,0,0,0.0
evt_005960,2026-03-11 11:07:00,demo_publisher,site B,sess_001813,page_094,finanças,topo da página,banner,computador,BR,3,1,0,0,0.00448
evt_005961,2026-04-06 19:35:00,demo_publisher,site B,sess_001002,page_072,entretenimento,topo da página,nativo,computador,BR,5,4,3,0,0.02668
evt_005962,2026-04-19 18:40:00,demo_publisher,site A,sess_000270,page_030,esportes,meio do artigo,nativo,computador,BR,6,3,3,0,0.02245
evt_005963,2026-03-17 16:37:00,demo_publisher,site B,sess_001078,page_033,entretenimento,topo da página,vídeo,celular,BR,2,1,1,0,0.00587
evt_005964,2026-04-14 15:02:00,demo_publisher,site A,sess_000504,page_083,finanças,meio do artigo,nativo,computador,BR,4,4,4,0,0.02613
evt_005965,2026-03-06 23:17:00,demo_publisher,site B,sess_001654,page_063,tecnologia,lateral,nativo,celular,AR,3,2,2,0,0.00653
evt_005966,2026-04-13 02:03:00,demo_publisher,site B,sess_001224,page_007,entretenimento,meio do artigo,nativo,celular,BR,6,3,1,0,0.01466
evt_005967,2026-04-06 09:00:00,demo_publisher,site A,sess_000673,page_028,estilo de vida,lateral,nativo,computador,BR,5,5,3,0,0.01915
evt_005968,2026-03-12 13:16:00,demo_publisher,site A,sess_001249,page_061,esportes,topo da página,nativo,computador,BR,2,2,1,0,0.01838
evt_005969,2026-03-04 23:32:00,demo_publisher,site A,sess_001334,page_025,notícias,meio do artigo,banner,celular,BR,5,4,3,0,0.01482
evt_005970,2026-04-14 17:30:00,demo_publisher,site C,sess_001357,page_077,tecnologia,meio do artigo,mídia rica,tablet,BR,1,1,0,0,0.00732
evt_005971,2026-03-15 11:27:00,demo_publisher,site B,sess_000733,page_042,estilo de vida,meio do artigo,banner,celular,BR,4,4,3,0,0.01161
evt_005972,2026-03-30 20:19:00,demo_publisher,site B,sess_001141,page_041,esportes,topo da página,nativo,celular,AR,2,2,2,0,0.00696
evt_005973,2026-03-04 15:25:00,demo_publisher,site C,sess_000086,page_016,entretenimento,rodapé fixo,nativo,computador,US,3,2,2,0,0.01087
evt_005974,2026-04-27 19:25:00,demo_publisher,site B,sess_000807,page_070,entretenimento,topo da página,vídeo,computador,BR,2,2,1,0,0.01182
evt_005975,2026-04-02 22:23:00,demo_publisher,site A,sess_000756,page_027,entretenimento,topo da página,banner,celular,BR,4,2,1,0,0.00862
evt_005976,2026-04-25 21:28:00,demo_publisher,site C,sess_001069,page_088,estilo de vida,topo da página,mídia rica,tablet,CL,6,2,1,0,0.02335
evt_005977,2026-03-10 14:53:00,demo_publisher,site C,sess_001900,page_131,entretenimento,lateral,banner,computador,BR,4,3,2,0,0.00678
evt_005978,2026-03-13 08:20:00,demo_publisher,site C,sess_001907,page_127,entretenimento,topo da página,banner,computador,AR,6,2,1,0,0.01019
evt_005979,2026-04-06 14:59:00,demo_publisher,site A,sess_000967,page_093,notícias,topo da página,vídeo,celular,BR,6,5,1,0,0.01892
evt_005980,2026-04-06 06:28:00,demo_publisher,site B,sess_001292,page_113,entretenimento,meio do artigo,banner,celular,BR,2,2,2,0,0.00487
evt_005981,2026-04-17 10:50:00,demo_publisher,site A,sess_000217,page_129,estilo de vida,meio do artigo,nativo,computador,BR,5,5,5,0,0.01971
evt_005982,2026-04-25 16:24:00,demo_publisher,site A,sess_000965,page_095,entretenimento,topo da página,nativo,celular,BR,2,2,1,0,0.00371
evt_005983,2026-04-19 07:30:00,demo_publisher,site A,sess_001375,page_036,tecnologia,lateral,mídia rica,celular,BR,1,0,0,0,0.0
evt_005984,2026-03-09 09:54:00,demo_publisher,site A,sess_001365,page_070,estilo de vida,lateral,vídeo,tablet,BR,2,2,0,0,0.02332
evt_005985,2026-03-19 13:44:00,demo_publisher,site A,sess_001926,page_120,esportes,topo da página,banner,computador,BR,3,2,0,1,0.01235
evt_005986,2026-04-24 19:54:00,demo_publisher,site A,sess_000933,page_093,notícias,topo da página,vídeo,celular,AR,2,1,0,0,0.00793
evt_005987,2026-04-02 22:29:00,demo_publisher,site B,sess_001815,page_051,esportes,meio do artigo,banner,computador,BR,4,1,1,0,0.00654
evt_005988,2026-04-22 00:30:00,demo_publisher,site A,sess_001957,page_024,estilo de vida,intersticial,nativo,computador,BR,4,1,0,0,0.00161
evt_005989,2026-04-03 18:44:00,demo_publisher,site B,sess_001144,page_021,tecnologia,rodapé fixo,vídeo,computador,BR,5,5,4,1,0.01921
evt_005990,2026-03-03 23:37:00,demo_publisher,site A,sess_000183,page_053,notícias,meio do artigo,vídeo,computador,BR,6,6,6,0,0.04843
evt_005991,2026-03-29 08:57:00,demo_publisher,site B,sess_000753,page_112,notícias,intersticial,nativo,computador,BR,2,2,2,0,0.0
evt_005992,2026-04-19 11:30:00,demo_publisher,site C,sess_001529,page_077,estilo de vida,meio do artigo,vídeo,celular,AR,6,5,1,1,0.02218
evt_005993,2026-04-09 07:21:00,demo_publisher,site B,sess_001161,page_009,esportes,meio do artigo,nativo,computador,BR,5,3,1,0,0.01083
evt_005994,2026-03-08 23:12:00,demo_publisher,site A,sess_001872,page_128,notícias,intersticial,mídia rica,computador,US,1,1,1,0,0.00117
evt_005995,2026-03-13 14:31:00,demo_publisher,site A,sess_001632,page_057,notícias,lateral,banner,celular,US,4,2,1,0,0.00301
evt_005996,2026-04-21 06:17:00,demo_publisher,site C,sess_000127,page_055,estilo de vida,meio do artigo,banner,computador,BR,2,2,0,0,0.01393
evt_005997,2026-04-28 18:06:00,demo_publisher,site A,sess_001722,page_114,estilo de vida,lateral,vídeo,computador,BR,1,1,0,0,0.00921
evt_005998,2026-04-15 04:09:00,demo_publisher,site B,sess_000715,page_053,tecnologia,intersticial,banner,tablet,MX,5,4,3,0,0.01783
evt_005999,2026-03-06 21:14:00,demo_publisher,site B,sess_001637,page_086,esportes,topo da página,banner,celular,US,1,1,0,0,0.00455
