date,site_id,page_category,ad_unit,ad_format,device,traffic_source,ad_requests,impressions,viewable_impressions,clicks,revenue,sessions,users,page_views,avg_time_on_page_seconds,avg_scroll_depth_pct,bounces,returning_user_rate,ctr,ecpm,fill_rate,viewability_rate,rps,rpm,bounce_rate
2026-03-01,site A,notícias,lateral,banner,computador,direto,6,6,3,0,0.07077,1,1,1,41.5,68.0,0,0.0,0.0,11.795,1.0,0.5,0.07077,70.77,0.0
2026-03-01,site B,notícias,topo da página,vídeo,computador,orgânico,5,5,4,0,0.04672,1,1,1,111.3,76.5,0,0.0,0.0,9.344,1.0,0.8,0.04672,46.72,0.0
2026-03-01,site A,tecnologia,meio do artigo,banner,computador,orgânico,6,5,4,0,0.04648,1,1,1,11.7,60.3,1,0.0,0.0,9.296000000000001,0.8333333333333334,0.8,0.04648,46.480000000000004,1.0
2026-03-01,site B,finanças,meio do artigo,mídia rica,computador,redes sociais,5,5,5,0,0.04513,1,1,1,57.8,79.6,1,1.0,0.0,9.026,1.0,1.0,0.04513,45.13,1.0
2026-03-01,site C,finanças,topo da página,banner,celular,orgânico,6,6,4,0,0.04255,1,1,1,118.5,76.1,1,0.0,0.0,7.091666666666666,1.0,0.6666666666666666,0.04255,42.55,1.0
2026-03-01,site B,notícias,topo da página,mídia rica,computador,referência,6,5,3,0,0.03918,1,1,1,59.7,86.9,0,0.0,0.0,7.836,0.8333333333333334,0.6,0.03918,39.18,0.0
2026-03-01,site A,finanças,lateral,mídia rica,computador,redes sociais,5,4,0,0,0.03744,1,1,1,17.5,68.4,0,1.0,0.0,9.36,0.8,0.0,0.03744,37.44,0.0
2026-03-01,site B,finanças,topo da página,mídia rica,celular,referência,6,6,4,0,0.03696,1,1,1,22.5,52.3,1,1.0,0.0,6.16,1.0,0.6666666666666666,0.03696,36.96,1.0
2026-03-01,site C,notícias,rodapé fixo,banner,computador,redes sociais,10,8,8,0,0.03665,2,2,2,49.0,64.75,0,0.0,0.0,4.58125,0.8,1.0,0.018325,18.325,0.0
2026-03-01,site A,esportes,meio do artigo,nativo,computador,orgânico,6,5,3,0,0.03627,1,1,1,20.2,87.0,1,0.0,0.0,7.254,0.8333333333333334,0.6,0.03627,36.269999999999996,1.0
2026-03-01,site B,esportes,topo da página,vídeo,celular,redes sociais,6,5,4,0,0.03539,1,1,1,59.0,40.7,0,1.0,0.0,7.078,0.8333333333333334,0.8,0.03539,35.39,0.0
2026-03-01,site B,notícias,topo da página,nativo,computador,referência,6,6,4,0,0.03382,1,1,1,24.9,80.8,1,1.0,0.0,5.636666666666667,1.0,0.6666666666666666,0.03382,33.82,1.0
2026-03-01,site B,notícias,meio do artigo,mídia rica,computador,newsletter,4,3,2,0,0.03212,1,1,1,10.7,59.6,1,0.0,0.0,10.706666666666669,0.75,0.6666666666666666,0.03212,32.120000000000005,1.0
2026-03-01,site C,tecnologia,topo da página,vídeo,celular,orgânico,4,4,4,0,0.03205,1,1,1,57.2,62.0,0,0.0,0.0,8.012500000000001,1.0,1.0,0.03205,32.050000000000004,0.0
2026-03-01,site A,notícias,topo da página,mídia rica,celular,referência,5,5,1,0,0.03073,2,2,2,41.7,78.85,2,0.0,0.0,6.146,1.0,0.2,0.015365,15.365,1.0
2026-03-01,site B,entretenimento,topo da página,banner,celular,orgânico,5,5,5,0,0.02757,1,1,1,76.1,92.2,0,0.0,0.0,5.514,1.0,1.0,0.02757,27.57,0.0
2026-03-01,site A,esportes,intersticial,mídia rica,computador,newsletter,3,3,1,0,0.0274,1,1,1,36.5,74.8,0,0.0,0.0,9.133333333333335,1.0,0.3333333333333333,0.0274,27.400000000000002,0.0
2026-03-01,site B,notícias,intersticial,vídeo,celular,redes sociais,6,4,2,0,0.02638,1,1,1,58.7,45.9,1,0.0,0.0,6.595,0.6666666666666666,0.5,0.02638,26.38,1.0
2026-03-01,site A,esportes,rodapé fixo,vídeo,celular,direto,6,4,2,0,0.02591,1,1,1,33.8,25.5,1,1.0,0.0,6.4775,0.6666666666666666,0.5,0.02591,25.91,1.0
2026-03-01,site A,estilo de vida,lateral,vídeo,computador,direto,2,2,2,0,0.02541,1,1,1,19.1,49.7,0,1.0,0.0,12.705,1.0,1.0,0.02541,25.41,0.0
2026-03-01,site C,finanças,meio do artigo,banner,celular,redes sociais,4,4,3,1,0.02535,1,1,1,18.5,78.6,1,1.0,0.25,6.3375,1.0,0.75,0.02535,25.35,1.0
2026-03-01,site B,entretenimento,topo da página,nativo,celular,direto,6,5,3,0,0.02442,1,1,1,32.9,52.9,1,1.0,0.0,4.884,0.8333333333333334,0.6,0.02442,24.42,1.0
2026-03-01,site B,entretenimento,rodapé fixo,banner,celular,direto,5,5,5,0,0.02379,1,1,1,83.6,30.1,1,0.0,0.0,4.758,1.0,1.0,0.02379,23.79,1.0
2026-03-01,site A,finanças,topo da página,mídia rica,celular,newsletter,5,5,4,0,0.02358,1,1,1,93.0,20.4,0,1.0,0.0,4.716,1.0,0.8,0.02358,23.580000000000002,0.0
2026-03-01,site B,finanças,intersticial,banner,celular,orgânico,5,4,1,0,0.02219,1,1,1,95.8,58.1,1,1.0,0.0,5.5475,0.8,0.25,0.02219,22.19,1.0
2026-03-01,site B,notícias,rodapé fixo,nativo,celular,orgânico,6,4,3,0,0.02184,1,1,1,37.5,19.5,0,0.0,0.0,5.46,0.6666666666666666,0.75,0.02184,21.84,0.0
2026-03-01,site C,entretenimento,topo da página,banner,computador,orgânico,6,5,4,0,0.02145,1,1,1,38.3,36.3,0,1.0,0.0,4.29,0.8333333333333334,0.8,0.02145,21.45,0.0
2026-03-01,site C,estilo de vida,topo da página,banner,computador,direto,6,6,3,0,0.02043,1,1,1,61.8,78.8,0,0.0,0.0,3.405,1.0,0.5,0.02043,20.43,0.0
2026-03-01,site B,tecnologia,rodapé fixo,mídia rica,celular,redes sociais,3,3,3,0,0.02029,1,1,1,99.3,70.3,1,0.0,0.0,6.763333333333333,1.0,1.0,0.02029,20.29,1.0
2026-03-01,site A,entretenimento,meio do artigo,vídeo,computador,newsletter,3,3,3,0,0.02017,1,1,1,98.6,70.8,1,1.0,0.0,6.723333333333334,1.0,1.0,0.02017,20.17,1.0
2026-03-01,site C,tecnologia,topo da página,nativo,celular,direto,4,4,3,0,0.01981,1,1,1,58.8,40.1,1,1.0,0.0,4.952500000000001,1.0,0.75,0.01981,19.810000000000002,1.0
2026-03-01,site C,tecnologia,topo da página,nativo,computador,direto,4,3,1,0,0.01958,1,1,1,74.5,69.0,1,1.0,0.0,6.526666666666667,0.75,0.3333333333333333,0.01958,19.580000000000002,1.0
2026-03-01,site A,estilo de vida,topo da página,mídia rica,celular,referência,4,4,2,0,0.01947,1,1,1,68.3,33.7,0,0.0,0.0,4.867500000000001,1.0,0.5,0.01947,19.470000000000002,0.0
2026-03-01,site C,esportes,rodapé fixo,banner,celular,orgânico,6,5,4,0,0.01935,1,1,1,127.5,60.8,1,0.0,0.0,3.8699999999999997,0.8333333333333334,0.8,0.01935,19.349999999999998,1.0
2026-03-01,site A,estilo de vida,intersticial,nativo,computador,direto,3,2,2,0,0.01895,1,1,1,69.2,73.5,0,1.0,0.0,9.475000000000001,0.6666666666666666,1.0,0.01895,18.950000000000003,0.0
2026-03-01,site B,finanças,lateral,banner,computador,referência,6,5,2,0,0.01815,1,1,1,18.0,78.1,1,1.0,0.0,3.63,0.8333333333333334,0.4,0.01815,18.15,1.0
2026-03-01,site A,esportes,meio do artigo,vídeo,celular,direto,4,3,2,0,0.01756,1,1,1,64.1,73.2,0,0.0,0.0,5.853333333333333,0.75,0.6666666666666666,0.01756,17.56,0.0
2026-03-01,site A,esportes,topo da página,nativo,computador,orgânico,4,3,1,0,0.01739,2,2,2,50.05,57.7,1,0.0,0.0,5.796666666666667,0.75,0.3333333333333333,0.008695,8.695,0.5
2026-03-01,site B,entretenimento,meio do artigo,banner,celular,direto,6,5,4,0,0.01692,1,1,1,110.4,91.3,0,0.0,0.0,3.3840000000000003,0.8333333333333334,0.8,0.01692,16.92,0.0
2026-03-01,site A,notícias,meio do artigo,banner,celular,orgânico,2,2,1,0,0.01688,1,1,1,52.3,92.9,0,0.0,0.0,8.44,1.0,0.5,0.01688,16.88,0.0
2026-03-01,site A,finanças,meio do artigo,banner,celular,referência,6,5,3,0,0.01641,1,1,1,56.4,73.4,1,0.0,0.0,3.282,0.8333333333333334,0.6,0.01641,16.41,1.0
2026-03-01,site A,notícias,intersticial,vídeo,computador,orgânico,2,2,2,0,0.01475,1,1,1,41.6,50.6,1,1.0,0.0,7.375,1.0,1.0,0.01475,14.75,1.0
2026-03-01,site A,notícias,rodapé fixo,banner,tablet,redes sociais,5,4,4,0,0.01426,1,1,1,29.3,60.8,0,0.0,0.0,3.565,0.8,1.0,0.01426,14.26,0.0
2026-03-01,site A,esportes,meio do artigo,banner,celular,redes sociais,3,3,1,0,0.01416,1,1,1,96.7,56.4,1,0.0,0.0,4.72,1.0,0.3333333333333333,0.01416,14.16,1.0
2026-03-01,site A,notícias,topo da página,banner,computador,orgânico,3,2,1,0,0.01402,1,1,1,93.9,36.0,0,1.0,0.0,7.01,0.6666666666666666,0.5,0.01402,14.02,0.0
2026-03-01,site B,estilo de vida,meio do artigo,banner,celular,redes sociais,6,5,2,0,0.01369,1,1,1,87.1,73.4,0,0.0,0.0,2.7380000000000004,0.8333333333333334,0.4,0.01369,13.690000000000001,0.0
2026-03-01,site A,notícias,meio do artigo,nativo,celular,redes sociais,5,3,3,0,0.01359,1,1,1,100.0,46.5,1,0.0,0.0,4.53,0.6,1.0,0.01359,13.59,1.0
2026-03-01,site C,estilo de vida,lateral,vídeo,celular,redes sociais,2,2,1,0,0.01324,1,1,1,45.0,82.8,0,1.0,0.0,6.62,1.0,0.5,0.01324,13.24,0.0
2026-03-01,site B,finanças,topo da página,banner,computador,redes sociais,5,5,3,0,0.01315,1,1,1,15.1,83.7,1,1.0,0.0,2.63,1.0,0.6,0.01315,13.15,1.0
2026-03-01,site B,esportes,meio do artigo,banner,computador,orgânico,3,3,1,0,0.01265,1,1,1,143.3,54.0,0,0.0,0.0,4.216666666666667,1.0,0.3333333333333333,0.01265,12.65,0.0
2026-03-01,site C,notícias,topo da página,banner,computador,referência,2,2,2,0,0.01252,1,1,1,7.4,35.0,0,1.0,0.0,6.26,1.0,1.0,0.01252,12.52,0.0
2026-03-01,site B,estilo de vida,lateral,banner,computador,orgânico,4,3,2,0,0.01207,1,1,1,67.7,68.3,0,1.0,0.0,4.023333333333333,0.75,0.6666666666666666,0.01207,12.07,0.0
2026-03-01,site A,estilo de vida,rodapé fixo,nativo,computador,direto,5,3,2,0,0.01191,1,1,1,27.3,77.0,1,0.0,0.0,3.97,0.6,0.6666666666666666,0.01191,11.91,1.0
2026-03-01,site A,finanças,lateral,nativo,celular,orgânico,2,2,2,0,0.01175,1,1,1,11.4,69.9,0,0.0,0.0,5.875,1.0,1.0,0.01175,11.75,0.0
2026-03-01,site A,notícias,meio do artigo,mídia rica,computador,orgânico,4,3,2,0,0.01156,1,1,1,104.8,62.2,0,1.0,0.0,3.8533333333333335,0.75,0.6666666666666666,0.01156,11.56,0.0
2026-03-01,site B,finanças,rodapé fixo,mídia rica,computador,direto,3,2,0,0,0.01062,1,1,1,20.0,64.3,0,0.0,0.0,5.31,0.6666666666666666,0.0,0.01062,10.62,0.0
2026-03-01,site B,entretenimento,rodapé fixo,mídia rica,computador,direto,2,2,2,0,0.0104,1,1,1,84.2,35.6,1,0.0,0.0,5.2,1.0,1.0,0.0104,10.4,1.0
2026-03-01,site B,finanças,meio do artigo,banner,computador,orgânico,5,2,0,0,0.00986,2,2,2,59.099999999999994,53.650000000000006,0,0.5,0.0,4.930000000000001,0.4,0.0,0.00493,4.930000000000001,0.0
2026-03-01,site A,finanças,lateral,banner,celular,newsletter,3,2,0,0,0.0098,1,1,1,83.0,54.0,0,0.0,0.0,4.8999999999999995,0.6666666666666666,0.0,0.0098,9.799999999999999,0.0
2026-03-01,site A,notícias,rodapé fixo,banner,celular,redes sociais,3,3,1,0,0.00977,1,1,1,34.6,48.8,1,1.0,0.0,3.2566666666666664,1.0,0.3333333333333333,0.00977,9.77,1.0
2026-03-01,site C,notícias,topo da página,nativo,celular,redes sociais,3,2,1,0,0.00964,1,1,1,46.3,81.3,0,1.0,0.0,4.819999999999999,0.6666666666666666,0.5,0.00964,9.639999999999999,0.0
2026-03-01,site A,notícias,rodapé fixo,nativo,celular,direto,5,3,3,1,0.00943,1,1,1,56.6,79.5,0,0.0,0.3333333333333333,3.143333333333333,0.6,1.0,0.00943,9.43,0.0
2026-03-01,site A,tecnologia,rodapé fixo,banner,computador,redes sociais,3,1,0,0,0.0086,1,1,1,80.7,39.0,1,0.0,0.0,8.6,0.3333333333333333,0.0,0.0086,8.6,1.0
2026-03-01,site A,entretenimento,meio do artigo,banner,celular,referência,5,4,2,0,0.0084,1,1,1,14.5,39.1,0,0.0,0.0,2.1,0.8,0.5,0.0084,8.4,0.0
2026-03-01,site C,esportes,lateral,banner,computador,orgânico,2,1,0,0,0.00796,1,1,1,8.5,28.1,0,0.0,0.0,7.96,0.5,0.0,0.00796,7.96,0.0
2026-03-01,site A,entretenimento,topo da página,mídia rica,celular,direto,5,2,2,0,0.0078,1,1,1,87.5,26.1,0,0.0,0.0,3.9,0.4,1.0,0.0078,7.8,0.0
2026-03-01,site A,entretenimento,lateral,banner,celular,orgânico,1,1,0,0,0.00762,1,1,1,191.8,79.4,0,0.0,0.0,7.62,1.0,0.0,0.00762,7.62,0.0
2026-03-01,site C,notícias,lateral,nativo,celular,orgânico,1,1,1,0,0.00739,1,1,1,89.2,50.1,1,1.0,0.0,7.39,1.0,1.0,0.00739,7.39,1.0
2026-03-01,site A,entretenimento,topo da página,banner,celular,referência,3,2,2,0,0.00736,1,1,1,14.1,38.2,0,1.0,0.0,3.68,0.6666666666666666,1.0,0.00736,7.36,0.0
2026-03-01,site A,entretenimento,rodapé fixo,banner,tablet,direto,3,2,2,0,0.0069,1,1,1,84.1,47.0,0,0.0,0.0,3.4499999999999997,0.6666666666666666,1.0,0.0069,6.8999999999999995,0.0
2026-03-01,site A,esportes,intersticial,nativo,celular,redes sociais,4,1,0,0,0.00504,1,1,1,23.5,33.4,0,0.0,0.0,5.04,0.25,0.0,0.00504,5.04,0.0
2026-03-01,site A,entretenimento,lateral,banner,tablet,orgânico,3,2,1,0,0.00502,1,1,1,31.4,70.6,1,0.0,0.0,2.5100000000000002,0.6666666666666666,0.5,0.00502,5.0200000000000005,1.0
2026-03-01,site B,notícias,lateral,banner,computador,referência,2,2,1,0,0.00321,1,1,1,45.9,53.8,0,0.0,0.0,1.605,1.0,0.5,0.00321,3.21,0.0
2026-03-01,site B,entretenimento,topo da página,banner,celular,redes sociais,3,2,1,0,0.00241,1,1,1,123.6,50.7,1,1.0,0.0,1.2049999999999998,0.6666666666666666,0.5,0.00241,2.4099999999999997,1.0
2026-03-01,site A,estilo de vida,topo da página,mídia rica,tablet,orgânico,1,0,0,0,0.00228,1,1,1,34.3,74.9,0,1.0,0.0,0.0,0.0,0.0,0.00228,2.28,0.0
2026-03-01,site C,estilo de vida,rodapé fixo,banner,computador,redes sociais,1,0,0,0,0.0022,1,1,1,152.7,8.8,0,1.0,0.0,0.0,0.0,0.0,0.0022,2.2,0.0
2026-03-01,site A,notícias,rodapé fixo,banner,tablet,orgânico,1,0,0,0,0.00211,1,1,1,28.3,68.5,0,0.0,0.0,0.0,0.0,0.0,0.00211,2.11,0.0
2026-03-01,site C,estilo de vida,topo da página,nativo,celular,redes sociais,1,1,1,0,0.00195,1,1,1,47.1,40.9,0,0.0,0.0,1.95,1.0,1.0,0.00195,1.95,0.0
2026-03-01,site A,esportes,rodapé fixo,nativo,celular,direto,1,1,1,0,0.00175,1,1,1,47.3,68.3,0,0.0,0.0,1.75,1.0,1.0,0.00175,1.75,0.0
2026-03-01,site A,notícias,lateral,vídeo,celular,orgânico,3,1,1,0,0.00161,1,1,1,22.8,34.9,1,0.0,0.0,1.61,0.3333333333333333,1.0,0.00161,1.61,1.0
2026-03-01,site A,estilo de vida,topo da página,nativo,computador,redes sociais,1,1,1,0,0.00136,1,1,1,96.4,54.3,1,1.0,0.0,1.36,1.0,1.0,0.00136,1.36,1.0
2026-03-01,site A,finanças,lateral,banner,tablet,redes sociais,1,0,0,0,0.0,1,1,1,26.9,66.1,0,0.0,0.0,0.0,0.0,0.0,0.0,0.0,0.0
2026-03-01,site C,finanças,lateral,banner,computador,referência,1,0,0,0,0.0,1,1,1,13.1,100.0,1,0.0,0.0,0.0,0.0,0.0,0.0,0.0,1.0
2026-03-02,site A,finanças,topo da página,vídeo,computador,orgânico,6,6,6,1,0.09813,1,1,1,28.2,73.0,0,1.0,0.16666666666666666,16.355,1.0,1.0,0.09813,98.13,0.0
2026-03-02,site A,tecnologia,meio do artigo,banner,computador,redes sociais,12,11,6,0,0.07454,2,2,2,93.85,60.6,1,0.5,0.0,6.7763636363636355,0.9166666666666666,0.5454545454545454,0.03727,37.269999999999996,0.5
2026-03-02,site C,notícias,topo da página,mídia rica,computador,direto,6,6,2,0,0.07113,1,1,1,76.7,60.7,1,0.0,0.0,11.854999999999999,1.0,0.3333333333333333,0.07113,71.13,1.0
2026-03-02,site B,notícias,topo da página,banner,computador,orgânico,10,9,8,0,0.05396,2,2,2,46.4,80.0,0,0.0,0.0,5.995555555555556,0.9,0.8888888888888888,0.02698,26.98,0.0
2026-03-02,site A,finanças,meio do artigo,nativo,computador,direto,7,7,5,0,0.03808,2,2,2,59.1,69.85,1,0.5,0.0,5.44,1.0,0.7142857142857143,0.01904,19.040000000000003,0.5
2026-03-02,site A,entretenimento,rodapé fixo,nativo,celular,referência,5,5,3,0,0.03759,1,1,1,64.7,45.2,0,1.0,0.0,7.517999999999999,1.0,0.6,0.03759,37.589999999999996,0.0
2026-03-02,site B,finanças,topo da página,banner,celular,orgânico,6,6,3,0,0.03729,1,1,1,48.1,45.3,1,1.0,0.0,6.215,1.0,0.5,0.03729,37.29,1.0
2026-03-02,site B,notícias,topo da página,mídia rica,tablet,referência,6,5,4,0,0.03542,1,1,1,61.9,89.0,0,0.0,0.0,7.0840000000000005,0.8333333333333334,0.8,0.03542,35.42,0.0
2026-03-02,site A,notícias,meio do artigo,vídeo,computador,referência,6,4,3,0,0.02566,1,1,1,181.8,48.2,0,0.0,0.0,6.415,0.6666666666666666,0.75,0.02566,25.66,0.0
2026-03-02,site A,estilo de vida,intersticial,banner,celular,newsletter,6,6,4,0,0.02544,1,1,1,23.0,80.4,0,0.0,0.0,4.24,1.0,0.6666666666666666,0.02544,25.44,0.0
2026-03-02,site A,finanças,meio do artigo,vídeo,computador,newsletter,6,4,2,0,0.02525,1,1,1,25.6,96.8,0,1.0,0.0,6.3125,0.6666666666666666,0.5,0.02525,25.25,0.0
2026-03-02,site B,tecnologia,meio do artigo,banner,celular,redes sociais,5,5,1,0,0.02374,1,1,1,157.2,70.5,1,1.0,0.0,4.748,1.0,0.2,0.02374,23.740000000000002,1.0
2026-03-02,site A,estilo de vida,meio do artigo,vídeo,celular,orgânico,4,3,1,0,0.0227,1,1,1,23.2,30.7,1,1.0,0.0,7.566666666666667,0.75,0.3333333333333333,0.0227,22.700000000000003,1.0
2026-03-02,site B,finanças,lateral,banner,computador,direto,4,3,2,0,0.02195,1,1,1,35.7,12.0,0,1.0,0.0,7.316666666666666,0.75,0.6666666666666666,0.02195,21.95,0.0
2026-03-02,site A,notícias,rodapé fixo,nativo,computador,direto,3,2,2,0,0.02124,1,1,1,62.0,60.0,0,0.0,0.0,10.62,0.6666666666666666,1.0,0.02124,21.24,0.0
2026-03-02,site A,notícias,meio do artigo,mídia rica,celular,orgânico,3,2,1,0,0.02095,1,1,1,177.2,65.1,1,0.0,0.0,10.475,0.6666666666666666,0.5,0.02095,20.95,1.0
2026-03-02,site C,esportes,rodapé fixo,mídia rica,celular,orgânico,4,3,2,0,0.02052,1,1,1,93.3,20.5,1,0.0,0.0,6.84,0.75,0.6666666666666666,0.02052,20.52,1.0
2026-03-02,site B,esportes,topo da página,mídia rica,computador,direto,2,2,2,0,0.02035,1,1,1,15.2,44.3,0,0.0,0.0,10.175,1.0,1.0,0.02035,20.35,0.0
2026-03-02,site B,notícias,meio do artigo,banner,computador,direto,9,6,6,0,0.01931,2,2,2,21.7,34.75,0,0.5,0.0,3.2183333333333337,0.6666666666666666,1.0,0.009655,9.655000000000001,0.0
2026-03-02,site B,notícias,rodapé fixo,nativo,computador,orgânico,4,3,0,0,0.01914,1,1,1,67.3,73.7,1,0.0,0.0,6.38,0.75,0.0,0.01914,19.14,1.0
2026-03-02,site B,tecnologia,meio do artigo,nativo,celular,direto,6,4,3,0,0.01868,1,1,1,81.0,60.8,0,0.0,0.0,4.67,0.6666666666666666,0.75,0.01868,18.68,0.0
2026-03-02,site C,entretenimento,topo da página,mídia rica,computador,direto,5,4,4,0,0.01836,1,1,1,59.7,78.5,0,0.0,0.0,4.590000000000001,0.8,1.0,0.01836,18.360000000000003,0.0
2026-03-02,site A,estilo de vida,topo da página,mídia rica,tablet,orgânico,3,2,1,0,0.01831,1,1,1,21.4,62.0,0,0.0,0.0,9.155,0.6666666666666666,0.5,0.01831,18.31,0.0
2026-03-02,site B,tecnologia,topo da página,vídeo,celular,orgânico,4,4,1,0,0.01791,1,1,1,24.3,56.2,0,0.0,0.0,4.4775,1.0,0.25,0.01791,17.91,0.0
2026-03-02,site A,tecnologia,topo da página,banner,celular,redes sociais,7,6,5,0,0.0174,2,2,2,88.5,59.05,1,1.0,0.0,2.9,0.8571428571428571,0.8333333333333334,0.0087,8.7,0.5
2026-03-02,site A,estilo de vida,topo da página,nativo,computador,direto,4,4,1,0,0.01708,1,1,1,108.7,67.3,0,1.0,0.0,4.2700000000000005,1.0,0.25,0.01708,17.080000000000002,0.0
2026-03-02,site B,estilo de vida,meio do artigo,vídeo,celular,referência,6,4,4,0,0.01699,1,1,1,80.1,53.5,0,0.0,0.0,4.2475000000000005,0.6666666666666666,1.0,0.01699,16.990000000000002,0.0
2026-03-02,site B,entretenimento,topo da página,banner,celular,newsletter,4,4,2,0,0.01681,1,1,1,42.6,52.1,1,1.0,0.0,4.2025,1.0,0.5,0.01681,16.81,1.0
2026-03-02,site B,finanças,topo da página,banner,computador,orgânico,3,2,1,0,0.01667,1,1,1,32.2,91.3,0,0.0,0.0,8.335,0.6666666666666666,0.5,0.01667,16.67,0.0
2026-03-02,site C,tecnologia,intersticial,banner,tablet,orgânico,5,3,1,0,0.01567,1,1,1,49.8,87.4,0,0.0,0.0,5.223333333333334,0.6,0.3333333333333333,0.01567,15.67,0.0
2026-03-02,site B,esportes,topo da página,banner,celular,orgânico,6,4,1,0,0.01565,1,1,1,112.4,88.9,1,1.0,0.0,3.9125,0.6666666666666666,0.25,0.01565,15.65,1.0
2026-03-02,site A,tecnologia,rodapé fixo,nativo,computador,redes sociais,3,3,2,0,0.01547,1,1,1,171.4,57.7,0,1.0,0.0,5.156666666666666,1.0,0.6666666666666666,0.01547,15.469999999999999,0.0
2026-03-02,site B,notícias,lateral,banner,tablet,redes sociais,5,3,2,0,0.01386,1,1,1,70.8,61.9,1,1.0,0.0,4.62,0.6,0.6666666666666666,0.01386,13.860000000000001,1.0
2026-03-02,site C,entretenimento,rodapé fixo,nativo,computador,referência,5,4,3,0,0.01385,1,1,1,33.8,64.6,1,0.0,0.0,3.4625,0.8,0.75,0.01385,13.85,1.0
2026-03-02,site B,entretenimento,meio do artigo,nativo,tablet,direto,4,4,3,0,0.01383,1,1,1,114.5,65.0,0,0.0,0.0,3.4575,1.0,0.75,0.01383,13.83,0.0
2026-03-02,site B,notícias,lateral,mídia rica,celular,direto,3,2,0,0,0.01379,1,1,1,62.7,58.4,1,1.0,0.0,6.8950000000000005,0.6666666666666666,0.0,0.01379,13.790000000000001,1.0
2026-03-02,site B,tecnologia,intersticial,mídia rica,computador,redes sociais,4,2,0,0,0.01364,1,1,1,77.8,42.2,0,0.0,0.0,6.819999999999999,0.5,0.0,0.01364,13.639999999999999,0.0
2026-03-02,site B,notícias,topo da página,vídeo,celular,direto,2,2,1,0,0.01267,1,1,1,46.2,71.1,0,0.0,0.0,6.335,1.0,0.5,0.01267,12.67,0.0
2026-03-02,site A,estilo de vida,rodapé fixo,nativo,computador,orgânico,4,3,2,0,0.01221,1,1,1,12.1,64.1,0,0.0,0.0,4.07,0.75,0.6666666666666666,0.01221,12.21,0.0
2026-03-02,site B,entretenimento,meio do artigo,banner,computador,orgânico,3,2,2,0,0.01207,1,1,1,72.3,67.5,0,0.0,0.0,6.035,0.6666666666666666,1.0,0.01207,12.07,0.0
2026-03-02,site A,notícias,rodapé fixo,vídeo,computador,redes sociais,5,2,1,0,0.01179,1,1,1,41.1,61.1,0,1.0,0.0,5.8950000000000005,0.4,0.5,0.01179,11.790000000000001,0.0
2026-03-02,site C,estilo de vida,intersticial,banner,computador,referência,5,5,1,0,0.01172,1,1,1,61.3,40.0,0,1.0,0.0,2.344,1.0,0.2,0.01172,11.719999999999999,0.0
2026-03-02,site B,tecnologia,lateral,vídeo,computador,orgânico,4,2,1,0,0.01171,1,1,1,89.0,45.2,0,0.0,0.0,5.8549999999999995,0.5,0.5,0.01171,11.709999999999999,0.0
2026-03-02,site B,estilo de vida,meio do artigo,vídeo,celular,redes sociais,2,2,1,0,0.01169,1,1,1,67.8,82.7,0,0.0,0.0,5.845000000000001,1.0,0.5,0.01169,11.690000000000001,0.0
2026-03-02,site A,tecnologia,rodapé fixo,banner,computador,redes sociais,1,1,1,0,0.01131,1,1,1,63.3,97.4,1,1.0,0.0,11.31,1.0,1.0,0.01131,11.31,1.0
2026-03-02,site A,estilo de vida,meio do artigo,nativo,computador,direto,4,3,2,0,0.01129,1,1,1,47.4,24.8,0,1.0,0.0,3.763333333333333,0.75,0.6666666666666666,0.01129,11.29,0.0
2026-03-02,site A,esportes,lateral,nativo,tablet,orgânico,6,3,2,0,0.01116,1,1,1,54.9,49.1,0,0.0,0.0,3.72,0.5,0.6666666666666666,0.01116,11.16,0.0
2026-03-02,site A,notícias,meio do artigo,banner,celular,referência,2,2,1,0,0.01063,1,1,1,74.1,52.6,1,0.0,0.0,5.315,1.0,0.5,0.01063,10.63,1.0
2026-03-02,site A,notícias,topo da página,mídia rica,celular,redes sociais,3,1,1,0,0.01037,1,1,1,78.7,64.9,0,1.0,0.0,10.370000000000001,0.3333333333333333,1.0,0.01037,10.370000000000001,0.0
2026-03-02,site A,tecnologia,rodapé fixo,banner,celular,orgânico,1,1,1,0,0.01027,1,1,1,63.2,49.4,1,1.0,0.0,10.27,1.0,1.0,0.01027,10.27,1.0
2026-03-02,site C,tecnologia,topo da página,banner,celular,referência,2,2,2,0,0.01026,1,1,1,64.6,72.3,0,0.0,0.0,5.13,1.0,1.0,0.01026,10.26,0.0
2026-03-02,site B,estilo de vida,topo da página,nativo,tablet,referência,2,2,0,0,0.00982,1,1,1,28.2,4.1,0,0.0,0.0,4.91,1.0,0.0,0.00982,9.82,0.0
2026-03-02,site B,notícias,rodapé fixo,banner,tablet,redes sociais,5,3,1,1,0.00969,1,1,1,53.0,41.1,0,1.0,0.3333333333333333,3.2300000000000004,0.6,0.3333333333333333,0.00969,9.690000000000001,0.0
2026-03-02,site B,finanças,topo da página,banner,celular,direto,1,1,0,0,0.00964,1,1,1,23.0,51.4,1,1.0,0.0,9.639999999999999,1.0,0.0,0.00964,9.639999999999999,1.0
2026-03-02,site A,estilo de vida,meio do artigo,nativo,computador,orgânico,2,2,2,0,0.00941,1,1,1,67.6,69.4,0,0.0,0.0,4.705,1.0,1.0,0.00941,9.41,0.0
2026-03-02,site B,estilo de vida,lateral,banner,celular,direto,4,3,2,0,0.00919,1,1,1,61.7,60.4,1,0.0,0.0,3.063333333333333,0.75,0.6666666666666666,0.00919,9.19,1.0
2026-03-02,site B,esportes,meio do artigo,nativo,celular,direto,4,3,0,0,0.00917,1,1,1,54.5,41.9,1,0.0,0.0,3.0566666666666666,0.75,0.0,0.00917,9.17,1.0
2026-03-02,site B,estilo de vida,rodapé fixo,banner,celular,newsletter,3,2,2,0,0.00879,1,1,1,19.5,55.8,0,1.0,0.0,4.395,0.6666666666666666,1.0,0.00879,8.79,0.0
2026-03-02,site C,notícias,lateral,banner,celular,referência,3,2,0,0,0.0085,1,1,1,53.8,83.1,1,0.0,0.0,4.25,0.6666666666666666,0.0,0.0085,8.5,1.0
2026-03-02,site A,esportes,lateral,banner,computador,orgânico,1,1,0,0,0.00749,1,1,1,14.8,48.2,1,1.0,0.0,7.49,1.0,0.0,0.00749,7.49,1.0
2026-03-02,site B,tecnologia,rodapé fixo,mídia rica,computador,orgânico,1,1,1,0,0.00721,1,1,1,110.5,63.9,0,0.0,0.0,7.21,1.0,1.0,0.00721,7.21,0.0
2026-03-02,site B,estilo de vida,rodapé fixo,vídeo,celular,redes sociais,2,1,0,0,0.00672,1,1,1,21.2,87.5,0,0.0,0.0,6.720000000000001,0.5,0.0,0.00672,6.720000000000001,0.0
2026-03-02,site A,estilo de vida,lateral,nativo,tablet,referência,1,1,1,0,0.00667,1,1,1,38.4,53.6,1,1.0,0.0,6.67,1.0,1.0,0.00667,6.67,1.0
2026-03-02,site B,esportes,lateral,vídeo,celular,direto,2,2,2,0,0.00667,1,1,1,93.8,83.9,0,1.0,0.0,3.335,1.0,1.0,0.00667,6.67,0.0
2026-03-02,site A,entretenimento,topo da página,nativo,computador,direto,3,2,2,0,0.0064,1,1,1,81.4,68.9,0,0.0,0.0,3.2,0.6666666666666666,1.0,0.0064,6.4,0.0
2026-03-02,site A,esportes,lateral,banner,tablet,referência,1,1,0,0,0.00615,1,1,1,74.3,68.0,0,0.0,0.0,6.15,1.0,0.0,0.00615,6.15,0.0
2026-03-02,site A,finanças,meio do artigo,banner,celular,newsletter,5,2,1,0,0.00615,1,1,1,130.6,70.9,1,0.0,0.0,3.075,0.4,0.5,0.00615,6.15,1.0
2026-03-02,site B,tecnologia,topo da página,nativo,tablet,orgânico,1,1,0,0,0.00604,1,1,1,66.0,49.2,0,0.0,0.0,6.04,1.0,0.0,0.00604,6.04,0.0
2026-03-02,site A,finanças,rodapé fixo,banner,celular,orgânico,1,1,0,0,0.00556,1,1,1,9.0,68.5,0,0.0,0.0,5.56,1.0,0.0,0.00556,5.56,0.0
2026-03-02,site A,estilo de vida,lateral,banner,tablet,orgânico,1,1,1,0,0.00551,1,1,1,15.6,38.6,0,0.0,0.0,5.51,1.0,1.0,0.00551,5.51,0.0
2026-03-02,site B,entretenimento,meio do artigo,mídia rica,computador,orgânico,1,1,1,0,0.00547,1,1,1,60.7,48.7,0,0.0,0.0,5.47,1.0,1.0,0.00547,5.47,0.0
2026-03-02,site A,notícias,rodapé fixo,banner,computador,direto,1,1,0,0,0.00517,1,1,1,57.1,73.8,0,0.0,0.0,5.17,1.0,0.0,0.00517,5.17,0.0
2026-03-02,site A,esportes,topo da página,banner,computador,redes sociais,1,1,1,0,0.00493,1,1,1,58.3,54.5,0,0.0,0.0,4.930000000000001,1.0,1.0,0.00493,4.930000000000001,0.0
2026-03-02,site A,estilo de vida,rodapé fixo,banner,celular,redes sociais,6,3,2,0,0.00477,1,1,1,47.4,37.6,0,0.0,0.0,1.5899999999999999,0.5,0.6666666666666666,0.00477,4.77,0.0
2026-03-02,site A,notícias,lateral,banner,celular,orgânico,4,4,0,0,0.00456,1,1,1,45.0,85.3,0,0.0,0.0,1.14,1.0,0.0,0.00456,4.56,0.0
2026-03-02,site B,esportes,intersticial,banner,tablet,newsletter,2,1,1,0,0.00416,1,1,1,38.5,79.5,0,0.0,0.0,4.159999999999999,0.5,1.0,0.00416,4.159999999999999,0.0
2026-03-02,site A,entretenimento,topo da página,banner,celular,newsletter,1,1,1,0,0.0031,1,1,1,17.3,56.5,0,1.0,0.0,3.1,1.0,1.0,0.0031,3.1,0.0
2026-03-02,site C,esportes,rodapé fixo,banner,celular,redes sociais,1,1,1,0,0.00299,1,1,1,4.9,33.3,1,1.0,0.0,2.99,1.0,1.0,0.00299,2.99,1.0
2026-03-02,site C,tecnologia,meio do artigo,nativo,computador,referência,1,1,1,0,0.00292,1,1,1,159.5,32.0,0,0.0,0.0,2.92,1.0,1.0,0.00292,2.92,0.0
2026-03-02,site B,esportes,rodapé fixo,vídeo,tablet,direto,1,1,1,0,0.00281,1,1,1,11.3,84.1,1,0.0,0.0,2.81,1.0,1.0,0.00281,2.81,1.0
2026-03-02,site A,notícias,meio do artigo,banner,celular,redes sociais,1,0,0,0,0.00274,1,1,1,86.9,51.8,1,0.0,0.0,0.0,0.0,0.0,0.00274,2.7399999999999998,1.0
2026-03-02,site A,estilo de vida,meio do artigo,mídia rica,computador,orgânico,1,1,1,0,0.00203,1,1,1,89.0,59.0,1,0.0,0.0,2.0300000000000002,1.0,1.0,0.00203,2.0300000000000002,1.0
2026-03-02,site A,notícias,meio do artigo,banner,computador,newsletter,1,0,0,0,0.00154,1,1,1,43.9,10.3,0,1.0,0.0,0.0,0.0,0.0,0.00154,1.5399999999999998,0.0
2026-03-02,site A,estilo de vida,rodapé fixo,banner,celular,orgânico,2,0,0,0,0.0015,1,1,1,159.2,58.7,0,1.0,0.0,0.0,0.0,0.0,0.0015,1.5,0.0
2026-03-02,site A,entretenimento,meio do artigo,banner,computador,orgânico,2,1,1,0,0.00143,1,1,1,27.0,50.4,1,0.0,0.0,1.4300000000000002,0.5,1.0,0.00143,1.4300000000000002,1.0
2026-03-02,site A,entretenimento,lateral,vídeo,celular,orgânico,1,0,0,0,0.0,1,1,1,3.0,76.4,1,0.0,0.0,0.0,0.0,0.0,0.0,0.0,1.0
2026-03-02,site B,notícias,lateral,banner,celular,orgânico,1,0,0,0,0.0,1,1,1,51.4,80.9,0,0.0,0.0,0.0,0.0,0.0,0.0,0.0,0.0
2026-03-02,site B,tecnologia,topo da página,vídeo,celular,direto,1,0,0,0,0.0,1,1,1,82.1,22.2,0,0.0,0.0,0.0,0.0,0.0,0.0,0.0,0.0
2026-03-02,site C,finanças,intersticial,nativo,celular,referência,1,0,0,0,0.0,1,1,1,22.2,28.8,1,0.0,0.0,0.0,0.0,0.0,0.0,0.0,1.0
2026-03-02,site C,notícias,topo da página,banner,computador,orgânico,1,0,0,0,0.0,1,1,1,70.1,37.1,1,0.0,0.0,0.0,0.0,0.0,0.0,0.0,1.0
2026-03-03,site A,notícias,meio do artigo,vídeo,computador,orgânico,6,6,6,0,0.04843,1,1,1,23.9,38.8,0,0.0,0.0,8.071666666666667,1.0,1.0,0.04843,48.43,0.0
2026-03-03,site C,estilo de vida,meio do artigo,vídeo,computador,redes sociais,5,4,2,1,0.045,1,1,1,70.0,85.5,1,0.0,0.25,11.25,0.8,0.5,0.045,45.0,1.0
2026-03-03,site C,finanças,lateral,nativo,celular,direto,6,6,3,0,0.0431,1,1,1,60.6,45.3,0,1.0,0.0,7.183333333333334,1.0,0.5,0.0431,43.1,0.0
2026-03-03,site B,finanças,meio do artigo,vídeo,celular,redes sociais,3,3,1,0,0.0409,1,1,1,4.1,55.6,1,0.0,0.0,13.633333333333333,1.0,0.3333333333333333,0.0409,40.9,1.0
2026-03-03,site B,tecnologia,topo da página,banner,celular,orgânico,8,6,2,0,0.04045,2,2,2,68.5,61.8,2,0.0,0.0,6.741666666666667,0.75,0.3333333333333333,0.020225,20.225,1.0
2026-03-03,site C,finanças,rodapé fixo,mídia rica,celular,direto,6,4,4,0,0.03839,1,1,1,10.5,74.1,0,0.0,0.0,9.5975,0.6666666666666666,1.0,0.03839,38.39,0.0
2026-03-03,site B,finanças,topo da página,mídia rica,computador,orgânico,5,3,1,0,0.0379,1,1,1,56.2,20.2,1,1.0,0.0,12.633333333333335,0.6,0.3333333333333333,0.0379,37.900000000000006,1.0
2026-03-03,site C,esportes,topo da página,vídeo,celular,orgânico,4,3,2,1,0.03531,1,1,1,59.0,68.7,0,0.0,0.3333333333333333,11.770000000000001,0.75,0.6666666666666666,0.03531,35.31,0.0
2026-03-03,site B,esportes,topo da página,vídeo,tablet,direto,5,4,3,0,0.03499,1,1,1,38.0,70.7,0,0.0,0.0,8.7475,0.8,0.75,0.03499,34.99,0.0
2026-03-03,site A,notícias,topo da página,banner,tablet,redes sociais,6,5,4,0,0.03083,1,1,1,30.9,93.2,0,0.0,0.0,6.1659999999999995,0.8333333333333334,0.8,0.03083,30.83,0.0
2026-03-03,site B,entretenimento,topo da página,banner,tablet,orgânico,6,6,4,0,0.03021,1,1,1,83.7,84.8,1,0.0,0.0,5.035,1.0,0.6666666666666666,0.03021,30.21,1.0
2026-03-03,site B,tecnologia,rodapé fixo,vídeo,celular,redes sociais,6,5,4,0,0.02901,1,1,1,37.3,48.8,0,0.0,0.0,5.8020000000000005,0.8333333333333334,0.8,0.02901,29.01,0.0
2026-03-03,site B,estilo de vida,meio do artigo,nativo,tablet,redes sociais,6,6,4,0,0.02469,1,1,1,9.1,57.4,0,0.0,0.0,4.115,1.0,0.6666666666666666,0.02469,24.69,0.0
2026-03-03,site A,esportes,topo da página,nativo,computador,orgânico,5,4,4,0,0.02468,1,1,1,41.3,50.5,0,0.0,0.0,6.17,0.8,1.0,0.02468,24.68,0.0
2026-03-03,site B,notícias,meio do artigo,banner,computador,redes sociais,6,4,2,0,0.02404,1,1,1,36.2,48.1,0,0.0,0.0,6.01,0.6666666666666666,0.5,0.02404,24.04,0.0
2026-03-03,site A,notícias,lateral,nativo,computador,redes sociais,4,4,1,1,0.02398,1,1,1,31.2,42.1,0,1.0,0.25,5.995,1.0,0.25,0.02398,23.98,0.0
2026-03-03,site C,notícias,intersticial,banner,computador,newsletter,4,4,4,0,0.02392,1,1,1,23.8,70.3,0,1.0,0.0,5.98,1.0,1.0,0.02392,23.92,0.0
2026-03-03,site A,notícias,rodapé fixo,banner,computador,newsletter,6,5,3,0,0.02296,1,1,1,45.2,35.3,0,0.0,0.0,4.5920000000000005,0.8333333333333334,0.6,0.02296,22.96,0.0
2026-03-03,site C,esportes,rodapé fixo,banner,computador,orgânico,6,5,4,0,0.0229,1,1,1,166.9,30.2,1,0.0,0.0,4.58,0.8333333333333334,0.8,0.0229,22.9,1.0
2026-03-03,site A,finanças,topo da página,nativo,computador,orgânico,5,3,2,0,0.0226,1,1,1,35.5,54.9,0,1.0,0.0,7.533333333333332,0.6,0.6666666666666666,0.0226,22.599999999999998,0.0
2026-03-03,site B,entretenimento,lateral,mídia rica,computador,orgânico,4,3,2,0,0.02201,1,1,1,42.3,34.5,0,0.0,0.0,7.336666666666666,0.75,0.6666666666666666,0.02201,22.009999999999998,0.0
2026-03-03,site C,notícias,intersticial,nativo,celular,orgânico,3,3,2,0,0.02081,1,1,1,34.0,24.4,1,1.0,0.0,6.9366666666666665,1.0,0.6666666666666666,0.02081,20.81,1.0
2026-03-03,site B,tecnologia,meio do artigo,vídeo,celular,direto,4,3,3,0,0.02064,1,1,1,6.0,60.8,0,0.0,0.0,6.879999999999999,0.75,1.0,0.02064,20.639999999999997,0.0
2026-03-03,site B,esportes,topo da página,vídeo,computador,orgânico,4,2,2,0,0.0196,1,1,1,47.0,51.4,0,1.0,0.0,9.799999999999999,0.5,1.0,0.0196,19.599999999999998,0.0
2026-03-03,site B,esportes,topo da página,banner,computador,redes sociais,5,4,3,0,0.01897,1,1,1,10.7,45.7,1,1.0,0.0,4.742500000000001,0.8,0.75,0.01897,18.970000000000002,1.0
2026-03-03,site B,esportes,meio do artigo,banner,computador,redes sociais,6,4,2,0,0.01766,1,1,1,98.4,59.2,1,0.0,0.0,4.415,0.6666666666666666,0.5,0.01766,17.66,1.0
2026-03-03,site B,notícias,topo da página,nativo,computador,newsletter,4,3,2,0,0.01754,1,1,1,79.5,68.5,0,1.0,0.0,5.846666666666667,0.75,0.6666666666666666,0.01754,17.54,0.0
2026-03-03,site C,tecnologia,meio do artigo,banner,computador,newsletter,6,6,3,0,0.01712,1,1,1,67.9,41.4,0,1.0,0.0,2.8533333333333335,1.0,0.5,0.01712,17.12,0.0
2026-03-03,site B,notícias,topo da página,banner,celular,referência,4,3,2,0,0.01682,1,1,1,131.0,73.0,1,1.0,0.0,5.6066666666666665,0.75,0.6666666666666666,0.01682,16.82,1.0
2026-03-03,site A,finanças,rodapé fixo,mídia rica,celular,redes sociais,6,4,3,0,0.01656,1,1,1,67.4,33.7,0,0.0,0.0,4.14,0.6666666666666666,0.75,0.01656,16.56,0.0
2026-03-03,site A,notícias,meio do artigo,banner,computador,redes sociais,6,5,3,0,0.01646,1,1,1,54.4,62.2,0,0.0,0.0,3.2919999999999994,0.8333333333333334,0.6,0.01646,16.459999999999997,0.0
2026-03-03,site A,notícias,topo da página,nativo,celular,orgânico,4,3,2,0,0.01624,1,1,1,44.7,58.2,1,0.0,0.0,5.413333333333334,0.75,0.6666666666666666,0.01624,16.240000000000002,1.0
2026-03-03,site A,esportes,rodapé fixo,vídeo,celular,orgânico,2,2,1,0,0.01554,1,1,1,25.8,48.6,0,0.0,0.0,7.77,1.0,0.5,0.01554,15.54,0.0
2026-03-03,site C,esportes,lateral,banner,celular,newsletter,6,4,1,0,0.01547,1,1,1,109.6,38.6,0,0.0,0.0,3.8674999999999997,0.6666666666666666,0.25,0.01547,15.469999999999999,0.0
2026-03-03,site B,notícias,meio do artigo,nativo,celular,orgânico,3,3,2,0,0.01492,1,1,1,37.0,21.5,1,0.0,0.0,4.973333333333334,1.0,0.6666666666666666,0.01492,14.92,1.0
2026-03-03,site B,notícias,meio do artigo,vídeo,tablet,redes sociais,5,4,1,0,0.01416,1,1,1,39.6,62.8,0,0.0,0.0,3.54,0.8,0.25,0.01416,14.16,0.0
2026-03-03,site B,tecnologia,topo da página,nativo,computador,direto,4,3,3,0,0.01379,1,1,1,96.9,60.6,0,0.0,0.0,4.596666666666667,0.75,1.0,0.01379,13.790000000000001,0.0
2026-03-03,site C,notícias,topo da página,vídeo,celular,orgânico,2,2,2,0,0.01348,1,1,1,118.2,37.0,1,0.0,0.0,6.74,1.0,1.0,0.01348,13.48,1.0
2026-03-03,site A,notícias,rodapé fixo,banner,computador,orgânico,6,5,4,1,0.013430000000000001,2,2,2,15.3,51.0,0,0.5,0.2,2.6860000000000004,0.8333333333333334,0.8,0.0067150000000000005,6.715000000000001,0.0
2026-03-03,site A,finanças,rodapé fixo,banner,computador,orgânico,3,2,2,0,0.01325,1,1,1,139.2,53.2,0,1.0,0.0,6.625,0.6666666666666666,1.0,0.01325,13.25,0.0
2026-03-03,site A,tecnologia,meio do artigo,banner,celular,direto,5,3,3,0,0.0131,1,1,1,72.5,69.1,1,1.0,0.0,4.366666666666667,0.6,1.0,0.0131,13.100000000000001,1.0
2026-03-03,site A,notícias,lateral,vídeo,celular,referência,5,3,1,0,0.01289,1,1,1,29.1,60.7,0,0.0,0.0,4.296666666666667,0.6,0.3333333333333333,0.01289,12.89,0.0
2026-03-03,site A,estilo de vida,topo da página,banner,celular,redes sociais,2,2,2,0,0.01283,1,1,1,37.2,52.9,1,1.0,0.0,6.415,1.0,1.0,0.01283,12.83,1.0
2026-03-03,site C,esportes,meio do artigo,banner,computador,redes sociais,5,3,3,0,0.01268,1,1,1,73.9,74.3,1,1.0,0.0,4.226666666666667,0.6,1.0,0.01268,12.68,1.0
2026-03-03,site A,tecnologia,meio do artigo,banner,celular,referência,4,3,2,0,0.01235,1,1,1,188.6,100.0,0,1.0,0.0,4.116666666666666,0.75,0.6666666666666666,0.01235,12.35,0.0
2026-03-03,site B,notícias,lateral,banner,computador,redes sociais,3,2,1,0,0.01225,1,1,1,167.7,50.5,1,0.0,0.0,6.125,0.6666666666666666,0.5,0.01225,12.25,1.0
2026-03-03,site C,finanças,meio do artigo,vídeo,celular,direto,2,1,1,0,0.01196,1,1,1,48.4,87.2,0,0.0,0.0,11.96,0.5,1.0,0.01196,11.96,0.0
2026-03-03,site C,esportes,intersticial,banner,celular,newsletter,4,2,1,0,0.01137,1,1,1,31.1,63.0,0,1.0,0.0,5.685,0.5,0.5,0.01137,11.37,0.0
2026-03-03,site B,esportes,lateral,banner,celular,redes sociais,4,3,3,0,0.01128,1,1,1,31.2,19.2,1,0.0,0.0,3.76,0.75,1.0,0.01128,11.28,1.0
2026-03-03,site B,entretenimento,meio do artigo,vídeo,celular,newsletter,2,2,2,0,0.01092,1,1,1,32.5,42.5,0,1.0,0.0,5.46,1.0,1.0,0.01092,10.92,0.0
2026-03-03,site B,tecnologia,lateral,nativo,tablet,direto,2,2,1,0,0.01084,1,1,1,48.2,61.9,0,0.0,0.0,5.42,1.0,0.5,0.01084,10.84,0.0
2026-03-03,site B,finanças,topo da página,vídeo,celular,redes sociais,1,1,1,0,0.01073,1,1,1,58.7,50.7,1,0.0,0.0,10.73,1.0,1.0,0.01073,10.73,1.0
2026-03-03,site B,entretenimento,lateral,nativo,tablet,orgânico,6,3,2,0,0.01058,1,1,1,6.8,67.6,1,0.0,0.0,3.526666666666667,0.5,0.6666666666666666,0.01058,10.58,1.0
2026-03-03,site A,finanças,topo da página,banner,celular,referência,3,3,2,0,0.01048,1,1,1,50.2,98.9,0,1.0,0.0,3.4933333333333336,1.0,0.6666666666666666,0.01048,10.48,0.0
2026-03-03,site A,tecnologia,lateral,nativo,celular,redes sociais,2,2,1,0,0.01044,1,1,1,20.1,66.5,1,0.0,0.0,5.22,1.0,0.5,0.01044,10.44,1.0
2026-03-03,site B,esportes,meio do artigo,nativo,computador,orgânico,3,3,1,0,0.01027,1,1,1,24.0,29.8,1,0.0,0.0,3.4233333333333333,1.0,0.3333333333333333,0.01027,10.27,1.0
2026-03-03,site C,entretenimento,rodapé fixo,banner,celular,redes sociais,5,5,4,0,0.00978,1,1,1,165.9,65.3,0,0.0,0.0,1.9560000000000002,1.0,0.8,0.00978,9.780000000000001,0.0
2026-03-03,site A,esportes,topo da página,banner,computador,direto,3,2,1,0,0.00947,1,1,1,43.5,31.2,1,0.0,0.0,4.734999999999999,0.6666666666666666,0.5,0.00947,9.469999999999999,1.0
2026-03-03,site A,estilo de vida,topo da página,nativo,celular,redes sociais,5,5,4,0,0.00936,1,1,1,51.0,25.1,1,0.0,0.0,1.8719999999999999,1.0,0.8,0.00936,9.36,1.0
2026-03-03,site A,notícias,rodapé fixo,nativo,celular,orgânico,3,2,2,0,0.00901,1,1,1,77.1,44.5,1,1.0,0.0,4.505,0.6666666666666666,1.0,0.00901,9.01,1.0
2026-03-03,site B,tecnologia,topo da página,banner,computador,orgânico,5,3,2,1,0.00895,1,1,1,33.4,46.0,0,1.0,0.3333333333333333,2.983333333333333,0.6,0.6666666666666666,0.00895,8.95,0.0
2026-03-03,site A,finanças,meio do artigo,vídeo,computador,referência,1,1,0,0,0.00799,1,1,1,101.4,78.5,0,1.0,0.0,7.99,1.0,0.0,0.00799,7.99,0.0
2026-03-03,site A,notícias,lateral,nativo,celular,redes sociais,5,3,3,0,0.00726,1,1,1,38.1,47.9,0,1.0,0.0,2.42,0.6,1.0,0.00726,7.26,0.0
2026-03-03,site B,estilo de vida,rodapé fixo,vídeo,computador,referência,3,1,1,0,0.00725,1,1,1,47.3,79.1,0,0.0,0.0,7.25,0.3333333333333333,1.0,0.00725,7.25,0.0
2026-03-03,site A,entretenimento,lateral,mídia rica,celular,orgânico,4,3,2,0,0.00718,1,1,1,42.3,66.3,0,1.0,0.0,2.393333333333333,0.75,0.6666666666666666,0.00718,7.18,0.0
2026-03-03,site B,notícias,meio do artigo,mídia rica,computador,orgânico,1,1,0,0,0.0068,1,1,1,10.6,69.1,1,0.0,0.0,6.8,1.0,0.0,0.0068,6.8,1.0
2026-03-03,site B,entretenimento,rodapé fixo,banner,celular,redes sociais,4,3,1,0,0.00627,1,1,1,111.6,38.8,1,0.0,0.0,2.0900000000000003,0.75,0.3333333333333333,0.00627,6.2700000000000005,1.0
2026-03-03,site A,entretenimento,topo da página,banner,computador,direto,2,2,1,0,0.00625,1,1,1,114.4,65.7,1,0.0,0.0,3.125,1.0,0.5,0.00625,6.25,1.0
2026-03-03,site A,notícias,topo da página,banner,computador,newsletter,2,2,1,0,0.00618,1,1,1,99.5,62.3,1,0.0,0.0,3.09,1.0,0.5,0.00618,6.18,1.0
2026-03-03,site B,notícias,intersticial,banner,celular,redes sociais,6,1,1,0,0.00607,1,1,1,45.6,41.1,1,1.0,0.0,6.07,0.16666666666666666,1.0,0.00607,6.07,1.0
2026-03-03,site A,tecnologia,lateral,banner,celular,orgânico,1,1,0,0,0.00537,1,1,1,17.0,39.8,1,0.0,0.0,5.37,1.0,0.0,0.00537,5.37,1.0
2026-03-03,site A,finanças,meio do artigo,banner,computador,orgânico,1,1,1,0,0.0052,1,1,1,212.7,73.8,0,0.0,0.0,5.2,1.0,1.0,0.0052,5.2,0.0
2026-03-03,site A,esportes,meio do artigo,nativo,computador,orgânico,2,1,0,0,0.00499,1,1,1,33.9,46.4,0,0.0,0.0,4.989999999999999,0.5,0.0,0.00499,4.989999999999999,0.0
2026-03-03,site B,notícias,lateral,nativo,celular,redes sociais,2,1,1,0,0.00494,1,1,1,135.3,35.2,0,0.0,0.0,4.9399999999999995,0.5,1.0,0.00494,4.9399999999999995,0.0
2026-03-03,site B,estilo de vida,meio do artigo,nativo,computador,orgânico,2,2,1,0,0.00487,1,1,1,45.5,94.5,0,0.0,0.0,2.435,1.0,0.5,0.00487,4.87,0.0
2026-03-03,site B,estilo de vida,lateral,vídeo,celular,referência,1,1,1,0,0.00481,1,1,1,50.1,87.9,1,1.0,0.0,4.81,1.0,1.0,0.00481,4.81,1.0
2026-03-03,site B,estilo de vida,topo da página,banner,computador,orgânico,1,1,0,0,0.00473,1,1,1,9.2,37.2,0,0.0,0.0,4.7299999999999995,1.0,0.0,0.00473,4.7299999999999995,0.0
2026-03-03,site A,estilo de vida,topo da página,banner,celular,referência,3,2,0,0,0.00396,1,1,1,84.3,68.4,0,1.0,0.0,1.98,0.6666666666666666,0.0,0.00396,3.96,0.0
2026-03-03,site A,esportes,rodapé fixo,vídeo,computador,orgânico,2,1,1,0,0.00392,1,1,1,95.6,51.5,1,0.0,0.0,3.92,0.5,1.0,0.00392,3.92,1.0
2026-03-03,site A,esportes,meio do artigo,nativo,celular,referência,1,1,1,0,0.0038,1,1,1,19.1,80.0,0,0.0,0.0,3.8,1.0,1.0,0.0038,3.8,0.0
2026-03-03,site A,notícias,meio do artigo,banner,computador,orgânico,3,1,1,0,0.00342,1,1,1,36.2,52.3,0,0.0,0.0,3.42,0.3333333333333333,1.0,0.00342,3.42,0.0
2026-03-03,site A,esportes,topo da página,banner,celular,orgânico,3,1,1,0,0.0034,1,1,1,4.8,51.5,1,0.0,0.0,3.4,0.3333333333333333,1.0,0.0034,3.4,1.0
2026-03-03,site C,estilo de vida,meio do artigo,banner,celular,referência,3,1,1,0,0.00265,1,1,1,43.4,45.6,1,0.0,0.0,2.65,0.3333333333333333,1.0,0.00265,2.65,1.0
2026-03-03,site C,esportes,meio do artigo,mídia rica,computador,newsletter,1,0,0,0,0.00264,1,1,1,158.1,58.8,0,0.0,0.0,0.0,0.0,0.0,0.00264,2.64,0.0
2026-03-03,site A,notícias,topo da página,vídeo,tablet,newsletter,1,1,0,0,0.00197,1,1,1,50.6,60.7,0,0.0,0.0,1.97,1.0,0.0,0.00197,1.97,0.0
2026-03-03,site B,tecnologia,meio do artigo,banner,computador,redes sociais,1,0,0,0,0.00177,1,1,1,43.4,25.1,1,0.0,0.0,0.0,0.0,0.0,0.00177,1.77,1.0
2026-03-03,site A,notícias,lateral,banner,celular,redes sociais,1,0,0,0,0.00147,1,1,1,24.8,41.9,0,0.0,0.0,0.0,0.0,0.0,0.00147,1.47,0.0
2026-03-03,site B,esportes,lateral,banner,computador,orgânico,3,0,0,0,0.00144,1,1,1,108.7,48.4,1,1.0,0.0,0.0,0.0,0.0,0.00144,1.4400000000000002,1.0
2026-03-03,site B,notícias,topo da página,vídeo,computador,redes sociais,1,0,0,0,0.00095,1,1,1,14.3,73.0,1,0.0,0.0,0.0,0.0,0.0,0.00095,0.95,1.0
2026-03-03,site A,entretenimento,meio do artigo,banner,computador,orgânico,1,1,1,0,0.00082,1,1,1,5.5,72.7,0,0.0,0.0,0.82,1.0,1.0,0.00082,0.82,0.0
2026-03-03,site A,esportes,lateral,nativo,celular,direto,2,0,0,0,0.00078,1,1,1,32.5,45.6,0,0.0,0.0,0.0,0.0,0.0,0.00078,0.78,0.0
2026-03-03,site C,tecnologia,meio do artigo,vídeo,computador,orgânico,1,0,0,0,0.00037,1,1,1,84.0,33.3,1,0.0,0.0,0.0,0.0,0.0,0.00037,0.37,1.0
2026-03-03,site A,notícias,intersticial,nativo,celular,redes sociais,1,0,0,0,0.0,1,1,1,115.6,53.7,1,1.0,0.0,0.0,0.0,0.0,0.0,0.0,1.0
2026-03-03,site C,esportes,lateral,mídia rica,computador,orgânico,3,0,0,0,0.0,1,1,1,49.2,86.9,0,0.0,0.0,0.0,0.0,0.0,0.0,0.0,0.0
2026-03-04,site B,estilo de vida,meio do artigo,vídeo,celular,direto,6,5,4,0,0.06988,1,1,1,125.0,55.6,0,0.0,0.0,13.975999999999999,0.8333333333333334,0.8,0.06988,69.88,0.0
2026-03-04,site B,tecnologia,meio do artigo,vídeo,celular,newsletter,6,6,4,0,0.06811,1,1,1,51.5,50.4,0,1.0,0.0,11.351666666666667,1.0,0.6666666666666666,0.06811,68.11,0.0
2026-03-04,site B,entretenimento,rodapé fixo,vídeo,celular,newsletter,6,6,3,0,0.04498,1,1,1,99.3,82.2,1,1.0,0.0,7.496666666666666,1.0,0.5,0.04498,44.98,1.0
2026-03-04,site A,notícias,rodapé fixo,mídia rica,tablet,orgânico,6,6,4,0,0.04477,1,1,1,99.8,58.5,1,1.0,0.0,7.461666666666666,1.0,0.6666666666666666,0.04477,44.769999999999996,1.0
2026-03-04,site B,entretenimento,meio do artigo,vídeo,computador,orgânico,4,3,2,0,0.03624,1,1,1,63.5,50.9,1,0.0,0.0,12.08,0.75,0.6666666666666666,0.03624,36.24,1.0
2026-03-04,site B,esportes,meio do artigo,vídeo,celular,redes sociais,6,4,4,0,0.03576,1,1,1,31.2,35.7,0,0.0,0.0,8.94,0.6666666666666666,1.0,0.03576,35.76,0.0
2026-03-04,site A,notícias,intersticial,nativo,computador,orgânico,6,4,1,0,0.03561,1,1,1,42.5,58.3,1,1.0,0.0,8.9025,0.6666666666666666,0.25,0.03561,35.61,1.0
2026-03-04,site A,notícias,meio do artigo,banner,celular,orgânico,10,7,4,0,0.03093,2,2,2,56.55,52.8,1,0.5,0.0,4.418571428571428,0.7,0.5714285714285714,0.015465,15.465,0.5
2026-03-04,site C,tecnologia,topo da página,vídeo,computador,orgânico,5,3,2,0,0.03082,1,1,1,33.3,35.6,0,1.0,0.0,10.273333333333333,0.6,0.6666666666666666,0.03082,30.82,0.0
2026-03-04,site B,estilo de vida,lateral,vídeo,celular,orgânico,3,3,2,0,0.03071,1,1,1,66.6,22.7,0,0.0,0.0,10.236666666666666,1.0,0.6666666666666666,0.03071,30.71,0.0
2026-03-04,site B,notícias,meio do artigo,vídeo,celular,referência,5,5,2,0,0.02781,1,1,1,40.3,56.5,1,1.0,0.0,5.562,1.0,0.4,0.02781,27.810000000000002,1.0
2026-03-04,site B,tecnologia,topo da página,mídia rica,computador,referência,4,2,2,1,0.02729,1,1,1,67.3,63.5,0,0.0,0.5,13.645,0.5,1.0,0.02729,27.29,0.0
2026-03-04,site C,entretenimento,topo da página,nativo,computador,referência,4,4,4,0,0.02642,1,1,1,24.9,62.2,1,0.0,0.0,6.6049999999999995,1.0,1.0,0.02642,26.419999999999998,1.0
2026-03-04,site C,estilo de vida,topo da página,banner,celular,newsletter,6,6,4,0,0.0261,1,1,1,8.1,46.3,0,0.0,0.0,4.3500000000000005,1.0,0.6666666666666666,0.0261,26.1,0.0
2026-03-04,site A,tecnologia,meio do artigo,banner,celular,newsletter,6,6,2,0,0.02542,1,1,1,19.8,39.8,1,0.0,0.0,4.236666666666667,1.0,0.3333333333333333,0.02542,25.42,1.0
2026-03-04,site C,tecnologia,topo da página,banner,celular,orgânico,6,6,3,0,0.02338,1,1,1,25.5,53.6,1,0.0,0.0,3.896666666666667,1.0,0.5,0.02338,23.380000000000003,1.0
2026-03-04,site A,estilo de vida,rodapé fixo,banner,celular,orgânico,5,4,2,0,0.02185,1,1,1,20.3,82.6,1,0.0,0.0,5.4625,0.8,0.5,0.02185,21.85,1.0
2026-03-04,site B,finanças,meio do artigo,banner,computador,orgânico,3,3,2,0,0.02144,1,1,1,89.9,71.8,0,1.0,0.0,7.146666666666667,1.0,0.6666666666666666,0.02144,21.44,0.0
2026-03-04,site C,tecnologia,rodapé fixo,banner,celular,newsletter,6,6,4,0,0.02131,1,1,1,76.0,42.6,0,0.0,0.0,3.5516666666666663,1.0,0.6666666666666666,0.02131,21.31,0.0
2026-03-04,site C,tecnologia,meio do artigo,banner,celular,referência,6,5,3,0,0.02015,1,1,1,48.4,76.4,0,1.0,0.0,4.03,0.8333333333333334,0.6,0.02015,20.150000000000002,0.0
2026-03-04,site A,estilo de vida,meio do artigo,banner,celular,direto,5,4,2,0,0.0194,1,1,1,63.8,54.9,1,0.0,0.0,4.8500000000000005,0.8,0.5,0.0194,19.400000000000002,1.0
2026-03-04,site C,esportes,intersticial,banner,computador,orgânico,6,4,4,0,0.01893,1,1,1,43.5,57.6,0,1.0,0.0,4.7325,0.6666666666666666,1.0,0.01893,18.93,0.0
2026-03-04,site B,tecnologia,meio do artigo,banner,celular,redes sociais,6,4,2,0,0.01801,1,1,1,6.3,17.7,0,0.0,0.0,4.5025,0.6666666666666666,0.5,0.01801,18.01,0.0
2026-03-04,site A,tecnologia,topo da página,banner,computador,referência,3,3,2,0,0.01786,1,1,1,71.8,55.2,0,0.0,0.0,5.953333333333333,1.0,0.6666666666666666,0.01786,17.86,0.0
2026-03-04,site A,notícias,topo da página,vídeo,tablet,referência,5,4,2,0,0.01646,1,1,1,103.9,59.0,0,0.0,0.0,4.114999999999999,0.8,0.5,0.01646,16.459999999999997,0.0
2026-03-04,site B,entretenimento,intersticial,vídeo,celular,orgânico,3,3,3,0,0.01546,1,1,1,66.8,35.2,0,0.0,0.0,5.153333333333333,1.0,1.0,0.01546,15.459999999999999,0.0
2026-03-04,site B,notícias,topo da página,mídia rica,celular,redes sociais,3,2,1,0,0.01433,1,1,1,41.9,55.9,1,0.0,0.0,7.165,0.6666666666666666,0.5,0.01433,14.33,1.0
2026-03-04,site A,notícias,rodapé fixo,vídeo,celular,referência,4,3,1,0,0.01423,1,1,1,25.2,55.7,1,1.0,0.0,4.743333333333333,0.75,0.3333333333333333,0.01423,14.23,1.0
2026-03-04,site B,finanças,lateral,banner,computador,referência,6,3,1,0,0.01414,1,1,1,42.4,94.1,0,0.0,0.0,4.713333333333334,0.5,0.3333333333333333,0.01414,14.14,0.0
2026-03-04,site B,notícias,meio do artigo,nativo,tablet,direto,6,4,3,0,0.01383,1,1,1,55.1,46.8,0,1.0,0.0,3.4575,0.6666666666666666,0.75,0.01383,13.83,0.0
2026-03-04,site C,entretenimento,lateral,banner,celular,orgânico,6,5,4,0,0.0137,1,1,1,33.9,31.6,0,0.0,0.0,2.74,0.8333333333333334,0.8,0.0137,13.700000000000001,0.0
2026-03-04,site C,esportes,topo da página,nativo,computador,orgânico,6,3,2,0,0.01351,1,1,1,63.8,63.0,0,0.0,0.0,4.503333333333333,0.5,0.6666666666666666,0.01351,13.51,0.0
2026-03-04,site C,entretenimento,lateral,banner,computador,referência,5,3,3,0,0.01312,1,1,1,104.7,67.7,1,0.0,0.0,4.373333333333333,0.6,1.0,0.01312,13.12,1.0
2026-03-04,site A,tecnologia,topo da página,banner,tablet,direto,2,2,0,0,0.01305,1,1,1,69.4,60.0,1,0.0,0.0,6.525,1.0,0.0,0.01305,13.05,1.0
2026-03-04,site A,notícias,lateral,mídia rica,computador,newsletter,6,5,2,0,0.01281,1,1,1,41.1,70.4,0,1.0,0.0,2.5620000000000003,0.8333333333333334,0.4,0.01281,12.81,0.0
2026-03-04,site A,finanças,intersticial,banner,celular,referência,5,3,1,0,0.01244,1,1,1,29.3,47.7,0,1.0,0.0,4.1466666666666665,0.6,0.3333333333333333,0.01244,12.44,0.0
2026-03-04,site A,finanças,topo da página,banner,tablet,referência,2,2,2,0,0.01244,1,1,1,64.9,63.7,0,0.0,0.0,6.22,1.0,1.0,0.01244,12.44,0.0
2026-03-04,site B,finanças,lateral,banner,tablet,redes sociais,2,2,2,0,0.01244,1,1,1,168.2,98.9,1,1.0,0.0,6.22,1.0,1.0,0.01244,12.44,1.0
2026-03-04,site C,esportes,rodapé fixo,banner,computador,referência,2,2,1,0,0.0124,1,1,1,40.9,55.9,0,0.0,0.0,6.2,1.0,0.5,0.0124,12.4,0.0
2026-03-04,site A,entretenimento,topo da página,banner,celular,orgânico,5,4,4,0,0.01204,1,1,1,42.7,52.2,0,1.0,0.0,3.0100000000000002,0.8,1.0,0.01204,12.040000000000001,0.0
2026-03-04,site C,entretenimento,rodapé fixo,nativo,computador,orgânico,3,2,2,0,0.01087,1,1,1,22.5,39.4,0,1.0,0.0,5.435,0.6666666666666666,1.0,0.01087,10.87,0.0
2026-03-04,site B,finanças,topo da página,banner,celular,redes sociais,2,2,2,0,0.01073,1,1,1,29.8,96.2,0,0.0,0.0,5.365,1.0,1.0,0.01073,10.73,0.0
2026-03-04,site B,notícias,topo da página,vídeo,computador,redes sociais,1,1,0,0,0.01049,1,1,1,94.8,69.0,1,0.0,0.0,10.489999999999998,1.0,0.0,0.01049,10.489999999999998,1.0
2026-03-04,site A,estilo de vida,lateral,vídeo,celular,orgânico,1,1,0,0,0.01033,1,1,1,19.3,27.9,1,1.0,0.0,10.33,1.0,0.0,0.01033,10.33,1.0
2026-03-04,site B,finanças,rodapé fixo,nativo,celular,direto,4,3,3,0,0.0103,1,1,1,14.9,60.1,0,0.0,0.0,3.4333333333333336,0.75,1.0,0.0103,10.3,0.0
2026-03-04,site A,tecnologia,topo da página,mídia rica,computador,orgânico,1,1,1,0,0.01003,1,1,1,13.7,54.2,0,0.0,0.0,10.030000000000001,1.0,1.0,0.01003,10.030000000000001,0.0
2026-03-04,site B,tecnologia,rodapé fixo,banner,celular,orgânico,4,3,3,0,0.01003,1,1,1,40.6,30.2,0,0.0,0.0,3.3433333333333337,0.75,1.0,0.01003,10.030000000000001,0.0
2026-03-04,site B,esportes,meio do artigo,nativo,computador,direto,2,2,1,0,0.01,1,1,1,3.0,39.5,0,0.0,0.0,5.0,1.0,0.5,0.01,10.0,0.0
2026-03-04,site A,notícias,rodapé fixo,mídia rica,computador,orgânico,2,1,1,0,0.00987,1,1,1,102.2,40.0,0,0.0,0.0,9.870000000000001,0.5,1.0,0.00987,9.870000000000001,0.0
2026-03-04,site A,esportes,lateral,mídia rica,celular,redes sociais,1,1,0,0,0.00953,1,1,1,12.0,47.3,0,0.0,0.0,9.530000000000001,1.0,0.0,0.00953,9.530000000000001,0.0
2026-03-04,site B,notícias,topo da página,nativo,computador,direto,6,4,3,0,0.00943,1,1,1,25.5,46.0,0,1.0,0.0,2.3575,0.6666666666666666,0.75,0.00943,9.43,0.0
2026-03-04,site A,esportes,lateral,nativo,tablet,referência,1,1,0,0,0.00922,1,1,1,9.1,63.1,1,0.0,0.0,9.22,1.0,0.0,0.00922,9.22,1.0
2026-03-04,site A,notícias,meio do artigo,nativo,celular,direto,4,4,1,1,0.00912,1,1,1,25.8,91.0,0,1.0,0.25,2.28,1.0,0.25,0.00912,9.12,0.0
2026-03-04,site C,notícias,meio do artigo,mídia rica,tablet,referência,4,2,1,0,0.00885,1,1,1,97.1,57.0,1,0.0,0.0,4.425,0.5,0.5,0.00885,8.85,1.0
2026-03-04,site B,finanças,topo da página,banner,celular,orgânico,4,2,2,0,0.00879,1,1,1,23.7,52.2,0,1.0,0.0,4.395,0.5,1.0,0.00879,8.79,0.0
2026-03-04,site A,notícias,lateral,banner,celular,direto,5,3,1,0,0.00834,1,1,1,37.6,14.6,1,0.0,0.0,2.78,0.6,0.3333333333333333,0.00834,8.34,1.0
2026-03-04,site B,estilo de vida,rodapé fixo,mídia rica,computador,direto,1,1,0,0,0.00824,1,1,1,9.8,58.2,0,1.0,0.0,8.24,1.0,0.0,0.00824,8.24,0.0
2026-03-04,site B,entretenimento,lateral,banner,computador,direto,5,3,2,0,0.00777,1,1,1,98.7,48.9,0,1.0,0.0,2.59,0.6,0.6666666666666666,0.00777,7.77,0.0
2026-03-04,site C,entretenimento,meio do artigo,banner,celular,redes sociais,4,3,0,0,0.00765,1,1,1,103.2,52.7,1,0.0,0.0,2.55,0.75,0.0,0.00765,7.6499999999999995,1.0
2026-03-04,site C,tecnologia,intersticial,mídia rica,celular,newsletter,1,1,1,0,0.0074,1,1,1,112.3,9.5,0,1.0,0.0,7.4,1.0,1.0,0.0074,7.4,0.0
2026-03-04,site B,notícias,lateral,nativo,computador,referência,6,4,2,0,0.00719,1,1,1,37.2,24.2,0,0.0,0.0,1.7975,0.6666666666666666,0.5,0.00719,7.19,0.0
2026-03-04,site B,esportes,topo da página,nativo,tablet,direto,1,1,1,0,0.00716,1,1,1,15.3,36.3,0,0.0,0.0,7.16,1.0,1.0,0.00716,7.16,0.0
2026-03-04,site B,tecnologia,lateral,nativo,celular,orgânico,3,1,1,0,0.00713,1,1,1,37.3,73.4,0,0.0,0.0,7.13,0.3333333333333333,1.0,0.00713,7.13,0.0
2026-03-04,site A,tecnologia,lateral,banner,celular,orgânico,3,3,1,0,0.00686,2,2,2,64.2,61.6,0,1.0,0.0,2.2866666666666666,1.0,0.3333333333333333,0.00343,3.4299999999999997,0.0
2026-03-04,site A,tecnologia,lateral,nativo,computador,redes sociais,2,1,0,0,0.00679,1,1,1,41.6,47.0,0,1.0,0.0,6.79,0.5,0.0,0.00679,6.79,0.0
2026-03-04,site C,tecnologia,rodapé fixo,nativo,celular,direto,2,2,2,0,0.00679,1,1,1,29.6,71.5,0,1.0,0.0,3.395,1.0,1.0,0.00679,6.79,0.0
2026-03-04,site A,entretenimento,meio do artigo,nativo,tablet,newsletter,5,1,1,0,0.00624,1,1,1,12.4,35.8,0,0.0,0.0,6.24,0.2,1.0,0.00624,6.24,0.0
2026-03-04,site A,esportes,rodapé fixo,banner,celular,orgânico,4,1,1,0,0.00612,1,1,1,139.8,65.5,1,0.0,0.0,6.119999999999999,0.25,1.0,0.00612,6.119999999999999,1.0
2026-03-04,site B,notícias,topo da página,banner,computador,orgânico,3,1,1,0,0.00595,1,1,1,37.8,68.7,0,1.0,0.0,5.95,0.3333333333333333,1.0,0.00595,5.95,0.0
2026-03-04,site B,tecnologia,topo da página,vídeo,tablet,orgânico,1,1,1,0,0.00585,1,1,1,23.9,45.8,0,1.0,0.0,5.8500000000000005,1.0,1.0,0.00585,5.8500000000000005,0.0
2026-03-04,site A,finanças,meio do artigo,mídia rica,celular,referência,2,1,0,0,0.00578,1,1,1,9.5,66.8,0,0.0,0.0,5.78,0.5,0.0,0.00578,5.78,0.0
2026-03-04,site A,tecnologia,meio do artigo,nativo,celular,newsletter,1,1,1,0,0.00548,1,1,1,40.5,51.9,0,0.0,0.0,5.4799999999999995,1.0,1.0,0.00548,5.4799999999999995,0.0
2026-03-04,site B,notícias,intersticial,banner,celular,referência,2,2,2,0,0.00523,1,1,1,12.3,69.5,0,1.0,0.0,2.615,1.0,1.0,0.00523,5.23,0.0
2026-03-04,site B,esportes,topo da página,nativo,computador,redes sociais,2,1,0,0,0.00522,1,1,1,14.0,63.9,0,0.0,0.0,5.22,0.5,0.0,0.00522,5.22,0.0
2026-03-04,site C,estilo de vida,rodapé fixo,banner,computador,redes sociais,1,1,1,0,0.00458,1,1,1,68.5,61.0,0,1.0,0.0,4.58,1.0,1.0,0.00458,4.58,0.0
2026-03-04,site A,notícias,rodapé fixo,banner,tablet,direto,2,2,1,0,0.00457,1,1,1,105.0,53.4,0,0.0,0.0,2.285,1.0,0.5,0.00457,4.57,0.0
2026-03-04,site C,estilo de vida,lateral,banner,computador,orgânico,2,1,0,0,0.00429,1,1,1,35.0,80.4,1,0.0,0.0,4.29,0.5,0.0,0.00429,4.29,1.0
2026-03-04,site C,notícias,meio do artigo,nativo,tablet,direto,1,1,1,0,0.00419,1,1,1,27.4,52.1,0,0.0,0.0,4.19,1.0,1.0,0.00419,4.19,0.0
2026-03-04,site B,tecnologia,lateral,banner,tablet,orgânico,2,2,0,0,0.00401,1,1,1,72.9,73.3,1,0.0,0.0,2.005,1.0,0.0,0.00401,4.01,1.0
2026-03-04,site C,estilo de vida,lateral,nativo,computador,referência,2,1,0,0,0.00372,1,1,1,34.3,88.9,0,1.0,0.0,3.72,0.5,0.0,0.00372,3.72,0.0
2026-03-04,site A,esportes,intersticial,nativo,computador,newsletter,5,2,2,0,0.00352,1,1,1,31.5,49.8,0,0.0,0.0,1.76,0.4,1.0,0.00352,3.52,0.0
2026-03-04,site A,esportes,rodapé fixo,vídeo,celular,orgânico,2,1,0,0,0.00337,1,1,1,45.0,58.2,0,1.0,0.0,3.37,0.5,0.0,0.00337,3.37,0.0
2026-03-04,site A,tecnologia,lateral,mídia rica,celular,orgânico,1,1,1,0,0.0032,1,1,1,74.0,18.4,0,0.0,0.0,3.2,1.0,1.0,0.0032,3.2,0.0
2026-03-04,site A,notícias,meio do artigo,mídia rica,celular,direto,2,1,0,0,0.00318,1,1,1,84.1,31.5,1,0.0,0.0,3.18,0.5,0.0,0.00318,3.18,1.0
2026-03-04,site B,tecnologia,topo da página,banner,celular,redes sociais,2,2,2,0,0.00294,1,1,1,124.3,51.7,0,1.0,0.0,1.47,1.0,1.0,0.00294,2.94,0.0
2026-03-04,site B,entretenimento,meio do artigo,banner,celular,direto,4,2,1,0,0.00288,1,1,1,40.4,22.5,0,0.0,0.0,1.4400000000000002,0.5,0.5,0.00288,2.8800000000000003,0.0
2026-03-04,site B,entretenimento,rodapé fixo,banner,computador,redes sociais,3,1,0,0,0.00261,1,1,1,57.7,41.4,0,0.0,0.0,2.61,0.3333333333333333,0.0,0.00261,2.61,0.0
2026-03-04,site B,entretenimento,rodapé fixo,vídeo,celular,orgânico,2,1,1,0,0.00252,1,1,1,30.6,64.5,0,0.0,0.0,2.52,0.5,1.0,0.00252,2.52,0.0
2026-03-04,site C,estilo de vida,intersticial,mídia rica,computador,orgânico,1,1,1,0,0.00218,1,1,1,34.2,45.4,0,1.0,0.0,2.18,1.0,1.0,0.00218,2.18,0.0
2026-03-04,site A,tecnologia,meio do artigo,vídeo,celular,direto,1,1,0,0,0.00208,1,1,1,91.4,65.5,0,0.0,0.0,2.0799999999999996,1.0,0.0,0.00208,2.0799999999999996,0.0
2026-03-04,site B,tecnologia,intersticial,mídia rica,computador,orgânico,2,1,1,0,0.00205,1,1,1,18.7,71.9,1,0.0,0.0,2.0500000000000003,0.5,1.0,0.00205,2.0500000000000003,1.0
2026-03-04,site C,tecnologia,lateral,banner,celular,direto,3,1,0,0,0.00166,1,1,1,50.9,43.8,1,1.0,0.0,1.66,0.3333333333333333,0.0,0.00166,1.66,1.0
2026-03-04,site A,estilo de vida,lateral,mídia rica,tablet,redes sociais,1,1,0,0,0.0016,1,1,1,49.4,36.5,1,0.0,0.0,1.6,1.0,0.0,0.0016,1.6,1.0
2026-03-04,site A,finanças,rodapé fixo,mídia rica,celular,direto,2,0,0,0,0.0,1,1,1,40.7,66.7,0,0.0,0.0,0.0,0.0,0.0,0.0,0.0,0.0
2026-03-04,site A,notícias,meio do artigo,mídia rica,celular,orgânico,1,1,0,0,0.0,1,1,1,132.2,53.9,1,0.0,0.0,0.0,1.0,0.0,0.0,0.0,1.0
2026-03-04,site B,notícias,intersticial,vídeo,computador,direto,1,0,0,0,0.0,1,1,1,82.7,81.2,0,0.0,0.0,0.0,0.0,0.0,0.0,0.0,0.0
2026-03-05,site C,finanças,topo da página,nativo,computador,referência,5,5,3,0,0.04817,1,1,1,131.3,94.6,0,0.0,0.0,9.633999999999999,1.0,0.6,0.04817,48.169999999999995,0.0
2026-03-05,site A,tecnologia,topo da página,banner,celular,direto,6,6,5,0,0.04418,1,1,1,34.9,88.6,0,1.0,0.0,7.363333333333333,1.0,0.8333333333333334,0.04418,44.18,0.0
2026-03-05,site B,tecnologia,topo da página,vídeo,computador,orgânico,2,2,2,0,0.04195,1,1,1,46.3,55.1,1,0.0,0.0,20.975,1.0,1.0,0.04195,41.95,1.0
2026-03-05,site C,finanças,rodapé fixo,nativo,celular,orgânico,6,6,4,0,0.03898,1,1,1,33.2,17.1,1,1.0,0.0,6.496666666666667,1.0,0.6666666666666666,0.03898,38.980000000000004,1.0
2026-03-05,site A,entretenimento,meio do artigo,mídia rica,celular,orgânico,11,9,7,0,0.03839,2,2,2,30.150000000000002,52.5,2,0.0,0.0,4.265555555555555,0.8181818181818182,0.7777777777777778,0.019195,19.195,1.0
2026-03-05,site B,notícias,lateral,nativo,celular,referência,5,4,2,0,0.03616,1,1,1,39.6,100.0,1,0.0,0.0,9.04,0.8,0.5,0.03616,36.16,1.0
2026-03-05,site B,tecnologia,rodapé fixo,banner,tablet,redes sociais,5,3,2,0,0.03505,1,1,1,91.8,70.6,0,0.0,0.0,11.683333333333332,0.6,0.6666666666666666,0.03505,35.05,0.0
2026-03-05,site B,notícias,meio do artigo,vídeo,celular,redes sociais,6,4,2,1,0.03386,1,1,1,151.1,25.0,0,1.0,0.25,8.465,0.6666666666666666,0.5,0.03386,33.86,0.0
2026-03-05,site A,finanças,rodapé fixo,nativo,computador,orgânico,2,2,1,0,0.03293,1,1,1,13.6,42.4,0,1.0,0.0,16.465,1.0,0.5,0.03293,32.93,0.0
2026-03-05,site B,tecnologia,meio do artigo,mídia rica,computador,direto,6,4,2,0,0.03147,1,1,1,8.1,27.5,0,0.0,0.0,7.8675,0.6666666666666666,0.5,0.03147,31.47,0.0
2026-03-05,site B,tecnologia,rodapé fixo,nativo,celular,referência,6,6,5,0,0.03134,1,1,1,10.0,53.9,1,0.0,0.0,5.223333333333334,1.0,0.8333333333333334,0.03134,31.34,1.0
2026-03-05,site B,notícias,topo da página,mídia rica,computador,newsletter,2,2,2,0,0.03132,1,1,1,26.4,62.8,0,0.0,0.0,15.66,1.0,1.0,0.03132,31.32,0.0
2026-03-05,site B,esportes,rodapé fixo,mídia rica,celular,referência,5,4,4,0,0.03084,1,1,1,32.6,41.2,0,0.0,0.0,7.71,0.8,1.0,0.03084,30.84,0.0
2026-03-05,site A,esportes,meio do artigo,nativo,celular,redes sociais,5,5,3,0,0.02885,1,1,1,54.6,44.1,0,0.0,0.0,5.7700000000000005,1.0,0.6,0.02885,28.85,0.0
2026-03-05,site A,tecnologia,topo da página,vídeo,celular,orgânico,4,3,2,0,0.02714,1,1,1,117.8,75.9,1,0.0,0.0,9.046666666666667,0.75,0.6666666666666666,0.02714,27.14,1.0
2026-03-05,site A,notícias,topo da página,vídeo,computador,direto,5,5,1,0,0.02707,1,1,1,65.1,30.6,1,1.0,0.0,5.414,1.0,0.2,0.02707,27.07,1.0
2026-03-05,site B,estilo de vida,topo da página,banner,celular,orgânico,12,9,6,0,0.023129999999999998,3,3,3,45.36666666666667,55.26666666666667,2,0.0,0.0,2.57,0.75,0.6666666666666666,0.007709999999999999,7.71,0.6666666666666666
2026-03-05,site A,esportes,rodapé fixo,mídia rica,celular,orgânico,8,4,3,0,0.02311,2,2,2,67.35,44.4,1,0.0,0.0,5.7775,0.5,0.75,0.011555,11.555,0.5
2026-03-05,site B,notícias,meio do artigo,mídia rica,tablet,redes sociais,6,3,1,0,0.02177,1,1,1,73.2,64.9,0,0.0,0.0,7.256666666666667,0.5,0.3333333333333333,0.02177,21.77,0.0
2026-03-05,site C,notícias,topo da página,banner,celular,redes sociais,6,6,6,0,0.02027,2,2,2,73.5,49.3,0,0.5,0.0,3.3783333333333334,1.0,1.0,0.010135,10.135,0.0
2026-03-05,site A,notícias,topo da página,banner,computador,redes sociais,7,6,6,0,0.02009,2,2,2,75.9,85.15,0,1.0,0.0,3.348333333333333,0.8571428571428571,1.0,0.010045,10.045,0.0
2026-03-05,site A,esportes,meio do artigo,nativo,computador,direto,4,2,1,0,0.01963,1,1,1,41.3,79.4,0,0.0,0.0,9.815000000000001,0.5,0.5,0.01963,19.630000000000003,0.0
2026-03-05,site A,finanças,meio do artigo,mídia rica,computador,redes sociais,2,2,2,0,0.01845,1,1,1,30.4,70.0,0,1.0,0.0,9.225000000000001,1.0,1.0,0.01845,18.450000000000003,0.0
2026-03-05,site A,entretenimento,topo da página,banner,celular,redes sociais,5,4,0,0,0.01815,1,1,1,21.3,49.5,1,0.0,0.0,4.5375,0.8,0.0,0.01815,18.15,1.0
2026-03-05,site A,finanças,topo da página,nativo,celular,orgânico,6,2,2,0,0.01754,1,1,1,39.0,62.2,1,1.0,0.0,8.77,0.3333333333333333,1.0,0.01754,17.54,1.0
2026-03-05,site C,estilo de vida,topo da página,nativo,celular,direto,5,4,1,0,0.0173,1,1,1,52.8,33.3,1,0.0,0.0,4.325,0.8,0.25,0.0173,17.3,1.0
2026-03-05,site B,esportes,topo da página,banner,computador,redes sociais,5,5,4,0,0.01693,1,1,1,11.1,77.1,0,1.0,0.0,3.386,1.0,0.8,0.01693,16.93,0.0
2026-03-05,site C,notícias,meio do artigo,nativo,celular,orgânico,4,4,2,0,0.01655,1,1,1,135.7,7.0,0,0.0,0.0,4.137499999999999,1.0,0.5,0.01655,16.549999999999997,0.0
2026-03-05,site B,esportes,topo da página,banner,celular,orgânico,4,4,1,0,0.01624,1,1,1,22.2,69.8,1,0.0,0.0,4.0600000000000005,1.0,0.25,0.01624,16.240000000000002,1.0
2026-03-05,site B,notícias,meio do artigo,banner,computador,redes sociais,3,3,2,0,0.01571,1,1,1,138.2,47.3,0,0.0,0.0,5.236666666666666,1.0,0.6666666666666666,0.01571,15.709999999999999,0.0
2026-03-05,site C,esportes,topo da página,banner,computador,orgânico,6,5,4,0,0.0154,1,1,1,13.0,70.2,1,0.0,0.0,3.08,0.8333333333333334,0.8,0.0154,15.4,1.0
2026-03-05,site A,estilo de vida,meio do artigo,banner,celular,direto,6,4,2,0,0.01486,1,1,1,94.6,51.0,0,1.0,0.0,3.715,0.6666666666666666,0.5,0.01486,14.86,0.0
2026-03-05,site B,notícias,meio do artigo,mídia rica,celular,referência,4,3,2,0,0.01472,1,1,1,28.3,60.8,1,0.0,0.0,4.906666666666667,0.75,0.6666666666666666,0.01472,14.72,1.0
2026-03-05,site A,notícias,lateral,banner,celular,newsletter,5,4,2,0,0.0142,1,1,1,55.7,48.9,0,0.0,0.0,3.5500000000000003,0.8,0.5,0.0142,14.200000000000001,0.0
2026-03-05,site A,estilo de vida,rodapé fixo,banner,computador,newsletter,3,3,2,0,0.01406,1,1,1,16.5,28.7,0,0.0,0.0,4.6866666666666665,1.0,0.6666666666666666,0.01406,14.059999999999999,0.0
2026-03-05,site B,esportes,lateral,nativo,celular,orgânico,3,3,1,0,0.01361,1,1,1,8.8,61.1,0,0.0,0.0,4.536666666666667,1.0,0.3333333333333333,0.01361,13.610000000000001,0.0
2026-03-05,site A,finanças,meio do artigo,nativo,celular,direto,4,3,3,0,0.0128,1,1,1,60.9,44.0,0,0.0,0.0,4.266666666666667,0.75,1.0,0.0128,12.8,0.0
2026-03-05,site A,notícias,rodapé fixo,nativo,computador,newsletter,3,2,1,0,0.01269,1,1,1,37.6,30.2,0,0.0,0.0,6.345,0.6666666666666666,0.5,0.01269,12.69,0.0
2026-03-05,site C,esportes,intersticial,vídeo,celular,orgânico,4,2,1,0,0.01206,1,1,1,54.6,53.1,1,0.0,0.0,6.029999999999999,0.5,0.5,0.01206,12.059999999999999,1.0
2026-03-05,site C,finanças,topo da página,banner,celular,redes sociais,1,1,1,0,0.01196,1,1,1,39.8,100.0,1,0.0,0.0,11.96,1.0,1.0,0.01196,11.96,1.0
2026-03-05,site B,entretenimento,meio do artigo,banner,celular,redes sociais,4,4,4,0,0.01105,1,1,1,53.3,73.9,0,1.0,0.0,2.7625,1.0,1.0,0.01105,11.05,0.0
2026-03-05,site A,tecnologia,meio do artigo,mídia rica,celular,referência,3,2,1,0,0.01092,1,1,1,14.7,78.6,0,0.0,0.0,5.46,0.6666666666666666,0.5,0.01092,10.92,0.0
2026-03-05,site A,entretenimento,meio do artigo,banner,celular,redes sociais,3,2,1,0,0.01087,1,1,1,41.1,74.5,0,1.0,0.0,5.435,0.6666666666666666,0.5,0.01087,10.87,0.0
2026-03-05,site B,entretenimento,lateral,banner,celular,orgânico,3,2,1,0,0.01039,1,1,1,82.7,71.9,1,0.0,0.0,5.195,0.6666666666666666,0.5,0.01039,10.39,1.0
2026-03-05,site B,tecnologia,rodapé fixo,nativo,celular,newsletter,3,2,2,0,0.01006,1,1,1,23.8,51.1,1,0.0,0.0,5.029999999999999,0.6666666666666666,1.0,0.01006,10.059999999999999,1.0
2026-03-05,site A,finanças,meio do artigo,nativo,celular,orgânico,2,2,1,0,0.00983,1,1,1,62.2,70.8,1,0.0,0.0,4.915,1.0,0.5,0.00983,9.83,1.0
2026-03-05,site B,esportes,topo da página,nativo,computador,referência,2,1,1,0,0.00964,1,1,1,41.4,45.2,1,0.0,0.0,9.639999999999999,0.5,1.0,0.00964,9.639999999999999,1.0
2026-03-05,site B,finanças,topo da página,nativo,celular,direto,1,1,0,0,0.00868,1,1,1,130.4,64.1,0,0.0,0.0,8.68,1.0,0.0,0.00868,8.68,0.0
2026-03-05,site A,esportes,topo da página,banner,celular,orgânico,2,2,1,0,0.0081,1,1,1,114.9,48.4,1,1.0,0.0,4.05,1.0,0.5,0.0081,8.1,1.0
2026-03-05,site B,esportes,meio do artigo,banner,computador,direto,3,2,1,0,0.00808,1,1,1,16.5,94.2,0,1.0,0.0,4.04,0.6666666666666666,0.5,0.00808,8.08,0.0
2026-03-05,site A,finanças,topo da página,nativo,computador,orgânico,1,1,1,0,0.00779,1,1,1,25.9,72.0,0,1.0,0.0,7.79,1.0,1.0,0.00779,7.79,0.0
2026-03-05,site B,notícias,topo da página,banner,celular,referência,3,3,3,0,0.00714,1,1,1,33.1,88.6,1,0.0,0.0,2.38,1.0,1.0,0.00714,7.14,1.0
2026-03-05,site A,esportes,rodapé fixo,banner,celular,direto,3,3,3,0,0.0066,1,1,1,21.7,37.7,0,0.0,0.0,2.1999999999999997,1.0,1.0,0.0066,6.6,0.0
2026-03-05,site B,estilo de vida,lateral,banner,computador,orgânico,1,1,0,0,0.00646,1,1,1,56.5,59.4,0,0.0,0.0,6.46,1.0,0.0,0.00646,6.46,0.0
2026-03-05,site C,estilo de vida,rodapé fixo,banner,computador,referência,2,1,1,0,0.0062,1,1,1,41.6,33.5,0,0.0,0.0,6.2,0.5,1.0,0.0062,6.2,0.0
2026-03-05,site B,finanças,lateral,banner,computador,redes sociais,1,1,1,0,0.00593,1,1,1,54.3,84.5,1,1.0,0.0,5.930000000000001,1.0,1.0,0.00593,5.930000000000001,1.0
2026-03-05,site A,esportes,meio do artigo,banner,computador,orgânico,1,1,1,0,0.00518,1,1,1,23.0,73.6,1,0.0,0.0,5.18,1.0,1.0,0.00518,5.18,1.0
2026-03-05,site B,notícias,intersticial,mídia rica,computador,referência,1,1,1,0,0.0051,1,1,1,12.8,31.4,0,1.0,0.0,5.1000000000000005,1.0,1.0,0.0051,5.1000000000000005,0.0
2026-03-05,site B,estilo de vida,topo da página,banner,computador,orgânico,2,2,2,0,0.0049,1,1,1,6.0,61.4,0,1.0,0.0,2.4499999999999997,1.0,1.0,0.0049,4.8999999999999995,0.0
2026-03-05,site A,tecnologia,lateral,nativo,computador,redes sociais,1,1,0,0,0.00468,1,1,1,20.0,45.0,1,0.0,0.0,4.68,1.0,0.0,0.00468,4.68,1.0
2026-03-05,site B,notícias,lateral,vídeo,computador,orgânico,3,1,1,0,0.00447,1,1,1,12.7,87.0,1,0.0,0.0,4.47,0.3333333333333333,1.0,0.00447,4.47,1.0
2026-03-05,site B,estilo de vida,lateral,nativo,celular,newsletter,2,1,1,0,0.00446,1,1,1,47.6,41.1,0,0.0,0.0,4.460000000000001,0.5,1.0,0.00446,4.460000000000001,0.0
2026-03-05,site C,entretenimento,rodapé fixo,nativo,computador,newsletter,2,1,0,0,0.00442,1,1,1,58.4,74.5,0,1.0,0.0,4.42,0.5,0.0,0.00442,4.42,0.0
2026-03-05,site B,notícias,rodapé fixo,banner,celular,orgânico,4,2,2,0,0.00433,1,1,1,94.6,63.0,0,1.0,0.0,2.165,0.5,1.0,0.00433,4.33,0.0
2026-03-05,site B,tecnologia,topo da página,nativo,celular,orgânico,1,1,1,0,0.00414,1,1,1,84.8,45.3,0,1.0,0.0,4.14,1.0,1.0,0.00414,4.14,0.0
2026-03-05,site C,esportes,lateral,banner,celular,direto,4,3,1,0,0.00382,1,1,1,83.2,79.0,0,1.0,0.0,1.2733333333333332,0.75,0.3333333333333333,0.00382,3.82,0.0
2026-03-05,site A,estilo de vida,intersticial,mídia rica,celular,referência,4,2,2,0,0.00364,1,1,1,60.3,61.0,0,1.0,0.0,1.82,0.5,1.0,0.00364,3.64,0.0
2026-03-05,site A,estilo de vida,meio do artigo,nativo,computador,orgânico,5,1,1,0,0.00342,1,1,1,65.0,19.4,0,0.0,0.0,3.42,0.2,1.0,0.00342,3.42,0.0
2026-03-05,site B,esportes,rodapé fixo,nativo,celular,redes sociais,6,2,2,0,0.00295,1,1,1,80.0,54.1,0,0.0,0.0,1.4749999999999999,0.3333333333333333,1.0,0.00295,2.9499999999999997,0.0
2026-03-05,site B,tecnologia,rodapé fixo,nativo,tablet,orgânico,2,1,1,0,0.00277,1,1,1,8.7,34.8,0,0.0,0.0,2.77,0.5,1.0,0.00277,2.77,0.0
2026-03-05,site A,notícias,topo da página,banner,tablet,orgânico,2,1,1,0,0.00216,1,1,1,54.6,47.8,0,1.0,0.0,2.16,0.5,1.0,0.00216,2.16,0.0
2026-03-05,site B,estilo de vida,topo da página,vídeo,celular,direto,1,1,1,0,0.00205,1,1,1,82.5,87.6,1,1.0,0.0,2.0500000000000003,1.0,1.0,0.00205,2.0500000000000003,1.0
2026-03-05,site A,tecnologia,rodapé fixo,banner,computador,newsletter,2,2,2,0,0.00203,1,1,1,87.3,56.3,0,1.0,0.0,1.0150000000000001,1.0,1.0,0.00203,2.0300000000000002,0.0
2026-03-05,site A,tecnologia,topo da página,banner,celular,orgânico,3,1,1,0,0.00183,1,1,1,85.5,62.2,1,1.0,0.0,1.83,0.3333333333333333,1.0,0.00183,1.83,1.0
2026-03-05,site A,entretenimento,meio do artigo,banner,computador,newsletter,2,0,0,0,0.00176,1,1,1,119.2,39.4,1,1.0,0.0,0.0,0.0,0.0,0.00176,1.76,1.0
2026-03-05,site B,esportes,rodapé fixo,nativo,celular,referência,1,0,0,0,0.0017,1,1,1,41.1,62.5,0,0.0,0.0,0.0,0.0,0.0,0.0017,1.7,0.0
2026-03-05,site A,estilo de vida,lateral,banner,celular,orgânico,1,1,1,0,0.00146,1,1,1,49.0,31.2,0,0.0,0.0,1.46,1.0,1.0,0.00146,1.46,0.0
2026-03-05,site B,finanças,topo da página,banner,computador,referência,1,1,1,0,0.00134,1,1,1,17.4,59.9,0,0.0,0.0,1.34,1.0,1.0,0.00134,1.34,0.0
2026-03-05,site B,notícias,rodapé fixo,nativo,computador,direto,1,0,0,0,0.00109,1,1,1,14.8,52.9,0,0.0,0.0,0.0,0.0,0.0,0.00109,1.09,0.0
2026-03-05,site A,finanças,meio do artigo,nativo,celular,redes sociais,1,0,0,0,0.0,1,1,1,162.3,40.5,0,0.0,0.0,0.0,0.0,0.0,0.0,0.0,0.0
2026-03-05,site B,notícias,meio do artigo,banner,computador,orgânico,1,0,0,0,0.0,1,1,1,128.4,50.7,0,1.0,0.0,0.0,0.0,0.0,0.0,0.0,0.0
2026-03-06,site C,finanças,topo da página,nativo,computador,orgânico,6,5,3,0,0.07432,1,1,1,35.1,73.6,1,1.0,0.0,14.863999999999999,0.8333333333333334,0.6,0.07432,74.32,1.0
2026-03-06,site A,finanças,topo da página,banner,computador,orgânico,8,7,5,0,0.05023,2,2,2,40.0,74.15,0,0.0,0.0,7.175714285714285,0.875,0.7142857142857143,0.025115,25.115,0.0
2026-03-06,site A,tecnologia,meio do artigo,vídeo,computador,direto,6,4,1,0,0.04911,2,2,2,92.8,51.650000000000006,0,1.0,0.0,12.2775,0.6666666666666666,0.25,0.024555,24.555,0.0
2026-03-06,site B,tecnologia,topo da página,mídia rica,computador,direto,6,5,3,0,0.04849,1,1,1,59.2,41.0,1,1.0,0.0,9.697999999999999,0.8333333333333334,0.6,0.04849,48.489999999999995,1.0
2026-03-06,site A,estilo de vida,lateral,mídia rica,celular,redes sociais,6,6,3,0,0.04669,1,1,1,49.8,55.0,1,0.0,0.0,7.781666666666667,1.0,0.5,0.04669,46.690000000000005,1.0
2026-03-06,site B,entretenimento,rodapé fixo,vídeo,computador,direto,6,5,4,0,0.0454,1,1,1,66.8,63.6,1,1.0,0.0,9.080000000000002,0.8333333333333334,0.8,0.0454,45.400000000000006,1.0
2026-03-06,site C,estilo de vida,topo da página,vídeo,computador,redes sociais,5,5,3,0,0.04182,1,1,1,5.8,20.2,0,0.0,0.0,8.364,1.0,0.6,0.04182,41.82,0.0
2026-03-06,site B,esportes,lateral,vídeo,computador,orgânico,5,4,3,0,0.04105,1,1,1,28.7,42.6,0,1.0,0.0,10.262500000000001,0.8,0.75,0.04105,41.050000000000004,0.0
2026-03-06,site A,finanças,intersticial,vídeo,celular,orgânico,5,4,3,0,0.04056,1,1,1,88.6,40.8,0,1.0,0.0,10.14,0.8,0.75,0.04056,40.56,0.0
2026-03-06,site B,esportes,meio do artigo,vídeo,celular,redes sociais,6,6,4,1,0.03465,1,1,1,155.2,48.8,0,0.0,0.16666666666666666,5.7749999999999995,1.0,0.6666666666666666,0.03465,34.65,0.0
2026-03-06,site A,estilo de vida,meio do artigo,vídeo,computador,referência,4,4,2,0,0.03463,1,1,1,5.8,64.9,1,1.0,0.0,8.6575,1.0,0.5,0.03463,34.63,1.0
2026-03-06,site A,esportes,rodapé fixo,banner,computador,direto,6,4,3,0,0.03403,1,1,1,62.0,38.9,1,1.0,0.0,8.5075,0.6666666666666666,0.75,0.03403,34.03,1.0
2026-03-06,site B,esportes,topo da página,mídia rica,computador,direto,6,6,4,0,0.03386,1,1,1,103.0,59.4,0,1.0,0.0,5.6433333333333335,1.0,0.6666666666666666,0.03386,33.86,0.0
2026-03-06,site B,esportes,meio do artigo,nativo,tablet,redes sociais,6,5,5,0,0.03267,1,1,1,10.4,80.8,0,1.0,0.0,6.533999999999999,0.8333333333333334,1.0,0.03267,32.669999999999995,0.0
2026-03-06,site B,esportes,rodapé fixo,nativo,computador,orgânico,9,5,2,1,0.03182,2,2,2,77.65,36.1,2,0.0,0.2,6.364,0.5555555555555556,0.4,0.01591,15.91,1.0
2026-03-06,site B,esportes,meio do artigo,nativo,celular,redes sociais,5,5,2,0,0.03048,1,1,1,37.9,53.1,0,0.0,0.0,6.096,1.0,0.4,0.03048,30.48,0.0
2026-03-06,site B,notícias,intersticial,mídia rica,tablet,orgânico,6,4,4,0,0.03029,1,1,1,11.4,64.8,0,0.0,0.0,7.572500000000001,0.6666666666666666,1.0,0.03029,30.290000000000003,0.0
2026-03-06,site A,finanças,rodapé fixo,banner,celular,direto,5,5,2,0,0.03003,1,1,1,78.1,100.0,0,1.0,0.0,6.006,1.0,0.4,0.03003,30.03,0.0
2026-03-06,site A,entretenimento,lateral,mídia rica,computador,direto,5,4,2,0,0.02598,1,1,1,31.4,83.7,0,1.0,0.0,6.495,0.8,0.5,0.02598,25.98,0.0
2026-03-06,site A,finanças,meio do artigo,nativo,celular,redes sociais,5,4,2,0,0.02514,1,1,1,103.9,62.6,0,1.0,0.0,6.285,0.8,0.5,0.02514,25.14,0.0
2026-03-06,site B,tecnologia,meio do artigo,nativo,computador,newsletter,4,4,2,1,0.02437,1,1,1,120.1,59.0,1,1.0,0.25,6.0925,1.0,0.5,0.02437,24.37,1.0
2026-03-06,site A,estilo de vida,intersticial,nativo,computador,referência,6,4,3,0,0.02423,1,1,1,88.8,59.0,0,1.0,0.0,6.0575,0.6666666666666666,0.75,0.02423,24.23,0.0
2026-03-06,site B,tecnologia,meio do artigo,vídeo,tablet,direto,5,4,1,0,0.02363,1,1,1,31.5,88.2,1,0.0,0.0,5.907500000000001,0.8,0.25,0.02363,23.630000000000003,1.0
2026-03-06,site C,finanças,rodapé fixo,mídia rica,tablet,redes sociais,3,3,3,0,0.02099,1,1,1,16.5,54.7,1,0.0,0.0,6.996666666666667,1.0,1.0,0.02099,20.990000000000002,1.0
2026-03-06,site A,estilo de vida,lateral,vídeo,computador,redes sociais,6,4,2,0,0.0209,1,1,1,12.1,52.1,0,0.0,0.0,5.225,0.6666666666666666,0.5,0.0209,20.9,0.0
2026-03-06,site A,esportes,meio do artigo,banner,computador,redes sociais,5,4,1,0,0.02073,1,1,1,123.4,46.3,1,1.0,0.0,5.182499999999999,0.8,0.25,0.02073,20.729999999999997,1.0
2026-03-06,site C,notícias,topo da página,banner,celular,redes sociais,6,6,3,0,0.01962,1,1,1,110.7,30.1,0,1.0,0.0,3.2699999999999996,1.0,0.5,0.01962,19.619999999999997,0.0
2026-03-06,site B,notícias,intersticial,banner,celular,direto,6,5,5,0,0.01939,1,1,1,81.5,51.4,0,0.0,0.0,3.878,0.8333333333333334,1.0,0.01939,19.39,0.0
2026-03-06,site A,notícias,lateral,banner,computador,orgânico,4,3,2,0,0.01918,1,1,1,38.4,86.2,0,0.0,0.0,6.3933333333333335,0.75,0.6666666666666666,0.01918,19.18,0.0
2026-03-06,site C,estilo de vida,meio do artigo,vídeo,computador,referência,5,4,2,0,0.01873,1,1,1,58.2,60.4,0,0.0,0.0,4.6825,0.8,0.5,0.01873,18.73,0.0
2026-03-06,site A,esportes,lateral,banner,computador,referência,6,4,3,0,0.01859,1,1,1,38.7,94.2,0,0.0,0.0,4.6475,0.6666666666666666,0.75,0.01859,18.59,0.0
2026-03-06,site B,finanças,topo da página,banner,computador,orgânico,4,4,2,0,0.01853,1,1,1,148.0,20.7,1,1.0,0.0,4.6325,1.0,0.5,0.01853,18.53,1.0
2026-03-06,site B,notícias,intersticial,mídia rica,computador,redes sociais,3,2,1,0,0.01825,1,1,1,143.3,56.0,0,0.0,0.0,9.125,0.6666666666666666,0.5,0.01825,18.25,0.0
2026-03-06,site A,notícias,meio do artigo,banner,computador,redes sociais,5,4,3,0,0.01809,1,1,1,71.0,92.0,0,0.0,0.0,4.5225,0.8,0.75,0.01809,18.09,0.0
2026-03-06,site A,tecnologia,lateral,banner,computador,referência,3,3,1,0,0.01778,1,1,1,79.4,42.1,1,0.0,0.0,5.926666666666667,1.0,0.3333333333333333,0.01778,17.78,1.0
2026-03-06,site B,esportes,topo da página,nativo,celular,referência,4,4,4,0,0.0173,1,1,1,44.1,46.9,0,0.0,0.0,4.325,1.0,1.0,0.0173,17.3,0.0
2026-03-06,site C,entretenimento,topo da página,banner,computador,newsletter,6,6,5,0,0.01657,1,1,1,45.4,62.2,0,1.0,0.0,2.7616666666666667,1.0,0.8333333333333334,0.01657,16.57,0.0
2026-03-06,site B,tecnologia,topo da página,banner,computador,newsletter,3,2,2,0,0.01653,1,1,1,38.4,52.0,1,0.0,0.0,8.265,0.6666666666666666,1.0,0.01653,16.53,1.0
2026-03-06,site B,esportes,lateral,banner,tablet,redes sociais,5,4,1,0,0.01618,1,1,1,105.7,47.4,1,0.0,0.0,4.045,0.8,0.25,0.01618,16.18,1.0
2026-03-06,site A,estilo de vida,intersticial,mídia rica,computador,orgânico,4,2,1,0,0.01604,1,1,1,109.3,50.2,0,0.0,0.0,8.02,0.5,0.5,0.01604,16.04,0.0
2026-03-06,site A,finanças,lateral,nativo,computador,orgânico,2,2,1,0,0.01563,1,1,1,31.7,69.8,0,1.0,0.0,7.815,1.0,0.5,0.01563,15.63,0.0
2026-03-06,site A,estilo de vida,rodapé fixo,mídia rica,computador,orgânico,4,3,3,0,0.01526,2,2,2,70.35,70.3,1,0.0,0.0,5.086666666666667,0.75,1.0,0.00763,7.63,0.5
2026-03-06,site B,tecnologia,rodapé fixo,vídeo,tablet,orgânico,5,2,2,0,0.01515,1,1,1,103.0,61.2,0,0.0,0.0,7.575,0.4,1.0,0.01515,15.15,0.0
2026-03-06,site C,finanças,meio do artigo,banner,computador,orgânico,6,5,0,0,0.01457,2,2,2,46.1,80.95,2,0.0,0.0,2.914,0.8333333333333334,0.0,0.007285,7.285,1.0
2026-03-06,site B,esportes,meio do artigo,banner,celular,orgânico,4,4,3,0,0.01416,1,1,1,47.2,59.4,1,0.0,0.0,3.54,1.0,0.75,0.01416,14.16,1.0
2026-03-06,site A,notícias,meio do artigo,banner,celular,orgânico,6,5,4,0,0.01374,1,1,1,43.7,61.6,0,0.0,0.0,2.748,0.8333333333333334,0.8,0.01374,13.74,0.0
2026-03-06,site B,estilo de vida,rodapé fixo,banner,tablet,redes sociais,5,3,3,0,0.01354,1,1,1,5.9,82.3,0,0.0,0.0,4.513333333333333,0.6,1.0,0.01354,13.54,0.0
2026-03-06,site B,tecnologia,topo da página,banner,celular,direto,5,3,3,0,0.01268,1,1,1,30.8,73.5,0,0.0,0.0,4.226666666666667,0.6,1.0,0.01268,12.68,0.0
2026-03-06,site C,notícias,intersticial,nativo,celular,orgânico,6,3,2,0,0.01197,1,1,1,83.0,54.5,1,0.0,0.0,3.9899999999999998,0.5,0.6666666666666666,0.01197,11.969999999999999,1.0
2026-03-06,site C,estilo de vida,topo da página,banner,celular,referência,4,2,1,0,0.01172,1,1,1,20.0,70.3,1,0.0,0.0,5.859999999999999,0.5,0.5,0.01172,11.719999999999999,1.0
2026-03-06,site B,notícias,lateral,banner,tablet,orgânico,4,3,3,0,0.0117,1,1,1,128.8,80.8,0,0.0,0.0,3.9000000000000004,0.75,1.0,0.0117,11.700000000000001,0.0
2026-03-06,site A,notícias,topo da página,banner,computador,newsletter,5,3,3,0,0.01136,1,1,1,99.4,67.1,0,1.0,0.0,3.7866666666666666,0.6,1.0,0.01136,11.36,0.0
2026-03-06,site C,tecnologia,topo da página,banner,celular,orgânico,4,3,1,0,0.01127,1,1,1,143.3,51.7,1,0.0,0.0,3.7566666666666673,0.75,0.3333333333333333,0.01127,11.270000000000001,1.0
2026-03-06,site B,tecnologia,meio do artigo,nativo,celular,referência,3,3,3,0,0.01115,1,1,1,12.4,35.4,0,0.0,0.0,3.716666666666667,1.0,1.0,0.01115,11.15,0.0
2026-03-06,site A,notícias,topo da página,nativo,computador,redes sociais,5,4,2,0,0.01103,1,1,1,110.0,54.8,1,1.0,0.0,2.7575,0.8,0.5,0.01103,11.03,1.0
2026-03-06,site B,esportes,lateral,vídeo,computador,direto,1,1,1,0,0.01032,1,1,1,104.9,58.6,0,0.0,0.0,10.319999999999999,1.0,1.0,0.01032,10.319999999999999,0.0
2026-03-06,site B,notícias,topo da página,banner,computador,orgânico,3,2,0,1,0.01029,1,1,1,21.1,28.0,1,0.0,0.5,5.1450000000000005,0.6666666666666666,0.0,0.01029,10.290000000000001,1.0
2026-03-06,site A,tecnologia,topo da página,banner,computador,direto,1,1,0,0,0.01008,1,1,1,15.4,19.9,1,0.0,0.0,10.08,1.0,0.0,0.01008,10.08,1.0
2026-03-06,site B,esportes,topo da página,banner,celular,orgânico,2,2,1,0,0.01005,2,2,2,23.400000000000002,71.55000000000001,1,1.0,0.0,5.025,1.0,0.5,0.005025,5.025,0.5
2026-03-06,site B,estilo de vida,lateral,banner,computador,orgânico,3,3,1,0,0.01005,1,1,1,27.4,46.1,1,0.0,0.0,3.35,1.0,0.3333333333333333,0.01005,10.05,1.0
2026-03-06,site B,entretenimento,topo da página,banner,computador,newsletter,5,2,2,0,0.00993,1,1,1,53.6,46.6,0,0.0,0.0,4.965,0.4,1.0,0.00993,9.93,0.0
2026-03-06,site B,esportes,meio do artigo,banner,celular,referência,3,3,1,0,0.00989,1,1,1,119.7,28.6,1,1.0,0.0,3.2966666666666664,1.0,0.3333333333333333,0.00989,9.889999999999999,1.0
2026-03-06,site A,notícias,rodapé fixo,banner,celular,referência,4,2,2,0,0.0094,1,1,1,67.1,57.9,0,0.0,0.0,4.7,0.5,1.0,0.0094,9.4,0.0
2026-03-06,site A,notícias,rodapé fixo,banner,celular,redes sociais,6,3,2,0,0.0091,1,1,1,17.3,73.1,0,0.0,0.0,3.033333333333333,0.5,0.6666666666666666,0.0091,9.1,0.0
2026-03-06,site A,notícias,meio do artigo,nativo,tablet,redes sociais,4,2,0,1,0.00853,1,1,1,35.8,59.4,0,0.0,0.5,4.265,0.5,0.0,0.00853,8.53,0.0
2026-03-06,site A,estilo de vida,rodapé fixo,banner,computador,referência,3,3,3,0,0.00841,1,1,1,29.6,37.4,0,0.0,0.0,2.8033333333333332,1.0,1.0,0.00841,8.41,0.0
2026-03-06,site C,notícias,lateral,nativo,celular,orgânico,4,4,1,0,0.00833,1,1,1,26.1,82.5,1,0.0,0.0,2.0825,1.0,0.25,0.00833,8.33,1.0
2026-03-06,site C,esportes,meio do artigo,mídia rica,celular,direto,2,1,0,0,0.00782,1,1,1,51.5,48.5,1,0.0,0.0,7.82,0.5,0.0,0.00782,7.82,1.0
2026-03-06,site C,notícias,rodapé fixo,banner,celular,redes sociais,1,1,1,0,0.00769,1,1,1,12.9,58.2,1,0.0,0.0,7.6899999999999995,1.0,1.0,0.00769,7.6899999999999995,1.0
2026-03-06,site B,esportes,topo da página,mídia rica,computador,referência,3,2,0,0,0.00761,1,1,1,16.3,67.2,0,1.0,0.0,3.8049999999999997,0.6666666666666666,0.0,0.00761,7.609999999999999,0.0
2026-03-06,site A,notícias,lateral,banner,celular,orgânico,1,1,1,0,0.0075,1,1,1,16.9,65.4,1,1.0,0.0,7.5,1.0,1.0,0.0075,7.5,1.0
2026-03-06,site B,notícias,rodapé fixo,mídia rica,celular,direto,2,2,2,0,0.00733,1,1,1,33.1,45.4,0,1.0,0.0,3.665,1.0,1.0,0.00733,7.33,0.0
2026-03-06,site C,tecnologia,rodapé fixo,banner,celular,orgânico,4,3,1,0,0.0072,1,1,1,28.7,72.8,0,1.0,0.0,2.4,0.75,0.3333333333333333,0.0072,7.2,0.0
2026-03-06,site B,tecnologia,rodapé fixo,vídeo,celular,referência,5,3,1,0,0.00708,1,1,1,221.2,73.5,0,0.0,0.0,2.36,0.6,0.3333333333333333,0.00708,7.08,0.0
2026-03-06,site B,tecnologia,lateral,nativo,celular,redes sociais,3,2,2,0,0.00653,1,1,1,50.9,43.9,1,0.0,0.0,3.265,0.6666666666666666,1.0,0.00653,6.53,1.0
2026-03-06,site B,finanças,topo da página,mídia rica,celular,referência,2,2,0,0,0.00652,1,1,1,92.4,90.3,0,0.0,0.0,3.26,1.0,0.0,0.00652,6.52,0.0
2026-03-06,site B,entretenimento,lateral,mídia rica,celular,newsletter,2,1,0,0,0.00623,1,1,1,46.0,53.8,0,0.0,0.0,6.23,0.5,0.0,0.00623,6.23,0.0
2026-03-06,site B,estilo de vida,rodapé fixo,nativo,tablet,orgânico,2,2,2,0,0.00619,1,1,1,222.4,45.3,0,0.0,0.0,3.095,1.0,1.0,0.00619,6.19,0.0
2026-03-06,site C,esportes,intersticial,banner,celular,newsletter,5,3,1,0,0.00615,1,1,1,23.3,69.9,1,0.0,0.0,2.0500000000000003,0.6,0.3333333333333333,0.00615,6.15,1.0
2026-03-06,site B,entretenimento,meio do artigo,nativo,computador,direto,3,2,2,0,0.00596,1,1,1,29.1,30.2,0,1.0,0.0,2.98,0.6666666666666666,1.0,0.00596,5.96,0.0
2026-03-06,site B,notícias,lateral,vídeo,celular,orgânico,3,2,2,1,0.00531,1,1,1,38.7,27.0,1,1.0,0.5,2.655,0.6666666666666666,1.0,0.00531,5.31,1.0
2026-03-06,site B,tecnologia,topo da página,nativo,computador,direto,4,3,2,0,0.00529,1,1,1,29.8,64.0,1,1.0,0.0,1.7633333333333334,0.75,0.6666666666666666,0.00529,5.29,1.0
2026-03-06,site B,notícias,meio do artigo,banner,celular,orgânico,1,1,1,0,0.00519,1,1,1,55.3,20.6,1,0.0,0.0,5.19,1.0,1.0,0.00519,5.19,1.0
2026-03-06,site B,notícias,topo da página,vídeo,celular,orgânico,1,1,1,0,0.00503,1,1,1,44.0,24.5,0,0.0,0.0,5.029999999999999,1.0,1.0,0.00503,5.029999999999999,0.0
2026-03-06,site C,esportes,topo da página,banner,computador,referência,1,1,1,0,0.00479,1,1,1,48.8,62.2,0,0.0,0.0,4.79,1.0,1.0,0.00479,4.79,0.0
2026-03-06,site A,tecnologia,meio do artigo,nativo,computador,newsletter,1,1,1,0,0.0041,1,1,1,80.0,44.0,0,0.0,0.0,4.1000000000000005,1.0,1.0,0.0041,4.1000000000000005,0.0
2026-03-06,site A,finanças,rodapé fixo,banner,computador,referência,1,1,1,0,0.00398,1,1,1,90.4,37.4,0,0.0,0.0,3.98,1.0,1.0,0.00398,3.98,0.0
2026-03-06,site B,estilo de vida,meio do artigo,banner,celular,direto,3,2,2,0,0.00383,1,1,1,27.8,41.7,1,0.0,0.0,1.915,0.6666666666666666,1.0,0.00383,3.83,1.0
2026-03-06,site A,esportes,topo da página,mídia rica,celular,orgânico,1,1,1,0,0.00358,1,1,1,107.3,85.1,0,1.0,0.0,3.58,1.0,1.0,0.00358,3.58,0.0
2026-03-06,site B,entretenimento,topo da página,banner,celular,redes sociais,2,0,0,0,0.0035,1,1,1,117.0,45.1,1,0.0,0.0,0.0,0.0,0.0,0.0035,3.5,1.0
2026-03-06,site B,entretenimento,rodapé fixo,mídia rica,tablet,referência,1,1,1,0,0.00328,1,1,1,63.1,64.6,1,1.0,0.0,3.28,1.0,1.0,0.00328,3.28,1.0
2026-03-06,site B,notícias,topo da página,nativo,computador,orgânico,1,0,0,0,0.00299,1,1,1,51.4,67.1,0,0.0,0.0,0.0,0.0,0.0,0.00299,2.99,0.0
2026-03-06,site C,entretenimento,meio do artigo,banner,tablet,newsletter,3,2,2,0,0.00296,1,1,1,143.1,58.3,0,0.0,0.0,1.48,0.6666666666666666,1.0,0.00296,2.96,0.0
2026-03-06,site C,estilo de vida,meio do artigo,banner,computador,orgânico,3,1,0,0,0.00265,1,1,1,7.2,22.7,1,0.0,0.0,2.65,0.3333333333333333,0.0,0.00265,2.65,1.0
2026-03-06,site B,estilo de vida,intersticial,banner,computador,referência,1,1,1,0,0.00238,1,1,1,123.9,99.3,1,0.0,0.0,2.3800000000000003,1.0,1.0,0.00238,2.3800000000000003,1.0
2026-03-06,site C,tecnologia,rodapé fixo,nativo,celular,direto,3,2,1,0,0.00236,1,1,1,34.1,36.4,0,0.0,0.0,1.1800000000000002,0.6666666666666666,0.5,0.00236,2.3600000000000003,0.0
2026-03-06,site B,entretenimento,topo da página,banner,computador,direto,1,1,0,0,0.00227,1,1,1,20.0,69.8,1,1.0,0.0,2.27,1.0,0.0,0.00227,2.27,1.0
2026-03-06,site C,finanças,lateral,banner,celular,direto,1,1,0,0,0.00225,1,1,1,41.1,25.9,0,1.0,0.0,2.25,1.0,0.0,0.00225,2.25,0.0
2026-03-06,site A,estilo de vida,lateral,banner,tablet,orgânico,1,1,0,0,0.00198,1,1,1,80.7,73.4,0,1.0,0.0,1.98,1.0,0.0,0.00198,1.98,0.0
2026-03-06,site A,entretenimento,meio do artigo,banner,computador,redes sociais,4,2,2,0,0.00183,1,1,1,8.6,70.1,0,0.0,0.0,0.915,0.5,1.0,0.00183,1.83,0.0
2026-03-06,site A,entretenimento,rodapé fixo,banner,computador,direto,4,2,1,0,0.00144,1,1,1,52.9,44.1,0,0.0,0.0,0.7200000000000001,0.5,0.5,0.00144,1.4400000000000002,0.0
2026-03-06,site C,estilo de vida,meio do artigo,banner,computador,direto,1,1,1,0,0.00099,1,1,1,91.6,50.4,0,0.0,0.0,0.99,1.0,1.0,0.00099,0.99,0.0
2026-03-06,site A,esportes,topo da página,nativo,celular,orgânico,1,1,0,0,0.0,1,1,1,64.5,52.6,0,0.0,0.0,0.0,1.0,0.0,0.0,0.0,0.0
2026-03-06,site A,finanças,lateral,vídeo,tablet,referência,1,0,0,0,0.0,1,1,1,25.9,74.0,1,0.0,0.0,0.0,0.0,0.0,0.0,0.0,1.0
2026-03-06,site A,tecnologia,rodapé fixo,mídia rica,computador,orgânico,1,0,0,0,0.0,1,1,1,140.5,57.4,0,0.0,0.0,0.0,0.0,0.0,0.0,0.0,0.0
2026-03-06,site B,esportes,meio do artigo,vídeo,tablet,orgânico,2,0,0,0,0.0,1,1,1,47.6,63.3,1,1.0,0.0,0.0,0.0,0.0,0.0,0.0,1.0
2026-03-06,site C,notícias,topo da página,banner,computador,orgânico,1,0,0,0,0.0,1,1,1,59.2,86.3,0,0.0,0.0,0.0,0.0,0.0,0.0,0.0,0.0
2026-03-07,site B,tecnologia,meio do artigo,vídeo,tablet,direto,5,4,3,0,0.05934,1,1,1,98.7,69.9,0,0.0,0.0,14.834999999999999,0.8,0.75,0.05934,59.339999999999996,0.0
2026-03-07,site A,finanças,lateral,banner,computador,orgânico,5,5,3,0,0.03957,1,1,1,68.5,93.4,0,0.0,0.0,7.914,1.0,0.6,0.03957,39.57,0.0
2026-03-07,site B,estilo de vida,rodapé fixo,vídeo,computador,redes sociais,4,4,3,0,0.0368,1,1,1,67.2,49.3,1,1.0,0.0,9.2,1.0,0.75,0.0368,36.8,1.0
2026-03-07,site A,finanças,meio do artigo,vídeo,celular,redes sociais,4,4,4,0,0.03654,1,1,1,32.4,52.1,0,0.0,0.0,9.135000000000002,1.0,1.0,0.03654,36.540000000000006,0.0
2026-03-07,site C,tecnologia,topo da página,banner,celular,orgânico,5,5,2,0,0.03627,1,1,1,105.8,58.0,0,0.0,0.0,7.254,1.0,0.4,0.03627,36.269999999999996,0.0
2026-03-07,site A,tecnologia,intersticial,nativo,computador,orgânico,4,4,2,0,0.03449,1,1,1,50.9,41.7,0,0.0,0.0,8.6225,1.0,0.5,0.03449,34.49,0.0
2026-03-07,site C,estilo de vida,meio do artigo,vídeo,computador,orgânico,5,5,4,0,0.03436,1,1,1,32.9,44.9,0,0.0,0.0,6.872,1.0,0.8,0.03436,34.36,0.0
2026-03-07,site A,finanças,meio do artigo,vídeo,computador,orgânico,1,1,1,0,0.03209,1,1,1,33.3,73.0,1,0.0,0.0,32.09,1.0,1.0,0.03209,32.09,1.0
2026-03-07,site C,entretenimento,topo da página,banner,computador,redes sociais,6,5,5,0,0.03119,1,1,1,143.6,70.3,1,0.0,0.0,6.2379999999999995,0.8333333333333334,1.0,0.03119,31.189999999999998,1.0
2026-03-07,site B,notícias,meio do artigo,mídia rica,celular,orgânico,3,3,2,0,0.03115,1,1,1,52.1,47.4,1,0.0,0.0,10.383333333333335,1.0,0.6666666666666666,0.03115,31.150000000000002,1.0
2026-03-07,site B,estilo de vida,meio do artigo,nativo,celular,orgânico,4,4,1,0,0.029,1,1,1,24.1,42.9,0,0.0,0.0,7.25,1.0,0.25,0.029,29.0,0.0
2026-03-07,site A,notícias,lateral,nativo,computador,referência,6,5,1,0,0.02802,1,1,1,86.0,74.2,0,1.0,0.0,5.604,0.8333333333333334,0.2,0.02802,28.02,0.0
2026-03-07,site B,esportes,topo da página,mídia rica,computador,orgânico,3,3,2,0,0.02726,1,1,1,81.6,38.9,1,0.0,0.0,9.086666666666666,1.0,0.6666666666666666,0.02726,27.259999999999998,1.0
2026-03-07,site B,finanças,meio do artigo,nativo,computador,direto,2,2,2,0,0.02683,1,1,1,73.3,62.3,0,0.0,0.0,13.415,1.0,1.0,0.02683,26.83,0.0
2026-03-07,site A,notícias,meio do artigo,nativo,computador,redes sociais,5,5,2,0,0.0267,1,1,1,115.5,96.1,0,1.0,0.0,5.340000000000001,1.0,0.4,0.0267,26.700000000000003,0.0
2026-03-07,site A,finanças,topo da página,banner,computador,orgânico,5,4,2,0,0.02588,1,1,1,40.4,65.4,1,1.0,0.0,6.47,0.8,0.5,0.02588,25.88,1.0
2026-03-07,site B,notícias,rodapé fixo,banner,computador,redes sociais,5,5,5,0,0.02504,1,1,1,34.0,63.4,0,1.0,0.0,5.008,1.0,1.0,0.02504,25.04,0.0
2026-03-07,site C,tecnologia,meio do artigo,mídia rica,computador,orgânico,6,3,2,0,0.02504,1,1,1,38.8,62.1,1,0.0,0.0,8.346666666666666,0.5,0.6666666666666666,0.02504,25.04,1.0
2026-03-07,site A,tecnologia,meio do artigo,banner,computador,referência,6,4,1,0,0.0243,1,1,1,20.8,54.6,0,0.0,0.0,6.074999999999999,0.6666666666666666,0.25,0.0243,24.299999999999997,0.0
2026-03-07,site A,tecnologia,rodapé fixo,banner,computador,redes sociais,3,3,3,0,0.0241,1,1,1,35.0,71.4,0,1.0,0.0,8.033333333333333,1.0,1.0,0.0241,24.1,0.0
2026-03-07,site C,notícias,topo da página,mídia rica,celular,redes sociais,2,2,0,0,0.02404,1,1,1,38.1,95.9,1,1.0,0.0,12.02,1.0,0.0,0.02404,24.04,1.0
2026-03-07,site A,tecnologia,meio do artigo,banner,computador,orgânico,6,5,3,0,0.02394,1,1,1,81.1,28.3,1,1.0,0.0,4.787999999999999,0.8333333333333334,0.6,0.02394,23.939999999999998,1.0
2026-03-07,site A,esportes,lateral,nativo,computador,orgânico,5,5,0,0,0.02383,1,1,1,84.7,58.9,0,1.0,0.0,4.766,1.0,0.0,0.02383,23.830000000000002,0.0
2026-03-07,site A,estilo de vida,meio do artigo,vídeo,computador,orgânico,4,3,3,0,0.02364,1,1,1,22.0,15.0,1,0.0,0.0,7.88,0.75,1.0,0.02364,23.64,1.0
2026-03-07,site B,finanças,topo da página,banner,computador,direto,6,4,3,0,0.02328,1,1,1,22.9,31.9,0,1.0,0.0,5.819999999999999,0.6666666666666666,0.75,0.02328,23.279999999999998,0.0
2026-03-07,site A,finanças,meio do artigo,vídeo,celular,direto,4,3,2,0,0.02321,1,1,1,121.9,78.1,1,1.0,0.0,7.736666666666667,0.75,0.6666666666666666,0.02321,23.21,1.0
2026-03-07,site C,esportes,meio do artigo,nativo,celular,orgânico,6,3,1,0,0.02309,1,1,1,32.4,33.3,1,0.0,0.0,7.696666666666666,0.5,0.3333333333333333,0.02309,23.09,1.0
2026-03-07,site B,estilo de vida,rodapé fixo,vídeo,celular,direto,5,4,3,0,0.02294,1,1,1,89.8,37.3,0,0.0,0.0,5.734999999999999,0.8,0.75,0.02294,22.939999999999998,0.0
2026-03-07,site A,finanças,topo da página,nativo,computador,referência,5,5,3,0,0.02061,1,1,1,45.3,92.4,1,1.0,0.0,4.122,1.0,0.6,0.02061,20.61,1.0
2026-03-07,site B,entretenimento,meio do artigo,banner,computador,redes sociais,4,4,2,0,0.01985,1,1,1,111.4,58.2,1,0.0,0.0,4.9624999999999995,1.0,0.5,0.01985,19.849999999999998,1.0
2026-03-07,site A,finanças,rodapé fixo,banner,celular,orgânico,3,3,2,1,0.01909,1,1,1,3.0,85.1,0,0.0,0.3333333333333333,6.363333333333333,1.0,0.6666666666666666,0.01909,19.09,0.0
2026-03-07,site B,estilo de vida,meio do artigo,vídeo,computador,direto,4,2,1,0,0.01877,1,1,1,56.5,85.6,0,0.0,0.0,9.385,0.5,0.5,0.01877,18.77,0.0
2026-03-07,site B,esportes,meio do artigo,banner,celular,orgânico,3,3,1,0,0.01777,1,1,1,22.7,33.6,0,1.0,0.0,5.923333333333333,1.0,0.3333333333333333,0.01777,17.77,0.0
2026-03-07,site B,esportes,meio do artigo,vídeo,computador,orgânico,2,2,2,0,0.0168,1,1,1,9.9,42.7,0,1.0,0.0,8.4,1.0,1.0,0.0168,16.8,0.0
2026-03-07,site C,notícias,meio do artigo,banner,celular,orgânico,5,5,4,0,0.01657,1,1,1,78.3,45.0,0,0.0,0.0,3.314,1.0,0.8,0.01657,16.57,0.0
2026-03-07,site C,entretenimento,lateral,mídia rica,celular,orgânico,3,3,2,0,0.01635,1,1,1,23.9,70.9,0,0.0,0.0,5.45,1.0,0.6666666666666666,0.01635,16.35,0.0
2026-03-07,site A,esportes,rodapé fixo,nativo,celular,orgânico,3,3,1,0,0.01632,1,1,1,38.8,33.4,0,0.0,0.0,5.44,1.0,0.3333333333333333,0.01632,16.32,0.0
2026-03-07,site B,notícias,intersticial,vídeo,celular,redes sociais,2,2,0,0,0.01617,1,1,1,154.8,74.1,0,0.0,0.0,8.085,1.0,0.0,0.01617,16.17,0.0
2026-03-07,site B,estilo de vida,meio do artigo,vídeo,computador,redes sociais,6,5,3,1,0.01573,1,1,1,104.9,83.7,0,0.0,0.2,3.146,0.8333333333333334,0.6,0.01573,15.73,0.0
2026-03-07,site B,finanças,intersticial,banner,computador,newsletter,5,3,1,0,0.0155,1,1,1,39.5,62.1,0,0.0,0.0,5.166666666666667,0.6,0.3333333333333333,0.0155,15.5,0.0
2026-03-07,site B,esportes,topo da página,nativo,celular,direto,4,3,1,0,0.01522,1,1,1,20.8,45.5,0,0.0,0.0,5.073333333333333,0.75,0.3333333333333333,0.01522,15.219999999999999,0.0
2026-03-07,site A,finanças,rodapé fixo,nativo,computador,redes sociais,2,2,2,0,0.01493,1,1,1,182.5,67.2,1,1.0,0.0,7.465,1.0,1.0,0.01493,14.93,1.0
2026-03-07,site A,notícias,rodapé fixo,banner,celular,referência,6,5,3,0,0.01326,1,1,1,27.4,70.9,1,0.0,0.0,2.652,0.8333333333333334,0.6,0.01326,13.26,1.0
2026-03-07,site B,entretenimento,lateral,banner,computador,orgânico,5,4,1,0,0.01288,1,1,1,15.5,60.3,0,0.0,0.0,3.22,0.8,0.25,0.01288,12.88,0.0
2026-03-07,site B,entretenimento,meio do artigo,banner,computador,orgânico,4,4,3,0,0.01252,1,1,1,39.9,47.5,0,1.0,0.0,3.13,1.0,0.75,0.01252,12.52,0.0
2026-03-07,site B,estilo de vida,rodapé fixo,nativo,computador,newsletter,4,2,2,1,0.01215,1,1,1,82.3,73.3,0,0.0,0.5,6.074999999999999,0.5,1.0,0.01215,12.149999999999999,0.0
2026-03-07,site C,estilo de vida,meio do artigo,banner,computador,orgânico,6,3,1,0,0.01168,1,1,1,10.4,100.0,0,0.0,0.0,3.893333333333333,0.5,0.3333333333333333,0.01168,11.68,0.0
2026-03-07,site A,estilo de vida,meio do artigo,nativo,celular,orgânico,3,3,2,0,0.01131,2,2,2,36.0,34.5,1,0.5,0.0,3.77,1.0,0.6666666666666666,0.005655,5.655,0.5
2026-03-07,site A,tecnologia,meio do artigo,vídeo,celular,direto,2,2,1,0,0.01104,1,1,1,81.8,80.7,1,0.0,0.0,5.52,1.0,0.5,0.01104,11.04,1.0
2026-03-07,site A,entretenimento,meio do artigo,nativo,computador,referência,5,5,3,0,0.0102,1,1,1,88.3,57.8,1,0.0,0.0,2.04,1.0,0.6,0.0102,10.200000000000001,1.0
2026-03-07,site B,notícias,meio do artigo,banner,computador,orgânico,2,2,2,0,0.0101,1,1,1,39.8,82.5,0,0.0,0.0,5.05,1.0,1.0,0.0101,10.1,0.0
2026-03-07,site C,esportes,rodapé fixo,banner,celular,redes sociais,6,3,3,0,0.01008,1,1,1,25.1,39.5,1,0.0,0.0,3.36,0.5,1.0,0.01008,10.08,1.0
2026-03-07,site C,estilo de vida,topo da página,banner,computador,orgânico,5,3,2,0,0.01001,1,1,1,18.1,52.8,0,0.0,0.0,3.3366666666666664,0.6,0.6666666666666666,0.01001,10.01,0.0
2026-03-07,site B,notícias,lateral,vídeo,celular,direto,3,3,1,0,0.00998,1,1,1,50.2,62.2,1,1.0,0.0,3.326666666666666,1.0,0.3333333333333333,0.00998,9.979999999999999,1.0
2026-03-07,site B,estilo de vida,lateral,banner,computador,redes sociais,3,2,1,0,0.00987,1,1,1,77.2,44.6,0,0.0,0.0,4.9350000000000005,0.6666666666666666,0.5,0.00987,9.870000000000001,0.0
2026-03-07,site A,finanças,meio do artigo,nativo,celular,referência,1,1,0,0,0.00985,1,1,1,58.1,93.4,0,0.0,0.0,9.85,1.0,0.0,0.00985,9.85,0.0
2026-03-07,site C,estilo de vida,meio do artigo,nativo,computador,direto,2,2,1,0,0.0098,1,1,1,74.1,68.5,0,0.0,0.0,4.8999999999999995,1.0,0.5,0.0098,9.799999999999999,0.0
2026-03-07,site A,estilo de vida,topo da página,banner,celular,referência,4,3,2,0,0.00968,1,1,1,39.1,28.2,0,0.0,0.0,3.2266666666666666,0.75,0.6666666666666666,0.00968,9.68,0.0
2026-03-07,site B,tecnologia,meio do artigo,banner,computador,newsletter,3,3,1,0,0.00961,1,1,1,116.7,20.0,1,1.0,0.0,3.2033333333333336,1.0,0.3333333333333333,0.00961,9.610000000000001,1.0
2026-03-07,site A,estilo de vida,rodapé fixo,vídeo,computador,orgânico,4,3,2,0,0.00954,1,1,1,89.0,73.4,1,0.0,0.0,3.1799999999999997,0.75,0.6666666666666666,0.00954,9.54,1.0
2026-03-07,site A,entretenimento,topo da página,nativo,computador,orgânico,3,2,1,0,0.00949,1,1,1,34.1,48.3,1,1.0,0.0,4.745,0.6666666666666666,0.5,0.00949,9.49,1.0
2026-03-07,site C,notícias,meio do artigo,mídia rica,celular,direto,3,1,0,0,0.00946,1,1,1,98.4,49.4,1,0.0,0.0,9.459999999999999,0.3333333333333333,0.0,0.00946,9.459999999999999,1.0
2026-03-07,site B,notícias,topo da página,banner,celular,direto,3,3,2,0,0.00917,1,1,1,27.7,89.2,0,0.0,0.0,3.0566666666666666,1.0,0.6666666666666666,0.00917,9.17,0.0
2026-03-07,site C,entretenimento,rodapé fixo,vídeo,celular,direto,5,2,1,0,0.00909,1,1,1,67.6,42.3,0,0.0,0.0,4.545000000000001,0.4,0.5,0.00909,9.090000000000002,0.0
2026-03-07,site A,esportes,rodapé fixo,vídeo,tablet,newsletter,1,1,1,0,0.00885,1,1,1,49.8,45.4,0,0.0,0.0,8.85,1.0,1.0,0.00885,8.85,0.0
2026-03-07,site B,entretenimento,intersticial,nativo,celular,orgânico,1,1,1,0,0.00873,1,1,1,85.6,60.9,0,0.0,0.0,8.73,1.0,1.0,0.00873,8.73,0.0
2026-03-07,site A,esportes,topo da página,mídia rica,computador,redes sociais,3,2,0,0,0.00837,1,1,1,9.7,55.0,0,0.0,0.0,4.1850000000000005,0.6666666666666666,0.0,0.00837,8.370000000000001,0.0
2026-03-07,site A,entretenimento,rodapé fixo,banner,computador,referência,3,3,2,0,0.00813,1,1,1,32.6,58.7,1,0.0,0.0,2.7100000000000004,1.0,0.6666666666666666,0.00813,8.13,1.0
2026-03-07,site B,entretenimento,rodapé fixo,nativo,tablet,referência,2,1,0,0,0.00804,1,1,1,10.5,74.6,0,1.0,0.0,8.040000000000001,0.5,0.0,0.00804,8.040000000000001,0.0
2026-03-07,site B,tecnologia,meio do artigo,banner,celular,orgânico,2,1,0,0,0.00801,1,1,1,23.6,52.6,1,0.0,0.0,8.01,0.5,0.0,0.00801,8.01,1.0
2026-03-07,site B,entretenimento,rodapé fixo,nativo,celular,orgânico,3,2,1,1,0.00797,1,1,1,17.9,56.2,0,1.0,0.5,3.985,0.6666666666666666,0.5,0.00797,7.97,0.0
2026-03-07,site C,esportes,intersticial,vídeo,celular,direto,5,3,1,0,0.0079,1,1,1,16.8,59.3,0,1.0,0.0,2.6333333333333333,0.6,0.3333333333333333,0.0079,7.9,0.0
2026-03-07,site B,finanças,lateral,vídeo,computador,orgânico,1,1,0,0,0.00786,1,1,1,133.8,100.0,0,0.0,0.0,7.86,1.0,0.0,0.00786,7.86,0.0
2026-03-07,site C,finanças,meio do artigo,vídeo,tablet,newsletter,2,1,1,0,0.00755,1,1,1,26.8,80.2,0,1.0,0.0,7.550000000000001,0.5,1.0,0.00755,7.550000000000001,0.0
2026-03-07,site A,entretenimento,topo da página,mídia rica,celular,referência,6,5,4,0,0.00733,1,1,1,122.2,20.3,0,1.0,0.0,1.466,0.8333333333333334,0.8,0.00733,7.33,0.0
2026-03-07,site B,finanças,lateral,banner,computador,direto,6,3,1,0,0.00725,1,1,1,164.1,77.5,0,0.0,0.0,2.4166666666666665,0.5,0.3333333333333333,0.00725,7.25,0.0
2026-03-07,site A,esportes,meio do artigo,banner,celular,orgânico,5,5,2,0,0.00699,1,1,1,38.3,65.5,0,0.0,0.0,1.398,1.0,0.4,0.00699,6.989999999999999,0.0
2026-03-07,site A,estilo de vida,rodapé fixo,nativo,tablet,direto,2,1,0,0,0.00695,1,1,1,36.2,56.4,0,1.0,0.0,6.949999999999999,0.5,0.0,0.00695,6.949999999999999,0.0
2026-03-07,site A,notícias,topo da página,vídeo,computador,redes sociais,1,1,1,0,0.00677,1,1,1,38.3,23.7,0,0.0,0.0,6.77,1.0,1.0,0.00677,6.77,0.0
2026-03-07,site B,notícias,rodapé fixo,banner,computador,orgânico,4,4,3,0,0.00661,1,1,1,76.8,47.7,0,0.0,0.0,1.6525,1.0,0.75,0.00661,6.61,0.0
2026-03-07,site B,entretenimento,rodapé fixo,banner,computador,orgânico,6,2,2,0,0.00641,1,1,1,66.0,39.7,0,1.0,0.0,3.205,0.3333333333333333,1.0,0.00641,6.41,0.0
2026-03-07,site C,notícias,intersticial,banner,celular,orgânico,1,1,0,0,0.00628,1,1,1,121.2,57.3,0,1.0,0.0,6.28,1.0,0.0,0.00628,6.28,0.0
2026-03-07,site C,esportes,lateral,vídeo,celular,orgânico,6,1,1,0,0.00625,1,1,1,74.3,77.0,1,0.0,0.0,6.25,0.16666666666666666,1.0,0.00625,6.25,1.0
2026-03-07,site B,esportes,lateral,banner,tablet,redes sociais,3,1,0,0,0.00609,1,1,1,37.3,57.4,0,1.0,0.0,6.09,0.3333333333333333,0.0,0.00609,6.09,0.0
2026-03-07,site C,finanças,intersticial,vídeo,celular,redes sociais,1,1,0,0,0.00585,1,1,1,136.4,94.5,1,1.0,0.0,5.8500000000000005,1.0,0.0,0.00585,5.8500000000000005,1.0
2026-03-07,site A,estilo de vida,intersticial,banner,celular,redes sociais,3,2,2,0,0.00582,1,1,1,15.6,73.4,1,0.0,0.0,2.9099999999999997,0.6666666666666666,1.0,0.00582,5.819999999999999,1.0
2026-03-07,site C,tecnologia,topo da página,nativo,computador,orgânico,1,1,1,0,0.0058,1,1,1,42.9,33.0,0,0.0,0.0,5.8,1.0,1.0,0.0058,5.8,0.0
2026-03-07,site B,tecnologia,topo da página,banner,computador,referência,3,2,2,0,0.00564,1,1,1,92.1,54.4,0,0.0,0.0,2.82,0.6666666666666666,1.0,0.00564,5.64,0.0
2026-03-07,site B,tecnologia,intersticial,banner,tablet,direto,2,1,1,0,0.00561,1,1,1,148.5,70.9,0,1.0,0.0,5.61,0.5,1.0,0.00561,5.61,0.0
2026-03-07,site A,estilo de vida,meio do artigo,banner,celular,redes sociais,2,2,1,0,0.00532,1,1,1,93.8,53.2,0,1.0,0.0,2.66,1.0,0.5,0.00532,5.32,0.0
2026-03-07,site A,finanças,meio do artigo,banner,celular,orgânico,2,2,1,0,0.00531,1,1,1,51.7,91.6,1,0.0,0.0,2.655,1.0,0.5,0.00531,5.31,1.0
2026-03-07,site C,tecnologia,rodapé fixo,nativo,celular,orgânico,1,1,1,0,0.00504,1,1,1,99.2,43.3,0,1.0,0.0,5.04,1.0,1.0,0.00504,5.04,0.0
2026-03-07,site C,notícias,meio do artigo,nativo,celular,orgânico,2,1,1,0,0.00501,1,1,1,82.1,59.6,0,0.0,0.0,5.01,0.5,1.0,0.00501,5.01,0.0
2026-03-07,site A,entretenimento,topo da página,banner,celular,redes sociais,2,2,1,0,0.00488,1,1,1,134.2,46.8,0,1.0,0.0,2.44,1.0,0.5,0.00488,4.88,0.0
2026-03-07,site A,notícias,rodapé fixo,nativo,computador,newsletter,2,1,1,0,0.00473,1,1,1,80.5,68.2,0,0.0,0.0,4.7299999999999995,0.5,1.0,0.00473,4.7299999999999995,0.0
2026-03-07,site C,tecnologia,lateral,banner,celular,redes sociais,1,1,1,0,0.00408,1,1,1,25.0,47.9,1,1.0,0.0,4.08,1.0,1.0,0.00408,4.08,1.0
2026-03-07,site A,finanças,lateral,banner,celular,referência,2,1,1,0,0.00321,1,1,1,31.0,57.4,0,0.0,0.0,3.21,0.5,1.0,0.00321,3.21,0.0
2026-03-07,site B,esportes,meio do artigo,banner,computador,orgânico,3,1,1,0,0.00309,1,1,1,51.8,71.3,0,0.0,0.0,3.09,0.3333333333333333,1.0,0.00309,3.09,0.0
2026-03-07,site A,esportes,meio do artigo,mídia rica,computador,redes sociais,1,1,0,0,0.00272,1,1,1,42.5,38.0,0,1.0,0.0,2.72,1.0,0.0,0.00272,2.72,0.0
2026-03-07,site A,entretenimento,meio do artigo,banner,celular,referência,3,1,1,0,0.00201,1,1,1,178.7,1.0,0,0.0,0.0,2.0100000000000002,0.3333333333333333,1.0,0.00201,2.0100000000000002,0.0
2026-03-07,site A,entretenimento,rodapé fixo,vídeo,computador,direto,2,1,0,0,0.00151,1,1,1,18.8,76.6,1,1.0,0.0,1.51,0.5,0.0,0.00151,1.51,1.0
2026-03-07,site A,finanças,meio do artigo,banner,celular,referência,2,1,0,0,0.00118,1,1,1,17.6,63.2,0,0.0,0.0,1.1800000000000002,0.5,0.0,0.00118,1.1800000000000002,0.0
2026-03-07,site C,esportes,rodapé fixo,vídeo,celular,redes sociais,2,1,1,0,0.00079,1,1,1,85.5,55.1,0,1.0,0.0,0.79,0.5,1.0,0.00079,0.79,0.0
2026-03-07,site C,tecnologia,lateral,banner,computador,orgânico,1,0,0,0,0.0,1,1,1,80.5,45.4,1,1.0,0.0,0.0,0.0,0.0,0.0,0.0,1.0
2026-03-08,site A,finanças,topo da página,vídeo,celular,referência,6,5,2,0,0.06017,1,1,1,71.4,91.5,0,0.0,0.0,12.034,0.8333333333333334,0.4,0.06017,60.17,0.0
2026-03-08,site C,finanças,lateral,vídeo,celular,orgânico,5,3,2,0,0.05118,1,1,1,50.0,89.9,1,0.0,0.0,17.060000000000002,0.6,0.6666666666666666,0.05118,51.18000000000001,1.0
2026-03-08,site A,tecnologia,intersticial,nativo,celular,orgânico,5,4,4,0,0.0509,1,1,1,54.7,69.4,0,0.0,0.0,12.725,0.8,1.0,0.0509,50.9,0.0
2026-03-08,site A,entretenimento,rodapé fixo,banner,computador,newsletter,5,5,3,0,0.0485,1,1,1,9.2,57.2,0,1.0,0.0,9.7,1.0,0.6,0.0485,48.5,0.0
2026-03-08,site A,tecnologia,topo da página,nativo,celular,redes sociais,9,7,3,0,0.04735,2,2,2,83.55000000000001,50.949999999999996,1,0.5,0.0,6.764285714285714,0.7777777777777778,0.42857142857142855,0.023675,23.675,0.5
2026-03-08,site A,finanças,topo da página,banner,computador,referência,5,4,3,0,0.04449,1,1,1,42.8,69.2,0,0.0,0.0,11.1225,0.8,0.75,0.04449,44.49,0.0
2026-03-08,site C,finanças,meio do artigo,vídeo,celular,direto,4,3,1,0,0.04363,1,1,1,40.3,66.0,1,0.0,0.0,14.543333333333335,0.75,0.3333333333333333,0.04363,43.63,1.0
2026-03-08,site B,tecnologia,lateral,vídeo,computador,orgânico,7,6,4,0,0.04199,2,2,2,51.650000000000006,33.45,0,0.5,0.0,6.998333333333334,0.8571428571428571,0.6666666666666666,0.020995,20.995,0.0
2026-03-08,site B,notícias,lateral,banner,computador,orgânico,6,5,3,0,0.035,1,1,1,30.1,68.8,1,0.0,0.0,7.0,0.8333333333333334,0.6,0.035,35.0,1.0
2026-03-08,site A,notícias,meio do artigo,vídeo,computador,orgânico,5,3,3,0,0.03346,1,1,1,157.8,83.1,0,0.0,0.0,11.15333333333333,0.6,1.0,0.03346,33.459999999999994,0.0
2026-03-08,site B,notícias,lateral,nativo,celular,orgânico,5,5,4,0,0.03321,1,1,1,55.2,83.5,1,0.0,0.0,6.642,1.0,0.8,0.03321,33.21,1.0
2026-03-08,site A,entretenimento,meio do artigo,vídeo,computador,orgânico,4,4,3,0,0.03312,1,1,1,80.2,67.0,0,1.0,0.0,8.28,1.0,0.75,0.03312,33.12,0.0
2026-03-08,site A,finanças,rodapé fixo,banner,computador,direto,6,4,2,0,0.03232,1,1,1,127.0,62.0,0,1.0,0.0,8.08,0.6666666666666666,0.5,0.03232,32.32,0.0
2026-03-08,site A,esportes,meio do artigo,banner,celular,orgânico,5,4,2,0,0.03168,1,1,1,117.8,69.5,1,0.0,0.0,7.92,0.8,0.5,0.03168,31.68,1.0
2026-03-08,site A,finanças,lateral,nativo,celular,orgânico,4,3,2,0,0.03105,1,1,1,27.8,96.1,1,0.0,0.0,10.35,0.75,0.6666666666666666,0.03105,31.05,1.0
2026-03-08,site B,esportes,intersticial,nativo,celular,orgânico,6,4,3,0,0.03072,1,1,1,69.4,100.0,1,0.0,0.0,7.680000000000001,0.6666666666666666,0.75,0.03072,30.720000000000002,1.0
2026-03-08,site A,esportes,lateral,vídeo,celular,orgânico,5,5,3,0,0.02963,1,1,1,33.6,45.5,0,1.0,0.0,5.926,1.0,0.6,0.02963,29.63,0.0
2026-03-08,site B,entretenimento,rodapé fixo,mídia rica,computador,orgânico,4,4,4,0,0.02937,1,1,1,68.2,70.4,1,1.0,0.0,7.3425,1.0,1.0,0.02937,29.37,1.0
2026-03-08,site B,tecnologia,topo da página,banner,computador,direto,6,6,5,0,0.02897,1,1,1,20.8,40.7,0,1.0,0.0,4.828333333333333,1.0,0.8333333333333334,0.02897,28.97,0.0
2026-03-08,site A,finanças,topo da página,banner,computador,redes sociais,5,3,2,0,0.02833,1,1,1,92.9,46.3,1,1.0,0.0,9.443333333333333,0.6,0.6666666666666666,0.02833,28.330000000000002,1.0
2026-03-08,site B,finanças,rodapé fixo,nativo,celular,orgânico,6,6,5,0,0.02752,1,1,1,56.6,78.5,1,0.0,0.0,4.586666666666667,1.0,0.8333333333333334,0.02752,27.52,1.0
2026-03-08,site B,finanças,meio do artigo,banner,computador,redes sociais,3,3,2,0,0.02688,1,1,1,66.3,65.2,0,0.0,0.0,8.96,1.0,0.6666666666666666,0.02688,26.880000000000003,0.0
2026-03-08,site A,estilo de vida,meio do artigo,vídeo,celular,direto,5,4,2,0,0.02668,1,1,1,98.4,87.9,1,1.0,0.0,6.67,0.8,0.5,0.02668,26.68,1.0
2026-03-08,site B,entretenimento,lateral,nativo,celular,redes sociais,6,5,3,1,0.02651,1,1,1,13.3,88.4,0,1.0,0.2,5.302,0.8333333333333334,0.6,0.02651,26.509999999999998,0.0
2026-03-08,site A,finanças,lateral,banner,computador,orgânico,3,2,1,0,0.0246,1,1,1,37.5,92.1,1,1.0,0.0,12.3,0.6666666666666666,0.5,0.0246,24.6,1.0
2026-03-08,site A,notícias,rodapé fixo,mídia rica,tablet,orgânico,6,6,5,0,0.02447,1,1,1,44.3,37.8,0,1.0,0.0,4.078333333333333,1.0,0.8333333333333334,0.02447,24.47,0.0
2026-03-08,site A,esportes,topo da página,nativo,celular,orgânico,5,5,3,0,0.02389,1,1,1,37.0,49.1,0,1.0,0.0,4.7780000000000005,1.0,0.6,0.02389,23.89,0.0
2026-03-08,site A,finanças,topo da página,nativo,computador,redes sociais,4,4,3,0,0.02358,1,1,1,95.8,45.9,1,0.0,0.0,5.8950000000000005,1.0,0.75,0.02358,23.580000000000002,1.0
2026-03-08,site B,finanças,meio do artigo,mídia rica,celular,orgânico,5,3,2,0,0.02334,1,1,1,119.9,63.7,1,1.0,0.0,7.78,0.6,0.6666666666666666,0.02334,23.34,1.0
2026-03-08,site C,finanças,topo da página,vídeo,computador,redes sociais,3,2,0,0,0.02289,1,1,1,119.7,63.5,1,1.0,0.0,11.445,0.6666666666666666,0.0,0.02289,22.89,1.0
2026-03-08,site C,esportes,rodapé fixo,banner,computador,orgânico,6,6,4,0,0.02262,1,1,1,130.8,43.9,1,0.0,0.0,3.77,1.0,0.6666666666666666,0.02262,22.62,1.0
2026-03-08,site A,finanças,meio do artigo,vídeo,celular,referência,3,3,1,0,0.0223,1,1,1,22.9,83.7,1,0.0,0.0,7.433333333333334,1.0,0.3333333333333333,0.0223,22.3,1.0
2026-03-08,site C,entretenimento,meio do artigo,banner,computador,direto,5,4,2,0,0.02129,1,1,1,58.9,68.9,1,0.0,0.0,5.3225,0.8,0.5,0.02129,21.29,1.0
2026-03-08,site B,esportes,topo da página,banner,tablet,direto,6,5,5,0,0.02051,1,1,1,24.0,47.6,0,0.0,0.0,4.102,0.8333333333333334,1.0,0.02051,20.51,0.0
2026-03-08,site C,esportes,meio do artigo,banner,computador,orgânico,6,5,4,0,0.01996,1,1,1,46.6,59.8,1,0.0,0.0,3.9919999999999995,0.8333333333333334,0.8,0.01996,19.959999999999997,1.0
2026-03-08,site C,esportes,meio do artigo,vídeo,celular,orgânico,4,3,1,0,0.01993,1,1,1,19.6,65.7,0,0.0,0.0,6.6433333333333335,0.75,0.3333333333333333,0.01993,19.93,0.0
2026-03-08,site B,entretenimento,meio do artigo,vídeo,celular,referência,3,3,2,0,0.01903,1,1,1,76.9,81.5,1,0.0,0.0,6.343333333333333,1.0,0.6666666666666666,0.01903,19.029999999999998,1.0
2026-03-08,site C,notícias,topo da página,banner,celular,direto,4,4,3,0,0.01888,1,1,1,33.2,90.6,0,0.0,0.0,4.720000000000001,1.0,0.75,0.01888,18.880000000000003,0.0
2026-03-08,site A,notícias,meio do artigo,banner,computador,direto,4,4,3,0,0.01824,1,1,1,39.0,81.5,1,1.0,0.0,4.56,1.0,0.75,0.01824,18.24,1.0
2026-03-08,site A,notícias,topo da página,vídeo,celular,orgânico,2,2,1,0,0.01788,1,1,1,9.2,30.3,0,1.0,0.0,8.94,1.0,0.5,0.01788,17.88,0.0
2026-03-08,site C,finanças,topo da página,banner,computador,direto,3,3,3,0,0.01737,1,1,1,39.2,100.0,0,1.0,0.0,5.79,1.0,1.0,0.01737,17.37,0.0
2026-03-08,site C,tecnologia,rodapé fixo,banner,computador,redes sociais,3,2,2,0,0.01731,1,1,1,23.6,66.7,0,0.0,0.0,8.655,0.6666666666666666,1.0,0.01731,17.31,0.0
2026-03-08,site C,tecnologia,topo da página,nativo,celular,redes sociais,5,4,2,0,0.01717,1,1,1,46.9,62.7,0,0.0,0.0,4.2925,0.8,0.5,0.01717,17.17,0.0
2026-03-08,site C,notícias,lateral,banner,computador,direto,4,3,0,1,0.01703,1,1,1,133.5,98.1,0,1.0,0.3333333333333333,5.676666666666667,0.75,0.0,0.01703,17.03,0.0
2026-03-08,site C,finanças,topo da página,nativo,computador,orgânico,2,2,1,0,0.01685,1,1,1,79.1,60.9,0,0.0,0.0,8.425,1.0,0.5,0.01685,16.85,0.0
2026-03-08,site B,esportes,lateral,banner,celular,orgânico,4,3,2,0,0.016800000000000002,2,2,2,94.4,62.8,1,0.5,0.0,5.6000000000000005,0.75,0.6666666666666666,0.008400000000000001,8.4,0.5
2026-03-08,site A,notícias,meio do artigo,banner,celular,orgânico,4,4,1,0,0.01662,1,1,1,129.7,87.2,1,0.0,0.0,4.155,1.0,0.25,0.01662,16.62,1.0
2026-03-08,site A,estilo de vida,topo da página,banner,celular,direto,6,4,3,0,0.0164,1,1,1,103.6,90.2,0,1.0,0.0,4.1000000000000005,0.6666666666666666,0.75,0.0164,16.400000000000002,0.0
2026-03-08,site C,tecnologia,intersticial,banner,computador,redes sociais,3,2,1,0,0.01629,1,1,1,62.5,25.3,0,0.0,0.0,8.145,0.6666666666666666,0.5,0.01629,16.29,0.0
2026-03-08,site A,finanças,topo da página,nativo,computador,newsletter,4,4,3,0,0.01619,1,1,1,69.0,97.9,0,0.0,0.0,4.0475,1.0,0.75,0.01619,16.19,0.0
2026-03-08,site B,estilo de vida,topo da página,nativo,celular,orgânico,5,2,1,0,0.01609,1,1,1,13.2,67.7,0,1.0,0.0,8.045,0.4,0.5,0.01609,16.09,0.0
2026-03-08,site C,notícias,topo da página,banner,celular,newsletter,3,3,2,0,0.01587,1,1,1,14.6,76.2,0,0.0,0.0,5.29,1.0,0.6666666666666666,0.01587,15.87,0.0
2026-03-08,site B,notícias,meio do artigo,nativo,computador,direto,6,6,5,0,0.01582,1,1,1,29.8,71.1,0,1.0,0.0,2.6366666666666667,1.0,0.8333333333333334,0.01582,15.82,0.0
2026-03-08,site C,notícias,rodapé fixo,vídeo,celular,redes sociais,3,2,1,0,0.01488,1,1,1,51.1,51.8,0,0.0,0.0,7.44,0.6666666666666666,0.5,0.01488,14.88,0.0
2026-03-08,site B,entretenimento,lateral,mídia rica,computador,direto,4,4,2,0,0.01451,1,1,1,113.1,77.0,1,0.0,0.0,3.6275,1.0,0.5,0.01451,14.51,1.0
2026-03-08,site C,tecnologia,rodapé fixo,mídia rica,celular,redes sociais,6,4,3,0,0.01438,1,1,1,51.4,59.5,1,0.0,0.0,3.595,0.6666666666666666,0.75,0.01438,14.38,1.0
2026-03-08,site B,notícias,lateral,banner,celular,orgânico,4,3,2,0,0.01419,1,1,1,50.2,33.3,1,1.0,0.0,4.7299999999999995,0.75,0.6666666666666666,0.01419,14.19,1.0
2026-03-08,site B,notícias,rodapé fixo,banner,computador,direto,6,3,2,0,0.01418,1,1,1,14.1,79.6,1,0.0,0.0,4.726666666666667,0.5,0.6666666666666666,0.01418,14.18,1.0
2026-03-08,site A,esportes,rodapé fixo,banner,celular,referência,3,2,1,0,0.01413,1,1,1,67.5,84.7,1,0.0,0.0,7.065,0.6666666666666666,0.5,0.01413,14.13,1.0
2026-03-08,site B,notícias,rodapé fixo,nativo,celular,orgânico,6,5,3,0,0.01385,1,1,1,22.3,70.1,1,0.0,0.0,2.77,0.8333333333333334,0.6,0.01385,13.85,1.0
2026-03-08,site B,finanças,meio do artigo,nativo,celular,orgânico,4,2,1,0,0.01382,1,1,1,37.8,79.3,1,0.0,0.0,6.91,0.5,0.5,0.01382,13.82,1.0
2026-03-08,site B,notícias,topo da página,banner,celular,orgânico,4,4,3,0,0.01372,1,1,1,21.1,71.3,0,1.0,0.0,3.4299999999999997,1.0,0.75,0.01372,13.719999999999999,0.0
2026-03-08,site C,finanças,rodapé fixo,banner,computador,redes sociais,6,4,3,0,0.01337,1,1,1,46.2,61.2,1,0.0,0.0,3.3425,0.6666666666666666,0.75,0.01337,13.37,1.0
2026-03-08,site B,entretenimento,meio do artigo,mídia rica,celular,referência,4,4,3,0,0.01299,1,1,1,42.0,70.1,1,0.0,0.0,3.2475,1.0,0.75,0.01299,12.99,1.0
2026-03-08,site B,estilo de vida,topo da página,banner,computador,orgânico,3,3,2,0,0.01274,1,1,1,45.1,75.2,0,1.0,0.0,4.246666666666667,1.0,0.6666666666666666,0.01274,12.74,0.0
2026-03-08,site C,finanças,rodapé fixo,banner,celular,direto,4,3,2,0,0.01256,1,1,1,68.7,57.9,0,1.0,0.0,4.1866666666666665,0.75,0.6666666666666666,0.01256,12.56,0.0
2026-03-08,site A,estilo de vida,rodapé fixo,nativo,computador,orgânico,2,2,1,0,0.01178,1,1,1,55.9,53.8,0,1.0,0.0,5.890000000000001,1.0,0.5,0.01178,11.780000000000001,0.0
2026-03-08,site A,tecnologia,meio do artigo,nativo,computador,redes sociais,3,2,2,0,0.01152,1,1,1,118.9,62.2,0,0.0,0.0,5.760000000000001,0.6666666666666666,1.0,0.01152,11.520000000000001,0.0
2026-03-08,site B,entretenimento,rodapé fixo,mídia rica,computador,referência,4,2,2,0,0.01143,1,1,1,10.5,48.0,0,0.0,0.0,5.715,0.5,1.0,0.01143,11.43,0.0
2026-03-08,site A,entretenimento,topo da página,vídeo,computador,referência,4,4,3,0,0.01095,1,1,1,74.2,77.6,0,0.0,0.0,2.7375,1.0,0.75,0.01095,10.95,0.0
2026-03-08,site A,esportes,topo da página,nativo,computador,orgânico,4,2,2,0,0.01044,1,1,1,73.1,44.1,0,0.0,0.0,5.22,0.5,1.0,0.01044,10.44,0.0
2026-03-08,site A,esportes,meio do artigo,banner,celular,referência,3,1,1,0,0.01037,1,1,1,46.1,28.3,0,0.0,0.0,10.370000000000001,0.3333333333333333,1.0,0.01037,10.370000000000001,0.0
2026-03-08,site A,finanças,meio do artigo,banner,celular,redes sociais,6,3,3,0,0.01032,1,1,1,29.0,97.3,0,0.0,0.0,3.4399999999999995,0.5,1.0,0.01032,10.319999999999999,0.0
2026-03-08,site C,finanças,meio do artigo,mídia rica,celular,redes sociais,2,1,1,0,0.00997,1,1,1,30.2,71.3,0,1.0,0.0,9.969999999999999,0.5,1.0,0.00997,9.969999999999999,0.0
2026-03-08,site B,notícias,meio do artigo,nativo,celular,referência,5,4,1,0,0.00992,1,1,1,78.5,29.8,0,1.0,0.0,2.48,0.8,0.25,0.00992,9.92,0.0
2026-03-08,site A,tecnologia,meio do artigo,banner,celular,orgânico,3,3,1,0,0.00969,1,1,1,23.4,51.4,0,1.0,0.0,3.2300000000000004,1.0,0.3333333333333333,0.00969,9.690000000000001,0.0
2026-03-08,site A,finanças,lateral,banner,celular,referência,2,2,1,0,0.00961,1,1,1,122.6,50.5,1,1.0,0.0,4.805000000000001,1.0,0.5,0.00961,9.610000000000001,1.0
2026-03-08,site C,esportes,meio do artigo,banner,celular,redes sociais,1,1,1,0,0.00938,1,1,1,12.4,37.5,0,0.0,0.0,9.379999999999999,1.0,1.0,0.00938,9.379999999999999,0.0
2026-03-08,site C,tecnologia,topo da página,mídia rica,celular,orgânico,2,1,1,0,0.0091,1,1,1,44.2,100.0,0,1.0,0.0,9.1,0.5,1.0,0.0091,9.1,0.0
2026-03-08,site C,finanças,intersticial,nativo,celular,newsletter,4,3,3,0,0.00879,1,1,1,56.9,42.0,1,0.0,0.0,2.9299999999999997,0.75,1.0,0.00879,8.79,1.0
2026-03-08,site B,notícias,topo da página,banner,computador,newsletter,3,3,2,0,0.00876,1,1,1,49.4,16.7,0,1.0,0.0,2.92,1.0,0.6666666666666666,0.00876,8.76,0.0
2026-03-08,site C,entretenimento,lateral,mídia rica,computador,direto,3,2,1,0,0.00866,1,1,1,79.7,54.3,0,1.0,0.0,4.33,0.6666666666666666,0.5,0.00866,8.66,0.0
2026-03-08,site A,esportes,meio do artigo,vídeo,celular,referência,6,2,0,0,0.00853,1,1,1,118.8,45.0,0,0.0,0.0,4.265,0.3333333333333333,0.0,0.00853,8.53,0.0
2026-03-08,site A,entretenimento,meio do artigo,mídia rica,celular,redes sociais,2,2,2,0,0.00817,1,1,1,81.0,46.7,0,1.0,0.0,4.085,1.0,1.0,0.00817,8.17,0.0
2026-03-08,site B,estilo de vida,rodapé fixo,banner,computador,redes sociais,2,2,2,0,0.00817,1,1,1,25.7,60.5,0,0.0,0.0,4.085,1.0,1.0,0.00817,8.17,0.0
2026-03-08,site A,notícias,rodapé fixo,banner,computador,orgânico,3,2,1,0,0.00739,1,1,1,65.9,74.9,0,0.0,0.0,3.695,0.6666666666666666,0.5,0.00739,7.39,0.0
2026-03-08,site B,entretenimento,rodapé fixo,nativo,computador,orgânico,2,1,1,0,0.00714,1,1,1,16.5,28.0,0,1.0,0.0,7.14,0.5,1.0,0.00714,7.14,0.0
2026-03-08,site C,finanças,meio do artigo,banner,celular,orgânico,2,2,1,0,0.00673,1,1,1,5.8,79.4,0,0.0,0.0,3.3649999999999998,1.0,0.5,0.00673,6.7299999999999995,0.0
2026-03-08,site A,tecnologia,lateral,banner,celular,orgânico,2,2,2,0,0.0062,1,1,1,33.6,54.0,0,0.0,0.0,3.1,1.0,1.0,0.0062,6.2,0.0
2026-03-08,site A,notícias,topo da página,banner,celular,orgânico,1,1,1,0,0.00541,1,1,1,33.5,61.5,1,0.0,0.0,5.41,1.0,1.0,0.00541,5.41,1.0
2026-03-08,site C,esportes,topo da página,mídia rica,celular,redes sociais,1,1,1,0,0.00486,1,1,1,130.5,37.9,1,1.0,0.0,4.859999999999999,1.0,1.0,0.00486,4.859999999999999,1.0
2026-03-08,site A,esportes,topo da página,nativo,computador,redes sociais,2,1,0,0,0.00463,1,1,1,88.6,81.5,0,0.0,0.0,4.63,0.5,0.0,0.00463,4.63,0.0
2026-03-08,site B,esportes,intersticial,mídia rica,computador,redes sociais,5,2,1,0,0.00461,1,1,1,240.9,69.8,0,0.0,0.0,2.305,0.4,0.5,0.00461,4.61,0.0
2026-03-08,site A,esportes,topo da página,banner,computador,orgânico,1,1,0,0,0.00449,1,1,1,4.0,32.3,0,0.0,0.0,4.49,1.0,0.0,0.00449,4.49,0.0
2026-03-08,site B,entretenimento,topo da página,nativo,celular,redes sociais,2,1,0,0,0.00431,1,1,1,59.8,53.6,0,0.0,0.0,4.31,0.5,0.0,0.00431,4.31,0.0
2026-03-08,site B,esportes,topo da página,banner,celular,orgânico,2,2,1,0,0.00417,1,1,1,92.3,37.3,0,0.0,0.0,2.085,1.0,0.5,0.00417,4.17,0.0
2026-03-08,site A,esportes,meio do artigo,nativo,celular,newsletter,2,2,1,0,0.00401,1,1,1,78.7,64.1,1,0.0,0.0,2.005,1.0,0.5,0.00401,4.01,1.0
2026-03-08,site A,estilo de vida,meio do artigo,banner,celular,orgânico,2,2,2,0,0.00373,1,1,1,30.6,74.0,1,1.0,0.0,1.865,1.0,1.0,0.00373,3.73,1.0
2026-03-08,site C,entretenimento,topo da página,nativo,celular,redes sociais,1,1,0,0,0.00369,1,1,1,7.0,35.8,1,0.0,0.0,3.69,1.0,0.0,0.00369,3.69,1.0
2026-03-08,site C,entretenimento,lateral,banner,computador,orgânico,3,2,0,0,0.00328,1,1,1,85.5,61.7,1,0.0,0.0,1.64,0.6666666666666666,0.0,0.00328,3.28,1.0
2026-03-08,site B,estilo de vida,meio do artigo,vídeo,computador,orgânico,1,0,0,0,0.00241,1,1,1,46.1,64.5,0,0.0,0.0,0.0,0.0,0.0,0.00241,2.4099999999999997,0.0
2026-03-08,site A,esportes,intersticial,banner,computador,redes sociais,1,0,0,0,0.00239,1,1,1,95.7,55.6,1,0.0,0.0,0.0,0.0,0.0,0.00239,2.39,1.0
2026-03-08,site B,estilo de vida,meio do artigo,banner,celular,orgânico,3,1,1,0,0.00227,1,1,1,9.1,61.6,0,0.0,0.0,2.27,0.3333333333333333,1.0,0.00227,2.27,0.0
2026-03-08,site C,estilo de vida,meio do artigo,banner,tablet,direto,1,1,0,0,0.00209,1,1,1,14.9,40.8,1,1.0,0.0,2.09,1.0,0.0,0.00209,2.09,1.0
2026-03-08,site A,esportes,rodapé fixo,mídia rica,celular,redes sociais,1,0,0,0,0.00127,1,1,1,31.1,61.7,0,1.0,0.0,0.0,0.0,0.0,0.00127,1.27,0.0
2026-03-08,site A,notícias,intersticial,mídia rica,computador,direto,1,1,1,0,0.00117,1,1,1,10.5,69.4,0,0.0,0.0,1.17,1.0,1.0,0.00117,1.17,0.0
2026-03-08,site B,entretenimento,topo da página,banner,computador,redes sociais,1,0,0,0,0.00081,1,1,1,39.9,55.3,0,0.0,0.0,0.0,0.0,0.0,0.00081,0.8099999999999999,0.0
2026-03-08,site C,esportes,topo da página,banner,celular,newsletter,4,0,0,0,0.00036,1,1,1,43.4,78.4,0,1.0,0.0,0.0,0.0,0.0,0.00036,0.36000000000000004,0.0
2026-03-08,site B,esportes,topo da página,vídeo,computador,orgânico,1,0,0,0,0.0,1,1,1,59.0,70.5,1,1.0,0.0,0.0,0.0,0.0,0.0,0.0,1.0
2026-03-08,site B,notícias,intersticial,banner,celular,newsletter,3,1,1,0,0.0,1,1,1,53.9,57.4,0,0.0,0.0,0.0,0.3333333333333333,1.0,0.0,0.0,0.0
2026-03-09,site B,esportes,meio do artigo,vídeo,computador,orgânico,6,4,3,0,0.06903,1,1,1,97.5,56.4,0,0.0,0.0,17.2575,0.6666666666666666,0.75,0.06903,69.03,0.0
2026-03-09,site B,finanças,lateral,banner,computador,orgânico,6,6,2,0,0.05239,1,1,1,154.9,72.3,0,0.0,0.0,8.731666666666667,1.0,0.3333333333333333,0.05239,52.39,0.0
2026-03-09,site B,tecnologia,topo da página,banner,celular,orgânico,10,9,8,0,0.052059999999999995,2,2,2,89.69999999999999,53.7,2,0.0,0.0,5.784444444444444,0.9,0.8888888888888888,0.026029999999999998,26.029999999999998,1.0
2026-03-09,site A,tecnologia,meio do artigo,banner,computador,redes sociais,6,6,3,0,0.05039,1,1,1,19.5,44.4,0,0.0,0.0,8.398333333333333,1.0,0.5,0.05039,50.39,0.0
2026-03-09,site B,finanças,topo da página,vídeo,celular,referência,6,6,3,0,0.04654,1,1,1,17.6,76.7,0,0.0,0.0,7.756666666666667,1.0,0.5,0.04654,46.54,0.0
2026-03-09,site A,notícias,meio do artigo,mídia rica,tablet,redes sociais,6,6,3,0,0.04509,1,1,1,8.1,57.1,0,0.0,0.0,7.515,1.0,0.5,0.04509,45.089999999999996,0.0
2026-03-09,site A,finanças,rodapé fixo,nativo,computador,newsletter,4,4,2,0,0.04464,1,1,1,40.7,75.9,1,1.0,0.0,11.16,1.0,0.5,0.04464,44.64,1.0
2026-03-09,site B,estilo de vida,meio do artigo,vídeo,celular,direto,5,5,3,0,0.04172,1,1,1,68.4,73.5,1,0.0,0.0,8.344,1.0,0.6,0.04172,41.72,1.0
2026-03-09,site C,estilo de vida,meio do artigo,vídeo,computador,orgânico,6,4,4,0,0.03836,1,1,1,54.3,49.0,1,0.0,0.0,9.59,0.6666666666666666,1.0,0.03836,38.36,1.0
2026-03-09,site A,finanças,meio do artigo,nativo,celular,direto,5,4,3,0,0.03673,1,1,1,70.4,69.0,0,0.0,0.0,9.1825,0.8,0.75,0.03673,36.73,0.0
2026-03-09,site B,finanças,meio do artigo,banner,computador,direto,6,5,3,0,0.03644,1,1,1,87.8,74.1,1,0.0,0.0,7.287999999999999,0.8333333333333334,0.6,0.03644,36.44,1.0
2026-03-09,site B,notícias,meio do artigo,nativo,computador,orgânico,6,5,4,0,0.03643,1,1,1,82.7,53.9,0,0.0,0.0,7.286,0.8333333333333334,0.8,0.03643,36.43,0.0
2026-03-09,site B,entretenimento,meio do artigo,banner,tablet,direto,6,6,3,0,0.03402,1,1,1,68.4,30.7,1,1.0,0.0,5.670000000000001,1.0,0.5,0.03402,34.02,1.0
2026-03-09,site B,finanças,meio do artigo,banner,computador,orgânico,5,4,3,0,0.03374,1,1,1,41.1,75.5,0,0.0,0.0,8.435,0.8,0.75,0.03374,33.74,0.0
2026-03-09,site A,esportes,rodapé fixo,vídeo,celular,redes sociais,4,3,2,0,0.03267,1,1,1,130.5,72.1,0,1.0,0.0,10.889999999999999,0.75,0.6666666666666666,0.03267,32.669999999999995,0.0
2026-03-09,site B,notícias,rodapé fixo,vídeo,celular,redes sociais,6,5,3,0,0.02835,1,1,1,110.1,60.7,0,1.0,0.0,5.67,0.8333333333333334,0.6,0.02835,28.35,0.0
2026-03-09,site B,esportes,lateral,mídia rica,computador,redes sociais,3,3,1,0,0.02793,1,1,1,90.4,67.5,0,1.0,0.0,9.31,1.0,0.3333333333333333,0.02793,27.93,0.0
2026-03-09,site B,notícias,topo da página,mídia rica,computador,orgânico,4,4,2,0,0.02791,1,1,1,74.8,83.4,0,0.0,0.0,6.9775,1.0,0.5,0.02791,27.91,0.0
2026-03-09,site B,finanças,topo da página,vídeo,computador,direto,6,4,3,0,0.02767,1,1,1,7.9,49.7,1,0.0,0.0,6.9175,0.6666666666666666,0.75,0.02767,27.67,1.0
2026-03-09,site A,notícias,meio do artigo,vídeo,celular,orgânico,5,4,2,0,0.02508,1,1,1,126.7,84.7,0,1.0,0.0,6.2700000000000005,0.8,0.5,0.02508,25.080000000000002,0.0
2026-03-09,site A,notícias,rodapé fixo,banner,celular,redes sociais,5,4,4,0,0.02495,1,1,1,76.8,63.8,0,0.0,0.0,6.2375,0.8,1.0,0.02495,24.95,0.0
2026-03-09,site B,estilo de vida,lateral,vídeo,celular,redes sociais,4,4,4,0,0.02486,1,1,1,64.8,48.9,0,0.0,0.0,6.215,1.0,1.0,0.02486,24.86,0.0
2026-03-09,site B,notícias,topo da página,nativo,celular,redes sociais,4,4,1,0,0.02361,1,1,1,74.9,69.7,0,0.0,0.0,5.9025,1.0,0.25,0.02361,23.61,0.0
2026-03-09,site A,estilo de vida,lateral,vídeo,tablet,orgânico,2,2,0,0,0.02332,1,1,1,72.5,56.7,0,0.0,0.0,11.66,1.0,0.0,0.02332,23.32,0.0
2026-03-09,site C,estilo de vida,topo da página,vídeo,computador,orgânico,5,3,3,0,0.02289,1,1,1,79.4,76.7,0,0.0,0.0,7.63,0.6,1.0,0.02289,22.89,0.0
2026-03-09,site A,finanças,meio do artigo,banner,tablet,redes sociais,5,4,2,0,0.0218,1,1,1,95.1,67.2,0,0.0,0.0,5.45,0.8,0.5,0.0218,21.8,0.0
2026-03-09,site B,tecnologia,rodapé fixo,vídeo,celular,redes sociais,2,2,1,0,0.02111,1,1,1,61.7,31.4,1,0.0,0.0,10.555,1.0,0.5,0.02111,21.11,1.0
2026-03-09,site C,esportes,topo da página,banner,celular,referência,6,5,2,0,0.02109,1,1,1,26.4,32.6,0,0.0,0.0,4.218,0.8333333333333334,0.4,0.02109,21.09,0.0
2026-03-09,site B,esportes,rodapé fixo,nativo,celular,referência,6,4,2,0,0.021,1,1,1,71.8,51.3,1,0.0,0.0,5.25,0.6666666666666666,0.5,0.021,21.0,1.0
2026-03-09,site B,tecnologia,topo da página,banner,computador,referência,6,3,2,0,0.02068,1,1,1,43.4,93.1,0,0.0,0.0,6.8933333333333335,0.5,0.6666666666666666,0.02068,20.68,0.0
2026-03-09,site B,estilo de vida,meio do artigo,nativo,computador,orgânico,6,4,2,0,0.01987,1,1,1,35.2,58.6,1,0.0,0.0,4.967499999999999,0.6666666666666666,0.5,0.01987,19.869999999999997,1.0
2026-03-09,site B,notícias,rodapé fixo,mídia rica,celular,redes sociais,5,3,2,0,0.0194,1,1,1,16.4,24.0,0,0.0,0.0,6.466666666666668,0.6,0.6666666666666666,0.0194,19.400000000000002,0.0
2026-03-09,site A,entretenimento,meio do artigo,nativo,computador,orgânico,6,5,4,0,0.0185,1,1,1,39.2,27.7,0,1.0,0.0,3.7,0.8333333333333334,0.8,0.0185,18.5,0.0
2026-03-09,site C,finanças,meio do artigo,vídeo,celular,direto,6,3,3,0,0.0185,1,1,1,62.0,44.5,1,0.0,0.0,6.166666666666667,0.5,1.0,0.0185,18.5,1.0
2026-03-09,site A,estilo de vida,rodapé fixo,banner,computador,redes sociais,5,4,3,0,0.01774,1,1,1,30.8,58.6,0,0.0,0.0,4.435,0.8,0.75,0.01774,17.74,0.0
2026-03-09,site B,entretenimento,topo da página,banner,celular,redes sociais,6,6,4,0,0.01771,1,1,1,28.5,56.2,0,0.0,0.0,2.9516666666666667,1.0,0.6666666666666666,0.01771,17.71,0.0
2026-03-09,site A,notícias,topo da página,nativo,celular,newsletter,7,5,2,0,0.01729,2,2,2,87.65,84.05,0,1.0,0.0,3.4579999999999997,0.7142857142857143,0.4,0.008645,8.645,0.0
2026-03-09,site A,notícias,meio do artigo,nativo,computador,direto,6,4,3,0,0.01728,1,1,1,31.0,51.3,1,0.0,0.0,4.32,0.6666666666666666,0.75,0.01728,17.28,1.0
2026-03-09,site C,notícias,meio do artigo,banner,celular,orgânico,5,4,2,0,0.01716,1,1,1,88.1,51.1,0,1.0,0.0,4.29,0.8,0.5,0.01716,17.16,0.0
2026-03-09,site A,finanças,rodapé fixo,banner,celular,direto,4,4,4,0,0.01687,1,1,1,22.0,40.4,0,1.0,0.0,4.2175,1.0,1.0,0.01687,16.87,0.0
2026-03-09,site B,notícias,lateral,banner,computador,redes sociais,2,2,2,0,0.01636,1,1,1,54.3,66.7,0,1.0,0.0,8.18,1.0,1.0,0.01636,16.36,0.0
2026-03-09,site A,tecnologia,lateral,vídeo,computador,referência,2,2,1,0,0.01594,1,1,1,10.2,46.4,0,0.0,0.0,7.97,1.0,0.5,0.01594,15.94,0.0
2026-03-09,site B,notícias,topo da página,vídeo,celular,redes sociais,4,4,1,1,0.01591,1,1,1,116.5,41.6,1,0.0,0.25,3.9775,1.0,0.25,0.01591,15.91,1.0
2026-03-09,site C,esportes,lateral,banner,computador,redes sociais,3,2,1,0,0.01455,1,1,1,105.6,44.1,0,0.0,0.0,7.275,0.6666666666666666,0.5,0.01455,14.55,0.0
2026-03-09,site B,esportes,rodapé fixo,nativo,computador,direto,3,2,1,0,0.01445,1,1,1,53.3,59.3,1,0.0,0.0,7.225,0.6666666666666666,0.5,0.01445,14.45,1.0
2026-03-09,site B,finanças,lateral,mídia rica,celular,orgânico,4,3,1,0,0.01429,1,1,1,36.4,34.5,1,1.0,0.0,4.763333333333334,0.75,0.3333333333333333,0.01429,14.290000000000001,1.0
2026-03-09,site C,notícias,meio do artigo,banner,computador,newsletter,3,3,2,0,0.01428,1,1,1,9.3,64.2,0,0.0,0.0,4.76,1.0,0.6666666666666666,0.01428,14.28,0.0
2026-03-09,site A,notícias,meio do artigo,vídeo,computador,redes sociais,1,1,1,0,0.01421,1,1,1,48.8,67.4,0,1.0,0.0,14.21,1.0,1.0,0.01421,14.21,0.0
2026-03-09,site A,entretenimento,meio do artigo,vídeo,computador,newsletter,2,2,1,0,0.01319,1,1,1,28.3,65.3,0,1.0,0.0,6.595,1.0,0.5,0.01319,13.19,0.0
2026-03-09,site A,tecnologia,meio do artigo,banner,celular,orgânico,6,4,4,0,0.0125,1,1,1,16.2,76.5,0,0.0,0.0,3.125,0.6666666666666666,1.0,0.0125,12.5,0.0
2026-03-09,site B,esportes,lateral,banner,celular,newsletter,5,3,1,0,0.01232,1,1,1,61.3,38.9,0,0.0,0.0,4.1066666666666665,0.6,0.3333333333333333,0.01232,12.319999999999999,0.0
2026-03-09,site C,finanças,intersticial,nativo,computador,direto,3,1,0,0,0.01192,1,1,1,63.4,72.5,0,0.0,0.0,11.92,0.3333333333333333,0.0,0.01192,11.92,0.0
2026-03-09,site A,notícias,topo da página,banner,celular,orgânico,5,4,2,0,0.0118,1,1,1,37.2,66.6,0,1.0,0.0,2.9499999999999997,0.8,0.5,0.0118,11.799999999999999,0.0
2026-03-09,site B,notícias,topo da página,nativo,celular,orgânico,6,5,1,0,0.01179,1,1,1,34.4,69.6,0,1.0,0.0,2.358,0.8333333333333334,0.2,0.01179,11.790000000000001,0.0
2026-03-09,site A,estilo de vida,topo da página,banner,computador,newsletter,5,3,2,0,0.01122,1,1,1,33.7,66.3,1,1.0,0.0,3.74,0.6,0.6666666666666666,0.01122,11.22,1.0
2026-03-09,site B,tecnologia,meio do artigo,banner,tablet,orgânico,2,1,0,0,0.01119,1,1,1,55.9,84.2,0,0.0,0.0,11.19,0.5,0.0,0.01119,11.19,0.0
2026-03-09,site B,entretenimento,topo da página,nativo,celular,referência,4,3,1,0,0.01102,1,1,1,68.8,100.0,1,0.0,0.0,3.6733333333333333,0.75,0.3333333333333333,0.01102,11.02,1.0
2026-03-09,site C,notícias,topo da página,banner,celular,orgânico,2,2,1,0,0.01087,1,1,1,35.6,63.1,0,0.0,0.0,5.435,1.0,0.5,0.01087,10.87,0.0
2026-03-09,site A,esportes,meio do artigo,banner,celular,direto,4,2,0,0,0.01077,1,1,1,98.8,75.8,1,1.0,0.0,5.385,0.5,0.0,0.01077,10.77,1.0
2026-03-09,site B,notícias,topo da página,banner,celular,referência,6,4,3,0,0.01068,1,1,1,70.1,45.8,0,0.0,0.0,2.67,0.6666666666666666,0.75,0.01068,10.68,0.0
2026-03-09,site C,entretenimento,meio do artigo,banner,tablet,orgânico,5,5,3,0,0.01053,1,1,1,25.3,61.7,0,1.0,0.0,2.106,1.0,0.6,0.01053,10.53,0.0
2026-03-09,site B,notícias,rodapé fixo,nativo,computador,redes sociais,3,3,2,0,0.00975,1,1,1,27.2,62.3,0,1.0,0.0,3.25,1.0,0.6666666666666666,0.00975,9.75,0.0
2026-03-09,site A,estilo de vida,rodapé fixo,banner,celular,referência,3,3,3,0,0.00974,1,1,1,15.4,17.6,0,0.0,0.0,3.2466666666666666,1.0,1.0,0.00974,9.74,0.0
2026-03-09,site B,tecnologia,lateral,banner,computador,orgânico,2,2,2,0,0.00954,1,1,1,60.1,27.4,1,1.0,0.0,4.77,1.0,1.0,0.00954,9.54,1.0
2026-03-09,site A,notícias,intersticial,nativo,computador,direto,2,1,1,0,0.00931,1,1,1,18.7,54.4,0,0.0,0.0,9.31,0.5,1.0,0.00931,9.31,0.0
2026-03-09,site C,finanças,meio do artigo,vídeo,celular,orgânico,3,2,1,0,0.00888,1,1,1,81.4,94.0,0,0.0,0.0,4.44,0.6666666666666666,0.5,0.00888,8.88,0.0
2026-03-09,site B,esportes,topo da página,nativo,celular,redes sociais,1,1,1,0,0.0087,1,1,1,40.4,27.9,0,0.0,0.0,8.7,1.0,1.0,0.0087,8.7,0.0
2026-03-09,site A,esportes,rodapé fixo,vídeo,computador,newsletter,2,1,0,0,0.00862,1,1,1,125.3,63.2,1,0.0,0.0,8.62,0.5,0.0,0.00862,8.62,1.0
2026-03-09,site C,esportes,lateral,banner,computador,direto,1,1,1,0,0.00827,1,1,1,168.4,80.5,0,0.0,0.0,8.27,1.0,1.0,0.00827,8.27,0.0
2026-03-09,site C,notícias,intersticial,mídia rica,celular,referência,4,1,0,0,0.00804,1,1,1,65.8,1.0,1,0.0,0.0,8.040000000000001,0.25,0.0,0.00804,8.040000000000001,1.0
2026-03-09,site A,estilo de vida,intersticial,banner,tablet,direto,3,2,1,0,0.00783,1,1,1,22.6,72.3,1,0.0,0.0,3.915,0.6666666666666666,0.5,0.00783,7.83,1.0
2026-03-09,site B,notícias,meio do artigo,banner,computador,redes sociais,2,2,2,0,0.0078,1,1,1,149.4,89.3,0,1.0,0.0,3.9,1.0,1.0,0.0078,7.8,0.0
2026-03-09,site B,finanças,lateral,nativo,celular,direto,2,1,0,0,0.00778,1,1,1,68.7,50.7,0,1.0,0.0,7.779999999999999,0.5,0.0,0.00778,7.779999999999999,0.0
2026-03-09,site B,notícias,lateral,vídeo,computador,direto,4,1,1,0,0.00761,1,1,1,37.6,60.2,1,0.0,0.0,7.609999999999999,0.25,1.0,0.00761,7.609999999999999,1.0
2026-03-09,site A,esportes,topo da página,vídeo,celular,redes sociais,3,2,0,0,0.00619,1,1,1,26.4,54.8,1,0.0,0.0,3.095,0.6666666666666666,0.0,0.00619,6.19,1.0
2026-03-09,site C,entretenimento,lateral,banner,computador,orgânico,2,2,1,0,0.00616,1,1,1,155.7,62.0,0,0.0,0.0,3.0799999999999996,1.0,0.5,0.00616,6.159999999999999,0.0
2026-03-09,site A,esportes,topo da página,banner,celular,orgânico,2,1,0,0,0.00596,1,1,1,57.7,38.2,0,0.0,0.0,5.96,0.5,0.0,0.00596,5.96,0.0
2026-03-09,site A,entretenimento,meio do artigo,banner,celular,orgânico,4,3,2,0,0.00582,1,1,1,76.4,100.0,0,1.0,0.0,1.9399999999999997,0.75,0.6666666666666666,0.00582,5.819999999999999,0.0
2026-03-09,site B,estilo de vida,meio do artigo,banner,computador,direto,4,1,1,0,0.00487,1,1,1,41.3,92.7,0,1.0,0.0,4.87,0.25,1.0,0.00487,4.87,0.0
2026-03-09,site C,tecnologia,meio do artigo,mídia rica,computador,orgânico,1,1,1,0,0.00476,1,1,1,134.9,55.9,0,0.0,0.0,4.760000000000001,1.0,1.0,0.00476,4.760000000000001,0.0
2026-03-09,site A,finanças,rodapé fixo,banner,computador,redes sociais,1,1,1,0,0.00464,1,1,1,33.2,55.9,0,0.0,0.0,4.64,1.0,1.0,0.00464,4.64,0.0
2026-03-09,site A,estilo de vida,topo da página,nativo,celular,referência,2,1,1,0,0.00447,1,1,1,125.0,63.8,1,0.0,0.0,4.47,0.5,1.0,0.00447,4.47,1.0
2026-03-09,site B,finanças,meio do artigo,banner,tablet,direto,3,1,0,0,0.00419,1,1,1,60.3,38.8,1,0.0,0.0,4.19,0.3333333333333333,0.0,0.00419,4.19,1.0
2026-03-09,site A,tecnologia,meio do artigo,banner,celular,redes sociais,3,1,0,0,0.00397,1,1,1,58.3,97.1,1,0.0,0.0,3.9699999999999998,0.3333333333333333,0.0,0.00397,3.9699999999999998,1.0
2026-03-09,site B,tecnologia,meio do artigo,nativo,celular,orgânico,1,1,1,0,0.00338,1,1,1,46.3,77.1,1,0.0,0.0,3.3800000000000003,1.0,1.0,0.00338,3.3800000000000003,1.0
2026-03-09,site A,estilo de vida,meio do artigo,banner,celular,orgânico,1,1,0,0,0.00292,1,1,1,51.5,78.5,1,0.0,0.0,2.92,1.0,0.0,0.00292,2.92,1.0
2026-03-09,site B,entretenimento,topo da página,banner,celular,orgânico,3,2,0,0,0.00285,1,1,1,82.6,72.7,0,1.0,0.0,1.425,0.6666666666666666,0.0,0.00285,2.85,0.0
2026-03-09,site B,entretenimento,rodapé fixo,banner,celular,direto,1,1,1,0,0.00281,1,1,1,3.4,87.5,1,1.0,0.0,2.81,1.0,1.0,0.00281,2.81,1.0
2026-03-09,site B,notícias,meio do artigo,banner,celular,direto,2,2,2,0,0.00256,1,1,1,120.5,63.5,1,0.0,0.0,1.28,1.0,1.0,0.00256,2.56,1.0
2026-03-09,site A,tecnologia,rodapé fixo,banner,computador,newsletter,1,1,1,0,0.00211,1,1,1,40.9,70.5,0,1.0,0.0,2.11,1.0,1.0,0.00211,2.11,0.0
2026-03-09,site B,esportes,lateral,nativo,celular,referência,1,1,0,0,0.0018,1,1,1,79.2,71.1,1,0.0,0.0,1.8,1.0,0.0,0.0018,1.8,1.0
2026-03-09,site B,notícias,rodapé fixo,mídia rica,computador,orgânico,1,1,0,0,0.00095,1,1,1,63.3,50.8,0,0.0,0.0,0.95,1.0,0.0,0.00095,0.95,0.0
2026-03-09,site A,tecnologia,lateral,nativo,celular,orgânico,4,1,0,0,0.00089,1,1,1,75.1,42.9,0,0.0,0.0,0.8899999999999999,0.25,0.0,0.00089,0.8899999999999999,0.0
2026-03-09,site A,entretenimento,rodapé fixo,mídia rica,computador,orgânico,1,0,0,0,0.00067,1,1,1,73.3,75.1,1,0.0,0.0,0.0,0.0,0.0,0.00067,0.67,1.0
2026-03-09,site A,estilo de vida,meio do artigo,banner,celular,redes sociais,1,0,0,0,0.00023,1,1,1,116.1,33.2,0,1.0,0.0,0.0,0.0,0.0,0.00023,0.23,0.0
2026-03-09,site B,tecnologia,topo da página,vídeo,computador,referência,1,0,0,0,0.0,1,1,1,95.5,90.1,0,1.0,0.0,0.0,0.0,0.0,0.0,0.0,0.0
2026-03-10,site C,tecnologia,topo da página,banner,computador,redes sociais,6,5,5,0,0.06936,1,1,1,55.1,45.0,0,0.0,0.0,13.872,0.8333333333333334,1.0,0.06936,69.36,0.0
2026-03-10,site B,finanças,meio do artigo,vídeo,computador,redes sociais,5,5,3,0,0.0573,1,1,1,80.9,100.0,0,1.0,0.0,11.459999999999999,1.0,0.6,0.0573,57.3,0.0
2026-03-10,site A,finanças,rodapé fixo,vídeo,computador,orgânico,6,4,4,0,0.054,1,1,1,100.7,75.6,0,1.0,0.0,13.5,0.6666666666666666,1.0,0.054,54.0,0.0
2026-03-10,site B,esportes,rodapé fixo,vídeo,celular,direto,6,5,3,0,0.0469,1,1,1,5.2,66.1,0,0.0,0.0,9.379999999999999,0.8333333333333334,0.6,0.0469,46.9,0.0
2026-03-10,site B,tecnologia,topo da página,banner,celular,orgânico,12,9,5,0,0.045450000000000004,2,2,2,40.6,43.400000000000006,0,0.0,0.0,5.050000000000001,0.75,0.5555555555555556,0.022725000000000002,22.725,0.0
2026-03-10,site B,notícias,lateral,nativo,computador,redes sociais,6,6,4,0,0.04393,1,1,1,68.9,35.4,0,1.0,0.0,7.321666666666666,1.0,0.6666666666666666,0.04393,43.93,0.0
2026-03-10,site A,entretenimento,intersticial,banner,celular,direto,5,5,4,0,0.03393,1,1,1,19.7,13.1,0,1.0,0.0,6.786,1.0,0.8,0.03393,33.93,0.0
2026-03-10,site C,esportes,meio do artigo,vídeo,celular,redes sociais,4,3,1,0,0.03393,1,1,1,160.5,48.9,1,1.0,0.0,11.31,0.75,0.3333333333333333,0.03393,33.93,1.0
2026-03-10,site A,tecnologia,meio do artigo,mídia rica,celular,orgânico,5,4,1,0,0.03366,1,1,1,48.5,35.7,1,0.0,0.0,8.415000000000001,0.8,0.25,0.03366,33.660000000000004,1.0
2026-03-10,site B,esportes,rodapé fixo,vídeo,celular,redes sociais,5,5,5,0,0.03135,1,1,1,66.5,80.4,0,0.0,0.0,6.2700000000000005,1.0,1.0,0.03135,31.35,0.0
2026-03-10,site A,tecnologia,meio do artigo,vídeo,computador,referência,3,3,2,0,0.03104,1,1,1,80.4,6.1,0,1.0,0.0,10.346666666666668,1.0,0.6666666666666666,0.03104,31.040000000000003,0.0
2026-03-10,site C,tecnologia,rodapé fixo,banner,computador,redes sociais,6,4,3,0,0.03083,1,1,1,32.0,49.3,1,1.0,0.0,7.7075,0.6666666666666666,0.75,0.03083,30.83,1.0
2026-03-10,site C,esportes,meio do artigo,banner,computador,direto,6,6,3,0,0.03016,1,1,1,99.2,36.3,0,1.0,0.0,5.026666666666666,1.0,0.5,0.03016,30.16,0.0
2026-03-10,site B,esportes,topo da página,mídia rica,celular,orgânico,3,3,2,0,0.02848,1,1,1,18.7,65.3,1,0.0,0.0,9.493333333333332,1.0,0.6666666666666666,0.02848,28.479999999999997,1.0
2026-03-10,site B,estilo de vida,lateral,vídeo,celular,newsletter,6,6,2,1,0.02736,1,1,1,63.7,70.1,1,0.0,0.16666666666666666,4.56,1.0,0.3333333333333333,0.02736,27.36,1.0
2026-03-10,site A,tecnologia,meio do artigo,vídeo,tablet,orgânico,3,3,0,0,0.0266,1,1,1,131.0,82.3,0,1.0,0.0,8.866666666666665,1.0,0.0,0.0266,26.599999999999998,0.0
2026-03-10,site C,notícias,topo da página,vídeo,tablet,referência,4,3,2,0,0.02586,1,1,1,21.5,66.8,0,0.0,0.0,8.62,0.75,0.6666666666666666,0.02586,25.86,0.0
2026-03-10,site A,tecnologia,rodapé fixo,vídeo,computador,redes sociais,5,4,2,0,0.02545,1,1,1,27.7,55.4,1,0.0,0.0,6.3625,0.8,0.5,0.02545,25.45,1.0
2026-03-10,site B,tecnologia,topo da página,vídeo,computador,orgânico,6,4,2,0,0.0253,1,1,1,206.0,50.5,1,0.0,0.0,6.325,0.6666666666666666,0.5,0.0253,25.3,1.0
2026-03-10,site C,notícias,rodapé fixo,vídeo,computador,referência,5,4,3,0,0.02508,1,1,1,121.1,51.0,0,1.0,0.0,6.2700000000000005,0.8,0.75,0.02508,25.080000000000002,0.0
2026-03-10,site C,finanças,topo da página,nativo,computador,referência,5,3,3,0,0.02461,1,1,1,30.6,61.7,0,1.0,0.0,8.203333333333333,0.6,1.0,0.02461,24.61,0.0
2026-03-10,site C,notícias,lateral,banner,computador,orgânico,6,4,2,0,0.0235,2,2,2,93.85,66.85,0,0.0,0.0,5.875,0.6666666666666666,0.5,0.01175,11.75,0.0
2026-03-10,site B,esportes,meio do artigo,banner,tablet,direto,9,4,3,0,0.02312,2,2,2,30.4,36.35,0,1.0,0.0,5.78,0.4444444444444444,0.75,0.01156,11.56,0.0
2026-03-10,site A,notícias,rodapé fixo,vídeo,computador,orgânico,4,4,4,1,0.02224,2,2,2,48.25,70.95,0,1.0,0.25,5.56,1.0,1.0,0.01112,11.12,0.0
2026-03-10,site A,finanças,topo da página,banner,celular,orgânico,5,5,4,0,0.02167,1,1,1,13.7,42.8,1,0.0,0.0,4.334,1.0,0.8,0.02167,21.669999999999998,1.0
2026-03-10,site B,esportes,lateral,nativo,celular,newsletter,4,3,2,0,0.02167,1,1,1,31.4,81.5,1,0.0,0.0,7.223333333333333,0.75,0.6666666666666666,0.02167,21.669999999999998,1.0
2026-03-10,site B,estilo de vida,meio do artigo,mídia rica,tablet,redes sociais,5,4,2,0,0.01986,1,1,1,61.8,63.5,0,0.0,0.0,4.965,0.8,0.5,0.01986,19.86,0.0
2026-03-10,site C,finanças,topo da página,mídia rica,celular,redes sociais,4,3,1,0,0.01979,1,1,1,174.6,26.2,1,1.0,0.0,6.596666666666667,0.75,0.3333333333333333,0.01979,19.79,1.0
2026-03-10,site C,notícias,topo da página,mídia rica,computador,referência,5,4,3,0,0.01955,1,1,1,31.3,45.2,0,1.0,0.0,4.8875,0.8,0.75,0.01955,19.55,0.0
2026-03-10,site B,esportes,meio do artigo,nativo,tablet,direto,5,4,3,0,0.01893,1,1,1,70.6,36.8,0,0.0,0.0,4.7325,0.8,0.75,0.01893,18.93,0.0
2026-03-10,site C,tecnologia,rodapé fixo,nativo,computador,direto,4,3,2,0,0.01878,1,1,1,13.7,64.3,0,0.0,0.0,6.260000000000001,0.75,0.6666666666666666,0.01878,18.78,0.0
2026-03-10,site C,esportes,intersticial,banner,computador,redes sociais,3,2,1,0,0.01829,1,1,1,108.6,46.5,1,0.0,0.0,9.145,0.6666666666666666,0.5,0.01829,18.29,1.0
2026-03-10,site B,esportes,meio do artigo,mídia rica,computador,direto,1,1,0,0,0.0182,1,1,1,20.7,53.4,0,1.0,0.0,18.2,1.0,0.0,0.0182,18.2,0.0
2026-03-10,site C,notícias,lateral,mídia rica,celular,direto,6,4,1,0,0.0179,1,1,1,50.0,71.5,1,1.0,0.0,4.475,0.6666666666666666,0.25,0.0179,17.9,1.0
2026-03-10,site B,notícias,topo da página,vídeo,celular,direto,3,3,3,0,0.01778,1,1,1,58.1,37.4,0,1.0,0.0,5.926666666666667,1.0,1.0,0.01778,17.78,0.0
2026-03-10,site A,estilo de vida,topo da página,banner,computador,redes sociais,3,3,2,1,0.01766,1,1,1,38.7,44.4,0,0.0,0.3333333333333333,5.886666666666667,1.0,0.6666666666666666,0.01766,17.66,0.0
2026-03-10,site A,entretenimento,lateral,nativo,computador,newsletter,5,4,2,0,0.01668,1,1,1,60.8,66.3,0,0.0,0.0,4.17,0.8,0.5,0.01668,16.68,0.0
2026-03-10,site C,tecnologia,rodapé fixo,nativo,computador,orgânico,2,2,1,0,0.01661,1,1,1,41.3,92.2,0,0.0,0.0,8.305,1.0,0.5,0.01661,16.61,0.0
2026-03-10,site A,notícias,lateral,nativo,celular,redes sociais,5,4,1,0,0.01611,1,1,1,24.7,31.3,0,0.0,0.0,4.0275,0.8,0.25,0.01611,16.11,0.0
2026-03-10,site C,esportes,rodapé fixo,nativo,computador,direto,5,4,4,0,0.01609,1,1,1,35.8,93.4,0,0.0,0.0,4.0225,0.8,1.0,0.01609,16.09,0.0
2026-03-10,site B,entretenimento,topo da página,mídia rica,celular,orgânico,3,3,2,0,0.01601,1,1,1,120.8,25.8,0,0.0,0.0,5.336666666666667,1.0,0.6666666666666666,0.01601,16.01,0.0
2026-03-10,site C,tecnologia,meio do artigo,nativo,celular,orgânico,3,2,1,0,0.01562,1,1,1,47.3,71.0,0,1.0,0.0,7.8100000000000005,0.6666666666666666,0.5,0.01562,15.620000000000001,0.0
2026-03-10,site B,estilo de vida,lateral,banner,celular,redes sociais,5,5,3,0,0.01528,1,1,1,77.0,62.2,1,0.0,0.0,3.056,1.0,0.6,0.01528,15.28,1.0
2026-03-10,site B,finanças,topo da página,banner,tablet,redes sociais,5,3,1,0,0.01523,1,1,1,61.5,94.3,0,0.0,0.0,5.076666666666667,0.6,0.3333333333333333,0.01523,15.23,0.0
2026-03-10,site B,entretenimento,lateral,banner,computador,redes sociais,5,3,1,0,0.01521,1,1,1,134.6,72.8,0,1.0,0.0,5.069999999999999,0.6,0.3333333333333333,0.01521,15.209999999999999,0.0
2026-03-10,site A,tecnologia,topo da página,nativo,computador,redes sociais,4,4,2,0,0.01481,1,1,1,75.0,81.4,0,0.0,0.0,3.7025,1.0,0.5,0.01481,14.81,0.0
2026-03-10,site A,entretenimento,topo da página,banner,celular,orgânico,2,2,1,0,0.01478,1,1,1,80.9,69.2,0,0.0,0.0,7.39,1.0,0.5,0.01478,14.78,0.0
2026-03-10,site B,entretenimento,topo da página,nativo,celular,newsletter,4,3,2,0,0.01463,1,1,1,31.1,70.4,0,0.0,0.0,4.876666666666667,0.75,0.6666666666666666,0.01463,14.63,0.0
2026-03-10,site B,esportes,lateral,banner,computador,direto,6,5,4,0,0.01463,1,1,1,62.8,84.0,0,0.0,0.0,2.926,0.8333333333333334,0.8,0.01463,14.63,0.0
2026-03-10,site B,tecnologia,lateral,nativo,celular,orgânico,6,3,1,0,0.0144,1,1,1,134.8,88.9,1,1.0,0.0,4.8,0.5,0.3333333333333333,0.0144,14.4,1.0
2026-03-10,site B,esportes,topo da página,banner,celular,orgânico,5,5,3,0,0.01433,1,1,1,156.8,71.0,0,1.0,0.0,2.866,1.0,0.6,0.01433,14.33,0.0
2026-03-10,site C,tecnologia,intersticial,vídeo,computador,orgânico,6,3,2,0,0.0143,1,1,1,97.1,42.6,0,0.0,0.0,4.766666666666667,0.5,0.6666666666666666,0.0143,14.3,0.0
2026-03-10,site C,estilo de vida,topo da página,banner,computador,orgânico,6,5,3,0,0.01409,1,1,1,9.1,55.3,1,1.0,0.0,2.818,0.8333333333333334,0.6,0.01409,14.09,1.0
2026-03-10,site C,entretenimento,rodapé fixo,banner,celular,direto,6,5,3,0,0.01397,1,1,1,38.1,68.2,0,0.0,0.0,2.794,0.8333333333333334,0.6,0.01397,13.97,0.0
2026-03-10,site B,esportes,lateral,nativo,celular,orgânico,5,3,1,0,0.0137,1,1,1,6.5,73.9,0,1.0,0.0,4.566666666666667,0.6,0.3333333333333333,0.0137,13.700000000000001,0.0
2026-03-10,site B,notícias,meio do artigo,nativo,celular,referência,2,2,1,0,0.01266,1,1,1,78.8,66.0,1,1.0,0.0,6.33,1.0,0.5,0.01266,12.66,1.0
2026-03-10,site C,tecnologia,topo da página,vídeo,celular,orgânico,4,2,1,0,0.0125,1,1,1,74.7,54.0,1,1.0,0.0,6.25,0.5,0.5,0.0125,12.5,1.0
2026-03-10,site C,esportes,rodapé fixo,banner,computador,direto,4,2,1,0,0.01233,1,1,1,50.3,63.1,0,0.0,0.0,6.165,0.5,0.5,0.01233,12.33,0.0
2026-03-10,site A,estilo de vida,lateral,nativo,computador,orgânico,2,2,0,0,0.01232,1,1,1,131.8,70.8,0,0.0,0.0,6.159999999999999,1.0,0.0,0.01232,12.319999999999999,0.0
2026-03-10,site C,entretenimento,rodapé fixo,banner,celular,referência,3,2,1,0,0.01232,1,1,1,69.7,58.0,1,1.0,0.0,6.159999999999999,0.6666666666666666,0.5,0.01232,12.319999999999999,1.0
2026-03-10,site C,finanças,lateral,banner,celular,newsletter,4,3,1,0,0.01173,1,1,1,111.0,66.7,0,1.0,0.0,3.91,0.75,0.3333333333333333,0.01173,11.73,0.0
2026-03-10,site B,esportes,meio do artigo,nativo,computador,direto,4,3,2,0,0.01162,1,1,1,39.7,26.8,1,0.0,0.0,3.8733333333333335,0.75,0.6666666666666666,0.01162,11.620000000000001,1.0
2026-03-10,site B,esportes,meio do artigo,vídeo,celular,orgânico,6,3,2,0,0.01147,1,1,1,10.3,100.0,1,0.0,0.0,3.823333333333333,0.5,0.6666666666666666,0.01147,11.469999999999999,1.0
2026-03-10,site C,entretenimento,topo da página,banner,computador,orgânico,5,4,3,0,0.01123,1,1,1,44.9,73.4,0,0.0,0.0,2.8075,0.8,0.75,0.01123,11.23,0.0
2026-03-10,site A,esportes,topo da página,nativo,computador,direto,4,1,1,0,0.01001,1,1,1,146.1,77.1,1,1.0,0.0,10.01,0.25,1.0,0.01001,10.01,1.0
2026-03-10,site A,estilo de vida,topo da página,banner,celular,direto,3,3,1,0,0.00978,1,1,1,56.4,92.0,0,0.0,0.0,3.2600000000000002,1.0,0.3333333333333333,0.00978,9.780000000000001,0.0
2026-03-10,site A,notícias,intersticial,banner,computador,redes sociais,2,2,2,0,0.00973,1,1,1,72.8,84.1,0,0.0,0.0,4.865,1.0,1.0,0.00973,9.73,0.0
2026-03-10,site B,finanças,topo da página,vídeo,celular,newsletter,1,1,1,0,0.00972,1,1,1,20.1,31.3,0,0.0,0.0,9.719999999999999,1.0,1.0,0.00972,9.719999999999999,0.0
2026-03-10,site B,esportes,rodapé fixo,nativo,celular,direto,2,2,1,0,0.00955,1,1,1,104.7,22.2,1,0.0,0.0,4.7749999999999995,1.0,0.5,0.00955,9.549999999999999,1.0
2026-03-10,site A,estilo de vida,rodapé fixo,banner,computador,orgânico,5,4,1,0,0.00926,1,1,1,134.8,69.9,0,1.0,0.0,2.315,0.8,0.25,0.00926,9.26,0.0
2026-03-10,site A,notícias,topo da página,vídeo,computador,orgânico,1,1,1,0,0.00904,1,1,1,75.3,28.8,0,0.0,0.0,9.04,1.0,1.0,0.00904,9.04,0.0
2026-03-10,site B,esportes,topo da página,banner,celular,redes sociais,6,3,2,0,0.00902,1,1,1,21.9,34.5,0,0.0,0.0,3.0066666666666664,0.5,0.6666666666666666,0.00902,9.02,0.0
2026-03-10,site A,notícias,meio do artigo,vídeo,computador,referência,3,2,2,0,0.00899,2,2,2,54.05,71.6,1,1.0,0.0,4.495,0.6666666666666666,1.0,0.004495,4.495,0.5
2026-03-10,site C,estilo de vida,meio do artigo,nativo,celular,orgânico,1,1,1,0,0.00855,1,1,1,26.2,71.8,1,1.0,0.0,8.55,1.0,1.0,0.00855,8.55,1.0
2026-03-10,site B,esportes,topo da página,banner,computador,newsletter,2,1,0,0,0.00849,1,1,1,58.1,36.8,1,0.0,0.0,8.489999999999998,0.5,0.0,0.00849,8.489999999999998,1.0
2026-03-10,site C,esportes,meio do artigo,mídia rica,celular,redes sociais,1,1,1,0,0.00841,1,1,1,9.0,88.1,1,1.0,0.0,8.41,1.0,1.0,0.00841,8.41,1.0
2026-03-10,site B,notícias,topo da página,banner,computador,orgânico,4,4,4,1,0.00809,1,1,1,80.5,36.4,1,1.0,0.25,2.0225,1.0,1.0,0.00809,8.09,1.0
2026-03-10,site C,notícias,topo da página,banner,celular,direto,4,3,3,0,0.00799,1,1,1,147.9,56.5,1,0.0,0.0,2.6633333333333336,0.75,1.0,0.00799,7.99,1.0
2026-03-10,site C,notícias,meio do artigo,nativo,celular,redes sociais,3,2,2,0,0.00753,1,1,1,20.2,67.6,0,1.0,0.0,3.765,0.6666666666666666,1.0,0.00753,7.53,0.0
2026-03-10,site A,tecnologia,meio do artigo,nativo,celular,redes sociais,2,2,0,0,0.0074,1,1,1,129.5,100.0,1,0.0,0.0,3.7,1.0,0.0,0.0074,7.4,1.0
2026-03-10,site A,esportes,rodapé fixo,banner,tablet,referência,3,2,1,0,0.00738,1,1,1,89.0,63.8,1,0.0,0.0,3.69,0.6666666666666666,0.5,0.00738,7.38,1.0
2026-03-10,site B,notícias,lateral,vídeo,computador,referência,3,1,1,0,0.00737,1,1,1,56.1,64.1,0,0.0,0.0,7.37,0.3333333333333333,1.0,0.00737,7.37,0.0
2026-03-10,site B,notícias,meio do artigo,banner,celular,direto,5,3,1,0,0.00695,1,1,1,45.7,74.8,1,0.0,0.0,2.3166666666666664,0.6,0.3333333333333333,0.00695,6.949999999999999,1.0
2026-03-10,site A,esportes,rodapé fixo,mídia rica,celular,redes sociais,5,4,4,0,0.00679,1,1,1,21.3,90.1,0,1.0,0.0,1.6975,0.8,1.0,0.00679,6.79,0.0
2026-03-10,site C,entretenimento,lateral,banner,computador,referência,4,3,2,0,0.00678,1,1,1,6.9,49.4,1,1.0,0.0,2.26,0.75,0.6666666666666666,0.00678,6.779999999999999,1.0
2026-03-10,site A,notícias,rodapé fixo,banner,computador,referência,5,2,2,0,0.00654,1,1,1,37.2,63.5,0,0.0,0.0,3.27,0.4,1.0,0.00654,6.54,0.0
2026-03-10,site A,tecnologia,meio do artigo,banner,celular,newsletter,1,1,1,0,0.00633,1,1,1,46.3,32.7,0,1.0,0.0,6.33,1.0,1.0,0.00633,6.33,0.0
2026-03-10,site A,esportes,meio do artigo,nativo,celular,direto,2,2,2,0,0.00631,1,1,1,70.5,86.2,1,1.0,0.0,3.155,1.0,1.0,0.00631,6.31,1.0
2026-03-10,site C,entretenimento,topo da página,banner,computador,newsletter,3,3,2,0,0.00619,1,1,1,48.3,24.8,0,1.0,0.0,2.0633333333333335,1.0,0.6666666666666666,0.00619,6.19,0.0
2026-03-10,site B,esportes,lateral,banner,computador,orgânico,1,1,1,0,0.00607,1,1,1,91.7,34.5,0,0.0,0.0,6.07,1.0,1.0,0.00607,6.07,0.0
2026-03-10,site C,esportes,topo da página,vídeo,celular,redes sociais,2,1,1,0,0.00601,1,1,1,31.2,74.1,1,1.0,0.0,6.01,0.5,1.0,0.00601,6.01,1.0
2026-03-10,site A,notícias,meio do artigo,banner,computador,orgânico,2,1,1,0,0.00599,1,1,1,36.3,44.8,0,0.0,0.0,5.989999999999999,0.5,1.0,0.00599,5.989999999999999,0.0
2026-03-10,site A,tecnologia,lateral,banner,computador,newsletter,1,1,1,0,0.00596,1,1,1,34.8,49.4,0,0.0,0.0,5.96,1.0,1.0,0.00596,5.96,0.0
2026-03-10,site C,entretenimento,lateral,banner,celular,direto,4,2,2,0,0.00555,1,1,1,43.2,66.6,1,0.0,0.0,2.775,0.5,1.0,0.00555,5.55,1.0
2026-03-10,site B,finanças,lateral,banner,celular,orgânico,3,2,0,0,0.00525,1,1,1,17.2,74.8,1,0.0,0.0,2.625,0.6666666666666666,0.0,0.00525,5.25,1.0
2026-03-10,site A,tecnologia,topo da página,banner,computador,newsletter,1,1,1,0,0.00496,1,1,1,25.7,53.2,0,0.0,0.0,4.96,1.0,1.0,0.00496,4.96,0.0
2026-03-10,site A,entretenimento,topo da página,nativo,celular,referência,1,1,1,0,0.00471,1,1,1,19.8,32.7,0,0.0,0.0,4.71,1.0,1.0,0.00471,4.71,0.0
2026-03-10,site A,notícias,topo da página,banner,celular,orgânico,1,1,1,0,0.0046,1,1,1,72.8,50.5,0,0.0,0.0,4.6,1.0,1.0,0.0046,4.6,0.0
2026-03-10,site A,entretenimento,intersticial,banner,computador,orgânico,4,2,0,0,0.00426,1,1,1,63.1,56.1,0,1.0,0.0,2.13,0.5,0.0,0.00426,4.26,0.0
2026-03-10,site A,estilo de vida,meio do artigo,nativo,computador,referência,2,1,1,0,0.00416,1,1,1,11.8,41.4,0,1.0,0.0,4.159999999999999,0.5,1.0,0.00416,4.159999999999999,0.0
2026-03-10,site A,tecnologia,meio do artigo,banner,computador,orgânico,1,1,1,0,0.00371,1,1,1,19.1,51.8,1,0.0,0.0,3.7100000000000004,1.0,1.0,0.00371,3.7100000000000004,1.0
2026-03-10,site A,estilo de vida,meio do artigo,banner,computador,redes sociais,3,2,1,0,0.00341,2,2,2,58.0,52.150000000000006,0,0.5,0.0,1.7049999999999998,0.6666666666666666,0.5,0.001705,1.7049999999999998,0.0
2026-03-10,site B,notícias,meio do artigo,banner,celular,redes sociais,1,1,1,0,0.00276,1,1,1,67.5,71.0,0,1.0,0.0,2.76,1.0,1.0,0.00276,2.76,0.0
2026-03-10,site A,finanças,lateral,banner,celular,redes sociais,1,1,0,0,0.00245,1,1,1,51.1,43.6,0,1.0,0.0,2.4499999999999997,1.0,0.0,0.00245,2.4499999999999997,0.0
2026-03-10,site C,notícias,rodapé fixo,banner,celular,newsletter,2,1,0,0,0.00189,1,1,1,29.5,59.3,0,1.0,0.0,1.89,0.5,0.0,0.00189,1.89,0.0
2026-03-10,site A,notícias,lateral,banner,celular,referência,1,0,0,0,0.00163,1,1,1,26.5,52.5,0,0.0,0.0,0.0,0.0,0.0,0.00163,1.63,0.0
2026-03-10,site B,tecnologia,meio do artigo,banner,computador,referência,1,0,0,0,0.00044,1,1,1,109.0,28.3,0,0.0,0.0,0.0,0.0,0.0,0.00044,0.44,0.0
2026-03-10,site A,notícias,intersticial,banner,computador,referência,3,0,0,0,0.0,1,1,1,46.0,71.4,0,1.0,0.0,0.0,0.0,0.0,0.0,0.0,0.0
2026-03-10,site A,tecnologia,intersticial,banner,computador,orgânico,3,0,0,0,0.0,1,1,1,172.1,60.8,1,0.0,0.0,0.0,0.0,0.0,0.0,0.0,1.0
2026-03-10,site B,tecnologia,lateral,mídia rica,computador,orgânico,1,0,0,0,0.0,1,1,1,40.9,60.0,0,0.0,0.0,0.0,0.0,0.0,0.0,0.0,0.0
2026-03-10,site C,estilo de vida,rodapé fixo,banner,computador,referência,1,0,0,0,0.0,1,1,1,106.9,84.2,0,0.0,0.0,0.0,0.0,0.0,0.0,0.0,0.0
2026-03-11,site B,tecnologia,meio do artigo,mídia rica,computador,direto,6,5,3,0,0.08309,1,1,1,47.7,73.8,0,1.0,0.0,16.618000000000002,0.8333333333333334,0.6,0.08309,83.09,0.0
2026-03-11,site B,esportes,meio do artigo,vídeo,computador,redes sociais,6,6,6,0,0.08164,1,1,1,29.9,61.2,1,0.0,0.0,13.606666666666667,1.0,1.0,0.08164,81.64,1.0
2026-03-11,site C,finanças,rodapé fixo,vídeo,celular,newsletter,5,4,3,0,0.06276,1,1,1,94.8,60.7,0,0.0,0.0,15.69,0.8,0.75,0.06276,62.76,0.0
2026-03-11,site B,tecnologia,rodapé fixo,nativo,computador,redes sociais,5,5,3,0,0.04948,1,1,1,103.4,64.8,0,0.0,0.0,9.896,1.0,0.6,0.04948,49.480000000000004,0.0
2026-03-11,site C,tecnologia,rodapé fixo,banner,celular,redes sociais,6,5,2,0,0.04591,1,1,1,47.8,32.9,1,0.0,0.0,9.181999999999999,0.8333333333333334,0.4,0.04591,45.91,1.0
2026-03-11,site A,finanças,topo da página,banner,celular,orgânico,5,5,4,0,0.03618,1,1,1,69.1,73.8,0,1.0,0.0,7.236,1.0,0.8,0.03618,36.18,0.0
2026-03-11,site A,tecnologia,lateral,banner,celular,orgânico,6,6,4,0,0.03276,1,1,1,27.8,40.4,1,0.0,0.0,5.46,1.0,0.6666666666666666,0.03276,32.76,1.0
2026-03-11,site A,esportes,rodapé fixo,nativo,tablet,direto,4,4,3,0,0.03093,1,1,1,29.3,68.2,0,0.0,0.0,7.7325,1.0,0.75,0.03093,30.93,0.0
2026-03-11,site B,estilo de vida,rodapé fixo,banner,computador,orgânico,5,4,4,0,0.02988,1,1,1,14.9,53.6,0,0.0,0.0,7.47,0.8,1.0,0.02988,29.88,0.0
2026-03-11,site B,estilo de vida,lateral,banner,computador,orgânico,3,3,1,0,0.02739,1,1,1,27.0,47.6,0,0.0,0.0,9.13,1.0,0.3333333333333333,0.02739,27.39,0.0
2026-03-11,site C,estilo de vida,lateral,vídeo,celular,orgânico,2,2,2,0,0.02734,1,1,1,94.6,50.3,1,0.0,0.0,13.67,1.0,1.0,0.02734,27.34,1.0
2026-03-11,site A,notícias,meio do artigo,mídia rica,computador,referência,3,2,2,1,0.02663,1,1,1,16.6,47.4,1,0.0,0.5,13.315000000000001,0.6666666666666666,1.0,0.02663,26.630000000000003,1.0
2026-03-11,site A,esportes,topo da página,nativo,celular,orgânico,4,4,3,0,0.02568,1,1,1,34.2,87.3,1,0.0,0.0,6.42,1.0,0.75,0.02568,25.68,1.0
2026-03-11,site C,tecnologia,topo da página,nativo,computador,redes sociais,4,3,3,0,0.02403,1,1,1,51.8,58.7,1,1.0,0.0,8.01,0.75,1.0,0.02403,24.029999999999998,1.0
2026-03-11,site C,entretenimento,meio do artigo,vídeo,tablet,orgânico,5,4,1,0,0.02378,1,1,1,108.9,25.4,0,1.0,0.0,5.944999999999999,0.8,0.25,0.02378,23.779999999999998,0.0
2026-03-11,site B,entretenimento,meio do artigo,nativo,celular,orgânico,4,4,2,0,0.02323,1,1,1,30.9,76.6,0,0.0,0.0,5.8075,1.0,0.5,0.02323,23.23,0.0
2026-03-11,site B,finanças,meio do artigo,nativo,computador,referência,2,2,2,0,0.02309,1,1,1,116.3,21.7,1,1.0,0.0,11.545,1.0,1.0,0.02309,23.09,1.0
2026-03-11,site A,estilo de vida,lateral,vídeo,celular,orgânico,5,5,3,0,0.02296,1,1,1,101.4,50.0,0,1.0,0.0,4.5920000000000005,1.0,0.6,0.02296,22.96,0.0
2026-03-11,site B,notícias,meio do artigo,banner,computador,referência,3,3,3,0,0.02278,1,1,1,119.8,59.7,0,0.0,0.0,7.593333333333334,1.0,1.0,0.02278,22.78,0.0
2026-03-11,site C,esportes,topo da página,nativo,computador,orgânico,5,5,3,0,0.02253,1,1,1,68.7,69.9,0,1.0,0.0,4.506,1.0,0.6,0.02253,22.53,0.0
2026-03-11,site B,estilo de vida,meio do artigo,vídeo,computador,newsletter,4,3,2,0,0.02248,1,1,1,71.4,56.2,1,0.0,0.0,7.493333333333333,0.75,0.6666666666666666,0.02248,22.48,1.0
2026-03-11,site B,notícias,intersticial,banner,computador,orgânico,6,4,3,0,0.02216,1,1,1,27.9,77.0,0,0.0,0.0,5.54,0.6666666666666666,0.75,0.02216,22.16,0.0
2026-03-11,site B,tecnologia,topo da página,vídeo,computador,redes sociais,4,4,3,0,0.02154,1,1,1,36.0,51.8,0,1.0,0.0,5.385,1.0,0.75,0.02154,21.54,0.0
2026-03-11,site A,entretenimento,meio do artigo,vídeo,computador,orgânico,3,2,2,0,0.02113,1,1,1,58.0,59.4,0,0.0,0.0,10.565,0.6666666666666666,1.0,0.02113,21.13,0.0
2026-03-11,site A,tecnologia,topo da página,nativo,computador,orgânico,6,5,2,0,0.02087,1,1,1,63.2,51.9,0,1.0,0.0,4.174,0.8333333333333334,0.4,0.02087,20.87,0.0
2026-03-11,site A,esportes,topo da página,banner,computador,direto,3,3,1,0,0.02065,1,1,1,41.7,68.1,1,0.0,0.0,6.883333333333334,1.0,0.3333333333333333,0.02065,20.650000000000002,1.0
2026-03-11,site A,esportes,meio do artigo,vídeo,computador,orgânico,6,6,4,0,0.02029,1,1,1,66.1,71.9,1,0.0,0.0,3.3816666666666664,1.0,0.6666666666666666,0.02029,20.29,1.0
2026-03-11,site B,estilo de vida,meio do artigo,vídeo,celular,referência,2,2,2,0,0.02019,1,1,1,71.5,71.5,0,0.0,0.0,10.095,1.0,1.0,0.02019,20.19,0.0
2026-03-11,site B,notícias,rodapé fixo,nativo,computador,referência,4,3,3,0,0.01917,1,1,1,6.6,52.9,1,0.0,0.0,6.39,0.75,1.0,0.01917,19.169999999999998,1.0
2026-03-11,site A,tecnologia,topo da página,vídeo,celular,redes sociais,4,4,4,0,0.01896,1,1,1,35.7,64.0,0,1.0,0.0,4.74,1.0,1.0,0.01896,18.96,0.0
2026-03-11,site B,notícias,lateral,banner,celular,newsletter,6,5,3,0,0.01862,1,1,1,43.7,54.7,1,0.0,0.0,3.724,0.8333333333333334,0.6,0.01862,18.62,1.0
2026-03-11,site A,tecnologia,rodapé fixo,nativo,computador,orgânico,5,5,5,0,0.01839,1,1,1,21.2,70.6,1,1.0,0.0,3.678,1.0,1.0,0.01839,18.39,1.0
2026-03-11,site B,tecnologia,rodapé fixo,banner,celular,orgânico,5,5,4,0,0.01725,1,1,1,33.2,53.5,0,0.0,0.0,3.45,1.0,0.8,0.01725,17.25,0.0
2026-03-11,site A,entretenimento,meio do artigo,nativo,celular,referência,2,2,1,0,0.01695,1,1,1,35.8,64.7,0,0.0,0.0,8.475,1.0,0.5,0.01695,16.95,0.0
2026-03-11,site B,entretenimento,rodapé fixo,banner,celular,orgânico,6,6,5,0,0.01679,1,1,1,81.3,65.7,1,1.0,0.0,2.7983333333333333,1.0,0.8333333333333334,0.01679,16.79,1.0
2026-03-11,site A,entretenimento,topo da página,banner,computador,referência,6,6,5,0,0.01674,1,1,1,76.0,51.5,0,0.0,0.0,2.7900000000000005,1.0,0.8333333333333334,0.01674,16.740000000000002,0.0
2026-03-11,site C,esportes,topo da página,nativo,celular,referência,5,4,3,0,0.01644,1,1,1,75.1,73.3,1,1.0,0.0,4.11,0.8,0.75,0.01644,16.44,1.0
2026-03-11,site A,esportes,meio do artigo,banner,computador,redes sociais,3,3,2,1,0.01577,1,1,1,21.5,52.1,0,0.0,0.3333333333333333,5.256666666666667,1.0,0.6666666666666666,0.01577,15.77,0.0
2026-03-11,site A,entretenimento,meio do artigo,banner,celular,orgânico,4,4,4,0,0.0154,1,1,1,107.4,37.2,0,0.0,0.0,3.85,1.0,1.0,0.0154,15.4,0.0
2026-03-11,site A,notícias,rodapé fixo,banner,celular,redes sociais,6,4,2,0,0.01511,1,1,1,61.6,45.1,0,0.0,0.0,3.7775,0.6666666666666666,0.5,0.01511,15.11,0.0
2026-03-11,site A,estilo de vida,meio do artigo,nativo,celular,redes sociais,4,2,2,0,0.01469,1,1,1,48.5,29.8,0,0.0,0.0,7.345,0.5,1.0,0.01469,14.69,0.0
2026-03-11,site A,notícias,meio do artigo,nativo,computador,orgânico,4,3,3,0,0.01441,1,1,1,77.4,50.2,0,0.0,0.0,4.803333333333333,0.75,1.0,0.01441,14.409999999999998,0.0
2026-03-11,site B,notícias,lateral,banner,celular,referência,5,4,1,0,0.01441,1,1,1,23.2,57.4,0,1.0,0.0,3.6024999999999996,0.8,0.25,0.01441,14.409999999999998,0.0
2026-03-11,site A,notícias,meio do artigo,banner,computador,direto,5,4,2,0,0.01311,1,1,1,37.5,47.3,0,0.0,0.0,3.2775,0.8,0.5,0.01311,13.11,0.0
2026-03-11,site A,finanças,lateral,banner,computador,referência,4,3,3,0,0.01292,1,1,1,172.6,57.1,1,0.0,0.0,4.306666666666667,0.75,1.0,0.01292,12.92,1.0
2026-03-11,site B,estilo de vida,rodapé fixo,nativo,celular,orgânico,6,4,3,0,0.01287,1,1,1,164.1,81.4,0,0.0,0.0,3.2175,0.6666666666666666,0.75,0.01287,12.87,0.0
2026-03-11,site A,esportes,meio do artigo,banner,computador,orgânico,6,4,3,0,0.01232,1,1,1,40.1,91.3,0,1.0,0.0,3.0799999999999996,0.6666666666666666,0.75,0.01232,12.319999999999999,0.0
2026-03-11,site B,notícias,meio do artigo,mídia rica,celular,orgânico,5,3,3,0,0.01232,1,1,1,6.9,78.6,0,0.0,0.0,4.1066666666666665,0.6,1.0,0.01232,12.319999999999999,0.0
2026-03-11,site B,notícias,meio do artigo,mídia rica,celular,direto,2,2,1,0,0.01203,1,1,1,103.0,66.9,1,0.0,0.0,6.015000000000001,1.0,0.5,0.01203,12.030000000000001,1.0
2026-03-11,site A,esportes,topo da página,vídeo,celular,newsletter,2,2,2,0,0.01202,1,1,1,91.5,66.5,0,1.0,0.0,6.01,1.0,1.0,0.01202,12.02,0.0
2026-03-11,site B,estilo de vida,meio do artigo,banner,celular,orgânico,6,3,2,0,0.01056,1,1,1,46.0,8.4,0,0.0,0.0,3.52,0.5,0.6666666666666666,0.01056,10.56,0.0
2026-03-11,site C,entretenimento,rodapé fixo,banner,celular,orgânico,4,3,3,0,0.01046,1,1,1,170.2,53.5,0,1.0,0.0,3.486666666666667,0.75,1.0,0.01046,10.46,0.0
2026-03-11,site B,notícias,topo da página,nativo,computador,orgânico,3,2,2,0,0.01025,1,1,1,80.2,34.8,1,0.0,0.0,5.125,0.6666666666666666,1.0,0.01025,10.25,1.0
2026-03-11,site B,finanças,rodapé fixo,vídeo,celular,orgânico,1,1,1,0,0.01023,1,1,1,26.9,61.5,1,0.0,0.0,10.229999999999999,1.0,1.0,0.01023,10.229999999999999,1.0
2026-03-11,site B,tecnologia,lateral,banner,celular,newsletter,5,3,2,0,0.01016,1,1,1,36.4,86.7,1,0.0,0.0,3.3866666666666667,0.6,0.6666666666666666,0.01016,10.16,1.0
2026-03-11,site B,tecnologia,meio do artigo,banner,computador,orgânico,1,1,0,0,0.00965,1,1,1,51.8,68.2,0,0.0,0.0,9.65,1.0,0.0,0.00965,9.65,0.0
2026-03-11,site C,estilo de vida,rodapé fixo,banner,computador,direto,1,1,0,0,0.00958,1,1,1,30.2,51.7,1,0.0,0.0,9.58,1.0,0.0,0.00958,9.58,1.0
2026-03-11,site B,finanças,intersticial,banner,computador,direto,2,2,1,0,0.00866,1,1,1,33.6,78.2,1,0.0,0.0,4.33,1.0,0.5,0.00866,8.66,1.0
2026-03-11,site B,notícias,rodapé fixo,banner,celular,redes sociais,5,3,2,0,0.00835,1,1,1,115.0,35.6,1,1.0,0.0,2.783333333333333,0.6,0.6666666666666666,0.00835,8.35,1.0
2026-03-11,site B,estilo de vida,meio do artigo,banner,celular,redes sociais,4,3,2,0,0.00819,1,1,1,23.8,48.2,0,0.0,0.0,2.73,0.75,0.6666666666666666,0.00819,8.19,0.0
2026-03-11,site A,tecnologia,rodapé fixo,banner,celular,orgânico,5,2,1,0,0.00817,1,1,1,85.7,57.0,1,0.0,0.0,4.085,0.4,0.5,0.00817,8.17,1.0
2026-03-11,site A,tecnologia,rodapé fixo,banner,computador,referência,2,2,2,0,0.00812,1,1,1,39.7,84.2,1,0.0,0.0,4.0600000000000005,1.0,1.0,0.00812,8.120000000000001,1.0
2026-03-11,site A,notícias,lateral,nativo,celular,redes sociais,7,4,2,0,0.00801,2,2,2,42.35,43.05,0,0.0,0.0,2.0025,0.5714285714285714,0.5,0.004005,4.005,0.0
2026-03-11,site A,esportes,meio do artigo,nativo,tablet,orgânico,3,2,1,0,0.0077,1,1,1,34.2,79.8,1,0.0,0.0,3.85,0.6666666666666666,0.5,0.0077,7.7,1.0
2026-03-11,site B,finanças,meio do artigo,banner,computador,newsletter,1,1,1,0,0.00766,1,1,1,34.9,100.0,1,0.0,0.0,7.66,1.0,1.0,0.00766,7.66,1.0
2026-03-11,site A,estilo de vida,topo da página,mídia rica,computador,newsletter,2,2,2,0,0.00759,1,1,1,87.4,46.2,0,1.0,0.0,3.7950000000000004,1.0,1.0,0.00759,7.590000000000001,0.0
2026-03-11,site A,esportes,meio do artigo,vídeo,celular,redes sociais,1,1,0,0,0.00755,1,1,1,67.5,51.4,0,0.0,0.0,7.550000000000001,1.0,0.0,0.00755,7.550000000000001,0.0
2026-03-11,site B,esportes,meio do artigo,banner,tablet,redes sociais,2,2,0,0,0.00695,1,1,1,106.0,66.6,0,1.0,0.0,3.4749999999999996,1.0,0.0,0.00695,6.949999999999999,0.0
2026-03-11,site B,notícias,lateral,nativo,computador,direto,3,3,1,0,0.00632,1,1,1,13.6,65.3,0,0.0,0.0,2.106666666666667,1.0,0.3333333333333333,0.00632,6.32,0.0
2026-03-11,site C,finanças,topo da página,banner,celular,direto,2,1,1,0,0.00581,1,1,1,33.7,60.7,1,0.0,0.0,5.8100000000000005,0.5,1.0,0.00581,5.8100000000000005,1.0
2026-03-11,site A,estilo de vida,intersticial,banner,computador,newsletter,3,2,2,0,0.00573,1,1,1,47.7,41.4,0,0.0,0.0,2.8649999999999998,0.6666666666666666,1.0,0.00573,5.7299999999999995,0.0
2026-03-11,site C,esportes,topo da página,banner,computador,referência,1,1,1,0,0.00561,1,1,1,162.8,21.0,0,1.0,0.0,5.61,1.0,1.0,0.00561,5.61,0.0
2026-03-11,site B,tecnologia,meio do artigo,banner,computador,direto,1,1,1,0,0.00553,1,1,1,66.3,47.2,0,0.0,0.0,5.53,1.0,1.0,0.00553,5.53,0.0
2026-03-11,site A,entretenimento,topo da página,banner,computador,orgânico,1,1,0,0,0.00543,1,1,1,19.9,85.0,1,0.0,0.0,5.43,1.0,0.0,0.00543,5.43,1.0
2026-03-11,site C,esportes,rodapé fixo,nativo,celular,orgânico,1,1,1,0,0.00532,1,1,1,100.9,63.6,1,1.0,0.0,5.32,1.0,1.0,0.00532,5.32,1.0
2026-03-11,site B,tecnologia,topo da página,banner,tablet,direto,1,1,1,0,0.0053,1,1,1,31.5,50.3,0,0.0,0.0,5.3,1.0,1.0,0.0053,5.3,0.0
2026-03-11,site C,tecnologia,lateral,mídia rica,computador,orgânico,1,1,0,0,0.0052,1,1,1,19.3,58.2,0,0.0,0.0,5.2,1.0,0.0,0.0052,5.2,0.0
2026-03-11,site A,entretenimento,meio do artigo,banner,computador,referência,3,1,0,0,0.00504,1,1,1,59.3,93.7,1,0.0,0.0,5.04,0.3333333333333333,0.0,0.00504,5.04,1.0
2026-03-11,site B,estilo de vida,rodapé fixo,mídia rica,celular,direto,2,1,1,0,0.005,1,1,1,56.7,72.1,0,0.0,0.0,5.0,0.5,1.0,0.005,5.0,0.0
2026-03-11,site A,tecnologia,topo da página,banner,celular,direto,3,2,2,0,0.00489,1,1,1,102.2,79.3,0,0.0,0.0,2.4450000000000003,0.6666666666666666,1.0,0.00489,4.890000000000001,0.0
2026-03-11,site C,entretenimento,lateral,vídeo,computador,orgânico,1,1,0,0,0.00485,1,1,1,67.0,47.3,0,0.0,0.0,4.8500000000000005,1.0,0.0,0.00485,4.8500000000000005,0.0
2026-03-11,site C,entretenimento,meio do artigo,banner,celular,redes sociais,2,2,2,0,0.00485,1,1,1,39.7,82.3,0,0.0,0.0,2.4250000000000003,1.0,1.0,0.00485,4.8500000000000005,0.0
2026-03-11,site A,estilo de vida,meio do artigo,nativo,celular,direto,2,2,2,0,0.00484,1,1,1,44.4,64.9,1,0.0,0.0,2.42,1.0,1.0,0.00484,4.84,1.0
2026-03-11,site A,entretenimento,meio do artigo,nativo,celular,direto,2,2,2,0,0.00474,1,1,1,24.7,52.9,0,1.0,0.0,2.37,1.0,1.0,0.00474,4.74,0.0
2026-03-11,site B,finanças,topo da página,banner,computador,direto,3,1,0,0,0.00448,1,1,1,68.8,21.1,0,0.0,0.0,4.4799999999999995,0.3333333333333333,0.0,0.00448,4.4799999999999995,0.0
2026-03-11,site C,tecnologia,rodapé fixo,banner,celular,orgânico,2,1,1,0,0.00416,1,1,1,69.4,88.1,0,0.0,0.0,4.159999999999999,0.5,1.0,0.00416,4.159999999999999,0.0
2026-03-11,site A,estilo de vida,topo da página,banner,celular,orgânico,2,2,1,0,0.00412,1,1,1,31.2,17.0,1,0.0,0.0,2.06,1.0,0.5,0.00412,4.12,1.0
2026-03-11,site A,estilo de vida,meio do artigo,nativo,computador,referência,1,1,1,0,0.00404,1,1,1,31.6,95.4,0,1.0,0.0,4.04,1.0,1.0,0.00404,4.04,0.0
2026-03-11,site A,entretenimento,rodapé fixo,vídeo,celular,orgânico,2,1,1,0,0.00342,1,1,1,23.0,59.7,1,1.0,0.0,3.42,0.5,1.0,0.00342,3.42,1.0
2026-03-11,site A,finanças,topo da página,banner,celular,direto,1,1,1,0,0.00331,1,1,1,42.4,33.8,0,1.0,0.0,3.31,1.0,1.0,0.00331,3.31,0.0
2026-03-11,site B,estilo de vida,intersticial,banner,celular,orgânico,3,1,0,0,0.00304,1,1,1,84.7,54.9,0,0.0,0.0,3.04,0.3333333333333333,0.0,0.00304,3.04,0.0
2026-03-11,site A,estilo de vida,lateral,mídia rica,celular,direto,1,1,1,0,0.00295,1,1,1,20.1,52.4,0,1.0,0.0,2.9499999999999997,1.0,1.0,0.00295,2.9499999999999997,0.0
2026-03-11,site C,esportes,topo da página,banner,celular,redes sociais,1,1,0,0,0.00289,1,1,1,31.5,92.6,1,0.0,0.0,2.89,1.0,0.0,0.00289,2.89,1.0
2026-03-11,site A,notícias,topo da página,banner,celular,orgânico,1,1,0,0,0.00232,1,1,1,34.5,46.8,1,1.0,0.0,2.32,1.0,0.0,0.00232,2.32,1.0
2026-03-11,site A,notícias,meio do artigo,banner,tablet,newsletter,1,1,1,0,0.00177,1,1,1,64.8,24.6,0,0.0,0.0,1.77,1.0,1.0,0.00177,1.77,0.0
2026-03-11,site B,tecnologia,topo da página,banner,celular,orgânico,1,1,1,0,0.00123,1,1,1,76.7,51.3,1,1.0,0.0,1.23,1.0,1.0,0.00123,1.23,1.0
2026-03-11,site A,tecnologia,rodapé fixo,banner,celular,newsletter,2,0,0,0,0.00071,1,1,1,31.5,57.0,0,0.0,0.0,0.0,0.0,0.0,0.00071,0.71,0.0
2026-03-11,site B,estilo de vida,meio do artigo,vídeo,celular,orgânico,1,0,0,0,0.00066,1,1,1,48.7,19.8,0,1.0,0.0,0.0,0.0,0.0,0.00066,0.66,0.0
2026-03-11,site C,tecnologia,meio do artigo,banner,celular,direto,2,1,1,0,0.0,1,1,1,39.1,31.7,1,0.0,0.0,0.0,0.5,1.0,0.0,0.0,1.0
2026-03-12,site B,tecnologia,topo da página,vídeo,computador,orgânico,6,6,4,0,0.06363,1,1,1,63.1,57.4,0,0.0,0.0,10.605,1.0,0.6666666666666666,0.06363,63.63,0.0
2026-03-12,site B,entretenimento,lateral,vídeo,celular,redes sociais,5,5,3,0,0.04717,1,1,1,45.8,81.8,0,1.0,0.0,9.434,1.0,0.6,0.04717,47.169999999999995,0.0
2026-03-12,site B,finanças,topo da página,vídeo,tablet,orgânico,4,3,2,0,0.04702,1,1,1,63.3,58.0,0,1.0,0.0,15.673333333333332,0.75,0.6666666666666666,0.04702,47.019999999999996,0.0
2026-03-12,site A,esportes,topo da página,vídeo,computador,orgânico,5,5,1,0,0.04357,1,1,1,115.6,64.0,0,0.0,0.0,8.714,1.0,0.2,0.04357,43.57,0.0
2026-03-12,site A,notícias,intersticial,banner,celular,orgânico,4,3,2,0,0.0369,1,1,1,61.1,61.6,1,0.0,0.0,12.300000000000002,0.75,0.6666666666666666,0.0369,36.900000000000006,1.0
2026-03-12,site B,estilo de vida,lateral,vídeo,computador,direto,5,4,2,0,0.03516,1,1,1,85.0,48.5,1,0.0,0.0,8.79,0.8,0.5,0.03516,35.16,1.0
2026-03-12,site C,esportes,topo da página,nativo,computador,orgânico,6,5,4,0,0.03456,1,1,1,33.3,66.0,1,0.0,0.0,6.912000000000001,0.8333333333333334,0.8,0.03456,34.56,1.0
2026-03-12,site B,tecnologia,topo da página,mídia rica,computador,orgânico,4,4,4,0,0.03427,1,1,1,49.8,56.0,1,1.0,0.0,8.5675,1.0,1.0,0.03427,34.27,1.0
2026-03-12,site C,entretenimento,rodapé fixo,mídia rica,celular,referência,5,5,4,0,0.03135,1,1,1,55.0,51.6,0,0.0,0.0,6.2700000000000005,1.0,0.8,0.03135,31.35,0.0
2026-03-12,site A,estilo de vida,topo da página,banner,celular,redes sociais,6,5,4,0,0.0304,1,1,1,6.6,48.5,1,0.0,0.0,6.08,0.8333333333333334,0.8,0.0304,30.4,1.0
2026-03-12,site B,esportes,rodapé fixo,mídia rica,tablet,orgânico,6,5,4,0,0.03036,1,1,1,15.0,82.1,1,1.0,0.0,6.072000000000001,0.8333333333333334,0.8,0.03036,30.360000000000003,1.0
2026-03-12,site C,estilo de vida,rodapé fixo,banner,celular,direto,6,5,5,0,0.02962,1,1,1,31.0,82.8,1,1.0,0.0,5.924,0.8333333333333334,1.0,0.02962,29.62,1.0
2026-03-12,site C,notícias,meio do artigo,vídeo,tablet,newsletter,4,3,1,0,0.0295,1,1,1,92.2,43.9,0,0.0,0.0,9.833333333333334,0.75,0.3333333333333333,0.0295,29.5,0.0
2026-03-12,site B,estilo de vida,meio do artigo,banner,tablet,orgânico,6,5,2,0,0.02926,1,1,1,20.8,70.6,1,1.0,0.0,5.852,0.8333333333333334,0.4,0.02926,29.26,1.0
2026-03-12,site C,estilo de vida,intersticial,banner,computador,redes sociais,5,4,2,0,0.0282,1,1,1,38.8,49.8,0,1.0,0.0,7.05,0.8,0.5,0.0282,28.2,0.0
2026-03-12,site A,esportes,rodapé fixo,banner,computador,orgânico,6,4,2,0,0.02784,1,1,1,68.4,37.4,1,1.0,0.0,6.96,0.6666666666666666,0.5,0.02784,27.84,1.0
2026-03-12,site C,esportes,meio do artigo,nativo,celular,orgânico,6,3,1,0,0.02715,1,1,1,87.8,62.8,1,0.0,0.0,9.05,0.5,0.3333333333333333,0.02715,27.150000000000002,1.0
2026-03-12,site A,notícias,rodapé fixo,banner,celular,referência,6,5,5,0,0.02633,1,1,1,22.1,49.2,1,0.0,0.0,5.266,0.8333333333333334,1.0,0.02633,26.33,1.0
2026-03-12,site C,tecnologia,lateral,banner,computador,direto,4,3,1,0,0.02632,1,1,1,140.0,92.8,0,0.0,0.0,8.773333333333333,0.75,0.3333333333333333,0.02632,26.32,0.0
2026-03-12,site A,notícias,intersticial,nativo,computador,orgânico,6,5,2,0,0.02565,1,1,1,111.6,20.8,1,1.0,0.0,5.13,0.8333333333333334,0.4,0.02565,25.65,1.0
2026-03-12,site C,finanças,topo da página,nativo,computador,referência,4,4,2,0,0.0241,1,1,1,38.0,33.7,0,0.0,0.0,6.025,1.0,0.5,0.0241,24.1,0.0
2026-03-12,site C,notícias,rodapé fixo,banner,tablet,orgânico,6,6,5,0,0.0238,1,1,1,71.3,34.0,0,0.0,0.0,3.966666666666667,1.0,0.8333333333333334,0.0238,23.8,0.0
2026-03-12,site A,esportes,rodapé fixo,nativo,celular,referência,6,4,2,0,0.0236,1,1,1,12.1,57.7,0,1.0,0.0,5.8999999999999995,0.6666666666666666,0.5,0.0236,23.599999999999998,0.0
2026-03-12,site A,finanças,meio do artigo,nativo,computador,orgânico,3,3,2,0,0.02334,1,1,1,49.8,45.2,0,0.0,0.0,7.78,1.0,0.6666666666666666,0.02334,23.34,0.0
2026-03-12,site A,tecnologia,rodapé fixo,banner,celular,redes sociais,5,5,3,0,0.02279,1,1,1,84.9,29.3,1,0.0,0.0,4.558000000000001,1.0,0.6,0.02279,22.790000000000003,1.0
2026-03-12,site A,finanças,topo da página,banner,computador,redes sociais,4,4,3,0,0.02212,1,1,1,45.4,65.1,0,1.0,0.0,5.53,1.0,0.75,0.02212,22.12,0.0
2026-03-12,site B,finanças,lateral,nativo,tablet,referência,5,4,3,0,0.02183,1,1,1,28.4,74.1,0,1.0,0.0,5.4575,0.8,0.75,0.02183,21.83,0.0
2026-03-12,site B,notícias,topo da página,vídeo,computador,orgânico,4,3,3,0,0.02144,1,1,1,27.6,60.5,1,1.0,0.0,7.146666666666667,0.75,1.0,0.02144,21.44,1.0
2026-03-12,site A,esportes,rodapé fixo,nativo,computador,orgânico,5,5,3,0,0.02053,1,1,1,23.3,69.2,0,0.0,0.0,4.106,1.0,0.6,0.02053,20.53,0.0
2026-03-12,site A,notícias,topo da página,vídeo,celular,orgânico,5,3,2,0,0.02042,1,1,1,45.3,51.5,0,0.0,0.0,6.8066666666666675,0.6,0.6666666666666666,0.02042,20.42,0.0
2026-03-12,site A,tecnologia,meio do artigo,mídia rica,celular,redes sociais,5,4,2,0,0.02022,1,1,1,71.4,51.5,0,1.0,0.0,5.055,0.8,0.5,0.02022,20.22,0.0
2026-03-12,site B,entretenimento,rodapé fixo,nativo,computador,orgânico,6,5,5,0,0.02016,1,1,1,58.0,65.9,0,0.0,0.0,4.032,0.8333333333333334,1.0,0.02016,20.16,0.0
2026-03-12,site B,tecnologia,rodapé fixo,banner,computador,redes sociais,5,4,4,0,0.01956,1,1,1,65.1,55.5,0,0.0,0.0,4.890000000000001,0.8,1.0,0.01956,19.560000000000002,0.0
2026-03-12,site B,esportes,topo da página,banner,computador,direto,3,2,2,0,0.01922,1,1,1,34.3,27.9,1,1.0,0.0,9.610000000000001,0.6666666666666666,1.0,0.01922,19.220000000000002,1.0
2026-03-12,site B,tecnologia,lateral,nativo,computador,orgânico,4,2,1,0,0.01908,1,1,1,90.0,61.4,0,1.0,0.0,9.54,0.5,0.5,0.01908,19.08,0.0
2026-03-12,site A,esportes,topo da página,nativo,computador,referência,2,2,1,0,0.01838,1,1,1,154.0,22.1,1,0.0,0.0,9.19,1.0,0.5,0.01838,18.38,1.0
2026-03-12,site B,esportes,rodapé fixo,nativo,celular,redes sociais,3,3,3,0,0.01797,1,1,1,20.2,74.2,1,0.0,0.0,5.989999999999999,1.0,1.0,0.01797,17.97,1.0
2026-03-12,site A,notícias,lateral,banner,celular,referência,5,3,1,0,0.01622,1,1,1,21.4,28.4,0,0.0,0.0,5.406666666666666,0.6,0.3333333333333333,0.01622,16.22,0.0
2026-03-12,site A,esportes,topo da página,nativo,tablet,direto,3,3,3,0,0.01613,1,1,1,32.4,48.3,1,1.0,0.0,5.376666666666666,1.0,1.0,0.01613,16.13,1.0
2026-03-12,site C,entretenimento,topo da página,banner,computador,orgânico,2,2,1,0,0.01482,1,1,1,30.8,88.1,1,0.0,0.0,7.41,1.0,0.5,0.01482,14.82,1.0
2026-03-12,site A,entretenimento,lateral,nativo,computador,direto,6,5,1,0,0.01476,1,1,1,60.6,24.8,0,1.0,0.0,2.952,0.8333333333333334,0.2,0.01476,14.76,0.0
2026-03-12,site A,finanças,topo da página,banner,tablet,orgânico,4,3,0,0,0.01443,1,1,1,23.2,40.0,0,1.0,0.0,4.81,0.75,0.0,0.01443,14.43,0.0
2026-03-12,site C,entretenimento,lateral,banner,celular,direto,5,4,1,0,0.01429,1,1,1,45.9,62.8,1,0.0,0.0,3.5725000000000002,0.8,0.25,0.01429,14.290000000000001,1.0
2026-03-12,site A,notícias,topo da página,nativo,celular,orgânico,5,4,3,0,0.01427,1,1,1,110.5,31.2,1,1.0,0.0,3.5675,0.8,0.75,0.01427,14.27,1.0
2026-03-12,site C,esportes,rodapé fixo,banner,celular,orgânico,3,3,3,1,0.01395,1,1,1,30.8,61.1,0,0.0,0.3333333333333333,4.65,1.0,1.0,0.01395,13.950000000000001,0.0
2026-03-12,site B,finanças,meio do artigo,nativo,celular,orgânico,6,4,3,0,0.01379,1,1,1,115.5,69.0,0,0.0,0.0,3.4475000000000002,0.6666666666666666,0.75,0.01379,13.790000000000001,0.0
2026-03-12,site A,notícias,rodapé fixo,mídia rica,computador,direto,4,3,3,0,0.01374,1,1,1,64.3,62.0,1,0.0,0.0,4.58,0.75,1.0,0.01374,13.74,1.0
2026-03-12,site C,esportes,rodapé fixo,banner,celular,redes sociais,5,5,3,0,0.01374,1,1,1,31.6,53.3,1,0.0,0.0,2.748,1.0,0.6,0.01374,13.74,1.0
2026-03-12,site A,estilo de vida,meio do artigo,nativo,computador,orgânico,6,5,4,0,0.01352,1,1,1,45.9,76.7,0,0.0,0.0,2.704,0.8333333333333334,0.8,0.01352,13.520000000000001,0.0
2026-03-12,site B,tecnologia,meio do artigo,nativo,computador,orgânico,2,2,1,0,0.01332,1,1,1,72.8,45.5,1,1.0,0.0,6.66,1.0,0.5,0.01332,13.32,1.0
2026-03-12,site A,notícias,topo da página,banner,tablet,referência,5,5,3,0,0.01328,1,1,1,37.4,73.9,0,1.0,0.0,2.6559999999999997,1.0,0.6,0.01328,13.28,0.0
2026-03-12,site A,tecnologia,meio do artigo,nativo,computador,redes sociais,3,2,1,0,0.01318,1,1,1,141.2,84.8,1,1.0,0.0,6.590000000000001,0.6666666666666666,0.5,0.01318,13.180000000000001,1.0
2026-03-12,site C,esportes,meio do artigo,nativo,celular,redes sociais,5,3,2,0,0.01315,1,1,1,19.5,45.5,0,0.0,0.0,4.383333333333334,0.6,0.6666666666666666,0.01315,13.15,0.0
2026-03-12,site A,notícias,rodapé fixo,nativo,computador,newsletter,3,2,2,0,0.01312,1,1,1,25.9,54.5,0,0.0,0.0,6.56,0.6666666666666666,1.0,0.01312,13.12,0.0
2026-03-12,site B,esportes,topo da página,banner,celular,direto,6,4,4,0,0.01244,1,1,1,44.2,43.1,0,0.0,0.0,3.11,0.6666666666666666,1.0,0.01244,12.44,0.0
2026-03-12,site A,esportes,topo da página,banner,tablet,redes sociais,3,2,1,0,0.01188,1,1,1,16.3,67.1,1,1.0,0.0,5.94,0.6666666666666666,0.5,0.01188,11.88,1.0
2026-03-12,site A,esportes,intersticial,banner,computador,orgânico,4,2,0,0,0.01179,1,1,1,135.6,59.6,1,0.0,0.0,5.8950000000000005,0.5,0.0,0.01179,11.790000000000001,1.0
2026-03-12,site C,entretenimento,meio do artigo,banner,celular,redes sociais,6,6,4,0,0.0115,1,1,1,105.7,97.5,1,0.0,0.0,1.9166666666666667,1.0,0.6666666666666666,0.0115,11.5,1.0
2026-03-12,site B,entretenimento,lateral,nativo,computador,orgânico,2,2,1,0,0.01142,1,1,1,35.3,71.6,1,1.0,0.0,5.71,1.0,0.5,0.01142,11.42,1.0
2026-03-12,site C,finanças,topo da página,banner,computador,referência,3,2,0,0,0.01134,1,1,1,97.8,68.5,0,0.0,0.0,5.67,0.6666666666666666,0.0,0.01134,11.34,0.0
2026-03-12,site A,estilo de vida,lateral,banner,celular,orgânico,5,5,3,0,0.01103,1,1,1,93.7,52.3,0,1.0,0.0,2.206,1.0,0.6,0.01103,11.03,0.0
2026-03-12,site B,tecnologia,rodapé fixo,mídia rica,celular,newsletter,4,3,3,0,0.01098,1,1,1,15.6,100.0,0,1.0,0.0,3.66,0.75,1.0,0.01098,10.98,0.0
2026-03-12,site B,estilo de vida,meio do artigo,banner,celular,redes sociais,6,5,4,0,0.01061,1,1,1,106.8,100.0,0,0.0,0.0,2.122,0.8333333333333334,0.8,0.01061,10.61,0.0
2026-03-12,site A,tecnologia,topo da página,vídeo,celular,redes sociais,3,2,0,0,0.0105,1,1,1,212.4,92.8,0,0.0,0.0,5.25,0.6666666666666666,0.0,0.0105,10.5,0.0
2026-03-12,site A,estilo de vida,lateral,vídeo,computador,referência,4,2,1,0,0.01028,1,1,1,68.5,42.6,1,0.0,0.0,5.14,0.5,0.5,0.01028,10.28,1.0
2026-03-12,site A,notícias,meio do artigo,mídia rica,computador,redes sociais,4,2,0,0,0.01028,1,1,1,125.8,78.6,0,0.0,0.0,5.14,0.5,0.0,0.01028,10.28,0.0
2026-03-12,site B,tecnologia,meio do artigo,vídeo,computador,redes sociais,2,2,1,0,0.01018,1,1,1,90.4,42.3,0,0.0,0.0,5.09,1.0,0.5,0.01018,10.18,0.0
2026-03-12,site A,notícias,rodapé fixo,banner,computador,direto,3,3,2,0,0.00971,1,1,1,85.7,100.0,0,0.0,0.0,3.2366666666666664,1.0,0.6666666666666666,0.00971,9.709999999999999,0.0
2026-03-12,site A,notícias,lateral,nativo,tablet,orgânico,3,3,1,1,0.00923,1,1,1,95.0,68.1,1,0.0,0.3333333333333333,3.0766666666666667,1.0,0.3333333333333333,0.00923,9.23,1.0
2026-03-12,site A,finanças,rodapé fixo,vídeo,celular,orgânico,3,2,2,0,0.00918,1,1,1,45.5,64.4,0,1.0,0.0,4.590000000000001,0.6666666666666666,1.0,0.00918,9.180000000000001,0.0
2026-03-12,site B,tecnologia,rodapé fixo,banner,computador,orgânico,2,2,1,0,0.0089,1,1,1,73.7,74.1,0,0.0,0.0,4.45,1.0,0.5,0.0089,8.9,0.0
2026-03-12,site A,finanças,intersticial,nativo,celular,orgânico,5,2,2,0,0.00868,1,1,1,41.6,73.5,0,1.0,0.0,4.34,0.4,1.0,0.00868,8.68,0.0
2026-03-12,site B,entretenimento,topo da página,mídia rica,computador,redes sociais,1,1,1,0,0.00862,1,1,1,68.0,22.0,0,1.0,0.0,8.62,1.0,1.0,0.00862,8.62,0.0
2026-03-12,site B,estilo de vida,meio do artigo,banner,computador,orgânico,3,2,1,0,0.00857,1,1,1,28.9,51.8,0,0.0,0.0,4.285,0.6666666666666666,0.5,0.00857,8.57,0.0
2026-03-12,site B,estilo de vida,meio do artigo,banner,computador,referência,3,1,1,0,0.00856,1,1,1,101.1,27.7,0,0.0,0.0,8.56,0.3333333333333333,1.0,0.00856,8.56,0.0
2026-03-12,site B,notícias,meio do artigo,nativo,computador,orgânico,4,2,1,0,0.00774,1,1,1,56.5,27.5,0,0.0,0.0,3.87,0.5,0.5,0.00774,7.74,0.0
2026-03-12,site A,esportes,topo da página,nativo,celular,orgânico,6,4,1,0,0.00769,1,1,1,42.0,50.1,1,0.0,0.0,1.9224999999999999,0.6666666666666666,0.25,0.00769,7.6899999999999995,1.0
2026-03-12,site C,notícias,lateral,banner,celular,redes sociais,1,1,0,0,0.00728,1,1,1,85.7,66.8,0,1.0,0.0,7.28,1.0,0.0,0.00728,7.28,0.0
2026-03-12,site B,notícias,lateral,vídeo,computador,orgânico,1,1,0,0,0.00717,1,1,1,31.8,50.0,0,0.0,0.0,7.17,1.0,0.0,0.00717,7.17,0.0
2026-03-12,site A,tecnologia,rodapé fixo,banner,celular,direto,5,3,3,0,0.00676,1,1,1,43.8,75.1,0,1.0,0.0,2.2533333333333334,0.6,1.0,0.00676,6.760000000000001,0.0
2026-03-12,site B,finanças,topo da página,mídia rica,celular,orgânico,1,1,0,0,0.00674,1,1,1,21.6,75.9,1,0.0,0.0,6.74,1.0,0.0,0.00674,6.74,1.0
2026-03-12,site C,finanças,lateral,nativo,computador,redes sociais,4,2,1,0,0.00668,1,1,1,22.4,61.7,0,0.0,0.0,3.3400000000000003,0.5,0.5,0.00668,6.680000000000001,0.0
2026-03-12,site B,esportes,topo da página,banner,computador,orgânico,1,1,0,0,0.00625,1,1,1,133.4,78.3,1,0.0,0.0,6.25,1.0,0.0,0.00625,6.25,1.0
2026-03-12,site B,notícias,lateral,banner,computador,orgânico,5,4,3,0,0.00621,1,1,1,10.5,53.6,0,0.0,0.0,1.5525,0.8,0.75,0.00621,6.21,0.0
2026-03-12,site A,notícias,topo da página,banner,tablet,direto,1,1,1,0,0.00618,1,1,1,40.4,49.7,0,0.0,0.0,6.18,1.0,1.0,0.00618,6.18,0.0
2026-03-12,site B,esportes,lateral,banner,computador,referência,1,1,1,0,0.00614,1,1,1,74.2,58.2,0,0.0,0.0,6.14,1.0,1.0,0.00614,6.14,0.0
2026-03-12,site B,notícias,lateral,vídeo,celular,orgânico,1,1,1,0,0.00599,1,1,1,99.5,83.4,1,0.0,0.0,5.989999999999999,1.0,1.0,0.00599,5.989999999999999,1.0
2026-03-12,site A,esportes,rodapé fixo,banner,celular,referência,2,2,1,0,0.00528,1,1,1,80.2,39.5,1,1.0,0.0,2.64,1.0,0.5,0.00528,5.28,1.0
2026-03-12,site C,estilo de vida,topo da página,banner,celular,orgânico,3,3,3,0,0.00506,1,1,1,105.2,90.7,1,0.0,0.0,1.6866666666666668,1.0,1.0,0.00506,5.0600000000000005,1.0
2026-03-12,site C,finanças,rodapé fixo,banner,computador,direto,1,1,1,0,0.00504,1,1,1,206.4,85.7,1,0.0,0.0,5.04,1.0,1.0,0.00504,5.04,1.0
2026-03-12,site C,notícias,meio do artigo,banner,celular,orgânico,1,1,0,0,0.00474,1,1,1,31.1,51.9,0,1.0,0.0,4.74,1.0,0.0,0.00474,4.74,0.0
2026-03-12,site B,estilo de vida,rodapé fixo,vídeo,celular,orgânico,4,2,1,0,0.00455,1,1,1,58.5,68.6,0,0.0,0.0,2.275,0.5,0.5,0.00455,4.55,0.0
2026-03-12,site A,estilo de vida,lateral,mídia rica,celular,orgânico,2,2,1,0,0.00436,1,1,1,101.0,76.0,1,0.0,0.0,2.18,1.0,0.5,0.00436,4.36,1.0
2026-03-12,site C,finanças,topo da página,vídeo,celular,orgânico,3,1,0,0,0.00436,1,1,1,39.5,49.4,1,0.0,0.0,4.36,0.3333333333333333,0.0,0.00436,4.36,1.0
2026-03-12,site B,esportes,meio do artigo,banner,computador,direto,2,1,0,0,0.00419,1,1,1,10.8,50.6,1,0.0,0.0,4.19,0.5,0.0,0.00419,4.19,1.0
2026-03-12,site B,estilo de vida,rodapé fixo,vídeo,celular,newsletter,1,1,0,1,0.00414,1,1,1,52.8,36.1,1,0.0,1.0,4.14,1.0,0.0,0.00414,4.14,1.0
2026-03-12,site A,tecnologia,topo da página,banner,computador,redes sociais,2,1,1,0,0.00391,1,1,1,37.5,67.6,0,0.0,0.0,3.91,0.5,1.0,0.00391,3.91,0.0
2026-03-12,site A,entretenimento,rodapé fixo,mídia rica,celular,orgânico,1,1,0,0,0.00385,1,1,1,31.0,62.2,1,0.0,0.0,3.85,1.0,0.0,0.00385,3.85,1.0
2026-03-12,site B,estilo de vida,rodapé fixo,nativo,computador,redes sociais,2,2,1,0,0.00378,1,1,1,72.8,36.8,0,0.0,0.0,1.89,1.0,0.5,0.00378,3.78,0.0
2026-03-12,site A,notícias,meio do artigo,banner,celular,orgânico,3,1,1,0,0.00358,1,1,1,80.3,55.2,0,1.0,0.0,3.58,0.3333333333333333,1.0,0.00358,3.58,0.0
2026-03-12,site C,notícias,meio do artigo,nativo,tablet,orgânico,1,1,1,0,0.00351,1,1,1,60.8,69.4,0,1.0,0.0,3.5100000000000002,1.0,1.0,0.00351,3.5100000000000002,0.0
2026-03-12,site A,notícias,meio do artigo,mídia rica,computador,newsletter,2,1,1,0,0.00333,1,1,1,27.1,34.6,1,0.0,0.0,3.33,0.5,1.0,0.00333,3.33,1.0
2026-03-12,site A,finanças,lateral,banner,celular,newsletter,3,1,1,0,0.00323,1,1,1,83.3,52.4,0,0.0,0.0,3.23,0.3333333333333333,1.0,0.00323,3.23,0.0
2026-03-12,site B,entretenimento,rodapé fixo,banner,celular,newsletter,2,2,0,0,0.00283,1,1,1,10.0,50.4,0,0.0,0.0,1.415,1.0,0.0,0.00283,2.83,0.0
2026-03-12,site A,tecnologia,rodapé fixo,banner,computador,direto,1,1,1,0,0.00252,1,1,1,51.1,69.7,1,1.0,0.0,2.52,1.0,1.0,0.00252,2.52,1.0
2026-03-12,site A,estilo de vida,topo da página,banner,celular,orgânico,1,0,0,0,0.00213,1,1,1,55.3,24.5,1,0.0,0.0,0.0,0.0,0.0,0.00213,2.13,1.0
2026-03-12,site C,tecnologia,lateral,banner,computador,redes sociais,1,0,0,0,0.00206,1,1,1,8.7,70.7,0,0.0,0.0,0.0,0.0,0.0,0.00206,2.06,0.0
2026-03-12,site C,notícias,meio do artigo,vídeo,celular,direto,2,1,1,0,0.00171,1,1,1,21.8,63.7,1,0.0,0.0,1.71,0.5,1.0,0.00171,1.71,1.0
2026-03-12,site B,notícias,topo da página,banner,celular,referência,1,1,1,0,0.00167,1,1,1,34.8,92.8,1,0.0,0.0,1.6700000000000002,1.0,1.0,0.00167,1.6700000000000002,1.0
2026-03-12,site A,entretenimento,meio do artigo,nativo,celular,redes sociais,1,0,0,0,0.00148,1,1,1,97.2,74.1,0,0.0,0.0,0.0,0.0,0.0,0.00148,1.48,0.0
2026-03-12,site C,estilo de vida,topo da página,nativo,computador,direto,1,1,1,0,0.00127,1,1,1,22.4,29.1,1,0.0,0.0,1.27,1.0,1.0,0.00127,1.27,1.0
2026-03-12,site B,notícias,meio do artigo,vídeo,celular,newsletter,1,1,0,0,0.00101,1,1,1,66.1,83.4,1,0.0,0.0,1.01,1.0,0.0,0.00101,1.01,1.0
2026-03-13,site B,notícias,rodapé fixo,vídeo,computador,referência,6,6,4,0,0.08242,1,1,1,62.1,30.1,1,0.0,0.0,13.736666666666665,1.0,0.6666666666666666,0.08242,82.41999999999999,1.0
2026-03-13,site C,finanças,topo da página,vídeo,celular,orgânico,6,5,3,0,0.06843,1,1,1,53.3,78.2,0,0.0,0.0,13.686000000000002,0.8333333333333334,0.6,0.06843,68.43,0.0
2026-03-13,site A,notícias,topo da página,vídeo,celular,redes sociais,4,4,3,0,0.0356,1,1,1,35.0,53.6,1,0.0,0.0,8.9,1.0,0.75,0.0356,35.6,1.0
2026-03-13,site A,notícias,meio do artigo,nativo,celular,direto,6,5,3,0,0.0347,1,1,1,39.3,69.6,1,0.0,0.0,6.94,0.8333333333333334,0.6,0.0347,34.7,1.0
2026-03-13,site A,tecnologia,meio do artigo,mídia rica,computador,direto,5,3,2,0,0.03119,1,1,1,36.8,67.8,1,0.0,0.0,10.396666666666667,0.6,0.6666666666666666,0.03119,31.189999999999998,1.0
2026-03-13,site A,esportes,lateral,mídia rica,computador,orgânico,5,4,3,0,0.0309,1,1,1,101.1,80.9,0,0.0,0.0,7.7250000000000005,0.8,0.75,0.0309,30.900000000000002,0.0
2026-03-13,site A,estilo de vida,lateral,banner,tablet,newsletter,6,6,2,0,0.02834,1,1,1,27.8,47.8,0,0.0,0.0,4.723333333333334,1.0,0.3333333333333333,0.02834,28.34,0.0
2026-03-13,site B,notícias,rodapé fixo,nativo,celular,redes sociais,6,3,1,0,0.0276,1,1,1,33.6,79.3,1,0.0,0.0,9.2,0.5,0.3333333333333333,0.0276,27.599999999999998,1.0
2026-03-13,site A,estilo de vida,lateral,banner,celular,direto,6,6,1,0,0.02743,1,1,1,48.9,83.6,1,0.0,0.0,4.571666666666666,1.0,0.16666666666666666,0.02743,27.43,1.0
2026-03-13,site A,tecnologia,topo da página,nativo,celular,referência,4,3,3,0,0.02535,1,1,1,93.9,62.1,0,0.0,0.0,8.450000000000001,0.75,1.0,0.02535,25.35,0.0
2026-03-13,site A,tecnologia,rodapé fixo,vídeo,celular,orgânico,5,4,3,0,0.02415,1,1,1,131.9,86.3,0,0.0,0.0,6.0375000000000005,0.8,0.75,0.02415,24.150000000000002,0.0
2026-03-13,site A,notícias,meio do artigo,mídia rica,celular,orgânico,6,5,4,0,0.0232,1,1,1,26.7,63.0,0,0.0,0.0,4.64,0.8333333333333334,0.8,0.0232,23.2,0.0
2026-03-13,site A,notícias,topo da página,nativo,computador,orgânico,6,6,3,0,0.02308,1,1,1,64.6,89.2,0,0.0,0.0,3.8466666666666662,1.0,0.5,0.02308,23.08,0.0
2026-03-13,site B,notícias,lateral,banner,computador,direto,6,5,3,0,0.02226,1,1,1,41.5,60.9,1,0.0,0.0,4.452,0.8333333333333334,0.6,0.02226,22.259999999999998,1.0
2026-03-13,site C,estilo de vida,rodapé fixo,vídeo,celular,referência,6,4,3,0,0.022,1,1,1,87.8,38.1,0,0.0,0.0,5.5,0.6666666666666666,0.75,0.022,22.0,0.0
2026-03-13,site A,notícias,meio do artigo,banner,computador,direto,4,4,3,0,0.02058,2,2,2,41.6,46.6,2,0.5,0.0,5.1450000000000005,1.0,0.75,0.01029,10.290000000000001,1.0
2026-03-13,site A,tecnologia,lateral,vídeo,celular,redes sociais,5,4,3,0,0.01987,1,1,1,26.6,41.7,0,1.0,0.0,4.967499999999999,0.8,0.75,0.01987,19.869999999999997,0.0
2026-03-13,site C,finanças,topo da página,nativo,computador,direto,5,2,1,0,0.01902,1,1,1,110.4,91.7,0,0.0,0.0,9.51,0.4,0.5,0.01902,19.02,0.0
2026-03-13,site A,tecnologia,rodapé fixo,mídia rica,celular,newsletter,5,3,2,0,0.01883,1,1,1,59.9,68.4,0,1.0,0.0,6.276666666666666,0.6,0.6666666666666666,0.01883,18.83,0.0
2026-03-13,site C,estilo de vida,topo da página,banner,computador,orgânico,6,6,5,0,0.01877,1,1,1,56.8,51.7,0,1.0,0.0,3.1283333333333334,1.0,0.8333333333333334,0.01877,18.77,0.0
2026-03-13,site C,estilo de vida,lateral,banner,celular,orgânico,5,5,2,0,0.01697,1,1,1,60.0,64.9,1,1.0,0.0,3.3939999999999997,1.0,0.4,0.01697,16.97,1.0
2026-03-13,site C,finanças,meio do artigo,mídia rica,celular,redes sociais,2,2,2,0,0.01641,1,1,1,6.4,77.0,0,1.0,0.0,8.205,1.0,1.0,0.01641,16.41,0.0
2026-03-13,site A,estilo de vida,topo da página,banner,computador,redes sociais,4,3,3,0,0.01617,1,1,1,93.2,47.5,0,1.0,0.0,5.390000000000001,0.75,1.0,0.01617,16.17,0.0
2026-03-13,site B,notícias,meio do artigo,banner,celular,orgânico,5,4,3,0,0.0158,2,2,2,72.15,40.45,1,1.0,0.0,3.95,0.8,0.75,0.0079,7.9,0.5
2026-03-13,site A,entretenimento,rodapé fixo,nativo,computador,redes sociais,5,4,2,0,0.01418,1,1,1,10.6,43.5,0,0.0,0.0,3.545,0.8,0.5,0.01418,14.18,0.0
2026-03-13,site A,finanças,meio do artigo,nativo,tablet,orgânico,3,2,2,0,0.01387,1,1,1,88.0,48.7,0,0.0,0.0,6.9350000000000005,0.6666666666666666,1.0,0.01387,13.870000000000001,0.0
2026-03-13,site A,tecnologia,meio do artigo,nativo,celular,direto,4,4,1,0,0.01387,1,1,1,40.5,26.3,0,1.0,0.0,3.4675000000000002,1.0,0.25,0.01387,13.870000000000001,0.0
2026-03-13,site A,notícias,topo da página,vídeo,celular,orgânico,5,4,3,0,0.01365,1,1,1,101.7,52.5,0,0.0,0.0,3.4125,0.8,0.75,0.01365,13.65,0.0
2026-03-13,site C,entretenimento,lateral,banner,celular,direto,6,3,1,0,0.01318,1,1,1,48.7,43.3,1,0.0,0.0,4.3933333333333335,0.5,0.3333333333333333,0.01318,13.180000000000001,1.0
2026-03-13,site B,finanças,intersticial,nativo,computador,orgânico,2,1,1,0,0.01295,1,1,1,69.4,74.4,0,0.0,0.0,12.95,0.5,1.0,0.01295,12.95,0.0
2026-03-13,site A,tecnologia,lateral,vídeo,computador,direto,3,1,0,0,0.01289,1,1,1,37.2,62.3,1,0.0,0.0,12.89,0.3333333333333333,0.0,0.01289,12.89,1.0
2026-03-13,site A,tecnologia,meio do artigo,banner,computador,newsletter,6,4,2,0,0.01189,1,1,1,28.9,98.6,0,0.0,0.0,2.9724999999999997,0.6666666666666666,0.5,0.01189,11.889999999999999,0.0
2026-03-13,site A,estilo de vida,meio do artigo,banner,celular,redes sociais,4,4,3,0,0.01165,1,1,1,273.9,58.2,0,1.0,0.0,2.9125,1.0,0.75,0.01165,11.65,0.0
2026-03-13,site B,notícias,meio do artigo,banner,celular,referência,6,4,3,0,0.01131,1,1,1,47.5,32.8,1,0.0,0.0,2.8275,0.6666666666666666,0.75,0.01131,11.31,1.0
2026-03-13,site C,finanças,lateral,banner,computador,redes sociais,4,2,1,0,0.01116,1,1,1,88.7,48.0,0,0.0,0.0,5.58,0.5,0.5,0.01116,11.16,0.0
2026-03-13,site C,estilo de vida,rodapé fixo,nativo,computador,direto,6,4,4,0,0.01112,1,1,1,37.7,23.1,0,1.0,0.0,2.78,0.6666666666666666,1.0,0.01112,11.12,0.0
2026-03-13,site A,tecnologia,meio do artigo,banner,celular,orgânico,5,4,3,0,0.01062,1,1,1,119.1,71.0,0,0.0,0.0,2.655,0.8,0.75,0.01062,10.62,0.0
2026-03-13,site B,entretenimento,topo da página,banner,tablet,referência,3,2,0,0,0.01061,1,1,1,7.5,57.6,1,1.0,0.0,5.305,0.6666666666666666,0.0,0.01061,10.61,1.0
2026-03-13,site C,entretenimento,topo da página,banner,computador,orgânico,6,2,1,0,0.01019,1,1,1,82.8,64.6,0,0.0,0.0,5.095,0.3333333333333333,0.5,0.01019,10.19,0.0
2026-03-13,site B,estilo de vida,meio do artigo,banner,computador,orgânico,4,4,2,0,0.01015,1,1,1,60.6,54.9,0,0.0,0.0,2.5374999999999996,1.0,0.5,0.01015,10.149999999999999,0.0
2026-03-13,site A,estilo de vida,rodapé fixo,banner,computador,redes sociais,3,3,2,0,0.00973,1,1,1,39.2,65.4,0,0.0,0.0,3.2433333333333336,1.0,0.6666666666666666,0.00973,9.73,0.0
2026-03-13,site A,esportes,meio do artigo,mídia rica,computador,orgânico,2,2,2,0,0.00962,1,1,1,53.4,41.5,0,0.0,0.0,4.81,1.0,1.0,0.00962,9.62,0.0
2026-03-13,site B,notícias,rodapé fixo,banner,computador,orgânico,3,2,2,0,0.00945,1,1,1,79.4,46.4,1,1.0,0.0,4.725,0.6666666666666666,1.0,0.00945,9.45,1.0
2026-03-13,site C,finanças,lateral,vídeo,computador,direto,1,1,1,1,0.00924,1,1,1,88.6,67.0,0,1.0,1.0,9.24,1.0,1.0,0.00924,9.24,0.0
2026-03-13,site A,estilo de vida,meio do artigo,mídia rica,celular,orgânico,2,2,0,0,0.00923,1,1,1,37.3,56.8,0,0.0,0.0,4.615,1.0,0.0,0.00923,9.23,0.0
2026-03-13,site C,tecnologia,rodapé fixo,nativo,celular,redes sociais,3,3,3,0,0.00918,1,1,1,102.7,57.8,0,0.0,0.0,3.0600000000000005,1.0,1.0,0.00918,9.180000000000001,0.0
2026-03-13,site A,esportes,lateral,mídia rica,celular,orgânico,2,2,0,0,0.00912,1,1,1,24.4,27.4,0,0.0,0.0,4.56,1.0,0.0,0.00912,9.12,0.0
2026-03-13,site A,notícias,meio do artigo,mídia rica,tablet,redes sociais,3,1,1,0,0.00886,1,1,1,35.4,70.4,0,0.0,0.0,8.86,0.3333333333333333,1.0,0.00886,8.86,0.0
2026-03-13,site C,notícias,intersticial,mídia rica,tablet,orgânico,2,2,2,0,0.00837,1,1,1,3.8,62.4,1,0.0,0.0,4.1850000000000005,1.0,1.0,0.00837,8.370000000000001,1.0
2026-03-13,site B,notícias,lateral,vídeo,tablet,direto,1,1,0,0,0.00822,1,1,1,143.7,51.9,0,0.0,0.0,8.22,1.0,0.0,0.00822,8.22,0.0
2026-03-13,site B,finanças,rodapé fixo,vídeo,computador,orgânico,2,1,1,0,0.00786,1,1,1,59.6,100.0,1,0.0,0.0,7.86,0.5,1.0,0.00786,7.86,1.0
2026-03-13,site B,tecnologia,topo da página,banner,computador,orgânico,2,1,0,0,0.00782,1,1,1,40.1,100.0,1,1.0,0.0,7.82,0.5,0.0,0.00782,7.82,1.0
2026-03-13,site C,tecnologia,rodapé fixo,vídeo,celular,orgânico,1,1,1,0,0.00775,1,1,1,79.4,63.7,1,0.0,0.0,7.75,1.0,1.0,0.00775,7.75,1.0
2026-03-13,site B,tecnologia,lateral,vídeo,celular,direto,1,1,0,0,0.00768,1,1,1,21.4,100.0,0,0.0,0.0,7.680000000000001,1.0,0.0,0.00768,7.680000000000001,0.0
2026-03-13,site C,entretenimento,rodapé fixo,vídeo,celular,orgânico,2,2,1,0,0.00762,1,1,1,141.4,48.5,1,1.0,0.0,3.81,1.0,0.5,0.00762,7.62,1.0
2026-03-13,site C,esportes,rodapé fixo,nativo,celular,orgânico,2,2,1,0,0.00756,1,1,1,40.7,58.8,1,0.0,0.0,3.78,1.0,0.5,0.00756,7.56,1.0
2026-03-13,site B,esportes,rodapé fixo,nativo,tablet,orgânico,4,2,2,0,0.00754,1,1,1,47.1,69.0,0,0.0,0.0,3.77,0.5,1.0,0.00754,7.54,0.0
2026-03-13,site A,tecnologia,topo da página,nativo,celular,orgânico,3,2,1,0,0.00695,1,1,1,35.3,68.0,0,0.0,0.0,3.4749999999999996,0.6666666666666666,0.5,0.00695,6.949999999999999,0.0
2026-03-13,site B,entretenimento,topo da página,vídeo,computador,redes sociais,1,1,1,0,0.00692,1,1,1,110.1,63.1,0,1.0,0.0,6.92,1.0,1.0,0.00692,6.92,0.0
2026-03-13,site A,entretenimento,meio do artigo,banner,celular,orgânico,3,3,2,0,0.00648,1,1,1,44.4,35.7,1,0.0,0.0,2.1599999999999997,1.0,0.6666666666666666,0.00648,6.4799999999999995,1.0
2026-03-13,site A,estilo de vida,rodapé fixo,vídeo,celular,redes sociais,1,1,1,0,0.00615,1,1,1,95.9,54.0,1,0.0,0.0,6.15,1.0,1.0,0.00615,6.15,1.0
2026-03-13,site A,entretenimento,intersticial,mídia rica,tablet,orgânico,1,1,1,0,0.00581,1,1,1,71.6,62.0,0,1.0,0.0,5.8100000000000005,1.0,1.0,0.00581,5.8100000000000005,0.0
2026-03-13,site C,notícias,topo da página,banner,computador,orgânico,1,1,1,0,0.00578,1,1,1,46.9,56.8,1,0.0,0.0,5.78,1.0,1.0,0.00578,5.78,1.0
2026-03-13,site C,notícias,meio do artigo,mídia rica,celular,redes sociais,2,1,0,0,0.00561,1,1,1,70.9,57.9,0,1.0,0.0,5.61,0.5,0.0,0.00561,5.61,0.0
2026-03-13,site B,tecnologia,lateral,mídia rica,computador,orgânico,1,1,0,0,0.0056,1,1,1,68.0,59.8,1,1.0,0.0,5.6,1.0,0.0,0.0056,5.6,1.0
2026-03-13,site A,estilo de vida,meio do artigo,nativo,celular,referência,2,2,2,0,0.00513,1,1,1,87.9,41.3,0,0.0,0.0,2.565,1.0,1.0,0.00513,5.13,0.0
2026-03-13,site A,estilo de vida,meio do artigo,banner,computador,orgânico,1,1,0,0,0.00506,1,1,1,24.7,63.1,0,0.0,0.0,5.0600000000000005,1.0,0.0,0.00506,5.0600000000000005,0.0
2026-03-13,site C,estilo de vida,meio do artigo,banner,celular,direto,4,3,2,0,0.00502,1,1,1,36.3,59.0,1,0.0,0.0,1.6733333333333336,0.75,0.6666666666666666,0.00502,5.0200000000000005,1.0
2026-03-13,site C,estilo de vida,topo da página,banner,celular,direto,2,2,2,0,0.0048,1,1,1,3.7,56.8,0,0.0,0.0,2.4,1.0,1.0,0.0048,4.8,0.0
2026-03-13,site B,esportes,lateral,nativo,celular,direto,3,2,1,0,0.00405,1,1,1,111.1,79.8,0,0.0,0.0,2.025,0.6666666666666666,0.5,0.00405,4.05,0.0
2026-03-13,site C,entretenimento,meio do artigo,banner,computador,orgânico,3,1,1,0,0.00386,1,1,1,65.5,51.3,0,1.0,0.0,3.8600000000000003,0.3333333333333333,1.0,0.00386,3.8600000000000003,0.0
2026-03-13,site B,esportes,topo da página,banner,celular,redes sociais,3,1,1,0,0.00359,1,1,1,55.3,41.5,1,0.0,0.0,3.59,0.3333333333333333,1.0,0.00359,3.59,1.0
2026-03-13,site B,entretenimento,meio do artigo,banner,celular,redes sociais,1,1,0,0,0.00354,1,1,1,83.6,78.2,0,1.0,0.0,3.54,1.0,0.0,0.00354,3.54,0.0
2026-03-13,site B,entretenimento,meio do artigo,banner,celular,orgânico,1,1,0,0,0.00327,1,1,1,202.4,77.6,1,1.0,0.0,3.27,1.0,0.0,0.00327,3.27,1.0
2026-03-13,site C,estilo de vida,intersticial,nativo,tablet,referência,2,1,0,0,0.00321,1,1,1,17.8,41.9,0,0.0,0.0,3.21,0.5,0.0,0.00321,3.21,0.0
2026-03-13,site A,notícias,lateral,banner,celular,referência,4,2,1,0,0.00301,1,1,1,72.4,62.4,1,1.0,0.0,1.5050000000000001,0.5,0.5,0.00301,3.0100000000000002,1.0
2026-03-13,site C,estilo de vida,lateral,banner,computador,direto,1,1,1,0,0.003,1,1,1,38.5,52.8,0,0.0,0.0,3.0,1.0,1.0,0.003,3.0,0.0
2026-03-13,site A,notícias,lateral,banner,celular,orgânico,2,2,1,0,0.00298,1,1,1,272.4,21.3,1,0.0,0.0,1.49,1.0,0.5,0.00298,2.98,1.0
2026-03-13,site A,estilo de vida,rodapé fixo,banner,tablet,orgânico,3,1,1,0,0.0024,1,1,1,23.9,25.8,0,0.0,0.0,2.4,0.3333333333333333,1.0,0.0024,2.4,0.0
2026-03-13,site B,estilo de vida,rodapé fixo,banner,tablet,newsletter,2,1,1,0,0.00239,1,1,1,121.1,63.7,0,1.0,0.0,2.39,0.5,1.0,0.00239,2.39,0.0
2026-03-13,site B,estilo de vida,lateral,banner,computador,direto,1,1,1,0,0.00238,1,1,1,50.2,77.9,0,0.0,0.0,2.3800000000000003,1.0,1.0,0.00238,2.3800000000000003,0.0
2026-03-13,site B,notícias,rodapé fixo,nativo,celular,direto,1,1,0,0,0.00105,1,1,1,69.7,71.9,0,0.0,0.0,1.05,1.0,0.0,0.00105,1.05,0.0
2026-03-13,site B,notícias,meio do artigo,banner,computador,orgânico,1,1,1,1,0.00103,1,1,1,125.2,71.6,1,0.0,1.0,1.03,1.0,1.0,0.00103,1.03,1.0
2026-03-13,site C,entretenimento,topo da página,banner,celular,direto,2,1,0,0,0.00067,1,1,1,10.0,34.3,1,0.0,0.0,0.67,0.5,0.0,0.00067,0.67,1.0
2026-03-13,site A,estilo de vida,topo da página,nativo,celular,redes sociais,1,0,0,0,0.00063,1,1,1,17.5,28.2,1,0.0,0.0,0.0,0.0,0.0,0.00063,0.63,1.0
2026-03-13,site A,finanças,topo da página,nativo,computador,orgânico,1,0,0,0,0.0005,1,1,1,63.7,81.9,0,0.0,0.0,0.0,0.0,0.0,0.0005,0.5,0.0
2026-03-13,site A,esportes,rodapé fixo,nativo,celular,redes sociais,1,0,0,0,0.00026,1,1,1,87.5,43.4,1,0.0,0.0,0.0,0.0,0.0,0.00026,0.25999999999999995,1.0
2026-03-13,site A,notícias,rodapé fixo,vídeo,celular,redes sociais,1,0,0,0,0.0,1,1,1,71.5,73.8,0,0.0,0.0,0.0,0.0,0.0,0.0,0.0,0.0
2026-03-13,site A,tecnologia,meio do artigo,banner,computador,orgânico,1,0,0,0,0.0,1,1,1,109.0,91.1,0,1.0,0.0,0.0,0.0,0.0,0.0,0.0,0.0
2026-03-13,site B,entretenimento,topo da página,mídia rica,computador,orgânico,1,0,0,0,0.0,1,1,1,104.4,70.8,0,0.0,0.0,0.0,0.0,0.0,0.0,0.0,0.0
2026-03-13,site B,tecnologia,rodapé fixo,banner,celular,orgânico,1,0,0,0,0.0,1,1,1,102.2,64.7,0,0.0,0.0,0.0,0.0,0.0,0.0,0.0,0.0
2026-03-13,site C,notícias,topo da página,banner,celular,orgânico,1,0,0,0,0.0,1,1,1,75.3,77.4,1,1.0,0.0,0.0,0.0,0.0,0.0,0.0,1.0
2026-03-14,site B,notícias,intersticial,mídia rica,tablet,orgânico,6,6,4,0,0.06065,1,1,1,161.7,24.1,0,1.0,0.0,10.108333333333334,1.0,0.6666666666666666,0.06065,60.650000000000006,0.0
2026-03-14,site A,esportes,topo da página,banner,computador,orgânico,8,7,4,0,0.058230000000000004,2,2,2,72.3,66.15,1,0.0,0.0,8.31857142857143,0.875,0.5714285714285714,0.029115000000000002,29.115000000000002,0.5
2026-03-14,site B,esportes,meio do artigo,banner,computador,orgânico,5,5,2,0,0.04569,1,1,1,25.7,89.3,0,1.0,0.0,9.138000000000002,1.0,0.4,0.04569,45.690000000000005,0.0
2026-03-14,site C,finanças,rodapé fixo,vídeo,computador,redes sociais,6,4,4,0,0.04137,1,1,1,58.6,100.0,0,1.0,0.0,10.3425,0.6666666666666666,1.0,0.04137,41.37,0.0
2026-03-14,site A,entretenimento,rodapé fixo,banner,computador,orgânico,6,5,4,0,0.03436,1,1,1,31.7,51.6,0,0.0,0.0,6.872,0.8333333333333334,0.8,0.03436,34.36,0.0
2026-03-14,site A,tecnologia,rodapé fixo,banner,computador,referência,6,5,4,0,0.03309,1,1,1,19.7,41.6,1,0.0,0.0,6.618,0.8333333333333334,0.8,0.03309,33.09,1.0
2026-03-14,site B,finanças,lateral,banner,computador,redes sociais,6,4,3,0,0.02951,1,1,1,91.8,56.6,1,0.0,0.0,7.3775,0.6666666666666666,0.75,0.02951,29.51,1.0
2026-03-14,site B,esportes,meio do artigo,banner,celular,orgânico,6,5,3,0,0.02874,1,1,1,36.6,84.0,0,1.0,0.0,5.748,0.8333333333333334,0.6,0.02874,28.740000000000002,0.0
2026-03-14,site A,estilo de vida,meio do artigo,vídeo,tablet,newsletter,6,5,4,0,0.02866,1,1,1,146.5,57.1,0,0.0,0.0,5.732,0.8333333333333334,0.8,0.02866,28.66,0.0
2026-03-14,site A,notícias,topo da página,nativo,celular,referência,5,5,2,0,0.02804,1,1,1,102.7,96.2,1,1.0,0.0,5.608,1.0,0.4,0.02804,28.04,1.0
2026-03-14,site C,tecnologia,meio do artigo,banner,computador,orgânico,6,5,3,0,0.02689,1,1,1,45.3,30.9,1,0.0,0.0,5.378,0.8333333333333334,0.6,0.02689,26.89,1.0
2026-03-14,site A,tecnologia,meio do artigo,nativo,computador,newsletter,5,4,2,0,0.02681,1,1,1,35.2,54.3,0,1.0,0.0,6.702500000000001,0.8,0.5,0.02681,26.810000000000002,0.0
2026-03-14,site A,esportes,topo da página,mídia rica,computador,referência,5,3,3,0,0.02633,1,1,1,21.5,56.5,1,0.0,0.0,8.776666666666666,0.6,1.0,0.02633,26.33,1.0
2026-03-14,site B,estilo de vida,meio do artigo,mídia rica,celular,orgânico,5,4,3,0,0.02612,1,1,1,50.7,63.0,1,1.0,0.0,6.53,0.8,0.75,0.02612,26.12,1.0
2026-03-14,site A,notícias,topo da página,nativo,celular,direto,5,5,2,0,0.02403,1,1,1,25.7,40.2,1,0.0,0.0,4.805999999999999,1.0,0.4,0.02403,24.029999999999998,1.0
2026-03-14,site A,notícias,rodapé fixo,banner,celular,newsletter,4,3,1,0,0.02365,1,1,1,45.1,40.7,0,0.0,0.0,7.883333333333334,0.75,0.3333333333333333,0.02365,23.650000000000002,0.0
2026-03-14,site A,notícias,meio do artigo,banner,computador,orgânico,5,4,3,0,0.0217,1,1,1,76.9,56.7,0,0.0,0.0,5.425,0.8,0.75,0.0217,21.7,0.0
2026-03-14,site A,notícias,rodapé fixo,nativo,computador,orgânico,4,4,2,0,0.02138,1,1,1,36.4,82.2,1,0.0,0.0,5.345,1.0,0.5,0.02138,21.38,1.0
2026-03-14,site B,notícias,meio do artigo,vídeo,celular,orgânico,4,3,0,0,0.02087,1,1,1,53.0,82.8,0,1.0,0.0,6.956666666666667,0.75,0.0,0.02087,20.87,0.0
2026-03-14,site B,tecnologia,lateral,banner,celular,referência,4,4,2,0,0.02034,1,1,1,18.7,37.6,1,1.0,0.0,5.085,1.0,0.5,0.02034,20.34,1.0
2026-03-14,site A,estilo de vida,meio do artigo,banner,computador,referência,6,3,2,0,0.01927,1,1,1,13.2,53.2,0,0.0,0.0,6.423333333333333,0.5,0.6666666666666666,0.01927,19.27,0.0
2026-03-14,site C,entretenimento,lateral,nativo,tablet,direto,4,3,2,0,0.01921,1,1,1,26.8,59.6,0,0.0,0.0,6.403333333333333,0.75,0.6666666666666666,0.01921,19.21,0.0
2026-03-14,site C,entretenimento,meio do artigo,mídia rica,celular,newsletter,6,5,5,1,0.0189,1,1,1,31.3,57.5,0,1.0,0.2,3.78,0.8333333333333334,1.0,0.0189,18.9,0.0
2026-03-14,site B,tecnologia,meio do artigo,mídia rica,tablet,direto,3,2,2,0,0.01856,1,1,1,18.3,48.1,0,1.0,0.0,9.28,0.6666666666666666,1.0,0.01856,18.56,0.0
2026-03-14,site A,esportes,intersticial,vídeo,celular,direto,3,3,1,0,0.01839,1,1,1,106.2,28.7,0,0.0,0.0,6.13,1.0,0.3333333333333333,0.01839,18.39,0.0
2026-03-14,site A,esportes,lateral,nativo,computador,direto,4,3,2,0,0.01799,1,1,1,155.9,65.9,1,1.0,0.0,5.996666666666666,0.75,0.6666666666666666,0.01799,17.99,1.0
2026-03-14,site A,estilo de vida,meio do artigo,banner,computador,newsletter,5,4,1,0,0.01772,1,1,1,7.6,37.1,1,1.0,0.0,4.43,0.8,0.25,0.01772,17.72,1.0
2026-03-14,site A,esportes,meio do artigo,nativo,celular,orgânico,5,4,3,0,0.0175,1,1,1,194.4,54.1,1,0.0,0.0,4.375,0.8,0.75,0.0175,17.5,1.0
2026-03-14,site B,notícias,meio do artigo,banner,celular,newsletter,6,6,3,0,0.01728,1,1,1,14.4,22.1,1,0.0,0.0,2.8800000000000003,1.0,0.5,0.01728,17.28,1.0
2026-03-14,site A,estilo de vida,topo da página,nativo,celular,orgânico,4,3,1,0,0.01636,1,1,1,26.6,87.6,0,0.0,0.0,5.453333333333333,0.75,0.3333333333333333,0.01636,16.36,0.0
2026-03-14,site A,notícias,meio do artigo,vídeo,computador,direto,4,3,0,0,0.01635,1,1,1,66.1,42.8,1,1.0,0.0,5.45,0.75,0.0,0.01635,16.35,1.0
2026-03-14,site A,finanças,topo da página,banner,celular,orgânico,5,3,1,0,0.01605,1,1,1,37.0,49.3,0,1.0,0.0,5.349999999999999,0.6,0.3333333333333333,0.01605,16.049999999999997,0.0
2026-03-14,site A,notícias,meio do artigo,banner,computador,referência,4,4,2,0,0.01521,1,1,1,96.1,40.8,0,1.0,0.0,3.8024999999999998,1.0,0.5,0.01521,15.209999999999999,0.0
2026-03-14,site A,finanças,topo da página,banner,celular,direto,2,2,2,0,0.01511,1,1,1,39.5,64.8,1,0.0,0.0,7.555,1.0,1.0,0.01511,15.11,1.0
2026-03-14,site A,tecnologia,meio do artigo,banner,computador,direto,3,3,3,0,0.01468,1,1,1,64.6,58.2,0,0.0,0.0,4.8933333333333335,1.0,1.0,0.01468,14.68,0.0
2026-03-14,site A,estilo de vida,intersticial,vídeo,celular,orgânico,6,5,5,0,0.01352,1,1,1,25.3,38.1,1,1.0,0.0,2.704,0.8333333333333334,1.0,0.01352,13.520000000000001,1.0
2026-03-14,site B,entretenimento,topo da página,banner,computador,orgânico,6,5,4,0,0.01343,1,1,1,107.7,53.2,1,1.0,0.0,2.686,0.8333333333333334,0.8,0.01343,13.43,1.0
2026-03-14,site B,estilo de vida,lateral,vídeo,computador,orgânico,4,2,1,0,0.01303,1,1,1,154.8,74.2,1,0.0,0.0,6.515,0.5,0.5,0.01303,13.03,1.0
2026-03-14,site A,finanças,meio do artigo,banner,tablet,orgânico,2,2,1,0,0.013,1,1,1,50.3,93.6,1,1.0,0.0,6.5,1.0,0.5,0.013,13.0,1.0
2026-03-14,site C,notícias,topo da página,mídia rica,tablet,orgânico,3,2,2,0,0.01283,1,1,1,13.2,66.1,0,0.0,0.0,6.415,0.6666666666666666,1.0,0.01283,12.83,0.0
2026-03-14,site B,entretenimento,meio do artigo,nativo,computador,orgânico,5,2,1,0,0.01248,1,1,1,35.1,45.0,0,0.0,0.0,6.24,0.4,0.5,0.01248,12.48,0.0
2026-03-14,site C,esportes,topo da página,banner,celular,direto,3,3,1,0,0.01236,1,1,1,72.8,29.5,1,0.0,0.0,4.12,1.0,0.3333333333333333,0.01236,12.36,1.0
2026-03-14,site A,tecnologia,meio do artigo,banner,celular,referência,4,2,1,0,0.01168,1,1,1,90.9,76.7,0,0.0,0.0,5.84,0.5,0.5,0.01168,11.68,0.0
2026-03-14,site C,estilo de vida,topo da página,banner,celular,orgânico,4,4,2,0,0.01167,1,1,1,16.6,55.8,1,0.0,0.0,2.9175,1.0,0.5,0.01167,11.67,1.0
2026-03-14,site A,entretenimento,meio do artigo,nativo,computador,orgânico,2,2,1,0,0.01126,1,1,1,71.8,100.0,1,0.0,0.0,5.63,1.0,0.5,0.01126,11.26,1.0
2026-03-14,site B,tecnologia,topo da página,banner,celular,redes sociais,6,5,3,0,0.0101,1,1,1,32.3,74.2,0,0.0,0.0,2.02,0.8333333333333334,0.6,0.0101,10.1,0.0
2026-03-14,site A,estilo de vida,rodapé fixo,nativo,celular,direto,1,1,1,0,0.01,1,1,1,56.8,63.9,1,1.0,0.0,10.0,1.0,1.0,0.01,10.0,1.0
2026-03-14,site B,finanças,lateral,nativo,celular,redes sociais,2,2,2,0,0.00998,1,1,1,65.1,81.4,0,0.0,0.0,4.989999999999999,1.0,1.0,0.00998,9.979999999999999,0.0
2026-03-14,site C,esportes,topo da página,nativo,tablet,orgânico,2,2,1,0,0.0094,1,1,1,73.0,62.8,0,0.0,0.0,4.7,1.0,0.5,0.0094,9.4,0.0
2026-03-14,site C,entretenimento,meio do artigo,nativo,computador,referência,2,1,1,0,0.00914,1,1,1,83.7,68.3,0,1.0,0.0,9.14,0.5,1.0,0.00914,9.14,0.0
2026-03-14,site B,notícias,meio do artigo,mídia rica,computador,orgânico,2,1,0,0,0.00906,1,1,1,117.0,85.3,1,1.0,0.0,9.06,0.5,0.0,0.00906,9.06,1.0
2026-03-14,site B,entretenimento,meio do artigo,vídeo,tablet,redes sociais,1,1,0,0,0.00905,1,1,1,14.9,60.4,1,0.0,0.0,9.05,1.0,0.0,0.00905,9.05,1.0
2026-03-14,site C,tecnologia,topo da página,banner,celular,referência,1,1,1,0,0.00894,1,1,1,94.6,50.5,0,1.0,0.0,8.94,1.0,1.0,0.00894,8.94,0.0
2026-03-14,site A,entretenimento,meio do artigo,mídia rica,celular,direto,4,3,2,0,0.00874,1,1,1,59.3,91.5,1,0.0,0.0,2.9133333333333336,0.75,0.6666666666666666,0.00874,8.74,1.0
2026-03-14,site B,finanças,topo da página,nativo,computador,orgânico,2,1,1,0,0.00867,1,1,1,176.0,64.3,0,0.0,0.0,8.67,0.5,1.0,0.00867,8.67,0.0
2026-03-14,site C,notícias,topo da página,banner,celular,newsletter,2,2,1,0,0.00862,1,1,1,12.5,55.8,1,1.0,0.0,4.31,1.0,0.5,0.00862,8.62,1.0
2026-03-14,site B,finanças,meio do artigo,nativo,celular,direto,3,2,1,0,0.00858,1,1,1,111.9,61.5,0,0.0,0.0,4.29,0.6666666666666666,0.5,0.00858,8.58,0.0
2026-03-14,site A,estilo de vida,meio do artigo,banner,celular,orgânico,3,2,1,0,0.00813,1,1,1,119.6,46.5,1,0.0,0.0,4.065,0.6666666666666666,0.5,0.00813,8.13,1.0
2026-03-14,site B,notícias,topo da página,banner,tablet,direto,2,1,1,0,0.0079,1,1,1,31.5,96.8,0,0.0,0.0,7.9,0.5,1.0,0.0079,7.9,0.0
2026-03-14,site C,estilo de vida,topo da página,banner,celular,redes sociais,2,2,2,0,0.00727,1,1,1,30.4,21.0,1,1.0,0.0,3.6350000000000002,1.0,1.0,0.00727,7.2700000000000005,1.0
2026-03-14,site A,esportes,meio do artigo,banner,celular,orgânico,2,2,2,0,0.00718,1,1,1,77.9,37.3,1,0.0,0.0,3.59,1.0,1.0,0.00718,7.18,1.0
2026-03-14,site A,finanças,meio do artigo,banner,celular,newsletter,5,2,0,0,0.00709,2,2,2,46.95,88.19999999999999,0,1.0,0.0,3.545,0.4,0.0,0.003545,3.545,0.0
2026-03-14,site C,notícias,topo da página,banner,tablet,direto,2,2,2,0,0.00695,1,1,1,134.4,79.4,0,0.0,0.0,3.4749999999999996,1.0,1.0,0.00695,6.949999999999999,0.0
2026-03-14,site A,estilo de vida,meio do artigo,banner,computador,redes sociais,2,1,1,0,0.00675,1,1,1,87.8,43.3,1,0.0,0.0,6.75,0.5,1.0,0.00675,6.75,1.0
2026-03-14,site A,notícias,lateral,nativo,tablet,newsletter,3,2,1,0,0.00631,1,1,1,67.9,31.3,0,0.0,0.0,3.155,0.6666666666666666,0.5,0.00631,6.31,0.0
2026-03-14,site C,esportes,topo da página,nativo,celular,direto,6,3,1,0,0.00594,1,1,1,54.0,40.1,0,0.0,0.0,1.9800000000000002,0.5,0.3333333333333333,0.00594,5.94,0.0
2026-03-14,site B,entretenimento,topo da página,nativo,celular,direto,1,1,1,0,0.00583,1,1,1,43.8,91.7,1,0.0,0.0,5.83,1.0,1.0,0.00583,5.83,1.0
2026-03-14,site A,esportes,intersticial,banner,celular,redes sociais,3,2,0,0,0.00572,1,1,1,83.1,62.0,0,0.0,0.0,2.8600000000000003,0.6666666666666666,0.0,0.00572,5.720000000000001,0.0
2026-03-14,site B,notícias,topo da página,banner,computador,redes sociais,2,1,0,0,0.00523,1,1,1,66.5,82.2,1,0.0,0.0,5.23,0.5,0.0,0.00523,5.23,1.0
2026-03-14,site B,notícias,lateral,nativo,computador,orgânico,1,1,1,0,0.00492,1,1,1,52.1,29.3,0,0.0,0.0,4.92,1.0,1.0,0.00492,4.92,0.0
2026-03-14,site A,finanças,intersticial,nativo,computador,redes sociais,4,1,1,0,0.00464,1,1,1,109.0,56.0,0,0.0,0.0,4.64,0.25,1.0,0.00464,4.64,0.0
2026-03-14,site A,entretenimento,topo da página,nativo,computador,referência,1,1,1,0,0.00385,1,1,1,55.9,66.7,1,1.0,0.0,3.85,1.0,1.0,0.00385,3.85,1.0
2026-03-14,site B,entretenimento,rodapé fixo,mídia rica,celular,direto,2,2,1,0,0.00367,1,1,1,144.3,50.5,1,1.0,0.0,1.835,1.0,0.5,0.00367,3.67,1.0
2026-03-14,site B,finanças,meio do artigo,banner,celular,orgânico,5,3,3,0,0.00359,1,1,1,42.5,70.3,1,0.0,0.0,1.1966666666666665,0.6,1.0,0.00359,3.59,1.0
2026-03-14,site A,finanças,topo da página,vídeo,tablet,referência,2,1,1,0,0.00329,1,1,1,142.6,64.4,1,1.0,0.0,3.29,0.5,1.0,0.00329,3.29,1.0
2026-03-14,site A,entretenimento,meio do artigo,banner,celular,direto,2,2,1,0,0.00292,1,1,1,19.4,57.6,0,0.0,0.0,1.46,1.0,0.5,0.00292,2.92,0.0
2026-03-14,site B,tecnologia,intersticial,banner,computador,orgânico,1,0,0,0,0.00234,1,1,1,18.6,95.6,0,0.0,0.0,0.0,0.0,0.0,0.00234,2.34,0.0
2026-03-14,site A,estilo de vida,intersticial,banner,computador,orgânico,1,1,0,0,0.00088,1,1,1,65.6,35.8,0,0.0,0.0,0.88,1.0,0.0,0.00088,0.88,0.0
2026-03-14,site C,notícias,rodapé fixo,banner,celular,redes sociais,2,1,1,0,0.00079,1,1,1,52.5,54.6,0,0.0,0.0,0.79,0.5,1.0,0.00079,0.79,0.0
2026-03-14,site C,estilo de vida,meio do artigo,nativo,celular,orgânico,2,1,1,0,0.00012,1,1,1,36.7,89.9,0,0.0,0.0,0.12000000000000001,0.5,1.0,0.00012,0.12000000000000001,0.0
2026-03-14,site A,tecnologia,intersticial,vídeo,celular,orgânico,1,0,0,0,0.0,1,1,1,65.5,24.4,0,1.0,0.0,0.0,0.0,0.0,0.0,0.0,0.0
2026-03-14,site B,estilo de vida,rodapé fixo,banner,computador,redes sociais,3,1,1,0,0.0,1,1,1,104.9,41.2,1,1.0,0.0,0.0,0.3333333333333333,1.0,0.0,0.0,1.0
2026-03-14,site B,notícias,topo da página,mídia rica,celular,direto,2,0,0,0,0.0,1,1,1,68.5,63.5,0,0.0,0.0,0.0,0.0,0.0,0.0,0.0,0.0
2026-03-14,site B,tecnologia,meio do artigo,banner,computador,referência,1,0,0,0,0.0,1,1,1,38.9,42.2,0,0.0,0.0,0.0,0.0,0.0,0.0,0.0,0.0
2026-03-15,site C,finanças,meio do artigo,mídia rica,celular,orgânico,4,4,0,0,0.0764,1,1,1,102.8,91.3,0,0.0,0.0,19.099999999999998,1.0,0.0,0.0764,76.39999999999999,0.0
2026-03-15,site B,tecnologia,topo da página,vídeo,computador,orgânico,5,4,3,0,0.05637,1,1,1,81.1,83.0,0,0.0,0.0,14.092500000000001,0.8,0.75,0.05637,56.370000000000005,0.0
2026-03-15,site A,estilo de vida,lateral,vídeo,computador,redes sociais,4,4,1,0,0.05011,1,1,1,15.9,51.1,0,0.0,0.0,12.5275,1.0,0.25,0.05011,50.11,0.0
2026-03-15,site B,notícias,lateral,mídia rica,celular,direto,6,5,4,0,0.04858,1,1,1,102.1,87.7,1,0.0,0.0,9.716,0.8333333333333334,0.8,0.04858,48.58,1.0
2026-03-15,site A,estilo de vida,topo da página,nativo,computador,direto,6,6,6,0,0.04544,1,1,1,29.1,25.5,0,0.0,0.0,7.573333333333333,1.0,1.0,0.04544,45.44,0.0
2026-03-15,site B,entretenimento,meio do artigo,vídeo,computador,redes sociais,6,5,4,0,0.04392,1,1,1,94.3,71.3,0,0.0,0.0,8.784,0.8333333333333334,0.8,0.04392,43.92,0.0
2026-03-15,site B,finanças,topo da página,banner,celular,orgânico,5,5,1,0,0.03919,1,1,1,73.1,55.2,1,0.0,0.0,7.838000000000001,1.0,0.2,0.03919,39.190000000000005,1.0
2026-03-15,site A,tecnologia,meio do artigo,nativo,computador,redes sociais,5,4,4,0,0.0353,1,1,1,76.7,55.0,1,0.0,0.0,8.825,0.8,1.0,0.0353,35.3,1.0
2026-03-15,site A,esportes,meio do artigo,vídeo,computador,redes sociais,5,4,4,0,0.03291,1,1,1,31.9,73.7,1,0.0,0.0,8.227500000000001,0.8,1.0,0.03291,32.910000000000004,1.0
2026-03-15,site B,esportes,meio do artigo,nativo,celular,redes sociais,6,5,4,1,0.0312,1,1,1,60.6,88.0,0,1.0,0.2,6.24,0.8333333333333334,0.8,0.0312,31.2,0.0
2026-03-15,site B,finanças,topo da página,banner,computador,orgânico,6,6,4,0,0.02942,1,1,1,72.0,62.9,0,0.0,0.0,4.903333333333333,1.0,0.6666666666666666,0.02942,29.42,0.0
2026-03-15,site B,finanças,topo da página,banner,tablet,redes sociais,6,5,3,0,0.02867,1,1,1,36.6,77.7,0,0.0,0.0,5.734,0.8333333333333334,0.6,0.02867,28.67,0.0
2026-03-15,site A,finanças,rodapé fixo,mídia rica,computador,direto,3,3,3,0,0.02838,1,1,1,71.1,76.6,1,0.0,0.0,9.459999999999999,1.0,1.0,0.02838,28.38,1.0
2026-03-15,site C,esportes,rodapé fixo,banner,computador,direto,4,4,3,0,0.02831,1,1,1,53.9,91.5,0,0.0,0.0,7.0775,1.0,0.75,0.02831,28.31,0.0
2026-03-15,site A,esportes,topo da página,banner,celular,orgânico,4,3,2,0,0.02668,1,1,1,80.2,65.8,1,0.0,0.0,8.893333333333333,0.75,0.6666666666666666,0.02668,26.68,1.0
2026-03-15,site B,notícias,rodapé fixo,nativo,computador,orgânico,6,5,5,0,0.02635,1,1,1,92.5,86.2,0,0.0,0.0,5.27,0.8333333333333334,1.0,0.02635,26.349999999999998,0.0
2026-03-15,site A,tecnologia,topo da página,nativo,computador,orgânico,6,5,3,0,0.0259,1,1,1,206.6,36.8,0,1.0,0.0,5.18,0.8333333333333334,0.6,0.0259,25.9,0.0
2026-03-15,site A,finanças,topo da página,banner,celular,orgânico,5,4,4,0,0.02454,1,1,1,87.0,37.7,1,0.0,0.0,6.135,0.8,1.0,0.02454,24.54,1.0
2026-03-15,site B,tecnologia,meio do artigo,banner,computador,redes sociais,6,5,3,0,0.02309,1,1,1,8.6,49.1,0,1.0,0.0,4.618,0.8333333333333334,0.6,0.02309,23.09,0.0
2026-03-15,site A,notícias,lateral,banner,computador,direto,6,3,0,0,0.02278,1,1,1,72.1,87.9,1,0.0,0.0,7.593333333333334,0.5,0.0,0.02278,22.78,1.0
2026-03-15,site C,tecnologia,meio do artigo,banner,celular,orgânico,4,4,2,0,0.02196,1,1,1,51.5,64.4,0,1.0,0.0,5.49,1.0,0.5,0.02196,21.96,0.0
2026-03-15,site A,entretenimento,rodapé fixo,banner,computador,orgânico,6,6,5,0,0.02183,1,1,1,64.7,65.6,1,0.0,0.0,3.638333333333333,1.0,0.8333333333333334,0.02183,21.83,1.0
2026-03-15,site C,finanças,lateral,banner,computador,redes sociais,4,2,1,0,0.02155,1,1,1,46.7,92.8,1,1.0,0.0,10.775,0.5,0.5,0.02155,21.55,1.0
2026-03-15,site C,notícias,rodapé fixo,nativo,celular,referência,7,6,5,0,0.021470000000000003,2,2,2,45.0,69.85,0,0.0,0.0,3.5783333333333336,0.8571428571428571,0.8333333333333334,0.010735000000000001,10.735000000000001,0.0
2026-03-15,site A,esportes,meio do artigo,vídeo,celular,direto,3,2,2,0,0.0214,1,1,1,70.5,62.4,0,0.0,0.0,10.7,0.6666666666666666,1.0,0.0214,21.4,0.0
2026-03-15,site A,notícias,meio do artigo,banner,celular,redes sociais,5,5,3,0,0.0208,1,1,1,35.7,44.2,0,0.0,0.0,4.16,1.0,0.6,0.0208,20.8,0.0
2026-03-15,site C,entretenimento,lateral,mídia rica,computador,orgânico,4,4,3,0,0.02041,1,1,1,53.1,41.8,0,1.0,0.0,5.1025,1.0,0.75,0.02041,20.41,0.0
2026-03-15,site B,finanças,rodapé fixo,mídia rica,celular,newsletter,6,3,3,0,0.02033,1,1,1,32.3,83.5,1,0.0,0.0,6.776666666666667,0.5,1.0,0.02033,20.330000000000002,1.0
2026-03-15,site A,tecnologia,topo da página,vídeo,celular,referência,2,2,1,0,0.01998,1,1,1,61.0,58.3,1,1.0,0.0,9.99,1.0,0.5,0.01998,19.98,1.0
2026-03-15,site B,finanças,topo da página,vídeo,computador,orgânico,3,2,2,0,0.0195,1,1,1,90.9,17.3,1,1.0,0.0,9.75,0.6666666666666666,1.0,0.0195,19.5,1.0
2026-03-15,site A,notícias,topo da página,banner,computador,referência,3,3,2,0,0.01925,1,1,1,105.2,78.7,0,1.0,0.0,6.416666666666667,1.0,0.6666666666666666,0.01925,19.25,0.0
2026-03-15,site C,tecnologia,meio do artigo,nativo,celular,newsletter,6,5,3,0,0.01909,1,1,1,76.4,84.1,0,0.0,0.0,3.818,0.8333333333333334,0.6,0.01909,19.09,0.0
2026-03-15,site C,notícias,rodapé fixo,mídia rica,computador,orgânico,5,5,4,0,0.01883,1,1,1,117.0,38.9,1,0.0,0.0,3.7659999999999996,1.0,0.8,0.01883,18.83,1.0
2026-03-15,site B,tecnologia,meio do artigo,vídeo,computador,redes sociais,3,2,2,0,0.01834,1,1,1,79.0,70.9,0,1.0,0.0,9.17,0.6666666666666666,1.0,0.01834,18.34,0.0
2026-03-15,site A,tecnologia,lateral,vídeo,celular,direto,3,3,1,0,0.01818,1,1,1,92.5,78.3,0,0.0,0.0,6.060000000000001,1.0,0.3333333333333333,0.01818,18.180000000000003,0.0
2026-03-15,site C,notícias,meio do artigo,banner,computador,orgânico,6,4,2,1,0.01785,2,2,2,113.9,64.4,0,0.5,0.25,4.4625,0.6666666666666666,0.5,0.008925,8.925,0.0
2026-03-15,site C,estilo de vida,topo da página,nativo,celular,referência,4,3,1,0,0.01759,1,1,1,82.1,56.0,0,0.0,0.0,5.863333333333333,0.75,0.3333333333333333,0.01759,17.59,0.0
2026-03-15,site C,notícias,topo da página,vídeo,celular,orgânico,4,4,2,0,0.01749,1,1,1,32.1,91.6,0,0.0,0.0,4.3725,1.0,0.5,0.01749,17.49,0.0
2026-03-15,site C,notícias,lateral,vídeo,tablet,newsletter,6,4,3,0,0.0174,1,1,1,34.5,70.3,1,1.0,0.0,4.35,0.6666666666666666,0.75,0.0174,17.4,1.0
2026-03-15,site A,esportes,lateral,banner,tablet,redes sociais,6,3,2,0,0.01703,1,1,1,67.0,35.4,1,0.0,0.0,5.676666666666667,0.5,0.6666666666666666,0.01703,17.03,1.0
2026-03-15,site A,estilo de vida,topo da página,vídeo,tablet,redes sociais,4,3,1,0,0.01641,1,1,1,82.1,56.1,0,0.0,0.0,5.47,0.75,0.3333333333333333,0.01641,16.41,0.0
2026-03-15,site A,estilo de vida,topo da página,banner,celular,redes sociais,5,5,3,0,0.01566,1,1,1,51.1,45.8,1,0.0,0.0,3.132,1.0,0.6,0.01566,15.66,1.0
2026-03-15,site A,notícias,topo da página,nativo,computador,orgânico,3,2,2,0,0.01539,1,1,1,46.4,70.4,0,1.0,0.0,7.694999999999999,0.6666666666666666,1.0,0.01539,15.389999999999999,0.0
2026-03-15,site C,estilo de vida,meio do artigo,banner,computador,newsletter,3,2,1,0,0.01532,1,1,1,53.2,74.5,0,1.0,0.0,7.66,0.6666666666666666,0.5,0.01532,15.32,0.0
2026-03-15,site A,finanças,meio do artigo,banner,computador,orgânico,6,4,3,0,0.01433,1,1,1,48.7,65.0,0,1.0,0.0,3.5825,0.6666666666666666,0.75,0.01433,14.33,0.0
2026-03-15,site B,esportes,topo da página,banner,computador,orgânico,2,2,2,0,0.0136,1,1,1,58.8,35.1,0,0.0,0.0,6.8,1.0,1.0,0.0136,13.6,0.0
2026-03-15,site A,entretenimento,rodapé fixo,banner,celular,redes sociais,2,2,2,0,0.01349,1,1,1,29.4,69.3,1,0.0,0.0,6.745,1.0,1.0,0.01349,13.49,1.0
2026-03-15,site B,finanças,meio do artigo,banner,celular,direto,3,2,1,0,0.01327,1,1,1,20.9,66.3,1,1.0,0.0,6.635000000000001,0.6666666666666666,0.5,0.01327,13.270000000000001,1.0
2026-03-15,site B,tecnologia,intersticial,banner,computador,orgânico,4,3,2,0,0.01313,1,1,1,34.8,86.7,0,0.0,0.0,4.376666666666666,0.75,0.6666666666666666,0.01313,13.129999999999999,0.0
2026-03-15,site A,notícias,meio do artigo,banner,celular,orgânico,6,5,5,0,0.01286,1,1,1,61.8,58.7,1,1.0,0.0,2.572,0.8333333333333334,1.0,0.01286,12.86,1.0
2026-03-15,site B,notícias,meio do artigo,vídeo,celular,direto,3,2,2,0,0.01285,1,1,1,21.4,78.4,0,1.0,0.0,6.425,0.6666666666666666,1.0,0.01285,12.85,0.0
2026-03-15,site B,notícias,rodapé fixo,nativo,computador,referência,6,5,4,0,0.01275,1,1,1,71.6,64.8,0,1.0,0.0,2.55,0.8333333333333334,0.8,0.01275,12.75,0.0
2026-03-15,site A,tecnologia,topo da página,vídeo,computador,newsletter,2,2,1,0,0.01249,1,1,1,82.5,78.9,0,0.0,0.0,6.245,1.0,0.5,0.01249,12.49,0.0
2026-03-15,site B,estilo de vida,rodapé fixo,vídeo,celular,redes sociais,4,3,2,0,0.01225,1,1,1,32.3,47.1,0,1.0,0.0,4.083333333333333,0.75,0.6666666666666666,0.01225,12.25,0.0
2026-03-15,site A,notícias,rodapé fixo,nativo,computador,orgânico,3,3,3,0,0.01206,1,1,1,32.5,34.0,0,0.0,0.0,4.02,1.0,1.0,0.01206,12.059999999999999,0.0
2026-03-15,site B,entretenimento,topo da página,banner,celular,newsletter,4,3,3,0,0.01182,1,1,1,51.2,57.2,0,1.0,0.0,3.94,0.75,1.0,0.01182,11.82,0.0
2026-03-15,site C,notícias,rodapé fixo,nativo,celular,redes sociais,6,6,4,0,0.01176,1,1,1,97.8,61.5,0,1.0,0.0,1.96,1.0,0.6666666666666666,0.01176,11.76,0.0
2026-03-15,site A,estilo de vida,topo da página,nativo,celular,newsletter,3,3,3,0,0.01171,1,1,1,60.9,41.9,0,1.0,0.0,3.903333333333333,1.0,1.0,0.01171,11.709999999999999,0.0
2026-03-15,site B,estilo de vida,meio do artigo,banner,celular,newsletter,4,4,3,0,0.01161,1,1,1,69.7,51.6,1,0.0,0.0,2.9025000000000003,1.0,0.75,0.01161,11.610000000000001,1.0
2026-03-15,site A,tecnologia,topo da página,banner,celular,redes sociais,2,2,1,0,0.01147,1,1,1,89.1,63.5,1,0.0,0.0,5.734999999999999,1.0,0.5,0.01147,11.469999999999999,1.0
2026-03-15,site C,entretenimento,lateral,banner,computador,orgânico,3,3,1,0,0.01128,1,1,1,81.4,41.6,0,0.0,0.0,3.76,1.0,0.3333333333333333,0.01128,11.28,0.0
2026-03-15,site A,notícias,lateral,nativo,celular,direto,6,4,3,0,0.01114,1,1,1,105.1,53.0,1,0.0,0.0,2.785,0.6666666666666666,0.75,0.01114,11.14,1.0
2026-03-15,site A,esportes,lateral,nativo,celular,orgânico,3,3,2,0,0.01055,1,1,1,21.5,41.6,0,1.0,0.0,3.516666666666667,1.0,0.6666666666666666,0.01055,10.55,0.0
2026-03-15,site B,notícias,topo da página,nativo,computador,redes sociais,3,2,1,0,0.01051,1,1,1,22.8,33.9,1,0.0,0.0,5.255,0.6666666666666666,0.5,0.01051,10.51,1.0
2026-03-15,site B,entretenimento,lateral,vídeo,celular,redes sociais,4,1,1,0,0.00998,1,1,1,94.0,42.8,0,1.0,0.0,9.979999999999999,0.25,1.0,0.00998,9.979999999999999,0.0
2026-03-15,site B,notícias,meio do artigo,mídia rica,celular,direto,3,3,2,0,0.00942,1,1,1,56.2,85.1,0,0.0,0.0,3.14,1.0,0.6666666666666666,0.00942,9.42,0.0
2026-03-15,site A,estilo de vida,lateral,banner,celular,redes sociais,1,1,0,0,0.00933,1,1,1,8.7,66.4,0,0.0,0.0,9.33,1.0,0.0,0.00933,9.33,0.0
2026-03-15,site A,finanças,lateral,banner,celular,referência,2,1,1,0,0.00908,1,1,1,84.3,97.6,1,0.0,0.0,9.08,0.5,1.0,0.00908,9.08,1.0
2026-03-15,site A,notícias,topo da página,banner,computador,orgânico,1,1,1,0,0.00907,1,1,1,10.1,25.7,0,0.0,0.0,9.07,1.0,1.0,0.00907,9.07,0.0
2026-03-15,site A,entretenimento,rodapé fixo,banner,computador,direto,3,3,3,0,0.00903,1,1,1,18.6,19.6,0,0.0,0.0,3.01,1.0,1.0,0.00903,9.03,0.0
2026-03-15,site A,esportes,rodapé fixo,mídia rica,computador,direto,3,1,0,0,0.00854,1,1,1,29.5,44.5,0,0.0,0.0,8.540000000000001,0.3333333333333333,0.0,0.00854,8.540000000000001,0.0
2026-03-15,site A,notícias,topo da página,nativo,celular,orgânico,2,2,1,0,0.00852,1,1,1,37.9,78.2,0,0.0,0.0,4.26,1.0,0.5,0.00852,8.52,0.0
2026-03-15,site A,notícias,lateral,vídeo,celular,redes sociais,2,2,2,0,0.00821,1,1,1,122.8,60.1,1,0.0,0.0,4.105,1.0,1.0,0.00821,8.21,1.0
2026-03-15,site A,entretenimento,topo da página,banner,celular,newsletter,3,3,3,0,0.00814,1,1,1,43.2,38.9,1,0.0,0.0,2.713333333333333,1.0,1.0,0.00814,8.139999999999999,1.0
2026-03-15,site B,entretenimento,topo da página,banner,computador,orgânico,3,3,2,0,0.00814,1,1,1,70.0,90.8,0,1.0,0.0,2.713333333333333,1.0,0.6666666666666666,0.00814,8.139999999999999,0.0
2026-03-15,site A,esportes,rodapé fixo,banner,celular,orgânico,3,3,2,0,0.00788,2,2,2,32.6,42.400000000000006,1,0.0,0.0,2.6266666666666665,1.0,0.6666666666666666,0.00394,3.94,0.5
2026-03-15,site A,notícias,topo da página,mídia rica,celular,referência,2,2,1,0,0.00771,1,1,1,63.1,46.1,0,1.0,0.0,3.855,1.0,0.5,0.00771,7.71,0.0
2026-03-15,site C,estilo de vida,topo da página,banner,celular,orgânico,2,2,1,0,0.00769,1,1,1,70.6,32.9,0,0.0,0.0,3.8449999999999998,1.0,0.5,0.00769,7.6899999999999995,0.0
2026-03-15,site A,estilo de vida,intersticial,nativo,celular,redes sociais,4,2,0,0,0.00711,1,1,1,12.4,63.7,1,0.0,0.0,3.555,0.5,0.0,0.00711,7.11,1.0
2026-03-15,site B,esportes,meio do artigo,banner,computador,orgânico,1,1,0,0,0.00691,1,1,1,71.8,68.4,1,1.0,0.0,6.91,1.0,0.0,0.00691,6.91,1.0
2026-03-15,site A,tecnologia,topo da página,banner,tablet,redes sociais,2,1,1,0,0.00687,1,1,1,69.9,71.3,0,0.0,0.0,6.87,0.5,1.0,0.00687,6.87,0.0
2026-03-15,site A,esportes,lateral,mídia rica,computador,orgânico,1,1,1,0,0.00669,1,1,1,53.2,83.3,0,1.0,0.0,6.6899999999999995,1.0,1.0,0.00669,6.6899999999999995,0.0
2026-03-15,site A,estilo de vida,lateral,banner,tablet,direto,4,1,1,0,0.00649,1,1,1,23.8,67.5,1,1.0,0.0,6.49,0.25,1.0,0.00649,6.49,1.0
2026-03-15,site A,notícias,meio do artigo,banner,computador,orgânico,2,2,0,0,0.00648,1,1,1,95.8,57.7,0,1.0,0.0,3.2399999999999998,1.0,0.0,0.00648,6.4799999999999995,0.0
2026-03-15,site C,entretenimento,meio do artigo,vídeo,celular,orgânico,1,1,0,0,0.00629,1,1,1,64.9,12.8,0,1.0,0.0,6.289999999999999,1.0,0.0,0.00629,6.289999999999999,0.0
2026-03-15,site B,tecnologia,topo da página,banner,computador,redes sociais,2,1,1,0,0.00604,1,1,1,61.0,15.6,0,0.0,0.0,6.04,0.5,1.0,0.00604,6.04,0.0
2026-03-15,site A,tecnologia,meio do artigo,vídeo,celular,referência,2,1,1,0,0.00589,1,1,1,95.3,67.8,0,1.0,0.0,5.890000000000001,0.5,1.0,0.00589,5.890000000000001,0.0
2026-03-15,site C,finanças,rodapé fixo,banner,computador,orgânico,2,1,1,0,0.0057,1,1,1,49.6,56.5,0,1.0,0.0,5.7,0.5,1.0,0.0057,5.7,0.0
2026-03-15,site B,tecnologia,lateral,banner,celular,redes sociais,2,2,1,0,0.00567,1,1,1,50.1,44.2,1,0.0,0.0,2.835,1.0,0.5,0.00567,5.67,1.0
2026-03-15,site A,tecnologia,meio do artigo,banner,computador,direto,2,1,1,0,0.00554,1,1,1,25.4,36.9,1,0.0,0.0,5.54,0.5,1.0,0.00554,5.54,1.0
2026-03-15,site A,tecnologia,topo da página,banner,computador,newsletter,1,1,1,0,0.00529,1,1,1,129.8,32.6,1,0.0,0.0,5.29,1.0,1.0,0.00529,5.29,1.0
2026-03-15,site C,tecnologia,topo da página,banner,celular,orgânico,4,2,2,0,0.00519,1,1,1,103.8,58.6,0,0.0,0.0,2.595,0.5,1.0,0.00519,5.19,0.0
2026-03-15,site A,entretenimento,rodapé fixo,nativo,computador,orgânico,1,1,1,0,0.00509,1,1,1,77.4,49.2,0,1.0,0.0,5.09,1.0,1.0,0.00509,5.09,0.0
2026-03-15,site A,entretenimento,topo da página,nativo,celular,redes sociais,1,1,0,0,0.00491,1,1,1,29.8,42.5,1,0.0,0.0,4.91,1.0,0.0,0.00491,4.91,1.0
2026-03-15,site B,entretenimento,rodapé fixo,vídeo,celular,referência,1,1,1,0,0.00473,1,1,1,66.0,58.2,1,0.0,0.0,4.7299999999999995,1.0,1.0,0.00473,4.7299999999999995,1.0
2026-03-15,site B,esportes,topo da página,banner,celular,redes sociais,2,1,0,0,0.00429,1,1,1,58.3,53.2,0,0.0,0.0,4.29,0.5,0.0,0.00429,4.29,0.0
2026-03-15,site B,entretenimento,meio do artigo,banner,computador,direto,3,1,0,0,0.00416,1,1,1,7.8,70.6,1,1.0,0.0,4.159999999999999,0.3333333333333333,0.0,0.00416,4.159999999999999,1.0
2026-03-15,site A,tecnologia,meio do artigo,banner,celular,referência,2,2,1,0,0.00404,1,1,1,19.5,37.5,1,1.0,0.0,2.02,1.0,0.5,0.00404,4.04,1.0
2026-03-15,site A,estilo de vida,topo da página,banner,computador,redes sociais,2,1,1,0,0.00402,1,1,1,18.9,51.8,0,1.0,0.0,4.0200000000000005,0.5,1.0,0.00402,4.0200000000000005,0.0
2026-03-15,site B,entretenimento,meio do artigo,banner,computador,referência,3,2,2,0,0.00369,1,1,1,27.7,99.6,0,1.0,0.0,1.845,0.6666666666666666,1.0,0.00369,3.69,0.0
2026-03-15,site A,esportes,meio do artigo,vídeo,celular,orgânico,1,1,1,0,0.00362,1,1,1,17.6,81.2,0,0.0,0.0,3.62,1.0,1.0,0.00362,3.62,0.0
2026-03-15,site C,entretenimento,topo da página,nativo,computador,direto,1,1,1,0,0.00343,1,1,1,50.1,38.5,0,0.0,0.0,3.4299999999999997,1.0,1.0,0.00343,3.4299999999999997,0.0
2026-03-15,site C,estilo de vida,meio do artigo,mídia rica,celular,referência,1,1,0,0,0.00298,1,1,1,19.9,27.3,0,0.0,0.0,2.98,1.0,0.0,0.00298,2.98,0.0
2026-03-15,site A,entretenimento,rodapé fixo,nativo,computador,newsletter,1,1,0,0,0.00209,1,1,1,62.8,59.6,0,1.0,0.0,2.09,1.0,0.0,0.00209,2.09,0.0
2026-03-15,site B,esportes,meio do artigo,banner,celular,orgânico,1,0,0,0,0.00173,1,1,1,100.0,81.0,1,0.0,0.0,0.0,0.0,0.0,0.00173,1.73,1.0
2026-03-15,site B,tecnologia,rodapé fixo,nativo,celular,orgânico,1,0,0,0,0.00083,1,1,1,19.0,49.9,1,0.0,0.0,0.0,0.0,0.0,0.00083,0.83,1.0
2026-03-15,site B,entretenimento,rodapé fixo,banner,computador,direto,2,0,0,0,0.00021,1,1,1,40.0,73.7,0,0.0,0.0,0.0,0.0,0.0,0.00021,0.21000000000000002,0.0
2026-03-15,site A,esportes,intersticial,banner,celular,orgânico,1,0,0,0,0.0,1,1,1,123.7,33.2,0,1.0,0.0,0.0,0.0,0.0,0.0,0.0,0.0
2026-03-15,site A,esportes,topo da página,vídeo,celular,newsletter,1,1,1,0,0.0,1,1,1,106.2,44.9,1,0.0,0.0,0.0,1.0,1.0,0.0,0.0,1.0
2026-03-15,site A,estilo de vida,topo da página,banner,celular,referência,1,0,0,0,0.0,1,1,1,51.1,66.2,0,0.0,0.0,0.0,0.0,0.0,0.0,0.0,0.0
2026-03-15,site A,tecnologia,lateral,banner,celular,newsletter,2,0,0,0,0.0,1,1,1,52.2,72.6,0,1.0,0.0,0.0,0.0,0.0,0.0,0.0,0.0
2026-03-15,site B,finanças,topo da página,vídeo,celular,orgânico,1,0,0,0,0.0,1,1,1,90.1,79.9,1,1.0,0.0,0.0,0.0,0.0,0.0,0.0,1.0
2026-03-15,site C,estilo de vida,lateral,banner,computador,orgânico,1,0,0,0,0.0,1,1,1,69.1,61.1,1,0.0,0.0,0.0,0.0,0.0,0.0,0.0,1.0
2026-03-16,site C,estilo de vida,meio do artigo,vídeo,computador,redes sociais,6,5,3,1,0.05751,1,1,1,172.3,69.7,0,0.0,0.2,11.501999999999999,0.8333333333333334,0.6,0.05751,57.51,0.0
2026-03-16,site B,finanças,topo da página,nativo,celular,orgânico,6,6,4,0,0.05211,1,1,1,64.6,56.7,1,0.0,0.0,8.685,1.0,0.6666666666666666,0.05211,52.11,1.0
2026-03-16,site C,tecnologia,lateral,nativo,celular,orgânico,6,5,3,0,0.03508,1,1,1,67.2,42.3,1,0.0,0.0,7.016,0.8333333333333334,0.6,0.03508,35.08,1.0
2026-03-16,site B,finanças,meio do artigo,vídeo,celular,redes sociais,6,5,3,0,0.03482,1,1,1,35.0,41.2,0,0.0,0.0,6.964,0.8333333333333334,0.6,0.03482,34.82,0.0
2026-03-16,site A,estilo de vida,rodapé fixo,nativo,celular,referência,6,5,4,0,0.03474,1,1,1,91.5,87.2,1,0.0,0.0,6.948,0.8333333333333334,0.8,0.03474,34.74,1.0
2026-03-16,site C,finanças,lateral,nativo,celular,direto,6,4,2,0,0.03451,1,1,1,90.7,23.5,1,1.0,0.0,8.6275,0.6666666666666666,0.5,0.03451,34.51,1.0
2026-03-16,site A,finanças,topo da página,banner,celular,orgânico,5,3,2,0,0.03425,1,1,1,63.1,60.5,0,1.0,0.0,11.416666666666666,0.6,0.6666666666666666,0.03425,34.25,0.0
2026-03-16,site A,finanças,lateral,vídeo,computador,redes sociais,5,5,2,0,0.03366,1,1,1,143.3,41.6,0,0.0,0.0,6.732000000000001,1.0,0.4,0.03366,33.660000000000004,0.0
2026-03-16,site C,notícias,lateral,banner,computador,orgânico,5,4,3,0,0.02901,1,1,1,148.2,75.5,0,1.0,0.0,7.2525,0.8,0.75,0.02901,29.01,0.0
2026-03-16,site A,entretenimento,lateral,banner,computador,direto,6,5,2,0,0.02896,1,1,1,15.3,33.8,1,0.0,0.0,5.792,0.8333333333333334,0.4,0.02896,28.96,1.0
2026-03-16,site C,esportes,topo da página,vídeo,computador,direto,5,3,2,0,0.02871,1,1,1,34.9,35.8,1,0.0,0.0,9.57,0.6,0.6666666666666666,0.02871,28.71,1.0
2026-03-16,site A,notícias,topo da página,vídeo,celular,referência,6,5,3,0,0.02812,1,1,1,13.1,60.7,0,0.0,0.0,5.624,0.8333333333333334,0.6,0.02812,28.119999999999997,0.0
2026-03-16,site B,esportes,topo da página,banner,computador,referência,6,6,5,0,0.02784,1,1,1,93.6,30.6,0,0.0,0.0,4.64,1.0,0.8333333333333334,0.02784,27.84,0.0
2026-03-16,site B,esportes,rodapé fixo,banner,celular,redes sociais,5,4,2,0,0.02687,1,1,1,43.8,69.3,0,0.0,0.0,6.7175,0.8,0.5,0.02687,26.87,0.0
2026-03-16,site A,estilo de vida,topo da página,nativo,computador,redes sociais,4,4,4,0,0.0265,1,1,1,27.2,57.4,0,1.0,0.0,6.625,1.0,1.0,0.0265,26.5,0.0
2026-03-16,site A,estilo de vida,rodapé fixo,nativo,computador,direto,5,3,3,0,0.02472,1,1,1,76.8,36.8,0,1.0,0.0,8.24,0.6,1.0,0.02472,24.72,0.0
2026-03-16,site A,esportes,meio do artigo,banner,tablet,direto,6,5,3,0,0.02453,1,1,1,125.7,51.6,1,0.0,0.0,4.906000000000001,0.8333333333333334,0.6,0.02453,24.53,1.0
2026-03-16,site A,notícias,rodapé fixo,vídeo,celular,redes sociais,5,2,1,0,0.02428,1,1,1,54.0,44.0,0,0.0,0.0,12.14,0.4,0.5,0.02428,24.28,0.0
2026-03-16,site C,finanças,topo da página,banner,celular,redes sociais,6,5,3,0,0.02382,1,1,1,71.1,49.8,0,0.0,0.0,4.764,0.8333333333333334,0.6,0.02382,23.82,0.0
2026-03-16,site A,finanças,meio do artigo,banner,computador,orgânico,4,4,2,0,0.0238,1,1,1,47.6,41.2,0,0.0,0.0,5.95,1.0,0.5,0.0238,23.8,0.0
2026-03-16,site C,tecnologia,lateral,nativo,tablet,orgânico,6,6,5,0,0.02378,1,1,1,105.6,48.8,0,0.0,0.0,3.963333333333333,1.0,0.8333333333333334,0.02378,23.779999999999998,0.0
2026-03-16,site A,estilo de vida,rodapé fixo,vídeo,computador,redes sociais,5,3,2,0,0.02372,1,1,1,85.4,85.1,1,1.0,0.0,7.906666666666667,0.6,0.6666666666666666,0.02372,23.720000000000002,1.0
2026-03-16,site A,finanças,lateral,banner,tablet,orgânico,4,4,2,0,0.02347,1,1,1,25.0,30.3,1,1.0,0.0,5.867500000000001,1.0,0.5,0.02347,23.470000000000002,1.0
2026-03-16,site A,tecnologia,meio do artigo,banner,computador,orgânico,2,2,2,0,0.02214,2,2,2,17.95,78.05,1,0.0,0.0,11.07,1.0,1.0,0.01107,11.07,0.5
2026-03-16,site C,notícias,lateral,banner,computador,referência,6,3,1,0,0.02163,1,1,1,34.7,62.9,1,0.0,0.0,7.21,0.5,0.3333333333333333,0.02163,21.63,1.0
2026-03-16,site A,notícias,meio do artigo,banner,computador,orgânico,4,4,3,0,0.02132,1,1,1,179.4,70.2,0,0.0,0.0,5.33,1.0,0.75,0.02132,21.32,0.0
2026-03-16,site B,entretenimento,rodapé fixo,banner,celular,direto,6,5,4,1,0.01981,1,1,1,20.2,72.0,0,1.0,0.2,3.9620000000000006,0.8333333333333334,0.8,0.01981,19.810000000000002,0.0
2026-03-16,site A,finanças,meio do artigo,banner,celular,referência,8,5,2,0,0.01897,2,2,2,14.649999999999999,37.2,1,0.5,0.0,3.7940000000000005,0.625,0.4,0.009485,9.485000000000001,0.5
2026-03-16,site B,tecnologia,meio do artigo,banner,celular,orgânico,5,3,3,0,0.01894,1,1,1,22.7,73.2,0,0.0,0.0,6.313333333333333,0.6,1.0,0.01894,18.939999999999998,0.0
2026-03-16,site B,notícias,meio do artigo,nativo,celular,orgânico,6,4,4,0,0.0187,1,1,1,76.7,48.6,0,0.0,0.0,4.675000000000001,0.6666666666666666,1.0,0.0187,18.700000000000003,0.0
2026-03-16,site A,notícias,topo da página,banner,computador,redes sociais,6,5,5,0,0.01847,1,1,1,27.6,64.4,0,0.0,0.0,3.694,0.8333333333333334,1.0,0.01847,18.47,0.0
2026-03-16,site A,finanças,rodapé fixo,nativo,celular,redes sociais,5,3,3,0,0.01759,1,1,1,127.6,76.5,0,0.0,0.0,5.863333333333333,0.6,1.0,0.01759,17.59,0.0
2026-03-16,site B,esportes,lateral,vídeo,computador,newsletter,2,2,1,0,0.01759,1,1,1,55.9,35.2,0,0.0,0.0,8.795,1.0,0.5,0.01759,17.59,0.0
2026-03-16,site B,esportes,topo da página,nativo,computador,orgânico,3,3,3,1,0.0174,1,1,1,59.9,50.1,0,1.0,0.3333333333333333,5.8,1.0,1.0,0.0174,17.4,0.0
2026-03-16,site B,entretenimento,meio do artigo,nativo,celular,redes sociais,4,4,2,0,0.0166,1,1,1,19.5,40.1,0,0.0,0.0,4.15,1.0,0.5,0.0166,16.6,0.0
2026-03-16,site C,finanças,topo da página,nativo,celular,newsletter,2,2,2,0,0.01642,1,1,1,11.3,66.8,0,0.0,0.0,8.21,1.0,1.0,0.01642,16.42,0.0
2026-03-16,site A,estilo de vida,rodapé fixo,nativo,computador,redes sociais,4,3,3,0,0.01563,1,1,1,12.6,42.3,1,0.0,0.0,5.21,0.75,1.0,0.01563,15.63,1.0
2026-03-16,site B,estilo de vida,lateral,banner,tablet,newsletter,6,4,1,0,0.01563,1,1,1,193.5,53.6,0,1.0,0.0,3.9075,0.6666666666666666,0.25,0.01563,15.63,0.0
2026-03-16,site A,notícias,rodapé fixo,banner,computador,redes sociais,5,4,3,0,0.01561,1,1,1,112.7,59.4,0,0.0,0.0,3.9025000000000003,0.8,0.75,0.01561,15.610000000000001,0.0
2026-03-16,site A,entretenimento,rodapé fixo,banner,tablet,referência,6,5,3,0,0.01492,1,1,1,52.4,81.3,0,1.0,0.0,2.984,0.8333333333333334,0.6,0.01492,14.92,0.0
2026-03-16,site A,tecnologia,topo da página,banner,celular,newsletter,3,3,3,0,0.0143,1,1,1,26.3,47.8,0,0.0,0.0,4.766666666666667,1.0,1.0,0.0143,14.3,0.0
2026-03-16,site C,esportes,topo da página,banner,celular,redes sociais,5,4,2,0,0.01395,1,1,1,20.7,42.2,1,0.0,0.0,3.4875000000000003,0.8,0.5,0.01395,13.950000000000001,1.0
2026-03-16,site A,notícias,meio do artigo,nativo,celular,orgânico,5,3,2,0,0.01343,1,1,1,63.4,70.1,0,0.0,0.0,4.476666666666667,0.6,0.6666666666666666,0.01343,13.43,0.0
2026-03-16,site A,estilo de vida,rodapé fixo,nativo,tablet,orgânico,2,2,1,0,0.01321,1,1,1,72.6,47.5,0,1.0,0.0,6.6049999999999995,1.0,0.5,0.01321,13.209999999999999,0.0
2026-03-16,site C,estilo de vida,intersticial,vídeo,computador,orgânico,3,1,1,0,0.01284,1,1,1,37.0,97.7,0,0.0,0.0,12.84,0.3333333333333333,1.0,0.01284,12.84,0.0
2026-03-16,site A,esportes,rodapé fixo,mídia rica,computador,redes sociais,3,3,2,0,0.01273,1,1,1,13.9,41.8,1,1.0,0.0,4.243333333333333,1.0,0.6666666666666666,0.01273,12.73,1.0
2026-03-16,site A,entretenimento,topo da página,nativo,computador,redes sociais,3,2,1,0,0.01153,1,1,1,66.6,61.4,0,1.0,0.0,5.765000000000001,0.6666666666666666,0.5,0.01153,11.530000000000001,0.0
2026-03-16,site A,entretenimento,topo da página,mídia rica,tablet,newsletter,3,2,1,0,0.01146,1,1,1,68.4,38.8,0,0.0,0.0,5.7299999999999995,0.6666666666666666,0.5,0.01146,11.459999999999999,0.0
2026-03-16,site A,finanças,rodapé fixo,nativo,celular,orgânico,1,1,1,0,0.0113,1,1,1,126.3,35.0,0,1.0,0.0,11.299999999999999,1.0,1.0,0.0113,11.299999999999999,0.0
2026-03-16,site B,esportes,meio do artigo,vídeo,tablet,orgânico,1,1,0,0,0.01092,1,1,1,37.5,44.5,1,0.0,0.0,10.92,1.0,0.0,0.01092,10.92,1.0
2026-03-16,site C,tecnologia,rodapé fixo,banner,computador,orgânico,1,1,0,0,0.01078,1,1,1,22.8,84.3,1,0.0,0.0,10.78,1.0,0.0,0.01078,10.78,1.0
2026-03-16,site B,entretenimento,meio do artigo,banner,tablet,orgânico,3,3,2,0,0.01056,1,1,1,47.6,57.2,1,0.0,0.0,3.52,1.0,0.6666666666666666,0.01056,10.56,1.0
2026-03-16,site B,estilo de vida,intersticial,banner,celular,orgânico,5,2,2,0,0.01009,1,1,1,34.6,26.3,0,0.0,0.0,5.045,0.4,1.0,0.01009,10.09,0.0
2026-03-16,site A,tecnologia,topo da página,mídia rica,celular,direto,1,1,0,0,0.00977,1,1,1,65.4,75.2,0,0.0,0.0,9.77,1.0,0.0,0.00977,9.77,0.0
2026-03-16,site A,notícias,lateral,vídeo,celular,redes sociais,1,1,1,0,0.0093,1,1,1,112.1,57.4,1,1.0,0.0,9.299999999999999,1.0,1.0,0.0093,9.299999999999999,1.0
2026-03-16,site B,finanças,meio do artigo,vídeo,computador,redes sociais,2,1,0,1,0.00863,1,1,1,31.6,69.5,0,1.0,1.0,8.63,0.5,0.0,0.00863,8.63,0.0
2026-03-16,site C,estilo de vida,topo da página,nativo,computador,newsletter,2,2,1,0,0.00843,1,1,1,45.7,17.3,0,1.0,0.0,4.215,1.0,0.5,0.00843,8.43,0.0
2026-03-16,site C,finanças,topo da página,nativo,celular,orgânico,4,1,1,0,0.00837,1,1,1,45.3,33.0,1,1.0,0.0,8.370000000000001,0.25,1.0,0.00837,8.370000000000001,1.0
2026-03-16,site B,notícias,meio do artigo,banner,celular,redes sociais,1,1,1,0,0.00817,1,1,1,158.0,54.7,0,1.0,0.0,8.17,1.0,1.0,0.00817,8.17,0.0
2026-03-16,site A,estilo de vida,lateral,nativo,computador,orgânico,3,2,2,0,0.0078,1,1,1,62.0,93.4,0,1.0,0.0,3.9,0.6666666666666666,1.0,0.0078,7.8,0.0
2026-03-16,site B,tecnologia,topo da página,banner,celular,orgânico,4,1,1,0,0.00752,1,1,1,19.3,62.2,0,0.0,0.0,7.52,0.25,1.0,0.00752,7.52,0.0
2026-03-16,site C,finanças,lateral,nativo,computador,orgânico,2,1,1,0,0.00742,1,1,1,39.6,61.8,0,0.0,0.0,7.420000000000001,0.5,1.0,0.00742,7.420000000000001,0.0
2026-03-16,site B,notícias,topo da página,banner,computador,redes sociais,1,1,1,0,0.0074,1,1,1,64.4,64.7,0,0.0,0.0,7.4,1.0,1.0,0.0074,7.4,0.0
2026-03-16,site A,finanças,topo da página,banner,computador,redes sociais,2,1,0,0,0.00724,1,1,1,102.7,48.9,0,0.0,0.0,7.24,0.5,0.0,0.00724,7.24,0.0
2026-03-16,site C,tecnologia,rodapé fixo,mídia rica,tablet,orgânico,3,1,1,0,0.0072,1,1,1,51.2,63.8,1,0.0,0.0,7.2,0.3333333333333333,1.0,0.0072,7.2,1.0
2026-03-16,site C,esportes,meio do artigo,banner,celular,orgânico,1,1,1,0,0.00702,1,1,1,61.7,97.6,1,0.0,0.0,7.0200000000000005,1.0,1.0,0.00702,7.0200000000000005,1.0
2026-03-16,site B,esportes,rodapé fixo,banner,computador,orgânico,1,1,1,0,0.00655,1,1,1,64.2,48.5,1,0.0,0.0,6.550000000000001,1.0,1.0,0.00655,6.550000000000001,1.0
2026-03-16,site B,esportes,lateral,nativo,celular,redes sociais,1,1,0,0,0.00622,1,1,1,65.6,54.9,1,1.0,0.0,6.22,1.0,0.0,0.00622,6.22,1.0
2026-03-16,site A,esportes,rodapé fixo,nativo,computador,orgânico,1,1,1,0,0.00606,1,1,1,91.5,67.1,0,0.0,0.0,6.0600000000000005,1.0,1.0,0.00606,6.0600000000000005,0.0
2026-03-16,site A,estilo de vida,topo da página,banner,celular,orgânico,4,2,2,0,0.00537,1,1,1,45.6,44.8,0,0.0,0.0,2.685,0.5,1.0,0.00537,5.37,0.0
2026-03-16,site A,tecnologia,meio do artigo,nativo,tablet,orgânico,1,1,1,0,0.00488,1,1,1,5.8,69.0,0,1.0,0.0,4.88,1.0,1.0,0.00488,4.88,0.0
2026-03-16,site C,finanças,rodapé fixo,banner,computador,redes sociais,2,1,1,0,0.0046,1,1,1,171.4,71.9,0,0.0,0.0,4.6,0.5,1.0,0.0046,4.6,0.0
2026-03-16,site B,estilo de vida,rodapé fixo,banner,celular,orgânico,4,2,2,0,0.00455,1,1,1,38.1,53.6,0,1.0,0.0,2.275,0.5,1.0,0.00455,4.55,0.0
2026-03-16,site A,estilo de vida,lateral,banner,celular,redes sociais,6,2,1,0,0.00454,1,1,1,53.3,22.4,1,1.0,0.0,2.27,0.3333333333333333,0.5,0.00454,4.54,1.0
2026-03-16,site B,entretenimento,topo da página,banner,computador,orgânico,2,2,1,0,0.00449,1,1,1,72.8,30.4,0,0.0,0.0,2.245,1.0,0.5,0.00449,4.49,0.0
2026-03-16,site C,tecnologia,lateral,banner,celular,redes sociais,2,1,1,0,0.00445,1,1,1,48.6,76.6,1,1.0,0.0,4.45,0.5,1.0,0.00445,4.45,1.0
2026-03-16,site C,notícias,rodapé fixo,banner,celular,referência,3,3,2,0,0.00436,1,1,1,17.0,35.2,1,1.0,0.0,1.4533333333333334,1.0,0.6666666666666666,0.00436,4.36,1.0
2026-03-16,site A,esportes,topo da página,banner,tablet,orgânico,1,1,1,0,0.00431,1,1,1,48.2,83.8,0,0.0,0.0,4.31,1.0,1.0,0.00431,4.31,0.0
2026-03-16,site B,tecnologia,intersticial,banner,celular,redes sociais,1,1,1,0,0.0039,1,1,1,65.4,100.0,0,0.0,0.0,3.9,1.0,1.0,0.0039,3.9,0.0
2026-03-16,site C,tecnologia,meio do artigo,nativo,computador,referência,1,0,0,0,0.0036,1,1,1,46.6,49.4,0,1.0,0.0,0.0,0.0,0.0,0.0036,3.6,0.0
2026-03-16,site B,esportes,rodapé fixo,vídeo,celular,redes sociais,2,1,1,0,0.00345,1,1,1,111.2,65.8,0,1.0,0.0,3.4499999999999997,0.5,1.0,0.00345,3.4499999999999997,0.0
2026-03-16,site A,entretenimento,rodapé fixo,nativo,celular,direto,4,3,2,0,0.00332,1,1,1,213.2,55.2,0,0.0,0.0,1.1066666666666667,0.75,0.6666666666666666,0.00332,3.32,0.0
2026-03-16,site B,esportes,intersticial,nativo,celular,orgânico,2,1,0,0,0.00317,1,1,1,21.3,63.2,1,0.0,0.0,3.17,0.5,0.0,0.00317,3.17,1.0
2026-03-16,site A,estilo de vida,meio do artigo,banner,celular,referência,1,1,0,0,0.00305,1,1,1,137.2,84.6,0,0.0,0.0,3.0500000000000003,1.0,0.0,0.00305,3.0500000000000003,0.0
2026-03-16,site B,entretenimento,rodapé fixo,nativo,computador,direto,3,0,0,0,0.003,1,1,1,35.1,57.3,1,0.0,0.0,0.0,0.0,0.0,0.003,3.0,1.0
2026-03-16,site C,tecnologia,rodapé fixo,banner,computador,direto,2,1,1,0,0.003,1,1,1,83.7,27.9,1,1.0,0.0,3.0,0.5,1.0,0.003,3.0,1.0
2026-03-16,site A,finanças,topo da página,nativo,celular,referência,2,1,0,0,0.00288,1,1,1,26.7,74.7,0,1.0,0.0,2.8800000000000003,0.5,0.0,0.00288,2.8800000000000003,0.0
2026-03-16,site C,finanças,rodapé fixo,banner,celular,orgânico,2,1,1,0,0.00286,1,1,1,48.3,19.8,1,0.0,0.0,2.8600000000000003,0.5,1.0,0.00286,2.8600000000000003,1.0
2026-03-16,site A,tecnologia,topo da página,vídeo,computador,redes sociais,1,0,0,0,0.00174,1,1,1,52.3,77.2,0,1.0,0.0,0.0,0.0,0.0,0.00174,1.74,0.0
2026-03-16,site B,esportes,meio do artigo,mídia rica,celular,referência,1,0,0,0,0.00145,1,1,1,29.7,61.7,0,1.0,0.0,0.0,0.0,0.0,0.00145,1.45,0.0
2026-03-16,site A,notícias,topo da página,vídeo,celular,orgânico,1,0,0,0,0.00076,1,1,1,104.1,51.6,0,0.0,0.0,0.0,0.0,0.0,0.00076,0.76,0.0
2026-03-16,site B,entretenimento,topo da página,vídeo,tablet,orgânico,2,1,0,0,0.00067,1,1,1,86.1,65.0,0,1.0,0.0,0.67,0.5,0.0,0.00067,0.67,0.0
2026-03-16,site A,tecnologia,lateral,nativo,computador,orgânico,1,0,0,0,0.00046,1,1,1,67.5,54.8,0,0.0,0.0,0.0,0.0,0.0,0.00046,0.46,0.0
2026-03-16,site C,notícias,topo da página,nativo,computador,orgânico,2,1,0,0,0.0,1,1,1,163.9,35.4,0,0.0,0.0,0.0,0.5,0.0,0.0,0.0,0.0
2026-03-16,site C,tecnologia,rodapé fixo,banner,tablet,orgânico,1,1,1,0,0.0,1,1,1,38.4,80.5,1,1.0,0.0,0.0,1.0,1.0,0.0,0.0,1.0
2026-03-17,site A,notícias,topo da página,vídeo,celular,orgânico,8,7,4,0,0.06109,2,2,2,66.65,81.85,1,0.0,0.0,8.727142857142857,0.875,0.5714285714285714,0.030545,30.544999999999998,0.5
2026-03-17,site A,notícias,topo da página,mídia rica,computador,redes sociais,10,7,4,0,0.049690000000000005,2,2,2,117.65,49.35,1,0.5,0.0,7.09857142857143,0.7,0.5714285714285714,0.024845000000000002,24.845000000000002,0.5
2026-03-17,site B,finanças,topo da página,vídeo,celular,direto,6,5,1,0,0.04836,1,1,1,94.5,84.5,0,1.0,0.0,9.672,0.8333333333333334,0.2,0.04836,48.36,0.0
2026-03-17,site A,esportes,meio do artigo,nativo,computador,direto,6,5,4,0,0.04107,1,1,1,48.7,72.9,0,0.0,0.0,8.214,0.8333333333333334,0.8,0.04107,41.07,0.0
2026-03-17,site C,esportes,meio do artigo,mídia rica,computador,referência,6,6,5,0,0.04045,1,1,1,73.7,92.4,0,0.0,0.0,6.741666666666667,1.0,0.8333333333333334,0.04045,40.45,0.0
2026-03-17,site A,finanças,rodapé fixo,nativo,tablet,orgânico,6,5,5,0,0.03974,1,1,1,41.6,61.6,0,0.0,0.0,7.947999999999999,0.8333333333333334,1.0,0.03974,39.739999999999995,0.0
2026-03-17,site B,finanças,topo da página,banner,tablet,orgânico,10,10,6,0,0.03958,2,2,2,50.45,47.4,1,0.5,0.0,3.9579999999999997,1.0,0.6,0.01979,19.79,0.5
2026-03-17,site C,notícias,meio do artigo,banner,computador,newsletter,7,7,5,0,0.03636,2,2,2,77.4,40.85,0,0.5,0.0,5.194285714285715,1.0,0.7142857142857143,0.01818,18.180000000000003,0.0
2026-03-17,site C,tecnologia,topo da página,banner,celular,orgânico,5,4,2,0,0.03409,1,1,1,80.9,87.2,0,0.0,0.0,8.5225,0.8,0.5,0.03409,34.09,0.0
2026-03-17,site A,tecnologia,topo da página,vídeo,celular,redes sociais,5,5,5,0,0.03393,1,1,1,11.6,59.7,1,1.0,0.0,6.786,1.0,1.0,0.03393,33.93,1.0
2026-03-17,site C,finanças,meio do artigo,nativo,tablet,orgânico,4,3,2,0,0.0289,1,1,1,19.1,55.7,1,1.0,0.0,9.633333333333333,0.75,0.6666666666666666,0.0289,28.9,1.0
2026-03-17,site A,notícias,intersticial,vídeo,computador,referência,6,3,2,0,0.024,1,1,1,57.3,52.5,0,0.0,0.0,8.0,0.5,0.6666666666666666,0.024,24.0,0.0
2026-03-17,site B,notícias,meio do artigo,vídeo,computador,orgânico,3,3,3,0,0.02233,1,1,1,95.8,70.8,1,0.0,0.0,7.4433333333333325,1.0,1.0,0.02233,22.33,1.0
2026-03-17,site B,esportes,meio do artigo,mídia rica,tablet,orgânico,4,4,3,0,0.02159,1,1,1,22.4,51.3,0,0.0,0.0,5.3975,1.0,0.75,0.02159,21.59,0.0
2026-03-17,site B,notícias,rodapé fixo,banner,celular,orgânico,4,4,4,0,0.02122,1,1,1,32.2,81.3,1,0.0,0.0,5.305,1.0,1.0,0.02122,21.22,1.0
2026-03-17,site A,esportes,meio do artigo,banner,computador,direto,4,3,1,0,0.02079,1,1,1,26.3,44.6,1,1.0,0.0,6.93,0.75,0.3333333333333333,0.02079,20.79,1.0
2026-03-17,site A,tecnologia,rodapé fixo,mídia rica,celular,redes sociais,5,3,2,1,0.02077,1,1,1,50.0,59.6,1,0.0,0.3333333333333333,6.923333333333333,0.6,0.6666666666666666,0.02077,20.77,1.0
2026-03-17,site B,entretenimento,topo da página,banner,computador,direto,6,5,1,0,0.02062,1,1,1,67.4,94.0,0,0.0,0.0,4.1240000000000006,0.8333333333333334,0.2,0.02062,20.62,0.0
2026-03-17,site B,tecnologia,lateral,vídeo,celular,redes sociais,3,2,0,0,0.02052,1,1,1,93.3,73.6,0,0.0,0.0,10.26,0.6666666666666666,0.0,0.02052,20.52,0.0
2026-03-17,site A,tecnologia,topo da página,banner,computador,orgânico,3,3,3,0,0.01989,1,1,1,79.2,27.6,0,0.0,0.0,6.63,1.0,1.0,0.01989,19.89,0.0
2026-03-17,site A,esportes,meio do artigo,vídeo,computador,orgânico,5,3,1,0,0.0198,1,1,1,52.6,67.4,0,0.0,0.0,6.6000000000000005,0.6,0.3333333333333333,0.0198,19.8,0.0
2026-03-17,site A,esportes,rodapé fixo,mídia rica,computador,orgânico,5,3,3,1,0.01961,1,1,1,178.5,52.8,0,0.0,0.3333333333333333,6.536666666666666,0.6,1.0,0.01961,19.61,0.0
2026-03-17,site B,esportes,lateral,nativo,celular,direto,5,5,3,0,0.01937,1,1,1,73.3,62.0,0,1.0,0.0,3.8739999999999997,1.0,0.6,0.01937,19.369999999999997,0.0
2026-03-17,site B,tecnologia,lateral,banner,celular,orgânico,4,4,4,0,0.01929,1,1,1,24.0,17.8,1,0.0,0.0,4.822500000000001,1.0,1.0,0.01929,19.290000000000003,1.0
2026-03-17,site B,finanças,rodapé fixo,banner,computador,referência,6,3,3,0,0.01853,1,1,1,42.9,45.6,1,0.0,0.0,6.176666666666667,0.5,1.0,0.01853,18.53,1.0
2026-03-17,site A,finanças,rodapé fixo,banner,computador,direto,6,4,3,0,0.01762,1,1,1,31.9,58.9,0,0.0,0.0,4.405,0.6666666666666666,0.75,0.01762,17.62,0.0
2026-03-17,site A,estilo de vida,meio do artigo,mídia rica,tablet,orgânico,2,2,0,0,0.01742,1,1,1,47.5,73.8,1,0.0,0.0,8.71,1.0,0.0,0.01742,17.42,1.0
2026-03-17,site A,estilo de vida,meio do artigo,nativo,computador,redes sociais,3,2,1,0,0.01726,1,1,1,77.4,78.0,0,0.0,0.0,8.63,0.6666666666666666,0.5,0.01726,17.26,0.0
2026-03-17,site A,esportes,meio do artigo,nativo,computador,orgânico,5,4,2,0,0.01613,1,1,1,123.6,50.8,0,0.0,0.0,4.0325,0.8,0.5,0.01613,16.13,0.0
2026-03-17,site A,notícias,topo da página,nativo,celular,referência,6,6,4,0,0.01497,1,1,1,58.8,61.9,0,0.0,0.0,2.495,1.0,0.6666666666666666,0.01497,14.97,0.0
2026-03-17,site B,finanças,topo da página,banner,celular,newsletter,4,3,2,0,0.01479,1,1,1,98.0,71.0,0,0.0,0.0,4.93,0.75,0.6666666666666666,0.01479,14.79,0.0
2026-03-17,site C,estilo de vida,rodapé fixo,vídeo,celular,direto,4,4,2,0,0.01449,1,1,1,95.0,47.3,1,0.0,0.0,3.6225,1.0,0.5,0.01449,14.49,1.0
2026-03-17,site A,notícias,rodapé fixo,mídia rica,computador,orgânico,5,4,3,0,0.01441,1,1,1,15.6,72.5,0,0.0,0.0,3.6024999999999996,0.8,0.75,0.01441,14.409999999999998,0.0
2026-03-17,site C,notícias,lateral,banner,tablet,orgânico,4,3,2,0,0.01388,1,1,1,27.6,35.0,1,0.0,0.0,4.626666666666667,0.75,0.6666666666666666,0.01388,13.88,1.0
2026-03-17,site C,finanças,meio do artigo,vídeo,celular,orgânico,4,2,2,0,0.01251,1,1,1,43.6,100.0,0,0.0,0.0,6.255,0.5,1.0,0.01251,12.51,0.0
2026-03-17,site B,esportes,intersticial,banner,celular,orgânico,2,2,1,0,0.01244,1,1,1,35.3,2.5,0,1.0,0.0,6.22,1.0,0.5,0.01244,12.44,0.0
2026-03-17,site A,estilo de vida,topo da página,banner,computador,redes sociais,4,4,4,0,0.01221,1,1,1,71.2,44.3,0,0.0,0.0,3.0525,1.0,1.0,0.01221,12.21,0.0
2026-03-17,site B,notícias,meio do artigo,nativo,celular,referência,4,3,1,0,0.01167,1,1,1,98.8,61.9,1,0.0,0.0,3.89,0.75,0.3333333333333333,0.01167,11.67,1.0
2026-03-17,site B,entretenimento,meio do artigo,nativo,computador,orgânico,2,2,2,1,0.01141,1,1,1,33.6,60.1,0,0.0,0.5,5.705,1.0,1.0,0.01141,11.41,0.0
2026-03-17,site B,entretenimento,lateral,vídeo,celular,orgânico,6,3,0,0,0.01119,1,1,1,50.3,44.7,0,1.0,0.0,3.73,0.5,0.0,0.01119,11.19,0.0
2026-03-17,site B,notícias,topo da página,banner,celular,direto,2,2,1,0,0.01086,1,1,1,33.5,81.7,1,1.0,0.0,5.43,1.0,0.5,0.01086,10.86,1.0
2026-03-17,site C,entretenimento,topo da página,nativo,celular,direto,4,3,3,0,0.01075,1,1,1,17.7,14.3,0,0.0,0.0,3.5833333333333335,0.75,1.0,0.01075,10.75,0.0
2026-03-17,site A,entretenimento,lateral,banner,celular,orgânico,5,3,1,0,0.01032,1,1,1,26.6,44.7,0,0.0,0.0,3.4399999999999995,0.6,0.3333333333333333,0.01032,10.319999999999999,0.0
2026-03-17,site A,entretenimento,rodapé fixo,mídia rica,computador,redes sociais,3,3,2,0,0.01019,1,1,1,74.7,55.2,1,0.0,0.0,3.3966666666666665,1.0,0.6666666666666666,0.01019,10.19,1.0
2026-03-17,site C,notícias,rodapé fixo,banner,celular,direto,3,2,2,0,0.01017,1,1,1,23.2,83.9,0,1.0,0.0,5.085,0.6666666666666666,1.0,0.01017,10.17,0.0
2026-03-17,site C,estilo de vida,meio do artigo,mídia rica,computador,direto,4,2,2,0,0.00989,1,1,1,172.3,59.3,0,1.0,0.0,4.944999999999999,0.5,1.0,0.00989,9.889999999999999,0.0
2026-03-17,site A,notícias,meio do artigo,banner,tablet,redes sociais,5,3,1,0,0.00988,1,1,1,31.7,44.7,1,1.0,0.0,3.293333333333333,0.6,0.3333333333333333,0.00988,9.879999999999999,1.0
2026-03-17,site A,notícias,meio do artigo,nativo,computador,direto,4,4,3,0,0.00957,1,1,1,25.5,23.4,0,0.0,0.0,2.3925,1.0,0.75,0.00957,9.57,0.0
2026-03-17,site B,estilo de vida,topo da página,banner,celular,newsletter,3,3,3,0,0.00938,1,1,1,133.0,60.6,1,0.0,0.0,3.1266666666666665,1.0,1.0,0.00938,9.379999999999999,1.0
2026-03-17,site C,esportes,meio do artigo,banner,celular,orgânico,5,3,1,0,0.00888,1,1,1,40.2,31.4,1,0.0,0.0,2.9600000000000004,0.6,0.3333333333333333,0.00888,8.88,1.0
2026-03-17,site B,tecnologia,rodapé fixo,vídeo,computador,redes sociais,2,1,1,0,0.00881,1,1,1,35.5,63.7,0,1.0,0.0,8.81,0.5,1.0,0.00881,8.81,0.0
2026-03-17,site B,estilo de vida,topo da página,banner,tablet,orgânico,5,4,3,0,0.0087,1,1,1,115.0,65.8,1,0.0,0.0,2.175,0.8,0.75,0.0087,8.7,1.0
2026-03-17,site A,finanças,rodapé fixo,banner,computador,referência,4,2,2,0,0.00859,1,1,1,48.1,35.9,0,1.0,0.0,4.295,0.5,1.0,0.00859,8.59,0.0
2026-03-17,site A,entretenimento,topo da página,mídia rica,computador,orgânico,1,1,1,0,0.00798,1,1,1,133.9,60.5,0,0.0,0.0,7.9799999999999995,1.0,1.0,0.00798,7.9799999999999995,0.0
2026-03-17,site A,esportes,rodapé fixo,nativo,celular,referência,3,2,2,0,0.00788,1,1,1,59.8,66.0,0,0.0,0.0,3.94,0.6666666666666666,1.0,0.00788,7.88,0.0
2026-03-17,site B,estilo de vida,meio do artigo,banner,computador,orgânico,5,4,1,0,0.0075,1,1,1,12.2,46.9,0,1.0,0.0,1.875,0.8,0.25,0.0075,7.5,0.0
2026-03-17,site A,finanças,lateral,banner,celular,direto,1,1,0,0,0.00744,1,1,1,38.9,74.2,0,1.0,0.0,7.44,1.0,0.0,0.00744,7.44,0.0
2026-03-17,site A,esportes,lateral,banner,computador,direto,3,2,1,0,0.0073,1,1,1,10.0,54.2,0,0.0,0.0,3.65,0.6666666666666666,0.5,0.0073,7.3,0.0
2026-03-17,site B,finanças,meio do artigo,vídeo,celular,orgânico,1,1,0,0,0.00714,1,1,1,98.7,30.1,0,1.0,0.0,7.14,1.0,0.0,0.00714,7.14,0.0
2026-03-17,site A,entretenimento,meio do artigo,mídia rica,computador,orgânico,2,2,2,0,0.00709,1,1,1,44.1,58.9,0,1.0,0.0,3.545,1.0,1.0,0.00709,7.09,0.0
2026-03-17,site B,estilo de vida,meio do artigo,banner,tablet,orgânico,5,4,3,0,0.00705,1,1,1,38.1,64.8,0,1.0,0.0,1.7625,0.8,0.75,0.00705,7.05,0.0
2026-03-17,site A,tecnologia,rodapé fixo,banner,celular,redes sociais,5,2,2,0,0.00698,1,1,1,38.2,44.4,0,1.0,0.0,3.49,0.4,1.0,0.00698,6.98,0.0
2026-03-17,site A,esportes,rodapé fixo,banner,computador,referência,2,2,1,0,0.00693,1,1,1,54.5,42.3,1,0.0,0.0,3.4650000000000003,1.0,0.5,0.00693,6.930000000000001,1.0
2026-03-17,site A,notícias,meio do artigo,banner,celular,direto,2,2,1,0,0.00675,1,1,1,117.8,21.6,1,0.0,0.0,3.375,1.0,0.5,0.00675,6.75,1.0
2026-03-17,site C,finanças,meio do artigo,banner,computador,direto,1,1,1,0,0.00664,1,1,1,31.4,97.8,0,0.0,0.0,6.64,1.0,1.0,0.00664,6.64,0.0
2026-03-17,site A,tecnologia,meio do artigo,banner,celular,redes sociais,1,1,1,0,0.00648,1,1,1,98.6,54.4,0,0.0,0.0,6.4799999999999995,1.0,1.0,0.00648,6.4799999999999995,0.0
2026-03-17,site A,notícias,lateral,banner,tablet,redes sociais,2,1,0,0,0.0061,1,1,1,104.6,50.7,0,0.0,0.0,6.1000000000000005,0.5,0.0,0.0061,6.1000000000000005,0.0
2026-03-17,site A,entretenimento,topo da página,banner,computador,referência,2,2,1,0,0.00605,1,1,1,77.2,60.6,1,0.0,0.0,3.025,1.0,0.5,0.00605,6.05,1.0
2026-03-17,site B,entretenimento,topo da página,vídeo,celular,orgânico,2,1,1,0,0.00587,1,1,1,70.3,72.8,0,0.0,0.0,5.87,0.5,1.0,0.00587,5.87,0.0
2026-03-17,site B,estilo de vida,rodapé fixo,banner,celular,referência,2,1,0,0,0.00536,1,1,1,13.5,61.9,1,1.0,0.0,5.36,0.5,0.0,0.00536,5.36,1.0
2026-03-17,site B,esportes,topo da página,banner,celular,newsletter,4,2,1,0,0.00495,1,1,1,45.4,66.9,1,0.0,0.0,2.475,0.5,0.5,0.00495,4.95,1.0
2026-03-17,site C,notícias,meio do artigo,nativo,computador,direto,2,1,1,0,0.00475,1,1,1,82.5,41.9,0,0.0,0.0,4.75,0.5,1.0,0.00475,4.75,0.0
2026-03-17,site A,finanças,meio do artigo,banner,celular,direto,1,1,1,0,0.00358,1,1,1,56.4,87.3,0,0.0,0.0,3.58,1.0,1.0,0.00358,3.58,0.0
2026-03-17,site B,notícias,meio do artigo,banner,celular,orgânico,2,1,1,0,0.00338,1,1,1,23.5,38.8,1,0.0,0.0,3.3800000000000003,0.5,1.0,0.00338,3.3800000000000003,1.0
2026-03-17,site A,esportes,meio do artigo,banner,celular,redes sociais,1,1,1,0,0.00215,1,1,1,25.3,50.7,0,0.0,0.0,2.15,1.0,1.0,0.00215,2.15,0.0
2026-03-17,site A,esportes,rodapé fixo,banner,tablet,direto,2,1,1,0,0.00214,1,1,1,26.5,40.2,0,0.0,0.0,2.14,0.5,1.0,0.00214,2.14,0.0
2026-03-17,site C,notícias,topo da página,banner,celular,orgânico,1,1,1,0,0.00119,1,1,1,71.5,81.7,1,1.0,0.0,1.1900000000000002,1.0,1.0,0.00119,1.1900000000000002,1.0
2026-03-17,site A,estilo de vida,intersticial,banner,computador,direto,2,1,1,0,0.00048,1,1,1,27.9,60.6,0,0.0,0.0,0.48000000000000004,0.5,1.0,0.00048,0.48000000000000004,0.0
2026-03-17,site A,esportes,topo da página,banner,computador,orgânico,1,0,0,0,0.0,1,1,1,69.4,70.2,1,1.0,0.0,0.0,0.0,0.0,0.0,0.0,1.0
2026-03-17,site A,notícias,rodapé fixo,banner,celular,orgânico,3,2,0,0,0.0,1,1,1,43.4,47.2,0,0.0,0.0,0.0,0.6666666666666666,0.0,0.0,0.0,0.0
2026-03-17,site B,entretenimento,topo da página,nativo,computador,newsletter,1,1,1,0,0.0,1,1,1,48.1,77.0,0,0.0,0.0,0.0,1.0,1.0,0.0,0.0,0.0
2026-03-17,site B,notícias,meio do artigo,vídeo,computador,direto,1,1,0,0,0.0,1,1,1,42.5,83.2,0,1.0,0.0,0.0,1.0,0.0,0.0,0.0,0.0
2026-03-17,site C,tecnologia,meio do artigo,banner,celular,orgânico,1,0,0,0,0.0,1,1,1,124.6,51.3,1,1.0,0.0,0.0,0.0,0.0,0.0,0.0,1.0
2026-03-18,site C,notícias,topo da página,vídeo,celular,orgânico,5,5,3,0,0.0797,1,1,1,20.4,24.2,1,1.0,0.0,15.939999999999998,1.0,0.6,0.0797,79.69999999999999,1.0
2026-03-18,site B,tecnologia,meio do artigo,vídeo,computador,referência,5,4,2,0,0.07228,1,1,1,108.3,94.1,1,0.0,0.0,18.07,0.8,0.5,0.07228,72.28,1.0
2026-03-18,site A,tecnologia,rodapé fixo,vídeo,celular,orgânico,5,5,4,0,0.05297,1,1,1,15.8,75.8,1,1.0,0.0,10.594000000000001,1.0,0.8,0.05297,52.970000000000006,1.0
2026-03-18,site A,tecnologia,intersticial,banner,computador,referência,5,5,1,0,0.04858,1,1,1,23.7,83.2,0,0.0,0.0,9.716,1.0,0.2,0.04858,48.58,0.0
2026-03-18,site B,entretenimento,topo da página,vídeo,celular,direto,11,10,5,0,0.04639,2,2,2,57.599999999999994,52.85,0,0.0,0.0,4.639,0.9090909090909091,0.5,0.023195,23.195,0.0
2026-03-18,site B,finanças,lateral,nativo,celular,direto,5,3,2,0,0.04235,1,1,1,43.4,71.1,0,0.0,0.0,14.116666666666667,0.6,0.6666666666666666,0.04235,42.35,0.0
2026-03-18,site B,esportes,meio do artigo,vídeo,celular,orgânico,5,3,1,0,0.04056,1,1,1,18.4,57.2,0,1.0,0.0,13.520000000000001,0.6,0.3333333333333333,0.04056,40.56,0.0
2026-03-18,site C,tecnologia,rodapé fixo,mídia rica,computador,orgânico,6,5,2,0,0.03909,1,1,1,34.7,48.6,1,0.0,0.0,7.818,0.8333333333333334,0.4,0.03909,39.089999999999996,1.0
2026-03-18,site A,finanças,lateral,banner,celular,orgânico,6,5,3,0,0.03864,1,1,1,99.3,98.2,0,0.0,0.0,7.728,0.8333333333333334,0.6,0.03864,38.64,0.0
2026-03-18,site A,finanças,meio do artigo,banner,computador,orgânico,8,6,4,0,0.0369,2,2,2,26.95,71.75,1,0.0,0.0,6.150000000000001,0.75,0.6666666666666666,0.01845,18.450000000000003,0.5
2026-03-18,site B,esportes,topo da página,nativo,computador,orgânico,5,5,2,0,0.03653,1,1,1,42.1,63.5,0,0.0,0.0,7.306,1.0,0.4,0.03653,36.53,0.0
2026-03-18,site C,notícias,topo da página,vídeo,celular,redes sociais,4,4,2,0,0.03639,1,1,1,39.7,33.0,0,1.0,0.0,9.0975,1.0,0.5,0.03639,36.39,0.0
2026-03-18,site B,estilo de vida,topo da página,vídeo,computador,referência,6,4,2,0,0.03509,1,1,1,38.9,27.0,1,0.0,0.0,8.7725,0.6666666666666666,0.5,0.03509,35.09,1.0
2026-03-18,site A,notícias,topo da página,mídia rica,celular,referência,6,5,2,0,0.03408,1,1,1,58.4,60.4,0,0.0,0.0,6.816,0.8333333333333334,0.4,0.03408,34.08,0.0
2026-03-18,site B,finanças,topo da página,vídeo,celular,redes sociais,4,3,3,0,0.03387,1,1,1,23.7,47.7,0,1.0,0.0,11.29,0.75,1.0,0.03387,33.87,0.0
2026-03-18,site B,tecnologia,topo da página,banner,computador,direto,5,4,2,0,0.03354,1,1,1,57.6,50.0,0,1.0,0.0,8.385,0.8,0.5,0.03354,33.54,0.0
2026-03-18,site B,finanças,rodapé fixo,banner,computador,redes sociais,6,5,4,0,0.03245,1,1,1,75.0,87.6,0,0.0,0.0,6.49,0.8333333333333334,0.8,0.03245,32.45,0.0
2026-03-18,site A,notícias,intersticial,banner,celular,redes sociais,6,5,5,0,0.03024,1,1,1,12.3,86.0,1,0.0,0.0,6.048,0.8333333333333334,1.0,0.03024,30.24,1.0
2026-03-18,site C,estilo de vida,meio do artigo,nativo,celular,referência,5,4,3,0,0.02767,1,1,1,66.5,100.0,0,1.0,0.0,6.9175,0.8,0.75,0.02767,27.67,0.0
2026-03-18,site C,finanças,topo da página,nativo,celular,newsletter,5,2,2,0,0.02596,1,1,1,100.0,65.9,1,0.0,0.0,12.98,0.4,1.0,0.02596,25.96,1.0
2026-03-18,site A,finanças,topo da página,nativo,computador,redes sociais,3,2,1,0,0.02462,1,1,1,17.6,79.0,1,1.0,0.0,12.31,0.6666666666666666,0.5,0.02462,24.62,1.0
2026-03-18,site B,notícias,lateral,vídeo,computador,redes sociais,5,4,3,0,0.02448,1,1,1,47.6,60.6,0,1.0,0.0,6.119999999999999,0.8,0.75,0.02448,24.479999999999997,0.0
2026-03-18,site A,estilo de vida,topo da página,nativo,computador,referência,6,6,2,0,0.02432,1,1,1,30.7,43.8,1,1.0,0.0,4.053333333333334,1.0,0.3333333333333333,0.02432,24.32,1.0
2026-03-18,site A,tecnologia,rodapé fixo,nativo,computador,referência,5,4,3,0,0.024,1,1,1,28.7,54.6,0,1.0,0.0,6.0,0.8,0.75,0.024,24.0,0.0
2026-03-18,site C,finanças,meio do artigo,vídeo,celular,referência,5,4,2,0,0.02376,1,1,1,265.5,73.3,1,0.0,0.0,5.94,0.8,0.5,0.02376,23.76,1.0
2026-03-18,site B,tecnologia,meio do artigo,mídia rica,computador,orgânico,3,3,2,0,0.02368,1,1,1,42.8,14.5,1,0.0,0.0,7.8933333333333335,1.0,0.6666666666666666,0.02368,23.68,1.0
2026-03-18,site C,notícias,intersticial,vídeo,celular,orgânico,6,6,4,0,0.02366,1,1,1,73.7,42.2,1,1.0,0.0,3.9433333333333334,1.0,0.6666666666666666,0.02366,23.66,1.0
2026-03-18,site A,esportes,lateral,banner,computador,orgânico,2,2,0,0,0.02308,1,1,1,66.3,57.0,0,1.0,0.0,11.54,1.0,0.0,0.02308,23.08,0.0
2026-03-18,site A,finanças,rodapé fixo,banner,celular,orgânico,3,2,2,0,0.023,1,1,1,106.6,57.7,1,0.0,0.0,11.5,0.6666666666666666,1.0,0.023,23.0,1.0
2026-03-18,site B,notícias,topo da página,vídeo,tablet,orgânico,6,5,5,0,0.02267,1,1,1,34.8,73.9,1,0.0,0.0,4.534,0.8333333333333334,1.0,0.02267,22.669999999999998,1.0
2026-03-18,site A,tecnologia,topo da página,nativo,celular,newsletter,4,3,3,0,0.02238,1,1,1,22.2,56.7,1,0.0,0.0,7.46,0.75,1.0,0.02238,22.38,1.0
2026-03-18,site C,estilo de vida,lateral,vídeo,computador,newsletter,6,5,5,0,0.02217,1,1,1,116.2,76.5,0,0.0,0.0,4.433999999999999,0.8333333333333334,1.0,0.02217,22.169999999999998,0.0
2026-03-18,site A,tecnologia,meio do artigo,banner,celular,orgânico,6,5,2,0,0.02169,1,1,1,14.0,25.9,0,0.0,0.0,4.338,0.8333333333333334,0.4,0.02169,21.69,0.0
2026-03-18,site B,finanças,lateral,nativo,tablet,redes sociais,4,4,0,0,0.02144,1,1,1,21.0,36.3,0,0.0,0.0,5.36,1.0,0.0,0.02144,21.44,0.0
2026-03-18,site B,estilo de vida,meio do artigo,nativo,computador,orgânico,5,4,3,0,0.02108,1,1,1,20.4,65.6,0,1.0,0.0,5.2700000000000005,0.8,0.75,0.02108,21.080000000000002,0.0
2026-03-18,site C,finanças,meio do artigo,nativo,computador,redes sociais,5,4,3,0,0.02073,1,1,1,82.9,69.1,1,1.0,0.0,5.182499999999999,0.8,0.75,0.02073,20.729999999999997,1.0
2026-03-18,site A,estilo de vida,rodapé fixo,nativo,computador,newsletter,5,5,4,0,0.01994,1,1,1,28.9,82.2,0,1.0,0.0,3.9879999999999995,1.0,0.8,0.01994,19.939999999999998,0.0
2026-03-18,site A,finanças,rodapé fixo,vídeo,celular,orgânico,5,4,3,0,0.01974,1,1,1,47.6,100.0,0,0.0,0.0,4.9350000000000005,0.8,0.75,0.01974,19.740000000000002,0.0
2026-03-18,site C,finanças,rodapé fixo,nativo,computador,referência,5,3,2,0,0.01931,1,1,1,90.8,72.9,0,0.0,0.0,6.436666666666667,0.6,0.6666666666666666,0.01931,19.310000000000002,0.0
2026-03-18,site A,notícias,rodapé fixo,mídia rica,computador,newsletter,3,2,2,0,0.01906,1,1,1,90.4,40.6,0,0.0,0.0,9.530000000000001,0.6666666666666666,1.0,0.01906,19.060000000000002,0.0
2026-03-18,site B,notícias,rodapé fixo,mídia rica,computador,redes sociais,2,2,2,0,0.01856,1,1,1,86.4,74.2,0,0.0,0.0,9.28,1.0,1.0,0.01856,18.56,0.0
2026-03-18,site A,esportes,rodapé fixo,vídeo,computador,direto,3,2,2,0,0.01847,1,1,1,87.2,89.9,0,1.0,0.0,9.235,0.6666666666666666,1.0,0.01847,18.47,0.0
2026-03-18,site B,estilo de vida,lateral,mídia rica,celular,newsletter,5,5,1,0,0.01775,1,1,1,46.0,82.8,1,1.0,0.0,3.55,1.0,0.2,0.01775,17.75,1.0
2026-03-18,site B,notícias,lateral,mídia rica,computador,orgânico,3,3,1,0,0.01774,1,1,1,70.3,27.8,0,0.0,0.0,5.913333333333333,1.0,0.3333333333333333,0.01774,17.74,0.0
2026-03-18,site B,estilo de vida,intersticial,vídeo,celular,orgânico,6,4,2,0,0.01749,1,1,1,85.7,69.1,1,0.0,0.0,4.3725,0.6666666666666666,0.5,0.01749,17.49,1.0
2026-03-18,site C,estilo de vida,rodapé fixo,banner,computador,direto,4,4,3,0,0.01734,1,1,1,67.8,47.2,0,0.0,0.0,4.335,1.0,0.75,0.01734,17.34,0.0
2026-03-18,site C,esportes,topo da página,nativo,celular,orgânico,3,3,3,0,0.01729,1,1,1,132.0,61.9,1,0.0,0.0,5.763333333333333,1.0,1.0,0.01729,17.29,1.0
2026-03-18,site B,estilo de vida,intersticial,vídeo,computador,direto,5,4,1,0,0.0164,1,1,1,59.4,32.8,1,1.0,0.0,4.1000000000000005,0.8,0.25,0.0164,16.400000000000002,1.0
2026-03-18,site C,esportes,rodapé fixo,vídeo,celular,direto,5,3,3,0,0.0164,1,1,1,59.5,80.6,1,0.0,0.0,5.466666666666668,0.6,1.0,0.0164,16.400000000000002,1.0
2026-03-18,site A,esportes,meio do artigo,mídia rica,celular,redes sociais,2,2,1,0,0.01633,1,1,1,150.9,88.5,0,0.0,0.0,8.165000000000001,1.0,0.5,0.01633,16.330000000000002,0.0
2026-03-18,site A,estilo de vida,topo da página,mídia rica,celular,orgânico,3,2,1,0,0.01615,1,1,1,70.1,87.7,1,1.0,0.0,8.075000000000001,0.6666666666666666,0.5,0.01615,16.150000000000002,1.0
2026-03-18,site C,esportes,rodapé fixo,mídia rica,computador,orgânico,3,2,2,0,0.01586,1,1,1,39.7,45.9,1,0.0,0.0,7.93,0.6666666666666666,1.0,0.01586,15.86,1.0
2026-03-18,site C,estilo de vida,meio do artigo,nativo,celular,orgânico,5,3,1,0,0.01552,1,1,1,88.2,64.0,0,1.0,0.0,5.173333333333334,0.6,0.3333333333333333,0.01552,15.520000000000001,0.0
2026-03-18,site B,tecnologia,rodapé fixo,banner,celular,redes sociais,2,2,2,0,0.01521,1,1,1,96.9,99.4,0,1.0,0.0,7.6049999999999995,1.0,1.0,0.01521,15.209999999999999,0.0
2026-03-18,site B,entretenimento,rodapé fixo,mídia rica,celular,orgânico,5,3,3,0,0.01462,1,1,1,4.9,49.8,0,0.0,0.0,4.873333333333333,0.6,1.0,0.01462,14.62,0.0
2026-03-18,site C,esportes,lateral,nativo,celular,newsletter,3,2,0,0,0.0146,1,1,1,49.1,36.2,1,0.0,0.0,7.3,0.6666666666666666,0.0,0.0146,14.6,1.0
2026-03-18,site B,finanças,intersticial,banner,celular,redes sociais,3,3,2,0,0.01436,1,1,1,40.4,88.2,0,1.0,0.0,4.786666666666666,1.0,0.6666666666666666,0.01436,14.36,0.0
2026-03-18,site A,notícias,rodapé fixo,mídia rica,computador,orgânico,5,2,2,0,0.01435,1,1,1,106.3,42.9,1,0.0,0.0,7.175,0.4,1.0,0.01435,14.35,1.0
2026-03-18,site B,estilo de vida,meio do artigo,nativo,celular,redes sociais,5,3,3,0,0.01376,1,1,1,175.5,50.8,0,0.0,0.0,4.586666666666667,0.6,1.0,0.01376,13.76,0.0
2026-03-18,site A,notícias,meio do artigo,banner,celular,redes sociais,2,2,2,0,0.01361,1,1,1,79.3,84.8,1,0.0,0.0,6.805000000000001,1.0,1.0,0.01361,13.610000000000001,1.0
2026-03-18,site A,tecnologia,rodapé fixo,banner,celular,referência,4,4,4,0,0.01327,1,1,1,61.2,69.2,0,0.0,0.0,3.3175000000000003,1.0,1.0,0.01327,13.270000000000001,0.0
2026-03-18,site B,esportes,topo da página,banner,tablet,referência,2,2,1,0,0.01314,1,1,1,19.8,49.3,0,0.0,0.0,6.57,1.0,0.5,0.01314,13.14,0.0
2026-03-18,site C,entretenimento,meio do artigo,mídia rica,tablet,orgânico,3,2,2,0,0.01303,1,1,1,14.0,59.4,1,1.0,0.0,6.515,0.6666666666666666,1.0,0.01303,13.03,1.0
2026-03-18,site A,estilo de vida,rodapé fixo,banner,tablet,orgânico,6,5,3,0,0.01238,1,1,1,167.4,48.0,1,0.0,0.0,2.476,0.8333333333333334,0.6,0.01238,12.38,1.0
2026-03-18,site A,entretenimento,rodapé fixo,banner,celular,referência,2,2,1,0,0.01176,1,1,1,13.2,58.8,0,0.0,0.0,5.88,1.0,0.5,0.01176,11.76,0.0
2026-03-18,site C,finanças,topo da página,banner,tablet,orgânico,6,4,2,0,0.01164,1,1,1,48.5,94.9,0,1.0,0.0,2.9099999999999997,0.6666666666666666,0.5,0.01164,11.639999999999999,0.0
2026-03-18,site A,finanças,lateral,nativo,celular,redes sociais,5,5,4,0,0.01155,1,1,1,81.7,98.5,1,1.0,0.0,2.3099999999999996,1.0,0.8,0.01155,11.549999999999999,1.0
2026-03-18,site A,notícias,meio do artigo,banner,computador,orgânico,5,4,1,0,0.01084,1,1,1,47.9,76.9,1,1.0,0.0,2.71,0.8,0.25,0.01084,10.84,1.0
2026-03-18,site A,estilo de vida,lateral,banner,celular,redes sociais,4,2,1,0,0.01022,1,1,1,53.3,56.6,0,0.0,0.0,5.11,0.5,0.5,0.01022,10.22,0.0
2026-03-18,site C,tecnologia,lateral,banner,celular,redes sociais,2,1,1,0,0.00972,1,1,1,26.8,85.1,0,1.0,0.0,9.719999999999999,0.5,1.0,0.00972,9.719999999999999,0.0
2026-03-18,site B,esportes,rodapé fixo,banner,celular,orgânico,4,4,4,0,0.00967,1,1,1,63.7,60.6,0,0.0,0.0,2.4175,1.0,1.0,0.00967,9.67,0.0
2026-03-18,site B,notícias,lateral,banner,computador,orgânico,3,2,2,0,0.00941,1,1,1,25.8,64.0,1,0.0,0.0,4.705,0.6666666666666666,1.0,0.00941,9.41,1.0
2026-03-18,site A,esportes,topo da página,banner,celular,orgânico,6,4,3,0,0.00903,1,1,1,141.0,42.6,1,1.0,0.0,2.2575,0.6666666666666666,0.75,0.00903,9.03,1.0
2026-03-18,site A,esportes,rodapé fixo,vídeo,tablet,redes sociais,1,1,1,0,0.00893,1,1,1,26.6,76.1,0,1.0,0.0,8.93,1.0,1.0,0.00893,8.93,0.0
2026-03-18,site B,esportes,meio do artigo,banner,celular,direto,3,3,1,0,0.00892,1,1,1,43.5,65.3,1,0.0,0.0,2.973333333333334,1.0,0.3333333333333333,0.00892,8.920000000000002,1.0
2026-03-18,site B,esportes,topo da página,mídia rica,tablet,redes sociais,4,2,1,0,0.00883,1,1,1,69.3,81.8,0,0.0,0.0,4.415,0.5,0.5,0.00883,8.83,0.0
2026-03-18,site A,estilo de vida,topo da página,banner,computador,orgânico,3,2,2,0,0.00838,1,1,1,46.8,56.5,1,0.0,0.0,4.19,0.6666666666666666,1.0,0.00838,8.38,1.0
2026-03-18,site A,tecnologia,lateral,nativo,celular,referência,2,1,1,0,0.00771,1,1,1,106.3,35.6,1,0.0,0.0,7.71,0.5,1.0,0.00771,7.71,1.0
2026-03-18,site A,tecnologia,lateral,nativo,computador,redes sociais,2,1,0,0,0.00723,1,1,1,84.9,37.4,1,1.0,0.0,7.23,0.5,0.0,0.00723,7.23,1.0
2026-03-18,site C,finanças,topo da página,vídeo,celular,orgânico,1,1,0,0,0.00723,1,1,1,44.0,64.0,0,1.0,0.0,7.23,1.0,0.0,0.00723,7.23,0.0
2026-03-18,site B,notícias,lateral,banner,celular,orgânico,4,2,1,0,0.0071,1,1,1,23.5,31.6,1,1.0,0.0,3.5500000000000003,0.5,0.5,0.0071,7.1000000000000005,1.0
2026-03-18,site C,tecnologia,topo da página,mídia rica,celular,redes sociais,4,1,1,0,0.00696,1,1,1,64.1,64.3,1,1.0,0.0,6.96,0.25,1.0,0.00696,6.96,1.0
2026-03-18,site A,finanças,lateral,banner,tablet,redes sociais,3,2,1,0,0.00685,1,1,1,44.2,57.2,1,0.0,0.0,3.4250000000000003,0.6666666666666666,0.5,0.00685,6.8500000000000005,1.0
2026-03-18,site A,esportes,topo da página,nativo,tablet,orgânico,4,2,1,0,0.00646,1,1,1,64.1,74.4,0,0.0,0.0,3.23,0.5,0.5,0.00646,6.46,0.0
2026-03-18,site A,tecnologia,meio do artigo,banner,celular,redes sociais,2,1,1,0,0.00624,1,1,1,29.8,45.6,1,0.0,0.0,6.24,0.5,1.0,0.00624,6.24,1.0
2026-03-18,site B,finanças,meio do artigo,nativo,tablet,orgânico,2,1,1,0,0.0062,1,1,1,17.7,61.2,0,1.0,0.0,6.2,0.5,1.0,0.0062,6.2,0.0
2026-03-18,site A,finanças,intersticial,banner,celular,referência,3,1,1,0,0.00589,1,1,1,73.6,87.4,1,0.0,0.0,5.890000000000001,0.3333333333333333,1.0,0.00589,5.890000000000001,1.0
2026-03-18,site B,notícias,meio do artigo,banner,celular,orgânico,3,2,1,0,0.00519,1,1,1,91.1,54.8,0,0.0,0.0,2.595,0.6666666666666666,0.5,0.00519,5.19,0.0
2026-03-18,site A,esportes,topo da página,vídeo,celular,referência,2,1,1,0,0.00508,1,1,1,105.1,44.4,0,0.0,0.0,5.08,0.5,1.0,0.00508,5.08,0.0
2026-03-18,site A,notícias,topo da página,nativo,tablet,orgânico,1,1,1,0,0.00496,1,1,1,146.3,75.3,0,1.0,0.0,4.96,1.0,1.0,0.00496,4.96,0.0
2026-03-18,site B,entretenimento,meio do artigo,banner,celular,redes sociais,1,1,1,0,0.00461,1,1,1,56.8,26.5,0,0.0,0.0,4.61,1.0,1.0,0.00461,4.61,0.0
2026-03-18,site A,esportes,rodapé fixo,banner,computador,direto,1,1,1,0,0.00424,1,1,1,13.3,79.5,1,0.0,0.0,4.24,1.0,1.0,0.00424,4.24,1.0
2026-03-18,site B,entretenimento,rodapé fixo,vídeo,computador,orgânico,1,1,1,0,0.00413,1,1,1,35.4,64.5,0,1.0,0.0,4.13,1.0,1.0,0.00413,4.13,0.0
2026-03-18,site A,entretenimento,meio do artigo,banner,celular,orgânico,2,1,0,0,0.00408,1,1,1,36.6,36.1,0,1.0,0.0,4.08,0.5,0.0,0.00408,4.08,0.0
2026-03-18,site B,estilo de vida,topo da página,banner,celular,orgânico,2,1,0,0,0.0037,1,1,1,51.5,20.7,0,1.0,0.0,3.7,0.5,0.0,0.0037,3.7,0.0
2026-03-18,site C,notícias,topo da página,nativo,celular,redes sociais,1,1,1,0,0.0035,1,1,1,53.0,46.0,0,0.0,0.0,3.5,1.0,1.0,0.0035,3.5,0.0
2026-03-18,site A,notícias,meio do artigo,vídeo,celular,redes sociais,1,1,1,0,0.00345,1,1,1,56.5,51.5,0,1.0,0.0,3.4499999999999997,1.0,1.0,0.00345,3.4499999999999997,0.0
2026-03-18,site A,notícias,topo da página,banner,celular,orgânico,3,1,0,0,0.00342,1,1,1,69.3,53.1,0,1.0,0.0,3.42,0.3333333333333333,0.0,0.00342,3.42,0.0
2026-03-18,site A,estilo de vida,rodapé fixo,banner,celular,newsletter,1,1,1,0,0.00329,1,1,1,30.9,31.3,0,0.0,0.0,3.29,1.0,1.0,0.00329,3.29,0.0
2026-03-18,site A,tecnologia,meio do artigo,nativo,celular,orgânico,1,1,1,0,0.00294,1,1,1,95.3,92.5,1,0.0,0.0,2.94,1.0,1.0,0.00294,2.94,1.0
2026-03-18,site B,esportes,lateral,banner,tablet,direto,1,1,0,0,0.00259,1,1,1,107.4,51.4,0,0.0,0.0,2.59,1.0,0.0,0.00259,2.59,0.0
2026-03-18,site A,entretenimento,meio do artigo,banner,celular,direto,5,3,3,0,0.00118,1,1,1,52.2,56.9,1,0.0,0.0,0.39333333333333337,0.6,1.0,0.00118,1.1800000000000002,1.0
2026-03-18,site A,notícias,lateral,nativo,celular,orgânico,1,1,0,0,0.00092,1,1,1,36.4,40.9,0,0.0,0.0,0.92,1.0,0.0,0.00092,0.92,0.0
2026-03-18,site A,tecnologia,topo da página,banner,celular,referência,1,0,0,0,0.00059,1,1,1,99.0,8.6,1,0.0,0.0,0.0,0.0,0.0,0.00059,0.5900000000000001,1.0
2026-03-18,site A,estilo de vida,meio do artigo,banner,computador,referência,1,0,0,0,0.0,1,1,1,37.9,79.2,0,1.0,0.0,0.0,0.0,0.0,0.0,0.0,0.0
2026-03-18,site A,tecnologia,lateral,mídia rica,computador,newsletter,1,0,0,0,0.0,1,1,1,66.1,37.8,0,0.0,0.0,0.0,0.0,0.0,0.0,0.0,0.0
2026-03-18,site B,esportes,meio do artigo,banner,computador,redes sociais,1,0,0,0,0.0,1,1,1,10.4,60.8,0,0.0,0.0,0.0,0.0,0.0,0.0,0.0,0.0
2026-03-19,site A,tecnologia,meio do artigo,nativo,computador,orgânico,6,6,6,1,0.04507,1,1,1,55.6,49.1,1,0.0,0.16666666666666666,7.511666666666667,1.0,1.0,0.04507,45.07,1.0
2026-03-19,site C,finanças,meio do artigo,mídia rica,celular,orgânico,6,5,3,0,0.03984,1,1,1,16.9,100.0,1,1.0,0.0,7.968000000000001,0.8333333333333334,0.6,0.03984,39.84,1.0
2026-03-19,site A,finanças,meio do artigo,banner,computador,orgânico,5,5,4,0,0.03851,2,2,2,43.15,53.150000000000006,0,1.0,0.0,7.702000000000001,1.0,0.8,0.019255,19.255000000000003,0.0
2026-03-19,site A,esportes,topo da página,nativo,computador,direto,5,5,2,0,0.03576,1,1,1,82.4,69.2,1,1.0,0.0,7.151999999999999,1.0,0.4,0.03576,35.76,1.0
2026-03-19,site B,tecnologia,meio do artigo,vídeo,computador,orgânico,8,5,4,0,0.03554,2,2,2,16.0,56.099999999999994,0,0.5,0.0,7.108,0.625,0.8,0.01777,17.77,0.0
2026-03-19,site C,esportes,meio do artigo,banner,computador,redes sociais,4,3,3,0,0.03485,1,1,1,45.9,49.5,0,0.0,0.0,11.616666666666667,0.75,1.0,0.03485,34.85,0.0
2026-03-19,site B,entretenimento,meio do artigo,banner,computador,referência,6,6,4,0,0.0347,1,1,1,57.0,65.1,0,1.0,0.0,5.783333333333334,1.0,0.6666666666666666,0.0347,34.7,0.0
2026-03-19,site A,estilo de vida,rodapé fixo,banner,computador,redes sociais,8,6,5,0,0.03026,2,2,2,55.650000000000006,42.6,1,1.0,0.0,5.043333333333333,0.75,0.8333333333333334,0.01513,15.129999999999999,0.5
2026-03-19,site B,entretenimento,meio do artigo,vídeo,tablet,orgânico,4,3,2,0,0.02939,1,1,1,119.4,77.3,0,0.0,0.0,9.796666666666667,0.75,0.6666666666666666,0.02939,29.39,0.0
2026-03-19,site A,entretenimento,rodapé fixo,mídia rica,computador,redes sociais,6,4,4,0,0.02746,1,1,1,38.8,41.6,0,1.0,0.0,6.864999999999999,0.6666666666666666,1.0,0.02746,27.459999999999997,0.0
2026-03-19,site A,tecnologia,lateral,banner,computador,orgânico,3,3,2,0,0.02675,1,1,1,73.5,76.5,1,0.0,0.0,8.916666666666666,1.0,0.6666666666666666,0.02675,26.75,1.0
2026-03-19,site A,finanças,intersticial,vídeo,celular,orgânico,4,4,2,0,0.0267,1,1,1,125.6,24.2,0,1.0,0.0,6.675000000000001,1.0,0.5,0.0267,26.700000000000003,0.0
2026-03-19,site C,notícias,rodapé fixo,banner,celular,newsletter,6,5,4,0,0.02646,1,1,1,31.2,49.8,1,0.0,0.0,5.292,0.8333333333333334,0.8,0.02646,26.46,1.0
2026-03-19,site B,finanças,lateral,vídeo,computador,orgânico,5,3,1,0,0.02608,1,1,1,21.9,67.9,0,0.0,0.0,8.693333333333333,0.6,0.3333333333333333,0.02608,26.08,0.0
2026-03-19,site B,entretenimento,topo da página,mídia rica,computador,orgânico,3,2,2,0,0.02483,1,1,1,103.3,59.9,1,1.0,0.0,12.415000000000001,0.6666666666666666,1.0,0.02483,24.830000000000002,1.0
2026-03-19,site A,estilo de vida,intersticial,banner,computador,redes sociais,6,5,3,0,0.02423,1,1,1,136.3,50.5,0,0.0,0.0,4.846,0.8333333333333334,0.6,0.02423,24.23,0.0
2026-03-19,site C,esportes,meio do artigo,banner,tablet,direto,4,2,2,0,0.02405,1,1,1,102.3,88.6,0,0.0,0.0,12.024999999999999,0.5,1.0,0.02405,24.049999999999997,0.0
2026-03-19,site B,notícias,rodapé fixo,mídia rica,celular,redes sociais,6,4,3,0,0.02399,1,1,1,61.9,58.0,1,0.0,0.0,5.9975000000000005,0.6666666666666666,0.75,0.02399,23.990000000000002,1.0
2026-03-19,site A,esportes,meio do artigo,banner,computador,orgânico,5,4,3,0,0.02306,1,1,1,19.4,64.2,0,0.0,0.0,5.765000000000001,0.8,0.75,0.02306,23.060000000000002,0.0
2026-03-19,site B,estilo de vida,meio do artigo,nativo,celular,direto,6,5,4,0,0.02235,1,1,1,143.9,62.8,1,1.0,0.0,4.47,0.8333333333333334,0.8,0.02235,22.349999999999998,1.0
2026-03-19,site B,estilo de vida,lateral,vídeo,celular,referência,5,3,1,0,0.02113,1,1,1,28.4,56.9,1,0.0,0.0,7.043333333333333,0.6,0.3333333333333333,0.02113,21.13,1.0
2026-03-19,site A,entretenimento,lateral,mídia rica,celular,referência,5,5,3,0,0.02109,1,1,1,172.1,61.1,1,0.0,0.0,4.218,1.0,0.6,0.02109,21.09,1.0
2026-03-19,site C,estilo de vida,meio do artigo,banner,celular,orgânico,5,4,3,0,0.02086,1,1,1,79.6,99.4,0,0.0,0.0,5.215,0.8,0.75,0.02086,20.86,0.0
2026-03-19,site C,estilo de vida,lateral,banner,celular,orgânico,5,4,1,0,0.02075,1,1,1,35.9,43.2,0,0.0,0.0,5.1875,0.8,0.25,0.02075,20.75,0.0
2026-03-19,site A,estilo de vida,topo da página,vídeo,computador,orgânico,2,2,2,0,0.02005,1,1,1,191.6,36.5,0,0.0,0.0,10.024999999999999,1.0,1.0,0.02005,20.049999999999997,0.0
2026-03-19,site A,estilo de vida,meio do artigo,nativo,celular,referência,6,6,3,0,0.02,1,1,1,28.3,72.6,0,1.0,0.0,3.3333333333333335,1.0,0.5,0.02,20.0,0.0
2026-03-19,site B,tecnologia,meio do artigo,mídia rica,celular,redes sociais,5,4,3,0,0.01872,1,1,1,17.7,51.2,0,1.0,0.0,4.68,0.8,0.75,0.01872,18.72,0.0
2026-03-19,site A,esportes,lateral,banner,celular,redes sociais,5,5,2,0,0.01753,1,1,1,117.0,29.4,0,1.0,0.0,3.5060000000000002,1.0,0.4,0.01753,17.53,0.0
2026-03-19,site C,tecnologia,topo da página,banner,celular,referência,4,3,2,0,0.01732,1,1,1,56.6,58.0,0,0.0,0.0,5.773333333333333,0.75,0.6666666666666666,0.01732,17.32,0.0
2026-03-19,site B,tecnologia,meio do artigo,nativo,computador,referência,4,3,2,0,0.01723,1,1,1,37.2,60.5,0,0.0,0.0,5.743333333333333,0.75,0.6666666666666666,0.01723,17.23,0.0
2026-03-19,site A,estilo de vida,topo da página,mídia rica,celular,orgânico,5,3,1,0,0.01707,1,1,1,3.5,48.4,0,1.0,0.0,5.689999999999999,0.6,0.3333333333333333,0.01707,17.069999999999997,0.0
2026-03-19,site A,esportes,rodapé fixo,nativo,celular,direto,3,2,2,0,0.01692,1,1,1,27.9,42.1,0,1.0,0.0,8.46,0.6666666666666666,1.0,0.01692,16.92,0.0
2026-03-19,site A,esportes,meio do artigo,nativo,celular,redes sociais,3,3,3,0,0.01576,1,1,1,21.9,78.0,1,0.0,0.0,5.253333333333333,1.0,1.0,0.01576,15.76,1.0
2026-03-19,site A,tecnologia,meio do artigo,banner,computador,orgânico,3,2,2,0,0.01557,1,1,1,52.7,92.6,0,0.0,0.0,7.785,0.6666666666666666,1.0,0.01557,15.57,0.0
2026-03-19,site C,estilo de vida,lateral,mídia rica,celular,referência,6,4,2,0,0.01495,1,1,1,45.2,66.2,1,0.0,0.0,3.7375,0.6666666666666666,0.5,0.01495,14.95,1.0
2026-03-19,site B,entretenimento,topo da página,banner,celular,direto,6,5,3,0,0.01477,1,1,1,71.9,46.8,0,1.0,0.0,2.9539999999999997,0.8333333333333334,0.6,0.01477,14.77,0.0
2026-03-19,site A,finanças,meio do artigo,banner,tablet,direto,6,3,2,0,0.01445,1,1,1,128.1,75.2,0,0.0,0.0,4.816666666666666,0.5,0.6666666666666666,0.01445,14.45,0.0
2026-03-19,site B,notícias,topo da página,mídia rica,celular,orgânico,6,4,2,0,0.01422,1,1,1,112.0,31.6,0,1.0,0.0,3.555,0.6666666666666666,0.5,0.01422,14.22,0.0
2026-03-19,site A,notícias,meio do artigo,banner,celular,orgânico,5,5,4,0,0.01415,1,1,1,108.6,31.6,0,0.0,0.0,2.8299999999999996,1.0,0.8,0.01415,14.149999999999999,0.0
2026-03-19,site B,notícias,meio do artigo,nativo,celular,redes sociais,6,6,5,0,0.01393,1,1,1,74.2,43.0,0,0.0,0.0,2.3216666666666668,1.0,0.8333333333333334,0.01393,13.93,0.0
2026-03-19,site A,finanças,rodapé fixo,banner,computador,direto,5,2,1,0,0.01334,1,1,1,18.0,58.4,0,1.0,0.0,6.67,0.4,0.5,0.01334,13.34,0.0
2026-03-19,site A,estilo de vida,lateral,vídeo,computador,orgânico,2,2,1,0,0.01331,1,1,1,59.4,35.9,0,0.0,0.0,6.655,1.0,0.5,0.01331,13.31,0.0
2026-03-19,site B,tecnologia,lateral,banner,celular,orgânico,5,3,2,0,0.01284,1,1,1,27.4,85.5,0,1.0,0.0,4.28,0.6,0.6666666666666666,0.01284,12.84,0.0
2026-03-19,site A,notícias,lateral,mídia rica,computador,orgânico,4,2,1,0,0.01273,1,1,1,36.9,52.7,0,1.0,0.0,6.365,0.5,0.5,0.01273,12.73,0.0
2026-03-19,site B,esportes,meio do artigo,banner,computador,referência,4,4,4,0,0.01273,1,1,1,16.8,27.6,0,0.0,0.0,3.1825,1.0,1.0,0.01273,12.73,0.0
2026-03-19,site A,esportes,topo da página,banner,computador,orgânico,3,2,0,1,0.01235,1,1,1,103.7,31.8,0,1.0,0.5,6.175,0.6666666666666666,0.0,0.01235,12.35,0.0
2026-03-19,site B,notícias,rodapé fixo,banner,celular,referência,4,4,4,0,0.01222,1,1,1,19.3,63.8,0,0.0,0.0,3.055,1.0,1.0,0.01222,12.22,0.0
2026-03-19,site A,entretenimento,rodapé fixo,banner,celular,redes sociais,4,3,3,0,0.01203,1,1,1,43.8,58.2,0,0.0,0.0,4.010000000000001,0.75,1.0,0.01203,12.030000000000001,0.0
2026-03-19,site C,notícias,rodapé fixo,banner,celular,direto,4,3,2,1,0.01165,1,1,1,166.4,60.2,0,1.0,0.3333333333333333,3.8833333333333333,0.75,0.6666666666666666,0.01165,11.65,0.0
2026-03-19,site A,finanças,meio do artigo,vídeo,computador,orgânico,2,2,1,0,0.01059,1,1,1,26.3,73.2,0,1.0,0.0,5.295,1.0,0.5,0.01059,10.59,0.0
2026-03-19,site A,notícias,meio do artigo,banner,computador,orgânico,2,2,1,0,0.01059,1,1,1,29.1,76.8,1,0.0,0.0,5.295,1.0,0.5,0.01059,10.59,1.0
2026-03-19,site C,estilo de vida,meio do artigo,vídeo,celular,orgânico,5,2,1,0,0.01053,1,1,1,210.0,72.5,0,0.0,0.0,5.265,0.4,0.5,0.01053,10.53,0.0
2026-03-19,site A,notícias,meio do artigo,banner,computador,redes sociais,2,2,2,0,0.01029,1,1,1,178.9,43.5,1,0.0,0.0,5.1450000000000005,1.0,1.0,0.01029,10.290000000000001,1.0
2026-03-19,site B,entretenimento,lateral,banner,computador,referência,5,3,2,0,0.00998,1,1,1,30.4,69.2,1,0.0,0.0,3.326666666666666,0.6,0.6666666666666666,0.00998,9.979999999999999,1.0
2026-03-19,site A,esportes,topo da página,nativo,tablet,referência,3,2,2,0,0.00992,1,1,1,49.7,57.9,0,0.0,0.0,4.96,0.6666666666666666,1.0,0.00992,9.92,0.0
2026-03-19,site C,entretenimento,lateral,banner,celular,orgânico,2,2,2,0,0.00955,1,1,1,21.8,79.9,1,1.0,0.0,4.7749999999999995,1.0,1.0,0.00955,9.549999999999999,1.0
2026-03-19,site B,finanças,meio do artigo,nativo,celular,orgânico,1,1,0,0,0.00948,1,1,1,96.5,22.1,0,1.0,0.0,9.48,1.0,0.0,0.00948,9.48,0.0
2026-03-19,site A,tecnologia,lateral,nativo,celular,redes sociais,2,1,1,0,0.00926,1,1,1,23.0,70.0,0,1.0,0.0,9.26,0.5,1.0,0.00926,9.26,0.0
2026-03-19,site A,estilo de vida,topo da página,banner,celular,orgânico,4,3,3,0,0.00918,1,1,1,111.1,67.5,0,0.0,0.0,3.0600000000000005,0.75,1.0,0.00918,9.180000000000001,0.0
2026-03-19,site B,notícias,lateral,banner,computador,redes sociais,5,3,3,0,0.00896,1,1,1,71.6,65.8,0,1.0,0.0,2.9866666666666664,0.6,1.0,0.00896,8.959999999999999,0.0
2026-03-19,site C,tecnologia,lateral,banner,tablet,orgânico,5,3,1,0,0.00892,1,1,1,29.3,93.4,0,0.0,0.0,2.973333333333334,0.6,0.3333333333333333,0.00892,8.920000000000002,0.0
2026-03-19,site A,notícias,lateral,banner,celular,direto,4,3,2,0,0.00866,1,1,1,37.2,22.5,0,1.0,0.0,2.8866666666666667,0.75,0.6666666666666666,0.00866,8.66,0.0
2026-03-19,site B,estilo de vida,rodapé fixo,banner,computador,orgânico,3,3,3,0,0.00853,1,1,1,24.2,44.3,0,1.0,0.0,2.8433333333333333,1.0,1.0,0.00853,8.53,0.0
2026-03-19,site A,tecnologia,lateral,mídia rica,celular,orgânico,2,1,0,0,0.00815,1,1,1,104.8,67.4,0,1.0,0.0,8.149999999999999,0.5,0.0,0.00815,8.149999999999999,0.0
2026-03-19,site A,notícias,lateral,banner,computador,newsletter,1,1,0,0,0.00811,1,1,1,69.0,71.0,0,0.0,0.0,8.11,1.0,0.0,0.00811,8.11,0.0
2026-03-19,site A,finanças,meio do artigo,nativo,celular,direto,1,1,1,0,0.0081,1,1,1,26.1,61.5,0,0.0,0.0,8.1,1.0,1.0,0.0081,8.1,0.0
2026-03-19,site A,estilo de vida,rodapé fixo,nativo,computador,orgânico,3,3,3,0,0.0077,1,1,1,34.7,25.5,0,0.0,0.0,2.566666666666667,1.0,1.0,0.0077,7.7,0.0
2026-03-19,site B,notícias,rodapé fixo,vídeo,celular,orgânico,3,1,1,0,0.00763,1,1,1,80.2,89.4,1,1.0,0.0,7.63,0.3333333333333333,1.0,0.00763,7.63,1.0
2026-03-19,site A,tecnologia,topo da página,banner,celular,direto,2,2,0,0,0.00747,1,1,1,30.9,72.3,0,1.0,0.0,3.735,1.0,0.0,0.00747,7.47,0.0
2026-03-19,site A,finanças,rodapé fixo,banner,computador,orgânico,3,2,1,0,0.00731,1,1,1,26.5,73.3,0,1.0,0.0,3.655,0.6666666666666666,0.5,0.00731,7.31,0.0
2026-03-19,site C,esportes,lateral,banner,celular,referência,4,2,1,0,0.00728,1,1,1,133.9,75.5,0,0.0,0.0,3.64,0.5,0.5,0.00728,7.28,0.0
2026-03-19,site B,estilo de vida,meio do artigo,banner,celular,orgânico,4,3,3,0,0.00696,1,1,1,69.7,41.0,1,1.0,0.0,2.32,0.75,1.0,0.00696,6.96,1.0
2026-03-19,site B,notícias,topo da página,nativo,computador,direto,2,2,0,0,0.00691,1,1,1,52.2,70.3,1,1.0,0.0,3.455,1.0,0.0,0.00691,6.91,1.0
2026-03-19,site A,notícias,intersticial,nativo,celular,referência,3,2,1,0,0.00688,1,1,1,45.5,68.8,0,1.0,0.0,3.44,0.6666666666666666,0.5,0.00688,6.88,0.0
2026-03-19,site C,notícias,meio do artigo,vídeo,tablet,redes sociais,2,1,0,0,0.00683,1,1,1,15.0,46.0,0,1.0,0.0,6.83,0.5,0.0,0.00683,6.83,0.0
2026-03-19,site B,estilo de vida,topo da página,nativo,celular,orgânico,2,2,1,0,0.00642,1,1,1,103.4,58.3,1,1.0,0.0,3.21,1.0,0.5,0.00642,6.42,1.0
2026-03-19,site B,entretenimento,rodapé fixo,mídia rica,celular,orgânico,4,1,0,0,0.00614,1,1,1,58.1,80.1,0,0.0,0.0,6.14,0.25,0.0,0.00614,6.14,0.0
2026-03-19,site B,esportes,meio do artigo,banner,celular,newsletter,1,1,1,0,0.00612,1,1,1,17.3,45.9,1,1.0,0.0,6.119999999999999,1.0,1.0,0.00612,6.119999999999999,1.0
2026-03-19,site A,notícias,rodapé fixo,banner,celular,referência,2,2,2,0,0.00577,1,1,1,116.4,78.3,1,0.0,0.0,2.885,1.0,1.0,0.00577,5.77,1.0
2026-03-19,site B,esportes,lateral,banner,tablet,orgânico,3,2,0,0,0.00574,1,1,1,33.8,80.1,0,1.0,0.0,2.87,0.6666666666666666,0.0,0.00574,5.74,0.0
2026-03-19,site B,notícias,topo da página,vídeo,tablet,redes sociais,1,1,1,0,0.00568,1,1,1,96.6,53.5,1,1.0,0.0,5.68,1.0,1.0,0.00568,5.68,1.0
2026-03-19,site C,notícias,topo da página,mídia rica,celular,newsletter,1,1,1,0,0.00552,1,1,1,71.7,73.3,0,1.0,0.0,5.52,1.0,1.0,0.00552,5.52,0.0
2026-03-19,site A,entretenimento,meio do artigo,banner,computador,redes sociais,2,2,2,0,0.00549,1,1,1,3.0,53.0,0,1.0,0.0,2.745,1.0,1.0,0.00549,5.49,0.0
2026-03-19,site B,notícias,rodapé fixo,mídia rica,computador,redes sociais,2,1,1,0,0.00522,1,1,1,64.1,42.8,1,1.0,0.0,5.22,0.5,1.0,0.00522,5.22,1.0
2026-03-19,site A,finanças,lateral,banner,celular,redes sociais,4,3,2,0,0.00515,1,1,1,107.1,55.5,0,0.0,0.0,1.7166666666666668,0.75,0.6666666666666666,0.00515,5.15,0.0
2026-03-19,site A,entretenimento,topo da página,banner,computador,redes sociais,1,1,1,0,0.00497,1,1,1,84.8,56.6,0,0.0,0.0,4.97,1.0,1.0,0.00497,4.97,0.0
2026-03-19,site A,notícias,lateral,nativo,celular,direto,2,1,1,0,0.00453,1,1,1,34.1,42.0,0,0.0,0.0,4.53,0.5,1.0,0.00453,4.53,0.0
2026-03-19,site C,finanças,topo da página,banner,celular,referência,2,2,1,0,0.00422,1,1,1,41.5,62.6,0,0.0,0.0,2.11,1.0,0.5,0.00422,4.22,0.0
2026-03-19,site A,esportes,meio do artigo,banner,computador,direto,2,1,0,0,0.0038,1,1,1,20.0,65.2,1,0.0,0.0,3.8,0.5,0.0,0.0038,3.8,1.0
2026-03-19,site B,estilo de vida,meio do artigo,banner,celular,direto,1,1,0,0,0.00373,1,1,1,164.5,61.6,0,1.0,0.0,3.73,1.0,0.0,0.00373,3.73,0.0
2026-03-19,site B,esportes,lateral,banner,computador,newsletter,1,1,0,0,0.00362,1,1,1,9.6,40.9,0,1.0,0.0,3.62,1.0,0.0,0.00362,3.62,0.0
2026-03-19,site B,tecnologia,rodapé fixo,banner,celular,direto,1,1,0,0,0.00362,1,1,1,6.7,39.6,1,0.0,0.0,3.62,1.0,0.0,0.00362,3.62,1.0
2026-03-19,site C,entretenimento,lateral,mídia rica,computador,direto,5,1,0,0,0.00343,1,1,1,52.5,83.4,0,1.0,0.0,3.4299999999999997,0.2,0.0,0.00343,3.4299999999999997,0.0
2026-03-19,site A,notícias,rodapé fixo,nativo,computador,orgânico,1,1,0,0,0.00334,1,1,1,33.8,44.4,0,0.0,0.0,3.3400000000000003,1.0,0.0,0.00334,3.3400000000000003,0.0
2026-03-19,site A,estilo de vida,meio do artigo,banner,celular,orgânico,3,1,1,0,0.00333,1,1,1,58.7,60.7,1,0.0,0.0,3.33,0.3333333333333333,1.0,0.00333,3.33,1.0
2026-03-19,site B,estilo de vida,topo da página,banner,celular,referência,4,3,3,0,0.00325,1,1,1,54.5,50.1,0,0.0,0.0,1.0833333333333333,0.75,1.0,0.00325,3.25,0.0
2026-03-19,site B,entretenimento,rodapé fixo,banner,celular,orgânico,4,2,2,0,0.00262,1,1,1,94.7,79.5,0,1.0,0.0,1.31,0.5,1.0,0.00262,2.62,0.0
2026-03-19,site B,estilo de vida,lateral,banner,celular,referência,4,4,1,0,0.00244,1,1,1,20.2,58.4,1,0.0,0.0,0.61,1.0,0.25,0.00244,2.44,1.0
2026-03-19,site A,estilo de vida,lateral,banner,computador,newsletter,1,1,0,0,0.00241,1,1,1,60.0,47.4,1,0.0,0.0,2.4099999999999997,1.0,0.0,0.00241,2.4099999999999997,1.0
2026-03-19,site B,notícias,meio do artigo,mídia rica,celular,newsletter,5,2,2,0,0.0018,1,1,1,23.0,47.7,0,0.0,0.0,0.9,0.4,1.0,0.0018,1.8,0.0
2026-03-19,site A,notícias,meio do artigo,banner,tablet,redes sociais,2,1,1,0,0.00147,1,1,1,14.9,39.3,0,0.0,0.0,1.47,0.5,1.0,0.00147,1.47,0.0
2026-03-19,site B,finanças,meio do artigo,banner,celular,newsletter,1,1,0,0,0.00098,1,1,1,95.8,53.7,1,0.0,0.0,0.98,1.0,0.0,0.00098,0.98,1.0
2026-03-19,site A,entretenimento,topo da página,nativo,computador,orgânico,1,1,1,0,0.00042,1,1,1,149.9,62.5,1,0.0,0.0,0.42000000000000004,1.0,1.0,0.00042,0.42000000000000004,1.0
2026-03-19,site A,esportes,meio do artigo,vídeo,celular,orgânico,4,0,0,0,0.0,1,1,1,80.1,42.2,0,0.0,0.0,0.0,0.0,0.0,0.0,0.0,0.0
2026-03-20,site A,esportes,meio do artigo,vídeo,computador,orgânico,5,4,2,0,0.09626,1,1,1,31.0,44.1,1,0.0,0.0,24.065,0.8,0.5,0.09626,96.26,1.0
2026-03-20,site A,finanças,meio do artigo,vídeo,computador,orgânico,6,5,3,1,0.06958,1,1,1,55.0,53.7,1,0.0,0.2,13.916,0.8333333333333334,0.6,0.06958,69.58,1.0
2026-03-20,site A,estilo de vida,rodapé fixo,vídeo,celular,orgânico,4,4,4,0,0.06351,1,1,1,8.7,69.3,0,1.0,0.0,15.8775,1.0,1.0,0.06351,63.51,0.0
2026-03-20,site A,estilo de vida,rodapé fixo,nativo,computador,direto,10,7,6,0,0.059969999999999996,2,2,2,47.9,47.4,0,0.5,0.0,8.567142857142857,0.7,0.8571428571428571,0.029984999999999998,29.985,0.0
2026-03-20,site A,tecnologia,rodapé fixo,vídeo,computador,orgânico,6,4,2,0,0.0595,1,1,1,15.7,43.3,0,0.0,0.0,14.875,0.6666666666666666,0.5,0.0595,59.5,0.0
2026-03-20,site B,esportes,topo da página,banner,celular,orgânico,6,6,3,0,0.03619,1,1,1,22.0,59.9,0,0.0,0.0,6.031666666666666,1.0,0.5,0.03619,36.19,0.0
2026-03-20,site C,notícias,rodapé fixo,vídeo,celular,direto,5,5,2,0,0.03183,1,1,1,72.9,40.2,0,0.0,0.0,6.366,1.0,0.4,0.03183,31.83,0.0
2026-03-20,site C,entretenimento,lateral,vídeo,celular,orgânico,6,5,3,0,0.02959,1,1,1,95.3,57.7,0,1.0,0.0,5.918000000000001,0.8333333333333334,0.6,0.02959,29.590000000000003,0.0
2026-03-20,site A,notícias,topo da página,vídeo,computador,orgânico,4,4,4,0,0.02903,1,1,1,112.9,55.7,0,0.0,0.0,7.2575,1.0,1.0,0.02903,29.03,0.0
2026-03-20,site B,finanças,rodapé fixo,vídeo,computador,redes sociais,5,2,2,0,0.02845,1,1,1,28.0,71.4,1,0.0,0.0,14.225,0.4,1.0,0.02845,28.45,1.0
2026-03-20,site A,esportes,topo da página,nativo,celular,orgânico,7,6,3,0,0.02783,2,2,2,39.3,59.45,2,0.5,0.0,4.638333333333334,0.8571428571428571,0.5,0.013915,13.915000000000001,1.0
2026-03-20,site A,estilo de vida,topo da página,vídeo,computador,newsletter,3,2,1,0,0.02702,1,1,1,26.8,90.4,0,1.0,0.0,13.51,0.6666666666666666,0.5,0.02702,27.02,0.0
2026-03-20,site A,tecnologia,lateral,banner,computador,direto,6,4,2,0,0.02679,1,1,1,18.5,78.5,0,1.0,0.0,6.697500000000001,0.6666666666666666,0.5,0.02679,26.790000000000003,0.0
2026-03-20,site B,tecnologia,rodapé fixo,banner,computador,direto,3,3,3,1,0.02619,1,1,1,9.0,52.2,1,0.0,0.3333333333333333,8.73,1.0,1.0,0.02619,26.19,1.0
2026-03-20,site B,tecnologia,topo da página,nativo,computador,orgânico,5,3,1,0,0.02587,1,1,1,62.7,83.6,0,0.0,0.0,8.623333333333333,0.6,0.3333333333333333,0.02587,25.87,0.0
2026-03-20,site A,entretenimento,meio do artigo,vídeo,computador,redes sociais,5,5,3,0,0.02525,2,2,2,39.55,58.699999999999996,2,0.0,0.0,5.05,1.0,0.6,0.012625,12.625,1.0
2026-03-20,site C,finanças,meio do artigo,banner,computador,orgânico,3,3,1,0,0.02417,1,1,1,25.5,57.1,0,0.0,0.0,8.056666666666667,1.0,0.3333333333333333,0.02417,24.17,0.0
2026-03-20,site A,esportes,lateral,banner,celular,newsletter,5,5,3,0,0.02348,1,1,1,21.9,49.1,0,0.0,0.0,4.696,1.0,0.6,0.02348,23.48,0.0
2026-03-20,site B,finanças,rodapé fixo,banner,computador,orgânico,5,3,2,0,0.02341,1,1,1,160.6,48.4,1,1.0,0.0,7.803333333333334,0.6,0.6666666666666666,0.02341,23.41,1.0
2026-03-20,site A,finanças,meio do artigo,nativo,celular,orgânico,4,3,2,0,0.02339,1,1,1,19.5,79.4,0,0.0,0.0,7.796666666666667,0.75,0.6666666666666666,0.02339,23.39,0.0
2026-03-20,site A,tecnologia,topo da página,banner,computador,redes sociais,4,3,2,0,0.02296,1,1,1,49.5,45.9,1,0.0,0.0,7.653333333333333,0.75,0.6666666666666666,0.02296,22.96,1.0
2026-03-20,site B,notícias,rodapé fixo,mídia rica,computador,direto,5,4,2,0,0.02289,1,1,1,23.4,76.9,1,1.0,0.0,5.7225,0.8,0.5,0.02289,22.89,1.0
2026-03-20,site A,esportes,topo da página,nativo,tablet,direto,5,4,1,0,0.0228,1,1,1,29.2,62.0,0,1.0,0.0,5.7,0.8,0.25,0.0228,22.8,0.0
2026-03-20,site B,finanças,intersticial,mídia rica,computador,referência,2,2,2,0,0.0215,1,1,1,22.4,64.3,1,0.0,0.0,10.75,1.0,1.0,0.0215,21.5,1.0
2026-03-20,site C,entretenimento,lateral,banner,computador,direto,4,4,2,0,0.02147,1,1,1,59.6,60.0,1,0.0,0.0,5.3675,1.0,0.5,0.02147,21.47,1.0
2026-03-20,site B,tecnologia,intersticial,vídeo,celular,newsletter,2,2,1,0,0.02142,1,1,1,174.8,91.0,1,0.0,0.0,10.71,1.0,0.5,0.02142,21.42,1.0
2026-03-20,site B,entretenimento,intersticial,banner,tablet,redes sociais,6,6,4,0,0.02091,1,1,1,33.0,75.6,0,1.0,0.0,3.485,1.0,0.6666666666666666,0.02091,20.91,0.0
2026-03-20,site B,entretenimento,meio do artigo,vídeo,tablet,direto,3,3,1,0,0.02024,1,1,1,49.9,45.9,0,1.0,0.0,6.746666666666667,1.0,0.3333333333333333,0.02024,20.240000000000002,0.0
2026-03-20,site B,tecnologia,meio do artigo,nativo,celular,redes sociais,6,3,2,0,0.02,1,1,1,165.0,33.0,0,1.0,0.0,6.666666666666667,0.5,0.6666666666666666,0.02,20.0,0.0
2026-03-20,site C,estilo de vida,topo da página,banner,computador,orgânico,7,6,3,0,0.01963,2,2,2,57.75,39.650000000000006,1,0.0,0.0,3.271666666666667,0.8571428571428571,0.5,0.009815,9.815000000000001,0.5
2026-03-20,site A,tecnologia,rodapé fixo,vídeo,celular,redes sociais,4,3,3,0,0.01939,1,1,1,38.0,63.1,0,0.0,0.0,6.463333333333334,0.75,1.0,0.01939,19.39,0.0
2026-03-20,site B,estilo de vida,topo da página,banner,computador,newsletter,5,5,5,0,0.01798,1,1,1,42.8,64.4,0,0.0,0.0,3.596,1.0,1.0,0.01798,17.98,0.0
2026-03-20,site A,finanças,topo da página,nativo,celular,direto,4,3,2,0,0.01787,1,1,1,12.1,46.2,0,0.0,0.0,5.956666666666667,0.75,0.6666666666666666,0.01787,17.87,0.0
2026-03-20,site A,esportes,meio do artigo,banner,celular,redes sociais,5,4,4,1,0.01719,1,1,1,25.7,30.1,1,0.0,0.25,4.2975,0.8,1.0,0.01719,17.19,1.0
2026-03-20,site A,finanças,topo da página,nativo,computador,redes sociais,5,4,2,0,0.01687,1,1,1,73.8,46.0,0,0.0,0.0,4.2175,0.8,0.5,0.01687,16.87,0.0
2026-03-20,site B,estilo de vida,topo da página,vídeo,celular,orgânico,1,1,1,0,0.01626,1,1,1,44.7,40.8,0,1.0,0.0,16.26,1.0,1.0,0.01626,16.26,0.0
2026-03-20,site B,estilo de vida,lateral,nativo,celular,orgânico,3,3,1,0,0.01625,1,1,1,128.0,61.4,0,1.0,0.0,5.416666666666667,1.0,0.3333333333333333,0.01625,16.25,0.0
2026-03-20,site A,notícias,meio do artigo,vídeo,computador,redes sociais,3,3,2,0,0.01618,1,1,1,36.8,73.7,1,0.0,0.0,5.3933333333333335,1.0,0.6666666666666666,0.01618,16.18,1.0
2026-03-20,site C,esportes,rodapé fixo,nativo,computador,orgânico,3,2,1,0,0.01584,1,1,1,33.6,13.9,0,1.0,0.0,7.92,0.6666666666666666,0.5,0.01584,15.84,0.0
2026-03-20,site C,estilo de vida,lateral,nativo,computador,orgânico,4,4,2,0,0.01556,1,1,1,38.9,60.2,1,0.0,0.0,3.8899999999999997,1.0,0.5,0.01556,15.559999999999999,1.0
2026-03-20,site A,finanças,topo da página,mídia rica,tablet,newsletter,4,3,1,0,0.01555,1,1,1,65.1,59.7,0,0.0,0.0,5.183333333333333,0.75,0.3333333333333333,0.01555,15.549999999999999,0.0
2026-03-20,site A,tecnologia,meio do artigo,vídeo,tablet,orgânico,6,2,2,0,0.01495,1,1,1,92.7,46.6,1,1.0,0.0,7.475,0.3333333333333333,1.0,0.01495,14.95,1.0
2026-03-20,site A,estilo de vida,meio do artigo,vídeo,tablet,orgânico,4,4,3,0,0.0145,1,1,1,38.2,70.0,0,0.0,0.0,3.625,1.0,0.75,0.0145,14.5,0.0
2026-03-20,site B,estilo de vida,meio do artigo,banner,computador,orgânico,3,3,2,0,0.01381,1,1,1,14.9,67.4,0,0.0,0.0,4.603333333333333,1.0,0.6666666666666666,0.01381,13.809999999999999,0.0
2026-03-20,site A,notícias,meio do artigo,banner,celular,orgânico,4,3,2,0,0.01346,1,1,1,67.9,62.4,1,0.0,0.0,4.486666666666666,0.75,0.6666666666666666,0.01346,13.459999999999999,1.0
2026-03-20,site A,tecnologia,meio do artigo,vídeo,celular,direto,6,2,2,0,0.01344,1,1,1,43.2,94.6,0,0.0,0.0,6.720000000000001,0.3333333333333333,1.0,0.01344,13.440000000000001,0.0
2026-03-20,site A,finanças,meio do artigo,banner,celular,orgânico,5,3,3,0,0.01322,1,1,1,64.4,34.7,1,1.0,0.0,4.406666666666667,0.6,1.0,0.01322,13.22,1.0
2026-03-20,site B,notícias,meio do artigo,nativo,computador,orgânico,3,2,2,0,0.01318,1,1,1,59.2,16.8,1,1.0,0.0,6.590000000000001,0.6666666666666666,1.0,0.01318,13.180000000000001,1.0
2026-03-20,site A,finanças,meio do artigo,nativo,celular,referência,3,3,1,0,0.01299,1,1,1,38.9,97.9,0,0.0,0.0,4.33,1.0,0.3333333333333333,0.01299,12.99,0.0
2026-03-20,site C,finanças,topo da página,mídia rica,celular,orgânico,2,2,2,0,0.01189,1,1,1,30.9,69.4,0,0.0,0.0,5.944999999999999,1.0,1.0,0.01189,11.889999999999999,0.0
2026-03-20,site B,finanças,lateral,banner,computador,referência,4,4,4,1,0.01183,1,1,1,31.3,35.7,0,0.0,0.25,2.9575,1.0,1.0,0.01183,11.83,0.0
2026-03-20,site A,entretenimento,topo da página,banner,computador,orgânico,3,3,2,0,0.01161,1,1,1,122.8,36.6,0,0.0,0.0,3.8700000000000006,1.0,0.6666666666666666,0.01161,11.610000000000001,0.0
2026-03-20,site A,estilo de vida,rodapé fixo,banner,computador,orgânico,4,2,2,0,0.01111,1,1,1,44.8,81.6,1,1.0,0.0,5.555,0.5,1.0,0.01111,11.11,1.0
2026-03-20,site B,entretenimento,topo da página,vídeo,celular,orgânico,5,2,0,0,0.01094,1,1,1,96.0,40.5,1,0.0,0.0,5.47,0.4,0.0,0.01094,10.94,1.0
2026-03-20,site A,entretenimento,rodapé fixo,nativo,computador,direto,2,2,1,0,0.01081,1,1,1,30.3,41.5,0,0.0,0.0,5.405,1.0,0.5,0.01081,10.81,0.0
2026-03-20,site A,esportes,rodapé fixo,mídia rica,celular,direto,3,3,2,0,0.01071,1,1,1,13.4,46.1,0,1.0,0.0,3.5700000000000003,1.0,0.6666666666666666,0.01071,10.71,0.0
2026-03-20,site B,finanças,topo da página,banner,computador,direto,1,1,1,0,0.01067,1,1,1,41.6,89.4,1,1.0,0.0,10.67,1.0,1.0,0.01067,10.67,1.0
2026-03-20,site A,tecnologia,meio do artigo,mídia rica,computador,orgânico,1,1,0,0,0.01052,1,1,1,12.6,71.9,0,1.0,0.0,10.52,1.0,0.0,0.01052,10.52,0.0
2026-03-20,site A,notícias,lateral,nativo,celular,direto,1,1,1,0,0.0104,1,1,1,25.8,77.2,0,1.0,0.0,10.4,1.0,1.0,0.0104,10.4,0.0
2026-03-20,site A,esportes,rodapé fixo,banner,celular,orgânico,5,3,3,0,0.01006,1,1,1,49.4,59.5,0,0.0,0.0,3.353333333333333,0.6,1.0,0.01006,10.059999999999999,0.0
2026-03-20,site C,entretenimento,topo da página,banner,celular,orgânico,6,4,3,0,0.00988,1,1,1,77.2,41.8,0,1.0,0.0,2.4699999999999998,0.6666666666666666,0.75,0.00988,9.879999999999999,0.0
2026-03-20,site B,estilo de vida,rodapé fixo,banner,celular,referência,4,3,1,0,0.00984,1,1,1,26.3,73.6,1,1.0,0.0,3.28,0.75,0.3333333333333333,0.00984,9.84,1.0
2026-03-20,site B,entretenimento,rodapé fixo,nativo,computador,direto,4,3,1,0,0.00949,1,1,1,70.7,46.7,1,0.0,0.0,3.1633333333333336,0.75,0.3333333333333333,0.00949,9.49,1.0
2026-03-20,site A,esportes,lateral,banner,celular,referência,6,3,1,0,0.00944,1,1,1,102.6,61.6,0,0.0,0.0,3.146666666666667,0.5,0.3333333333333333,0.00944,9.440000000000001,0.0
2026-03-20,site B,finanças,lateral,banner,celular,referência,5,4,1,0,0.00943,1,1,1,43.6,51.7,0,0.0,0.0,2.3575,0.8,0.25,0.00943,9.43,0.0
2026-03-20,site B,estilo de vida,meio do artigo,vídeo,celular,redes sociais,2,2,0,0,0.00938,1,1,1,219.7,92.9,0,0.0,0.0,4.6899999999999995,1.0,0.0,0.00938,9.379999999999999,0.0
2026-03-20,site C,tecnologia,topo da página,nativo,computador,redes sociais,2,1,1,0,0.00922,1,1,1,65.1,80.2,0,1.0,0.0,9.22,0.5,1.0,0.00922,9.22,0.0
2026-03-20,site A,finanças,lateral,nativo,celular,direto,2,2,2,0,0.00888,1,1,1,98.8,62.9,0,0.0,0.0,4.44,1.0,1.0,0.00888,8.88,0.0
2026-03-20,site A,finanças,topo da página,banner,celular,orgânico,6,3,0,0,0.00856,1,1,1,53.5,99.1,1,0.0,0.0,2.8533333333333335,0.5,0.0,0.00856,8.56,1.0
2026-03-20,site A,esportes,meio do artigo,banner,computador,orgânico,2,2,0,0,0.00826,1,1,1,44.2,61.0,0,0.0,0.0,4.13,1.0,0.0,0.00826,8.26,0.0
2026-03-20,site A,esportes,rodapé fixo,nativo,celular,orgânico,5,3,1,0,0.00823,1,1,1,172.8,47.8,0,0.0,0.0,2.7433333333333327,0.6,0.3333333333333333,0.00823,8.229999999999999,0.0
2026-03-20,site A,tecnologia,rodapé fixo,banner,celular,redes sociais,5,2,1,0,0.00807,1,1,1,66.6,26.0,0,0.0,0.0,4.035,0.4,0.5,0.00807,8.07,0.0
2026-03-20,site A,notícias,lateral,nativo,computador,redes sociais,2,2,1,0,0.00791,1,1,1,10.8,77.4,1,0.0,0.0,3.955,1.0,0.5,0.00791,7.91,1.0
2026-03-20,site B,esportes,lateral,banner,celular,orgânico,4,3,0,0,0.00737,1,1,1,41.5,97.6,0,1.0,0.0,2.4566666666666666,0.75,0.0,0.00737,7.37,0.0
2026-03-20,site B,tecnologia,topo da página,banner,celular,newsletter,3,2,1,0,0.00689,1,1,1,36.5,55.9,0,1.0,0.0,3.4450000000000003,0.6666666666666666,0.5,0.00689,6.890000000000001,0.0
2026-03-20,site A,notícias,rodapé fixo,nativo,computador,redes sociais,1,1,1,0,0.00681,1,1,1,67.5,50.1,0,0.0,0.0,6.8100000000000005,1.0,1.0,0.00681,6.8100000000000005,0.0
2026-03-20,site A,finanças,meio do artigo,banner,celular,redes sociais,3,2,2,0,0.00659,1,1,1,70.0,59.6,0,1.0,0.0,3.2950000000000004,0.6666666666666666,1.0,0.00659,6.590000000000001,0.0
2026-03-20,site B,esportes,meio do artigo,banner,computador,newsletter,4,2,2,0,0.00652,1,1,1,30.1,100.0,0,0.0,0.0,3.26,0.5,1.0,0.00652,6.52,0.0
2026-03-20,site A,notícias,meio do artigo,nativo,celular,orgânico,1,1,1,0,0.00637,1,1,1,18.0,67.8,0,0.0,0.0,6.37,1.0,1.0,0.00637,6.37,0.0
2026-03-20,site A,esportes,rodapé fixo,nativo,computador,redes sociais,1,1,1,0,0.00614,1,1,1,10.3,33.9,1,1.0,0.0,6.14,1.0,1.0,0.00614,6.14,1.0
2026-03-20,site C,esportes,topo da página,nativo,computador,referência,2,2,1,0,0.00594,1,1,1,59.8,57.6,0,0.0,0.0,2.97,1.0,0.5,0.00594,5.94,0.0
2026-03-20,site A,esportes,rodapé fixo,banner,celular,direto,2,1,1,0,0.00557,1,1,1,131.1,39.2,0,0.0,0.0,5.57,0.5,1.0,0.00557,5.57,0.0
2026-03-20,site C,finanças,rodapé fixo,nativo,computador,orgânico,2,1,1,0,0.00459,1,1,1,11.1,76.9,0,0.0,0.0,4.590000000000001,0.5,1.0,0.00459,4.590000000000001,0.0
2026-03-20,site A,tecnologia,meio do artigo,banner,celular,orgânico,1,1,1,0,0.00426,1,1,1,91.8,91.1,0,1.0,0.0,4.26,1.0,1.0,0.00426,4.26,0.0
2026-03-20,site B,entretenimento,rodapé fixo,banner,celular,direto,1,1,0,0,0.00398,1,1,1,55.3,100.0,0,0.0,0.0,3.98,1.0,0.0,0.00398,3.98,0.0
2026-03-20,site B,esportes,meio do artigo,banner,celular,referência,1,1,1,0,0.00341,1,1,1,27.8,84.6,1,0.0,0.0,3.4099999999999997,1.0,1.0,0.00341,3.4099999999999997,1.0
2026-03-20,site B,notícias,rodapé fixo,banner,computador,orgânico,3,2,2,0,0.00327,1,1,1,8.4,75.6,1,1.0,0.0,1.635,0.6666666666666666,1.0,0.00327,3.27,1.0
2026-03-20,site B,estilo de vida,topo da página,banner,computador,direto,4,2,0,0,0.0032,1,1,1,109.6,65.8,0,0.0,0.0,1.6,0.5,0.0,0.0032,3.2,0.0
2026-03-20,site A,estilo de vida,meio do artigo,banner,celular,redes sociais,2,2,2,0,0.00304,1,1,1,47.1,39.9,1,1.0,0.0,1.52,1.0,1.0,0.00304,3.04,1.0
2026-03-20,site B,tecnologia,meio do artigo,nativo,celular,orgânico,3,1,0,0,0.00258,1,1,1,6.9,48.6,0,0.0,0.0,2.5799999999999996,0.3333333333333333,0.0,0.00258,2.5799999999999996,0.0
2026-03-20,site B,notícias,topo da página,banner,tablet,orgânico,2,2,0,0,0.00251,1,1,1,82.8,62.6,1,1.0,0.0,1.2550000000000001,1.0,0.0,0.00251,2.5100000000000002,1.0
2026-03-20,site A,tecnologia,rodapé fixo,vídeo,tablet,redes sociais,1,0,0,0,0.0019,1,1,1,75.7,57.6,0,0.0,0.0,0.0,0.0,0.0,0.0019,1.9,0.0
2026-03-20,site A,estilo de vida,meio do artigo,mídia rica,computador,redes sociais,1,0,0,0,0.00189,1,1,1,104.7,54.2,0,0.0,0.0,0.0,0.0,0.0,0.00189,1.89,0.0
2026-03-20,site C,tecnologia,rodapé fixo,nativo,celular,direto,1,0,0,0,0.00098,1,1,1,166.5,67.4,0,1.0,0.0,0.0,0.0,0.0,0.00098,0.98,0.0
2026-03-20,site B,estilo de vida,topo da página,banner,tablet,orgânico,2,2,0,0,0.00053,1,1,1,133.9,70.5,0,0.0,0.0,0.265,1.0,0.0,0.00053,0.53,0.0
2026-03-20,site B,finanças,topo da página,banner,celular,redes sociais,1,0,0,0,3e-05,1,1,1,99.0,71.3,1,1.0,0.0,0.0,0.0,0.0,3e-05,0.030000000000000002,1.0
2026-03-20,site A,esportes,meio do artigo,nativo,computador,referência,1,1,0,0,0.0,1,1,1,33.7,53.9,0,1.0,0.0,0.0,1.0,0.0,0.0,0.0,0.0
2026-03-20,site A,esportes,topo da página,mídia rica,celular,newsletter,2,0,0,0,0.0,1,1,1,36.2,73.5,0,0.0,0.0,0.0,0.0,0.0,0.0,0.0,0.0
2026-03-20,site A,estilo de vida,meio do artigo,nativo,celular,referência,1,0,0,0,0.0,1,1,1,54.6,91.8,1,1.0,0.0,0.0,0.0,0.0,0.0,0.0,1.0
2026-03-20,site B,estilo de vida,rodapé fixo,vídeo,celular,redes sociais,1,0,0,0,0.0,1,1,1,26.5,60.1,0,0.0,0.0,0.0,0.0,0.0,0.0,0.0,0.0
2026-03-20,site B,tecnologia,rodapé fixo,nativo,celular,direto,1,0,0,0,0.0,1,1,1,35.4,41.5,0,0.0,0.0,0.0,0.0,0.0,0.0,0.0,0.0
2026-03-21,site C,finanças,meio do artigo,vídeo,computador,orgânico,5,4,3,0,0.05209,1,1,1,85.0,91.7,0,0.0,0.0,13.022499999999999,0.8,0.75,0.05209,52.089999999999996,0.0
2026-03-21,site B,estilo de vida,meio do artigo,banner,celular,orgânico,12,7,6,0,0.045970000000000004,2,2,2,50.45,43.1,0,1.0,0.0,6.567142857142858,0.5833333333333334,0.8571428571428571,0.022985000000000002,22.985000000000003,0.0
2026-03-21,site A,finanças,lateral,mídia rica,celular,orgânico,5,4,3,0,0.04576,1,1,1,107.2,70.5,0,0.0,0.0,11.440000000000001,0.8,0.75,0.04576,45.760000000000005,0.0
2026-03-21,site B,notícias,rodapé fixo,vídeo,computador,orgânico,5,5,3,0,0.04496,2,2,2,54.1,38.35,0,0.5,0.0,8.992,1.0,0.6,0.02248,22.48,0.0
2026-03-21,site B,entretenimento,topo da página,vídeo,computador,orgânico,5,5,3,0,0.04346,1,1,1,69.3,47.3,0,1.0,0.0,8.692,1.0,0.6,0.04346,43.46,0.0
2026-03-21,site A,esportes,topo da página,banner,computador,orgânico,5,5,3,0,0.04318,1,1,1,41.5,40.9,1,0.0,0.0,8.636,1.0,0.6,0.04318,43.18,1.0
2026-03-21,site A,esportes,topo da página,vídeo,celular,newsletter,6,5,3,0,0.0425,1,1,1,83.0,52.3,0,1.0,0.0,8.5,0.8333333333333334,0.6,0.0425,42.5,0.0
2026-03-21,site B,esportes,intersticial,vídeo,computador,newsletter,6,4,1,0,0.04013,1,1,1,91.0,58.5,1,0.0,0.0,10.032499999999999,0.6666666666666666,0.25,0.04013,40.129999999999995,1.0
2026-03-21,site C,notícias,meio do artigo,banner,computador,redes sociais,4,4,3,0,0.037,1,1,1,63.6,61.6,0,0.0,0.0,9.25,1.0,0.75,0.037,37.0,0.0
2026-03-21,site C,notícias,lateral,vídeo,computador,redes sociais,3,2,1,0,0.03568,1,1,1,6.5,14.8,1,0.0,0.0,17.840000000000003,0.6666666666666666,0.5,0.03568,35.68000000000001,1.0
2026-03-21,site C,esportes,lateral,vídeo,computador,direto,4,4,3,0,0.03258,1,1,1,66.5,80.5,0,0.0,0.0,8.145,1.0,0.75,0.03258,32.58,0.0
2026-03-21,site C,esportes,topo da página,vídeo,celular,orgânico,5,5,1,0,0.03181,1,1,1,48.7,76.2,1,0.0,0.0,6.362,1.0,0.2,0.03181,31.81,1.0
2026-03-21,site B,esportes,topo da página,nativo,celular,orgânico,6,4,1,0,0.03033,1,1,1,71.4,11.8,0,0.0,0.0,7.5825,0.6666666666666666,0.25,0.03033,30.33,0.0
2026-03-21,site A,tecnologia,rodapé fixo,banner,computador,redes sociais,3,2,1,0,0.02956,1,1,1,79.0,77.3,0,1.0,0.0,14.78,0.6666666666666666,0.5,0.02956,29.56,0.0
2026-03-21,site B,notícias,lateral,banner,computador,orgânico,5,5,2,0,0.02814,1,1,1,54.8,47.0,0,0.0,0.0,5.627999999999999,1.0,0.4,0.02814,28.139999999999997,0.0
2026-03-21,site A,estilo de vida,topo da página,vídeo,celular,direto,3,3,2,0,0.02778,1,1,1,32.4,47.0,0,1.0,0.0,9.26,1.0,0.6666666666666666,0.02778,27.779999999999998,0.0
2026-03-21,site C,estilo de vida,meio do artigo,mídia rica,computador,orgânico,5,5,5,0,0.02732,1,1,1,13.2,82.0,0,1.0,0.0,5.464,1.0,1.0,0.02732,27.32,0.0
2026-03-21,site B,tecnologia,topo da página,nativo,computador,redes sociais,4,4,3,0,0.02708,1,1,1,26.2,37.5,1,0.0,0.0,6.77,1.0,0.75,0.02708,27.08,1.0
2026-03-21,site A,notícias,rodapé fixo,nativo,tablet,orgânico,6,5,5,0,0.02695,1,1,1,81.5,59.0,0,0.0,0.0,5.390000000000001,0.8333333333333334,1.0,0.02695,26.950000000000003,0.0
2026-03-21,site A,esportes,meio do artigo,nativo,computador,orgânico,5,4,4,0,0.02687,1,1,1,28.7,42.5,0,0.0,0.0,6.7175,0.8,1.0,0.02687,26.87,0.0
2026-03-21,site A,finanças,topo da página,vídeo,celular,redes sociais,4,3,0,0,0.02508,1,1,1,111.8,31.7,0,1.0,0.0,8.360000000000001,0.75,0.0,0.02508,25.080000000000002,0.0
2026-03-21,site B,notícias,topo da página,vídeo,computador,referência,6,5,3,1,0.02461,1,1,1,28.3,44.4,1,0.0,0.2,4.922,0.8333333333333334,0.6,0.02461,24.61,1.0
2026-03-21,site B,tecnologia,topo da página,banner,computador,referência,3,3,3,0,0.02331,1,1,1,50.0,32.0,0,0.0,0.0,7.7700000000000005,1.0,1.0,0.02331,23.310000000000002,0.0
2026-03-21,site B,estilo de vida,rodapé fixo,nativo,celular,referência,6,6,3,0,0.02301,1,1,1,81.6,89.5,1,1.0,0.0,3.8349999999999995,1.0,0.5,0.02301,23.009999999999998,1.0
2026-03-21,site C,entretenimento,topo da página,nativo,tablet,redes sociais,6,6,3,0,0.02289,1,1,1,32.9,57.9,0,1.0,0.0,3.815,1.0,0.5,0.02289,22.89,0.0
2026-03-21,site B,tecnologia,meio do artigo,banner,celular,direto,4,4,1,0,0.02172,1,1,1,46.1,59.8,0,0.0,0.0,5.43,1.0,0.25,0.02172,21.72,0.0
2026-03-21,site B,finanças,meio do artigo,banner,celular,direto,5,5,3,0,0.02096,1,1,1,43.8,33.7,1,0.0,0.0,4.192,1.0,0.6,0.02096,20.96,1.0
2026-03-21,site A,entretenimento,topo da página,vídeo,celular,orgânico,4,4,3,0,0.02019,1,1,1,78.9,52.3,1,0.0,0.0,5.0475,1.0,0.75,0.02019,20.19,1.0
2026-03-21,site B,notícias,intersticial,banner,computador,newsletter,3,2,1,0,0.02002,1,1,1,52.8,63.6,0,0.0,0.0,10.01,0.6666666666666666,0.5,0.02002,20.02,0.0
2026-03-21,site B,tecnologia,meio do artigo,vídeo,celular,orgânico,2,1,1,0,0.01968,1,1,1,66.4,89.4,1,0.0,0.0,19.68,0.5,1.0,0.01968,19.68,1.0
2026-03-21,site C,entretenimento,topo da página,banner,computador,orgânico,5,5,3,0,0.01954,1,1,1,84.3,52.6,0,1.0,0.0,3.908,1.0,0.6,0.01954,19.54,0.0
2026-03-21,site A,entretenimento,topo da página,nativo,celular,orgânico,5,5,5,0,0.01929,1,1,1,25.9,85.7,0,0.0,0.0,3.8580000000000005,1.0,1.0,0.01929,19.290000000000003,0.0
2026-03-21,site B,estilo de vida,meio do artigo,vídeo,celular,redes sociais,3,2,1,0,0.01929,1,1,1,7.7,87.7,1,1.0,0.0,9.645000000000001,0.6666666666666666,0.5,0.01929,19.290000000000003,1.0
2026-03-21,site B,entretenimento,meio do artigo,vídeo,computador,redes sociais,5,4,3,0,0.01802,1,1,1,36.0,36.3,0,1.0,0.0,4.505,0.8,0.75,0.01802,18.02,0.0
2026-03-21,site A,notícias,rodapé fixo,vídeo,celular,orgânico,2,2,1,0,0.01762,1,1,1,59.0,32.3,0,0.0,0.0,8.81,1.0,0.5,0.01762,17.62,0.0
2026-03-21,site B,tecnologia,topo da página,banner,celular,referência,5,4,4,0,0.01739,1,1,1,32.1,70.1,0,0.0,0.0,4.3475,0.8,1.0,0.01739,17.39,0.0
2026-03-21,site A,notícias,meio do artigo,banner,celular,orgânico,4,4,2,0,0.01712,1,1,1,50.4,71.0,1,0.0,0.0,4.28,1.0,0.5,0.01712,17.12,1.0
2026-03-21,site B,esportes,rodapé fixo,banner,computador,referência,3,3,1,0,0.01615,1,1,1,111.7,79.3,1,0.0,0.0,5.383333333333334,1.0,0.3333333333333333,0.01615,16.150000000000002,1.0
2026-03-21,site A,estilo de vida,lateral,vídeo,celular,direto,4,2,1,0,0.01607,1,1,1,74.4,49.5,0,1.0,0.0,8.035,0.5,0.5,0.01607,16.07,0.0
2026-03-21,site C,finanças,topo da página,vídeo,celular,orgânico,3,1,1,0,0.01527,1,1,1,72.7,85.1,1,0.0,0.0,15.270000000000001,0.3333333333333333,1.0,0.01527,15.270000000000001,1.0
2026-03-21,site B,notícias,intersticial,mídia rica,computador,referência,4,3,1,0,0.0151,1,1,1,62.2,87.1,1,0.0,0.0,5.033333333333334,0.75,0.3333333333333333,0.0151,15.100000000000001,1.0
2026-03-21,site A,tecnologia,rodapé fixo,banner,celular,redes sociais,4,4,4,0,0.01476,1,1,1,37.3,71.8,1,1.0,0.0,3.69,1.0,1.0,0.01476,14.76,1.0
2026-03-21,site C,estilo de vida,lateral,vídeo,celular,direto,5,4,3,0,0.01475,1,1,1,99.9,40.7,0,0.0,0.0,3.6875,0.8,0.75,0.01475,14.75,0.0
2026-03-21,site B,tecnologia,topo da página,vídeo,computador,redes sociais,1,1,1,0,0.01456,1,1,1,17.1,67.3,0,0.0,0.0,14.56,1.0,1.0,0.01456,14.56,0.0
2026-03-21,site B,notícias,meio do artigo,mídia rica,computador,orgânico,2,2,2,0,0.01445,1,1,1,28.7,38.8,0,1.0,0.0,7.225,1.0,1.0,0.01445,14.45,0.0
2026-03-21,site C,notícias,intersticial,nativo,computador,orgânico,6,5,4,0,0.01422,1,1,1,81.1,76.9,0,0.0,0.0,2.8440000000000003,0.8333333333333334,0.8,0.01422,14.22,0.0
2026-03-21,site B,esportes,lateral,nativo,celular,orgânico,4,2,1,0,0.01353,1,1,1,17.6,26.0,0,0.0,0.0,6.765000000000001,0.5,0.5,0.01353,13.530000000000001,0.0
2026-03-21,site A,esportes,lateral,mídia rica,celular,redes sociais,6,3,1,0,0.0131,1,1,1,82.7,25.7,0,1.0,0.0,4.366666666666667,0.5,0.3333333333333333,0.0131,13.100000000000001,0.0
2026-03-21,site B,esportes,meio do artigo,banner,celular,redes sociais,6,4,3,0,0.01309,1,1,1,44.9,62.5,0,0.0,0.0,3.2725,0.6666666666666666,0.75,0.01309,13.09,0.0
2026-03-21,site B,notícias,lateral,vídeo,computador,direto,3,3,2,0,0.01277,1,1,1,19.4,72.5,1,0.0,0.0,4.256666666666667,1.0,0.6666666666666666,0.01277,12.77,1.0
2026-03-21,site B,tecnologia,rodapé fixo,banner,celular,direto,5,4,4,0,0.01262,1,1,1,14.5,46.0,0,0.0,0.0,3.155,0.8,1.0,0.01262,12.62,0.0
2026-03-21,site A,notícias,rodapé fixo,banner,celular,orgânico,2,2,2,0,0.0125,1,1,1,77.7,34.5,1,0.0,0.0,6.25,1.0,1.0,0.0125,12.5,1.0
2026-03-21,site B,entretenimento,rodapé fixo,nativo,computador,orgânico,6,5,2,0,0.01221,1,1,1,130.6,55.5,0,0.0,0.0,2.442,0.8333333333333334,0.4,0.01221,12.21,0.0
2026-03-21,site C,notícias,rodapé fixo,banner,celular,referência,6,4,3,0,0.01202,1,1,1,64.0,60.9,0,1.0,0.0,3.005,0.6666666666666666,0.75,0.01202,12.02,0.0
2026-03-21,site B,entretenimento,rodapé fixo,vídeo,tablet,orgânico,6,3,2,0,0.01192,1,1,1,54.0,60.6,0,0.0,0.0,3.973333333333333,0.5,0.6666666666666666,0.01192,11.92,0.0
2026-03-21,site C,tecnologia,topo da página,nativo,celular,referência,3,2,1,0,0.01191,1,1,1,42.4,46.8,0,1.0,0.0,5.955,0.6666666666666666,0.5,0.01191,11.91,0.0
2026-03-21,site C,notícias,lateral,vídeo,tablet,newsletter,5,3,1,0,0.01158,1,1,1,32.1,68.6,1,0.0,0.0,3.86,0.6,0.3333333333333333,0.01158,11.58,1.0
2026-03-21,site A,notícias,topo da página,nativo,computador,direto,4,3,1,0,0.01148,1,1,1,61.2,66.0,0,1.0,0.0,3.8266666666666667,0.75,0.3333333333333333,0.01148,11.48,0.0
2026-03-21,site B,estilo de vida,lateral,banner,celular,orgânico,5,3,2,0,0.01095,1,1,1,39.9,23.7,0,0.0,0.0,3.65,0.6,0.6666666666666666,0.01095,10.95,0.0
2026-03-21,site C,entretenimento,topo da página,nativo,celular,redes sociais,3,3,3,0,0.01093,1,1,1,55.8,33.6,0,0.0,0.0,3.643333333333333,1.0,1.0,0.01093,10.93,0.0
2026-03-21,site B,notícias,rodapé fixo,banner,tablet,orgânico,5,2,2,0,0.01084,1,1,1,14.9,75.0,0,1.0,0.0,5.42,0.4,1.0,0.01084,10.84,0.0
2026-03-21,site A,esportes,topo da página,vídeo,celular,redes sociais,3,3,1,0,0.01078,1,1,1,38.9,60.2,0,0.0,0.0,3.5933333333333333,1.0,0.3333333333333333,0.01078,10.78,0.0
2026-03-21,site B,notícias,lateral,banner,celular,redes sociais,3,3,3,0,0.01053,1,1,1,35.8,72.2,0,0.0,0.0,3.51,1.0,1.0,0.01053,10.53,0.0
2026-03-21,site A,notícias,meio do artigo,vídeo,computador,orgânico,3,2,2,0,0.01004,1,1,1,29.7,100.0,1,1.0,0.0,5.0200000000000005,0.6666666666666666,1.0,0.01004,10.040000000000001,1.0
2026-03-21,site C,finanças,lateral,vídeo,celular,referência,5,3,0,0,0.00971,1,1,1,3.4,86.9,1,1.0,0.0,3.2366666666666664,0.6,0.0,0.00971,9.709999999999999,1.0
2026-03-21,site B,notícias,meio do artigo,nativo,celular,newsletter,2,2,2,1,0.00962,1,1,1,37.3,58.8,0,0.0,0.5,4.81,1.0,1.0,0.00962,9.62,0.0
2026-03-21,site B,esportes,topo da página,banner,computador,redes sociais,1,1,1,0,0.00889,1,1,1,72.3,50.1,1,0.0,0.0,8.89,1.0,1.0,0.00889,8.89,1.0
2026-03-21,site A,notícias,lateral,banner,celular,direto,2,2,1,0,0.00844,1,1,1,55.5,59.3,0,0.0,0.0,4.22,1.0,0.5,0.00844,8.44,0.0
2026-03-21,site A,tecnologia,topo da página,mídia rica,celular,redes sociais,3,2,1,0,0.00841,1,1,1,94.8,60.1,0,1.0,0.0,4.205,0.6666666666666666,0.5,0.00841,8.41,0.0
2026-03-21,site B,finanças,intersticial,banner,computador,orgânico,1,1,1,0,0.00828,1,1,1,23.1,77.2,0,1.0,0.0,8.28,1.0,1.0,0.00828,8.28,0.0
2026-03-21,site A,entretenimento,rodapé fixo,banner,computador,referência,6,6,5,0,0.00823,1,1,1,28.3,77.5,0,0.0,0.0,1.3716666666666664,1.0,0.8333333333333334,0.00823,8.229999999999999,0.0
2026-03-21,site B,esportes,lateral,banner,computador,orgânico,1,1,0,0,0.00818,1,1,1,142.5,74.5,0,1.0,0.0,8.18,1.0,0.0,0.00818,8.18,0.0
2026-03-21,site A,notícias,lateral,banner,celular,orgânico,2,2,0,0,0.00789,1,1,1,175.7,24.1,0,0.0,0.0,3.945,1.0,0.0,0.00789,7.89,0.0
2026-03-21,site A,notícias,rodapé fixo,banner,celular,newsletter,1,1,1,0,0.00765,1,1,1,44.0,35.2,0,0.0,0.0,7.6499999999999995,1.0,1.0,0.00765,7.6499999999999995,0.0
2026-03-21,site A,tecnologia,meio do artigo,nativo,celular,referência,2,2,1,0,0.00743,1,1,1,86.4,74.3,0,1.0,0.0,3.715,1.0,0.5,0.00743,7.43,0.0
2026-03-21,site A,tecnologia,topo da página,banner,celular,orgânico,1,1,1,0,0.00713,1,1,1,33.2,60.3,0,0.0,0.0,7.13,1.0,1.0,0.00713,7.13,0.0
2026-03-21,site A,estilo de vida,lateral,banner,computador,referência,2,1,0,0,0.00703,1,1,1,143.5,37.7,0,0.0,0.0,7.029999999999999,0.5,0.0,0.00703,7.029999999999999,0.0
2026-03-21,site A,finanças,meio do artigo,banner,computador,orgânico,2,1,1,0,0.00669,2,2,2,79.65,83.85,0,0.5,0.0,6.6899999999999995,0.5,1.0,0.003345,3.3449999999999998,0.0
2026-03-21,site A,esportes,lateral,banner,computador,direto,3,2,1,0,0.00666,1,1,1,51.0,65.3,0,1.0,0.0,3.33,0.6666666666666666,0.5,0.00666,6.66,0.0
2026-03-21,site A,estilo de vida,topo da página,banner,tablet,referência,3,3,2,0,0.00663,1,1,1,50.8,60.4,0,0.0,0.0,2.21,1.0,0.6666666666666666,0.00663,6.63,0.0
2026-03-21,site A,estilo de vida,topo da página,banner,computador,newsletter,3,2,1,0,0.00654,1,1,1,51.5,46.6,0,0.0,0.0,3.27,0.6666666666666666,0.5,0.00654,6.54,0.0
2026-03-21,site A,esportes,meio do artigo,banner,celular,redes sociais,4,4,3,0,0.00646,1,1,1,25.6,25.3,0,1.0,0.0,1.615,1.0,0.75,0.00646,6.46,0.0
2026-03-21,site A,notícias,lateral,mídia rica,celular,orgânico,2,2,2,0,0.00621,1,1,1,42.9,36.5,1,1.0,0.0,3.105,1.0,1.0,0.00621,6.21,1.0
2026-03-21,site A,notícias,rodapé fixo,nativo,computador,referência,3,1,1,0,0.00617,1,1,1,48.0,67.6,0,0.0,0.0,6.17,0.3333333333333333,1.0,0.00617,6.17,0.0
2026-03-21,site B,entretenimento,topo da página,nativo,celular,direto,1,1,1,0,0.00556,1,1,1,44.4,73.3,0,1.0,0.0,5.56,1.0,1.0,0.00556,5.56,0.0
2026-03-21,site A,estilo de vida,rodapé fixo,nativo,tablet,redes sociais,1,1,1,0,0.00533,1,1,1,54.5,87.2,0,0.0,0.0,5.33,1.0,1.0,0.00533,5.33,0.0
2026-03-21,site B,estilo de vida,meio do artigo,banner,computador,newsletter,1,1,0,0,0.00524,1,1,1,52.6,48.4,0,1.0,0.0,5.24,1.0,0.0,0.00524,5.24,0.0
2026-03-21,site B,estilo de vida,meio do artigo,nativo,celular,orgânico,4,2,1,0,0.00419,1,1,1,56.1,65.3,0,0.0,0.0,2.095,0.5,0.5,0.00419,4.19,0.0
2026-03-21,site A,tecnologia,topo da página,banner,celular,redes sociais,3,1,0,0,0.0039,1,1,1,50.8,40.8,0,0.0,0.0,3.9,0.3333333333333333,0.0,0.0039,3.9,0.0
2026-03-21,site A,finanças,rodapé fixo,banner,computador,direto,3,2,2,0,0.00313,1,1,1,38.5,67.6,0,1.0,0.0,1.565,0.6666666666666666,1.0,0.00313,3.13,0.0
2026-03-21,site A,esportes,meio do artigo,mídia rica,computador,redes sociais,1,0,0,0,0.00291,1,1,1,164.6,58.9,0,0.0,0.0,0.0,0.0,0.0,0.00291,2.9099999999999997,0.0
2026-03-21,site B,entretenimento,lateral,banner,computador,newsletter,2,0,0,0,0.00255,1,1,1,88.6,65.7,0,1.0,0.0,0.0,0.0,0.0,0.00255,2.5500000000000003,0.0
2026-03-21,site C,entretenimento,rodapé fixo,banner,computador,redes sociais,1,0,0,0,0.00251,1,1,1,51.1,54.0,1,0.0,0.0,0.0,0.0,0.0,0.00251,2.5100000000000002,1.0
2026-03-21,site A,entretenimento,meio do artigo,banner,tablet,orgânico,3,2,1,0,0.00223,1,1,1,39.6,48.9,1,0.0,0.0,1.1150000000000002,0.6666666666666666,0.5,0.00223,2.2300000000000004,1.0
2026-03-21,site A,esportes,rodapé fixo,banner,celular,redes sociais,1,1,0,0,0.00216,1,1,1,110.8,31.6,1,1.0,0.0,2.16,1.0,0.0,0.00216,2.16,1.0
2026-03-21,site B,estilo de vida,meio do artigo,banner,celular,referência,3,2,1,1,0.00212,1,1,1,94.1,96.0,0,0.0,0.5,1.06,0.6666666666666666,0.5,0.00212,2.12,0.0
2026-03-21,site A,entretenimento,meio do artigo,banner,celular,referência,1,1,1,0,0.00203,1,1,1,41.2,88.6,1,0.0,0.0,2.0300000000000002,1.0,1.0,0.00203,2.0300000000000002,1.0
2026-03-21,site A,notícias,intersticial,banner,computador,referência,1,0,0,0,0.00162,1,1,1,60.5,42.7,0,0.0,0.0,0.0,0.0,0.0,0.00162,1.6199999999999999,0.0
2026-03-21,site B,entretenimento,rodapé fixo,nativo,celular,newsletter,3,1,0,0,0.00117,1,1,1,8.7,58.9,0,0.0,0.0,1.17,0.3333333333333333,0.0,0.00117,1.17,0.0
2026-03-21,site B,finanças,topo da página,mídia rica,celular,redes sociais,1,0,0,0,0.00059,1,1,1,93.8,69.4,0,0.0,0.0,0.0,0.0,0.0,0.00059,0.5900000000000001,0.0
2026-03-21,site B,tecnologia,meio do artigo,mídia rica,tablet,orgânico,1,0,0,0,7e-05,1,1,1,70.1,57.6,1,0.0,0.0,0.0,0.0,0.0,7e-05,0.06999999999999999,1.0
2026-03-21,site A,finanças,intersticial,nativo,computador,direto,2,0,0,0,0.0,1,1,1,206.4,68.6,1,0.0,0.0,0.0,0.0,0.0,0.0,0.0,1.0
2026-03-21,site B,estilo de vida,meio do artigo,mídia rica,celular,orgânico,1,0,0,0,0.0,1,1,1,59.2,38.7,0,0.0,0.0,0.0,0.0,0.0,0.0,0.0,0.0
2026-03-22,site A,esportes,topo da página,mídia rica,tablet,orgânico,3,3,2,0,0.04983,1,1,1,36.4,92.3,0,0.0,0.0,16.61,1.0,0.6666666666666666,0.04983,49.83,0.0
2026-03-22,site B,tecnologia,topo da página,vídeo,celular,newsletter,6,6,6,0,0.04636,1,1,1,22.8,46.4,1,0.0,0.0,7.726666666666667,1.0,1.0,0.04636,46.36,1.0
2026-03-22,site B,notícias,topo da página,vídeo,computador,redes sociais,3,3,2,0,0.03835,1,1,1,128.4,38.8,0,0.0,0.0,12.783333333333333,1.0,0.6666666666666666,0.03835,38.35,0.0
2026-03-22,site A,finanças,meio do artigo,banner,celular,redes sociais,5,5,1,1,0.03817,1,1,1,97.9,54.4,0,1.0,0.2,7.634,1.0,0.2,0.03817,38.17,0.0
2026-03-22,site B,esportes,meio do artigo,vídeo,computador,newsletter,4,4,2,0,0.03666,1,1,1,38.7,65.2,1,0.0,0.0,9.165,1.0,0.5,0.03666,36.66,1.0
2026-03-22,site B,estilo de vida,topo da página,vídeo,celular,referência,5,5,4,0,0.03167,1,1,1,117.5,82.2,1,1.0,0.0,6.334,1.0,0.8,0.03167,31.669999999999998,1.0
2026-03-22,site B,tecnologia,intersticial,banner,celular,orgânico,6,5,4,0,0.03119,1,1,1,37.0,87.5,0,0.0,0.0,6.2379999999999995,0.8333333333333334,0.8,0.03119,31.189999999999998,0.0
2026-03-22,site A,finanças,topo da página,banner,computador,redes sociais,3,3,2,0,0.03061,1,1,1,17.5,94.1,0,0.0,0.0,10.203333333333333,1.0,0.6666666666666666,0.03061,30.61,0.0
2026-03-22,site B,entretenimento,intersticial,vídeo,computador,redes sociais,3,3,2,0,0.02894,1,1,1,62.8,60.1,1,0.0,0.0,9.646666666666667,1.0,0.6666666666666666,0.02894,28.94,1.0
2026-03-22,site C,notícias,rodapé fixo,nativo,computador,direto,6,4,3,0,0.02893,1,1,1,73.8,19.4,0,0.0,0.0,7.2325,0.6666666666666666,0.75,0.02893,28.93,0.0
2026-03-22,site B,notícias,topo da página,nativo,celular,orgânico,5,5,4,0,0.0285,1,1,1,139.5,26.0,0,0.0,0.0,5.7,1.0,0.8,0.0285,28.5,0.0
2026-03-22,site C,finanças,rodapé fixo,banner,celular,direto,4,3,2,0,0.02814,1,1,1,106.3,38.9,0,1.0,0.0,9.379999999999999,0.75,0.6666666666666666,0.02814,28.139999999999997,0.0
2026-03-22,site C,esportes,rodapé fixo,banner,celular,direto,6,6,4,0,0.02787,1,1,1,116.2,33.1,0,0.0,0.0,4.645,1.0,0.6666666666666666,0.02787,27.869999999999997,0.0
2026-03-22,site A,estilo de vida,meio do artigo,banner,computador,redes sociais,10,6,4,0,0.02765,2,2,2,62.35,64.8,1,1.0,0.0,4.608333333333333,0.6,0.6666666666666666,0.013825,13.825000000000001,0.5
2026-03-22,site A,estilo de vida,topo da página,nativo,celular,redes sociais,6,6,5,0,0.02609,1,1,1,24.5,85.5,1,1.0,0.0,4.348333333333334,1.0,0.8333333333333334,0.02609,26.09,1.0
2026-03-22,site A,estilo de vida,rodapé fixo,nativo,computador,direto,6,4,4,0,0.02577,1,1,1,35.0,71.1,0,0.0,0.0,6.4425,0.6666666666666666,1.0,0.02577,25.77,0.0
2026-03-22,site A,notícias,rodapé fixo,mídia rica,computador,orgânico,5,4,2,0,0.02391,1,1,1,131.5,65.9,0,0.0,0.0,5.9775,0.8,0.5,0.02391,23.91,0.0
2026-03-22,site C,tecnologia,rodapé fixo,vídeo,celular,newsletter,4,3,2,0,0.02328,1,1,1,11.5,45.1,1,0.0,0.0,7.759999999999999,0.75,0.6666666666666666,0.02328,23.279999999999998,1.0
2026-03-22,site C,notícias,meio do artigo,mídia rica,celular,redes sociais,6,5,2,0,0.02314,1,1,1,115.2,26.4,1,0.0,0.0,4.628,0.8333333333333334,0.4,0.02314,23.14,1.0
2026-03-22,site C,notícias,meio do artigo,vídeo,celular,newsletter,4,3,2,0,0.02283,1,1,1,15.3,69.2,0,1.0,0.0,7.609999999999999,0.75,0.6666666666666666,0.02283,22.83,0.0
2026-03-22,site C,esportes,topo da página,banner,computador,redes sociais,6,6,5,1,0.02262,1,1,1,37.7,72.2,1,1.0,0.16666666666666666,3.77,1.0,0.8333333333333334,0.02262,22.62,1.0
2026-03-22,site B,entretenimento,lateral,vídeo,celular,direto,6,5,3,0,0.02185,1,1,1,97.5,54.0,0,0.0,0.0,4.37,0.8333333333333334,0.6,0.02185,21.85,0.0
2026-03-22,site A,tecnologia,topo da página,banner,celular,orgânico,5,4,2,0,0.0211,1,1,1,44.9,46.8,0,0.0,0.0,5.275,0.8,0.5,0.0211,21.1,0.0
2026-03-22,site B,tecnologia,meio do artigo,banner,celular,redes sociais,3,3,3,1,0.02073,1,1,1,72.5,60.2,0,0.0,0.3333333333333333,6.909999999999999,1.0,1.0,0.02073,20.729999999999997,0.0
2026-03-22,site A,finanças,intersticial,banner,celular,orgânico,4,3,3,0,0.02057,1,1,1,64.0,67.4,1,0.0,0.0,6.8566666666666665,0.75,1.0,0.02057,20.57,1.0
2026-03-22,site A,estilo de vida,topo da página,mídia rica,celular,orgânico,3,3,2,0,0.02046,1,1,1,29.2,43.8,1,0.0,0.0,6.819999999999999,1.0,0.6666666666666666,0.02046,20.459999999999997,1.0
2026-03-22,site A,notícias,rodapé fixo,banner,computador,redes sociais,6,5,5,0,0.02034,1,1,1,37.6,74.6,0,1.0,0.0,4.068,0.8333333333333334,1.0,0.02034,20.34,0.0
2026-03-22,site A,notícias,topo da página,mídia rica,celular,referência,5,4,2,0,0.02033,1,1,1,32.0,93.7,1,0.0,0.0,5.0825000000000005,0.8,0.5,0.02033,20.330000000000002,1.0
2026-03-22,site B,tecnologia,meio do artigo,mídia rica,computador,referência,5,3,1,0,0.01934,1,1,1,195.1,63.2,1,0.0,0.0,6.446666666666666,0.6,0.3333333333333333,0.01934,19.34,1.0
2026-03-22,site C,notícias,topo da página,nativo,computador,redes sociais,5,3,2,0,0.01934,1,1,1,23.3,20.4,0,0.0,0.0,6.446666666666666,0.6,0.6666666666666666,0.01934,19.34,0.0
2026-03-22,site B,entretenimento,topo da página,vídeo,computador,referência,5,3,1,0,0.01861,1,1,1,85.6,57.9,0,0.0,0.0,6.203333333333334,0.6,0.3333333333333333,0.01861,18.610000000000003,0.0
2026-03-22,site B,tecnologia,topo da página,banner,celular,referência,5,3,3,0,0.01824,1,1,1,73.7,68.1,0,0.0,0.0,6.079999999999999,0.6,1.0,0.01824,18.24,0.0
2026-03-22,site A,tecnologia,topo da página,nativo,computador,referência,3,3,2,0,0.01523,1,1,1,135.3,54.4,1,0.0,0.0,5.076666666666667,1.0,0.6666666666666666,0.01523,15.23,1.0
2026-03-22,site A,esportes,topo da página,banner,computador,orgânico,4,4,3,0,0.0151,1,1,1,31.9,87.4,1,0.0,0.0,3.7750000000000004,1.0,0.75,0.0151,15.100000000000001,1.0
2026-03-22,site A,notícias,meio do artigo,banner,computador,redes sociais,4,3,1,0,0.01509,1,1,1,21.3,69.7,1,0.0,0.0,5.03,0.75,0.3333333333333333,0.01509,15.09,1.0
2026-03-22,site A,esportes,lateral,banner,computador,orgânico,5,3,2,0,0.01497,1,1,1,106.7,56.0,0,1.0,0.0,4.99,0.6,0.6666666666666666,0.01497,14.97,0.0
2026-03-22,site B,tecnologia,intersticial,banner,computador,orgânico,3,2,1,0,0.01459,1,1,1,22.7,54.0,0,0.0,0.0,7.295,0.6666666666666666,0.5,0.01459,14.59,0.0
2026-03-22,site A,tecnologia,lateral,banner,celular,referência,6,5,1,0,0.0138,1,1,1,46.4,64.1,1,0.0,0.0,2.76,0.8333333333333334,0.2,0.0138,13.799999999999999,1.0
2026-03-22,site B,esportes,meio do artigo,vídeo,celular,orgânico,2,2,0,0,0.01369,1,1,1,72.6,75.1,0,0.0,0.0,6.845000000000001,1.0,0.0,0.01369,13.690000000000001,0.0
2026-03-22,site B,estilo de vida,topo da página,nativo,celular,direto,6,3,3,0,0.01368,1,1,1,41.2,56.4,0,1.0,0.0,4.56,0.5,1.0,0.01368,13.68,0.0
2026-03-22,site A,estilo de vida,topo da página,banner,celular,orgânico,2,2,1,0,0.01361,1,1,1,42.6,70.6,0,0.0,0.0,6.805000000000001,1.0,0.5,0.01361,13.610000000000001,0.0
2026-03-22,site B,tecnologia,rodapé fixo,vídeo,tablet,redes sociais,4,1,1,0,0.01355,1,1,1,41.4,73.7,0,1.0,0.0,13.549999999999999,0.25,1.0,0.01355,13.549999999999999,0.0
2026-03-22,site B,estilo de vida,rodapé fixo,banner,celular,referência,5,5,2,0,0.01252,1,1,1,11.9,77.1,1,0.0,0.0,2.504,1.0,0.4,0.01252,12.52,1.0
2026-03-22,site C,notícias,lateral,vídeo,tablet,orgânico,2,2,2,0,0.01248,1,1,1,39.5,19.5,0,0.0,0.0,6.24,1.0,1.0,0.01248,12.48,0.0
2026-03-22,site A,notícias,meio do artigo,banner,celular,direto,6,4,1,0,0.01224,1,1,1,88.9,100.0,0,1.0,0.0,3.0599999999999996,0.6666666666666666,0.25,0.01224,12.239999999999998,0.0
2026-03-22,site C,notícias,lateral,banner,computador,redes sociais,5,3,1,0,0.01189,1,1,1,33.8,21.9,0,0.0,0.0,3.963333333333333,0.6,0.3333333333333333,0.01189,11.889999999999999,0.0
2026-03-22,site B,tecnologia,rodapé fixo,banner,celular,orgânico,4,3,2,0,0.01133,1,1,1,50.2,49.7,0,0.0,0.0,3.776666666666667,0.75,0.6666666666666666,0.01133,11.33,0.0
2026-03-22,site B,finanças,topo da página,banner,computador,newsletter,2,2,0,0,0.01078,1,1,1,19.3,66.3,0,0.0,0.0,5.39,1.0,0.0,0.01078,10.78,0.0
2026-03-22,site A,tecnologia,topo da página,nativo,celular,newsletter,2,2,1,0,0.01002,1,1,1,46.3,45.0,0,0.0,0.0,5.01,1.0,0.5,0.01002,10.02,0.0
2026-03-22,site B,entretenimento,meio do artigo,banner,celular,orgânico,5,4,1,0,0.00964,1,1,1,93.5,60.5,0,0.0,0.0,2.4099999999999997,0.8,0.25,0.00964,9.639999999999999,0.0
2026-03-22,site C,tecnologia,lateral,banner,computador,direto,2,2,2,0,0.00955,1,1,1,37.1,75.7,1,0.0,0.0,4.7749999999999995,1.0,1.0,0.00955,9.549999999999999,1.0
2026-03-22,site C,esportes,topo da página,nativo,computador,direto,4,3,1,0,0.00944,1,1,1,156.6,37.5,1,1.0,0.0,3.146666666666667,0.75,0.3333333333333333,0.00944,9.440000000000001,1.0
2026-03-22,site A,tecnologia,topo da página,nativo,computador,orgânico,4,3,2,0,0.00896,1,1,1,68.4,72.4,0,0.0,0.0,2.9866666666666664,0.75,0.6666666666666666,0.00896,8.959999999999999,0.0
2026-03-22,site A,tecnologia,topo da página,vídeo,celular,newsletter,4,3,2,0,0.00875,1,1,1,57.3,32.3,0,0.0,0.0,2.9166666666666665,0.75,0.6666666666666666,0.00875,8.75,0.0
2026-03-22,site A,estilo de vida,topo da página,banner,computador,referência,2,2,1,0,0.00837,1,1,1,52.9,34.5,0,1.0,0.0,4.1850000000000005,1.0,0.5,0.00837,8.370000000000001,0.0
2026-03-22,site A,notícias,rodapé fixo,banner,celular,direto,6,2,1,0,0.00803,1,1,1,79.8,40.8,1,0.0,0.0,4.015000000000001,0.3333333333333333,0.5,0.00803,8.030000000000001,1.0
2026-03-22,site A,esportes,lateral,nativo,celular,orgânico,1,1,1,0,0.00757,1,1,1,107.6,86.8,0,0.0,0.0,7.57,1.0,1.0,0.00757,7.57,0.0
2026-03-22,site C,notícias,topo da página,nativo,computador,direto,2,2,2,0,0.00748,1,1,1,53.0,53.3,1,0.0,0.0,3.7399999999999998,1.0,1.0,0.00748,7.4799999999999995,1.0
2026-03-22,site B,tecnologia,rodapé fixo,vídeo,celular,redes sociais,1,1,1,0,0.00719,1,1,1,115.5,53.4,1,1.0,0.0,7.19,1.0,1.0,0.00719,7.19,1.0
2026-03-22,site A,notícias,topo da página,mídia rica,tablet,orgânico,1,1,1,0,0.00679,1,1,1,32.2,73.8,0,1.0,0.0,6.79,1.0,1.0,0.00679,6.79,0.0
2026-03-22,site B,entretenimento,meio do artigo,banner,celular,referência,6,5,4,0,0.00642,1,1,1,63.9,43.8,0,0.0,0.0,1.284,0.8333333333333334,0.8,0.00642,6.42,0.0
2026-03-22,site A,esportes,rodapé fixo,banner,computador,redes sociais,1,1,1,0,0.00634,1,1,1,55.0,74.7,1,0.0,0.0,6.34,1.0,1.0,0.00634,6.34,1.0
2026-03-22,site C,estilo de vida,topo da página,banner,computador,referência,3,2,1,0,0.00624,1,1,1,116.1,39.4,0,1.0,0.0,3.12,0.6666666666666666,0.5,0.00624,6.24,0.0
2026-03-22,site A,estilo de vida,meio do artigo,nativo,celular,redes sociais,3,2,1,0,0.00571,1,1,1,28.7,51.3,0,1.0,0.0,2.855,0.6666666666666666,0.5,0.00571,5.71,0.0
2026-03-22,site A,notícias,topo da página,banner,computador,redes sociais,4,3,3,0,0.00538,1,1,1,101.4,79.2,0,0.0,0.0,1.7933333333333332,0.75,1.0,0.00538,5.38,0.0
2026-03-22,site A,finanças,intersticial,nativo,celular,orgânico,2,2,2,0,0.0053,1,1,1,77.1,44.7,1,0.0,0.0,2.65,1.0,1.0,0.0053,5.3,1.0
2026-03-22,site A,esportes,meio do artigo,nativo,celular,orgânico,3,1,1,0,0.00518,1,1,1,26.0,62.1,0,0.0,0.0,5.18,0.3333333333333333,1.0,0.00518,5.18,0.0
2026-03-22,site C,notícias,lateral,banner,celular,orgânico,4,2,1,0,0.00497,1,1,1,25.6,23.9,0,1.0,0.0,2.485,0.5,0.5,0.00497,4.97,0.0
2026-03-22,site B,notícias,meio do artigo,banner,celular,orgânico,1,1,0,0,0.00464,1,1,1,82.1,53.1,1,1.0,0.0,4.64,1.0,0.0,0.00464,4.64,1.0
2026-03-22,site B,estilo de vida,rodapé fixo,banner,computador,orgânico,2,1,1,0,0.00456,1,1,1,115.0,40.8,1,0.0,0.0,4.56,0.5,1.0,0.00456,4.56,1.0
2026-03-22,site B,estilo de vida,intersticial,nativo,tablet,direto,1,1,1,0,0.00421,1,1,1,7.7,18.8,0,0.0,0.0,4.21,1.0,1.0,0.00421,4.21,0.0
2026-03-22,site C,estilo de vida,meio do artigo,banner,celular,orgânico,2,1,1,0,0.00388,1,1,1,23.7,63.4,0,1.0,0.0,3.8800000000000003,0.5,1.0,0.00388,3.8800000000000003,0.0
2026-03-22,site A,esportes,intersticial,nativo,celular,redes sociais,2,2,2,0,0.00322,1,1,1,126.4,72.4,1,0.0,0.0,1.61,1.0,1.0,0.00322,3.22,1.0
2026-03-22,site B,notícias,rodapé fixo,vídeo,tablet,newsletter,2,1,1,0,0.00301,1,1,1,14.0,43.5,0,1.0,0.0,3.0100000000000002,0.5,1.0,0.00301,3.0100000000000002,0.0
2026-03-22,site B,notícias,lateral,banner,celular,orgânico,1,1,0,0,0.00291,1,1,1,22.0,62.7,0,1.0,0.0,2.9099999999999997,1.0,0.0,0.00291,2.9099999999999997,0.0
2026-03-22,site A,esportes,meio do artigo,banner,celular,redes sociais,2,1,1,0,0.00253,1,1,1,66.2,49.5,1,0.0,0.0,2.5300000000000002,0.5,1.0,0.00253,2.5300000000000002,1.0
2026-03-22,site C,entretenimento,meio do artigo,mídia rica,tablet,orgânico,4,1,0,0,0.0019,1,1,1,83.8,45.2,0,1.0,0.0,1.9,0.25,0.0,0.0019,1.9,0.0
2026-03-22,site B,tecnologia,rodapé fixo,vídeo,computador,referência,1,0,0,0,0.00162,1,1,1,128.2,61.4,0,1.0,0.0,0.0,0.0,0.0,0.00162,1.6199999999999999,0.0
2026-03-22,site B,finanças,rodapé fixo,banner,computador,orgânico,3,1,0,0,0.00106,1,1,1,17.4,65.6,1,0.0,0.0,1.06,0.3333333333333333,0.0,0.00106,1.06,1.0
2026-03-22,site B,notícias,topo da página,banner,computador,orgânico,1,0,0,0,0.00065,1,1,1,266.7,98.9,0,0.0,0.0,0.0,0.0,0.0,0.00065,0.65,0.0
2026-03-22,site B,notícias,topo da página,banner,computador,referência,1,1,0,0,0.00062,1,1,1,54.9,87.1,0,1.0,0.0,0.62,1.0,0.0,0.00062,0.62,0.0
2026-03-22,site A,tecnologia,lateral,nativo,computador,orgânico,1,1,1,0,0.0,1,1,1,16.8,39.2,0,0.0,0.0,0.0,1.0,1.0,0.0,0.0,0.0
2026-03-22,site B,finanças,topo da página,banner,computador,orgânico,1,0,0,0,0.0,1,1,1,22.3,53.3,0,0.0,0.0,0.0,0.0,0.0,0.0,0.0,0.0
2026-03-23,site C,finanças,meio do artigo,nativo,computador,direto,5,4,3,0,0.06084,1,1,1,43.4,60.4,0,0.0,0.0,15.209999999999999,0.8,0.75,0.06084,60.839999999999996,0.0
2026-03-23,site A,esportes,meio do artigo,vídeo,computador,orgânico,4,4,2,0,0.04892,1,1,1,12.9,71.8,1,0.0,0.0,12.23,1.0,0.5,0.04892,48.92,1.0
2026-03-23,site A,finanças,lateral,banner,tablet,orgânico,6,6,5,0,0.04516,1,1,1,52.1,53.7,0,1.0,0.0,7.526666666666666,1.0,0.8333333333333334,0.04516,45.16,0.0
2026-03-23,site B,estilo de vida,rodapé fixo,banner,celular,direto,6,6,4,0,0.04433,1,1,1,63.3,74.4,1,0.0,0.0,7.388333333333333,1.0,0.6666666666666666,0.04433,44.33,1.0
2026-03-23,site C,tecnologia,rodapé fixo,mídia rica,computador,orgânico,4,4,4,0,0.03355,1,1,1,96.6,49.0,0,0.0,0.0,8.387500000000001,1.0,1.0,0.03355,33.550000000000004,0.0
2026-03-23,site A,finanças,meio do artigo,banner,computador,direto,4,2,1,0,0.03282,1,1,1,58.4,64.4,0,1.0,0.0,16.41,0.5,0.5,0.03282,32.82,0.0
2026-03-23,site B,tecnologia,topo da página,mídia rica,computador,redes sociais,6,4,2,0,0.03237,1,1,1,45.5,50.8,0,0.0,0.0,8.092500000000001,0.6666666666666666,0.5,0.03237,32.370000000000005,0.0
2026-03-23,site C,estilo de vida,intersticial,vídeo,computador,newsletter,5,3,2,0,0.02806,1,1,1,25.7,47.8,1,0.0,0.0,9.353333333333333,0.6,0.6666666666666666,0.02806,28.060000000000002,1.0
2026-03-23,site B,esportes,lateral,banner,computador,referência,5,4,3,0,0.02767,1,1,1,31.8,52.1,0,1.0,0.0,6.9175,0.8,0.75,0.02767,27.67,0.0
2026-03-23,site A,finanças,meio do artigo,mídia rica,celular,orgânico,6,4,2,0,0.02766,1,1,1,44.5,85.0,1,1.0,0.0,6.915,0.6666666666666666,0.5,0.02766,27.66,1.0
2026-03-23,site B,finanças,topo da página,vídeo,computador,orgânico,4,4,2,0,0.02727,1,1,1,111.5,41.1,1,0.0,0.0,6.8175,1.0,0.5,0.02727,27.27,1.0
2026-03-23,site B,esportes,rodapé fixo,banner,computador,orgânico,2,2,2,0,0.02517,1,1,1,151.0,70.2,1,0.0,0.0,12.585,1.0,1.0,0.02517,25.17,1.0
2026-03-23,site B,tecnologia,topo da página,banner,celular,orgânico,6,4,3,0,0.0248,1,1,1,25.9,79.9,1,0.0,0.0,6.2,0.6666666666666666,0.75,0.0248,24.8,1.0
2026-03-23,site A,entretenimento,meio do artigo,banner,celular,redes sociais,5,5,4,0,0.02422,1,1,1,17.7,52.9,0,1.0,0.0,4.843999999999999,1.0,0.8,0.02422,24.22,0.0
2026-03-23,site B,entretenimento,meio do artigo,banner,computador,redes sociais,6,5,3,0,0.0241,1,1,1,120.9,75.4,0,0.0,0.0,4.82,0.8333333333333334,0.6,0.0241,24.1,0.0
2026-03-23,site A,entretenimento,meio do artigo,vídeo,computador,referência,5,4,4,0,0.02357,1,1,1,34.0,56.0,0,0.0,0.0,5.8925,0.8,1.0,0.02357,23.57,0.0
2026-03-23,site B,notícias,lateral,vídeo,computador,orgânico,3,3,1,0,0.02353,1,1,1,55.4,55.7,0,0.0,0.0,7.843333333333333,1.0,0.3333333333333333,0.02353,23.529999999999998,0.0
2026-03-23,site B,notícias,meio do artigo,nativo,celular,direto,6,6,1,0,0.02331,1,1,1,128.6,55.1,0,1.0,0.0,3.8850000000000002,1.0,0.16666666666666666,0.02331,23.310000000000002,0.0
2026-03-23,site B,esportes,meio do artigo,banner,celular,redes sociais,5,4,2,0,0.02181,1,1,1,14.2,50.9,0,1.0,0.0,5.4525,0.8,0.5,0.02181,21.81,0.0
2026-03-23,site B,notícias,lateral,nativo,computador,redes sociais,6,4,2,0,0.02171,1,1,1,31.4,35.7,1,1.0,0.0,5.4275,0.6666666666666666,0.5,0.02171,21.71,1.0
2026-03-23,site A,entretenimento,intersticial,mídia rica,tablet,orgânico,6,4,2,0,0.02089,1,1,1,37.4,61.3,1,1.0,0.0,5.2225,0.6666666666666666,0.5,0.02089,20.89,1.0
2026-03-23,site B,tecnologia,meio do artigo,mídia rica,celular,orgânico,5,3,1,0,0.02062,1,1,1,35.2,47.0,0,1.0,0.0,6.873333333333334,0.6,0.3333333333333333,0.02062,20.62,0.0
2026-03-23,site B,estilo de vida,meio do artigo,nativo,computador,redes sociais,5,4,3,1,0.02022,1,1,1,77.3,40.5,0,0.0,0.25,5.055,0.8,0.75,0.02022,20.22,0.0
2026-03-23,site B,esportes,meio do artigo,mídia rica,celular,redes sociais,5,4,3,0,0.02012,1,1,1,33.7,73.6,0,1.0,0.0,5.029999999999999,0.8,0.75,0.02012,20.119999999999997,0.0
2026-03-23,site C,notícias,meio do artigo,nativo,tablet,redes sociais,6,4,3,0,0.01859,1,1,1,90.5,44.3,0,0.0,0.0,4.6475,0.6666666666666666,0.75,0.01859,18.59,0.0
2026-03-23,site B,estilo de vida,topo da página,nativo,celular,newsletter,6,5,3,0,0.01765,1,1,1,94.2,89.6,1,1.0,0.0,3.53,0.8333333333333334,0.6,0.01765,17.65,1.0
2026-03-23,site C,finanças,rodapé fixo,banner,celular,referência,5,5,4,0,0.01759,1,1,1,36.2,34.8,0,1.0,0.0,3.518,1.0,0.8,0.01759,17.59,0.0
2026-03-23,site B,esportes,topo da página,banner,computador,orgânico,3,3,1,0,0.01668,1,1,1,60.9,46.7,0,0.0,0.0,5.56,1.0,0.3333333333333333,0.01668,16.68,0.0
2026-03-23,site C,estilo de vida,lateral,banner,celular,redes sociais,6,6,2,0,0.01656,1,1,1,14.0,66.0,0,1.0,0.0,2.76,1.0,0.3333333333333333,0.01656,16.56,0.0
2026-03-23,site A,esportes,intersticial,banner,computador,referência,4,3,2,0,0.01651,1,1,1,39.1,74.6,0,0.0,0.0,5.503333333333334,0.75,0.6666666666666666,0.01651,16.51,0.0
2026-03-23,site A,estilo de vida,rodapé fixo,banner,computador,redes sociais,4,3,2,0,0.01624,1,1,1,30.3,69.8,0,0.0,0.0,5.413333333333334,0.75,0.6666666666666666,0.01624,16.240000000000002,0.0
2026-03-23,site B,tecnologia,topo da página,banner,computador,direto,4,3,2,0,0.01619,1,1,1,4.8,62.8,0,0.0,0.0,5.396666666666667,0.75,0.6666666666666666,0.01619,16.19,0.0
2026-03-23,site B,entretenimento,topo da página,nativo,computador,orgânico,3,3,0,0,0.01564,1,1,1,144.4,45.0,0,1.0,0.0,5.213333333333334,1.0,0.0,0.01564,15.64,0.0
2026-03-23,site C,tecnologia,meio do artigo,banner,computador,orgânico,3,3,2,0,0.01555,1,1,1,103.8,63.9,0,1.0,0.0,5.183333333333333,1.0,0.6666666666666666,0.01555,15.549999999999999,0.0
2026-03-23,site C,estilo de vida,topo da página,banner,celular,referência,6,5,5,0,0.01526,1,1,1,38.3,50.6,1,1.0,0.0,3.052,0.8333333333333334,1.0,0.01526,15.26,1.0
2026-03-23,site A,notícias,meio do artigo,banner,tablet,orgânico,4,4,2,0,0.01457,1,1,1,27.3,14.9,0,0.0,0.0,3.6425,1.0,0.5,0.01457,14.57,0.0
2026-03-23,site A,entretenimento,topo da página,banner,celular,orgânico,6,4,0,0,0.01447,1,1,1,146.6,17.6,1,0.0,0.0,3.6175,0.6666666666666666,0.0,0.01447,14.47,1.0
2026-03-23,site A,entretenimento,lateral,banner,computador,orgânico,4,4,2,0,0.01444,1,1,1,134.6,62.2,0,1.0,0.0,3.61,1.0,0.5,0.01444,14.44,0.0
2026-03-23,site C,esportes,topo da página,nativo,celular,referência,5,4,3,1,0.01401,1,1,1,27.8,53.6,0,1.0,0.25,3.5025,0.8,0.75,0.01401,14.01,0.0
2026-03-23,site A,notícias,lateral,mídia rica,celular,newsletter,5,5,2,0,0.01389,1,1,1,48.2,39.2,0,0.0,0.0,2.7779999999999996,1.0,0.4,0.01389,13.889999999999999,0.0
2026-03-23,site A,entretenimento,meio do artigo,banner,tablet,referência,6,6,3,0,0.01365,1,1,1,65.8,36.4,0,1.0,0.0,2.275,1.0,0.5,0.01365,13.65,0.0
2026-03-23,site A,entretenimento,topo da página,banner,celular,redes sociais,6,5,5,0,0.01354,1,1,1,61.7,30.0,1,0.0,0.0,2.7079999999999997,0.8333333333333334,1.0,0.01354,13.54,1.0
2026-03-23,site B,entretenimento,topo da página,banner,celular,redes sociais,5,5,4,0,0.01337,1,1,1,12.6,54.5,0,1.0,0.0,2.674,1.0,0.8,0.01337,13.37,0.0
2026-03-23,site C,esportes,lateral,mídia rica,computador,direto,3,2,0,0,0.0129,1,1,1,63.9,36.1,0,0.0,0.0,6.45,0.6666666666666666,0.0,0.0129,12.9,0.0
2026-03-23,site C,tecnologia,meio do artigo,banner,celular,direto,4,3,1,0,0.01274,1,1,1,94.7,98.0,0,1.0,0.0,4.246666666666667,0.75,0.3333333333333333,0.01274,12.74,0.0
2026-03-23,site B,tecnologia,meio do artigo,banner,celular,redes sociais,3,3,2,0,0.01228,1,1,1,31.6,80.9,1,0.0,0.0,4.093333333333333,1.0,0.6666666666666666,0.01228,12.28,1.0
2026-03-23,site A,esportes,meio do artigo,nativo,celular,orgânico,3,2,1,0,0.01219,1,1,1,286.5,86.9,1,0.0,0.0,6.095,0.6666666666666666,0.5,0.01219,12.19,1.0
2026-03-23,site A,estilo de vida,rodapé fixo,nativo,computador,referência,2,2,1,0,0.01196,1,1,1,11.5,83.3,1,1.0,0.0,5.98,1.0,0.5,0.01196,11.96,1.0
2026-03-23,site C,tecnologia,rodapé fixo,nativo,celular,direto,4,3,3,0,0.01154,1,1,1,38.9,54.8,0,0.0,0.0,3.8466666666666662,0.75,1.0,0.01154,11.54,0.0
2026-03-23,site B,tecnologia,topo da página,banner,computador,newsletter,1,1,0,0,0.01034,1,1,1,56.4,8.6,1,1.0,0.0,10.34,1.0,0.0,0.01034,10.34,1.0
2026-03-23,site C,finanças,topo da página,nativo,celular,orgânico,5,4,3,0,0.01034,1,1,1,85.6,65.4,0,0.0,0.0,2.585,0.8,0.75,0.01034,10.34,0.0
2026-03-23,site C,tecnologia,meio do artigo,banner,celular,orgânico,3,3,3,0,0.01027,1,1,1,12.4,73.1,1,0.0,0.0,3.4233333333333333,1.0,1.0,0.01027,10.27,1.0
2026-03-23,site A,entretenimento,topo da página,nativo,celular,orgânico,3,3,0,0,0.00984,1,1,1,63.8,68.1,0,1.0,0.0,3.28,1.0,0.0,0.00984,9.84,0.0
2026-03-23,site B,notícias,rodapé fixo,vídeo,tablet,referência,1,1,1,0,0.00951,1,1,1,60.0,66.9,0,1.0,0.0,9.51,1.0,1.0,0.00951,9.51,0.0
2026-03-23,site A,finanças,rodapé fixo,nativo,celular,referência,2,1,0,0,0.0093,1,1,1,49.5,87.6,0,1.0,0.0,9.299999999999999,0.5,0.0,0.0093,9.299999999999999,0.0
2026-03-23,site A,notícias,lateral,nativo,celular,redes sociais,4,3,1,0,0.00901,1,1,1,125.5,77.2,0,0.0,0.0,3.0033333333333334,0.75,0.3333333333333333,0.00901,9.01,0.0
2026-03-23,site C,tecnologia,meio do artigo,banner,tablet,referência,5,3,2,0,0.00898,1,1,1,147.5,43.1,0,0.0,0.0,2.9933333333333336,0.6,0.6666666666666666,0.00898,8.98,0.0
2026-03-23,site C,esportes,topo da página,banner,computador,redes sociais,1,1,0,0,0.0088,1,1,1,208.7,19.7,0,0.0,0.0,8.8,1.0,0.0,0.0088,8.8,0.0
2026-03-23,site B,notícias,topo da página,banner,computador,orgânico,5,5,4,0,0.00878,1,1,1,42.8,11.9,1,1.0,0.0,1.7559999999999998,1.0,0.8,0.00878,8.78,1.0
2026-03-23,site A,notícias,topo da página,banner,celular,orgânico,3,3,2,0,0.00864,1,1,1,114.6,62.7,0,1.0,0.0,2.8800000000000003,1.0,0.6666666666666666,0.00864,8.64,0.0
2026-03-23,site A,tecnologia,meio do artigo,vídeo,celular,direto,2,2,0,0,0.00835,1,1,1,39.9,2.2,0,0.0,0.0,4.175,1.0,0.0,0.00835,8.35,0.0
2026-03-23,site A,notícias,topo da página,vídeo,computador,redes sociais,1,1,0,0,0.00828,1,1,1,43.5,70.7,0,0.0,0.0,8.28,1.0,0.0,0.00828,8.28,0.0
2026-03-23,site A,tecnologia,topo da página,nativo,computador,orgânico,2,1,1,0,0.00808,1,1,1,84.2,60.5,0,0.0,0.0,8.08,0.5,1.0,0.00808,8.08,0.0
2026-03-23,site B,finanças,topo da página,banner,celular,orgânico,3,1,0,0,0.00791,1,1,1,94.6,53.3,1,0.0,0.0,7.91,0.3333333333333333,0.0,0.00791,7.91,1.0
2026-03-23,site A,tecnologia,intersticial,nativo,celular,orgânico,5,4,3,0,0.0078,1,1,1,14.3,83.1,0,0.0,0.0,1.95,0.8,0.75,0.0078,7.8,0.0
2026-03-23,site C,entretenimento,topo da página,banner,celular,orgânico,4,3,1,0,0.00764,1,1,1,82.2,80.4,0,0.0,0.0,2.5466666666666664,0.75,0.3333333333333333,0.00764,7.64,0.0
2026-03-23,site C,finanças,intersticial,banner,celular,redes sociais,2,1,1,0,0.00762,1,1,1,68.6,49.7,0,0.0,0.0,7.62,0.5,1.0,0.00762,7.62,0.0
2026-03-23,site C,estilo de vida,topo da página,nativo,computador,redes sociais,2,2,2,0,0.0075,1,1,1,92.3,79.4,1,1.0,0.0,3.75,1.0,1.0,0.0075,7.5,1.0
2026-03-23,site C,finanças,topo da página,banner,celular,direto,1,1,1,0,0.00727,1,1,1,81.0,73.2,0,1.0,0.0,7.2700000000000005,1.0,1.0,0.00727,7.2700000000000005,0.0
2026-03-23,site C,entretenimento,lateral,mídia rica,computador,direto,3,1,1,0,0.00714,1,1,1,13.1,75.4,1,1.0,0.0,7.14,0.3333333333333333,1.0,0.00714,7.14,1.0
2026-03-23,site B,entretenimento,rodapé fixo,banner,celular,referência,2,2,1,0,0.00713,1,1,1,111.4,53.5,1,0.0,0.0,3.565,1.0,0.5,0.00713,7.13,1.0
2026-03-23,site A,finanças,meio do artigo,mídia rica,computador,orgânico,2,1,0,0,0.00685,1,1,1,41.4,83.1,1,1.0,0.0,6.8500000000000005,0.5,0.0,0.00685,6.8500000000000005,1.0
2026-03-23,site C,entretenimento,intersticial,vídeo,computador,direto,1,1,1,0,0.00624,1,1,1,192.2,36.8,0,1.0,0.0,6.24,1.0,1.0,0.00624,6.24,0.0
2026-03-23,site A,notícias,rodapé fixo,banner,celular,direto,1,1,1,0,0.00612,1,1,1,53.7,77.7,0,1.0,0.0,6.119999999999999,1.0,1.0,0.00612,6.119999999999999,0.0
2026-03-23,site A,notícias,rodapé fixo,vídeo,celular,referência,1,1,1,0,0.0061,1,1,1,32.8,49.7,0,0.0,0.0,6.1000000000000005,1.0,1.0,0.0061,6.1000000000000005,0.0
2026-03-23,site B,esportes,meio do artigo,nativo,computador,direto,2,2,0,0,0.00599,1,1,1,132.8,64.4,1,0.0,0.0,2.9949999999999997,1.0,0.0,0.00599,5.989999999999999,1.0
2026-03-23,site A,esportes,meio do artigo,nativo,computador,orgânico,1,1,0,0,0.00569,1,1,1,19.0,85.4,0,1.0,0.0,5.6899999999999995,1.0,0.0,0.00569,5.6899999999999995,0.0
2026-03-23,site B,finanças,topo da página,vídeo,computador,direto,2,1,1,0,0.00559,1,1,1,31.4,82.7,0,0.0,0.0,5.590000000000001,0.5,1.0,0.00559,5.590000000000001,0.0
2026-03-23,site A,notícias,lateral,banner,celular,newsletter,3,3,2,0,0.00541,1,1,1,65.1,28.1,1,0.0,0.0,1.8033333333333335,1.0,0.6666666666666666,0.00541,5.41,1.0
2026-03-23,site C,finanças,topo da página,nativo,celular,direto,2,1,0,0,0.00533,1,1,1,35.4,63.1,0,0.0,0.0,5.33,0.5,0.0,0.00533,5.33,0.0
2026-03-23,site C,esportes,meio do artigo,nativo,computador,direto,2,1,0,0,0.00503,1,1,1,31.2,21.7,0,1.0,0.0,5.029999999999999,0.5,0.0,0.00503,5.029999999999999,0.0
2026-03-23,site A,finanças,rodapé fixo,banner,computador,orgânico,1,1,1,0,0.00499,1,1,1,77.9,72.9,1,0.0,0.0,4.989999999999999,1.0,1.0,0.00499,4.989999999999999,1.0
2026-03-23,site A,estilo de vida,meio do artigo,banner,computador,direto,3,1,0,0,0.00464,1,1,1,215.7,16.3,1,0.0,0.0,4.64,0.3333333333333333,0.0,0.00464,4.64,1.0
2026-03-23,site A,entretenimento,meio do artigo,mídia rica,computador,orgânico,1,1,1,0,0.00438,1,1,1,7.8,24.2,1,0.0,0.0,4.38,1.0,1.0,0.00438,4.38,1.0
2026-03-23,site B,tecnologia,meio do artigo,banner,celular,direto,5,2,0,0,0.00433,1,1,1,95.3,64.4,0,1.0,0.0,2.165,0.4,0.0,0.00433,4.33,0.0
2026-03-23,site A,estilo de vida,lateral,mídia rica,celular,orgânico,3,1,1,0,0.0043,1,1,1,63.9,63.3,1,1.0,0.0,4.3,0.3333333333333333,1.0,0.0043,4.3,1.0
2026-03-23,site B,entretenimento,meio do artigo,vídeo,celular,direto,2,1,0,0,0.0034,1,1,1,97.9,97.7,0,1.0,0.0,3.4,0.5,0.0,0.0034,3.4,0.0
2026-03-23,site A,notícias,topo da página,banner,celular,redes sociais,1,1,1,0,0.00152,1,1,1,77.9,41.7,0,0.0,0.0,1.52,1.0,1.0,0.00152,1.52,0.0
2026-03-23,site B,esportes,intersticial,banner,celular,orgânico,3,1,1,0,0.00114,1,1,1,17.0,64.7,0,0.0,0.0,1.14,0.3333333333333333,1.0,0.00114,1.14,0.0
2026-03-23,site B,entretenimento,meio do artigo,banner,tablet,direto,1,1,1,0,0.00101,1,1,1,33.7,66.5,1,0.0,0.0,1.01,1.0,1.0,0.00101,1.01,1.0
2026-03-23,site A,esportes,topo da página,banner,computador,redes sociais,2,0,0,0,0.0,1,1,1,108.3,48.8,0,0.0,0.0,0.0,0.0,0.0,0.0,0.0,0.0
2026-03-23,site A,estilo de vida,topo da página,banner,computador,orgânico,1,1,1,0,0.0,1,1,1,75.3,65.8,1,0.0,0.0,0.0,1.0,1.0,0.0,0.0,1.0
2026-03-24,site A,finanças,meio do artigo,nativo,computador,direto,5,5,2,0,0.04971,1,1,1,59.7,71.6,0,1.0,0.0,9.941999999999998,1.0,0.4,0.04971,49.709999999999994,0.0
2026-03-24,site C,tecnologia,rodapé fixo,banner,celular,newsletter,6,6,5,0,0.04201,1,1,1,22.3,26.1,0,0.0,0.0,7.001666666666666,1.0,0.8333333333333334,0.04201,42.01,0.0
2026-03-24,site A,finanças,topo da página,nativo,celular,orgânico,6,4,3,0,0.03821,1,1,1,91.5,71.4,1,0.0,0.0,9.5525,0.6666666666666666,0.75,0.03821,38.21,1.0
2026-03-24,site A,notícias,meio do artigo,vídeo,celular,direto,6,4,2,0,0.03356,1,1,1,78.2,45.9,0,1.0,0.0,8.39,0.6666666666666666,0.5,0.03356,33.56,0.0
2026-03-24,site B,finanças,topo da página,mídia rica,celular,orgânico,3,3,3,0,0.03148,1,1,1,95.1,35.3,0,1.0,0.0,10.493333333333334,1.0,1.0,0.03148,31.48,0.0
2026-03-24,site C,finanças,topo da página,banner,tablet,orgânico,6,6,3,0,0.02802,1,1,1,154.8,45.6,1,0.0,0.0,4.67,1.0,0.5,0.02802,28.02,1.0
2026-03-24,site A,finanças,topo da página,banner,celular,orgânico,3,3,1,0,0.02704,1,1,1,155.5,94.1,0,1.0,0.0,9.013333333333334,1.0,0.3333333333333333,0.02704,27.040000000000003,0.0
2026-03-24,site A,tecnologia,topo da página,banner,celular,referência,3,3,1,0,0.02655,1,1,1,107.7,49.6,0,1.0,0.0,8.85,1.0,0.3333333333333333,0.02655,26.55,0.0
2026-03-24,site A,notícias,meio do artigo,mídia rica,celular,referência,5,4,2,0,0.02624,1,1,1,97.0,48.0,0,1.0,0.0,6.56,0.8,0.5,0.02624,26.24,0.0
2026-03-24,site A,notícias,topo da página,banner,computador,redes sociais,4,3,1,0,0.02623,1,1,1,125.1,56.9,0,1.0,0.0,8.743333333333334,0.75,0.3333333333333333,0.02623,26.23,0.0
2026-03-24,site B,notícias,lateral,banner,tablet,referência,6,5,3,0,0.02575,1,1,1,133.7,44.7,1,0.0,0.0,5.15,0.8333333333333334,0.6,0.02575,25.75,1.0
2026-03-24,site A,entretenimento,topo da página,vídeo,celular,redes sociais,6,4,3,0,0.02472,1,1,1,26.8,70.5,0,1.0,0.0,6.18,0.6666666666666666,0.75,0.02472,24.72,0.0
2026-03-24,site B,notícias,meio do artigo,vídeo,computador,referência,6,6,2,0,0.02439,1,1,1,69.2,53.6,0,0.0,0.0,4.0649999999999995,1.0,0.3333333333333333,0.02439,24.389999999999997,0.0
2026-03-24,site B,finanças,intersticial,nativo,computador,redes sociais,7,3,2,0,0.02395,2,2,2,35.8,53.7,0,0.5,0.0,7.983333333333333,0.42857142857142855,0.6666666666666666,0.011975,11.975,0.0
2026-03-24,site A,entretenimento,topo da página,banner,celular,newsletter,5,4,3,0,0.02393,1,1,1,86.0,13.0,0,0.0,0.0,5.9825,0.8,0.75,0.02393,23.93,0.0
2026-03-24,site C,estilo de vida,topo da página,banner,computador,orgânico,6,6,6,0,0.02227,1,1,1,56.5,69.0,0,1.0,0.0,3.7116666666666673,1.0,1.0,0.02227,22.270000000000003,0.0
2026-03-24,site A,estilo de vida,topo da página,banner,celular,orgânico,4,4,2,0,0.02187,1,1,1,151.2,36.8,1,1.0,0.0,5.4675,1.0,0.5,0.02187,21.87,1.0
2026-03-24,site A,tecnologia,meio do artigo,mídia rica,celular,redes sociais,3,2,2,0,0.02124,1,1,1,42.5,4.2,0,1.0,0.0,10.62,0.6666666666666666,1.0,0.02124,21.24,0.0
2026-03-24,site B,esportes,meio do artigo,banner,computador,orgânico,6,6,3,0,0.021,1,1,1,54.7,52.7,0,0.0,0.0,3.5,1.0,0.5,0.021,21.0,0.0
2026-03-24,site A,estilo de vida,topo da página,banner,computador,orgânico,5,5,3,0,0.01998,1,1,1,23.4,72.3,1,0.0,0.0,3.996,1.0,0.6,0.01998,19.98,1.0
2026-03-24,site B,esportes,meio do artigo,nativo,celular,redes sociais,6,5,2,0,0.01991,1,1,1,45.0,91.9,0,0.0,0.0,3.982,0.8333333333333334,0.4,0.01991,19.91,0.0
2026-03-24,site C,notícias,rodapé fixo,vídeo,computador,orgânico,2,2,2,0,0.01969,1,1,1,27.1,56.8,0,0.0,0.0,9.844999999999999,1.0,1.0,0.01969,19.689999999999998,0.0
2026-03-24,site C,tecnologia,topo da página,vídeo,celular,orgânico,4,3,2,0,0.01907,1,1,1,24.5,19.6,0,0.0,0.0,6.3566666666666665,0.75,0.6666666666666666,0.01907,19.07,0.0
2026-03-24,site B,entretenimento,intersticial,banner,tablet,orgânico,5,5,4,0,0.01885,1,1,1,49.2,52.0,0,0.0,0.0,3.7699999999999996,1.0,0.8,0.01885,18.849999999999998,0.0
2026-03-24,site C,entretenimento,topo da página,vídeo,tablet,orgânico,4,2,0,0,0.01862,1,1,1,55.0,28.5,0,1.0,0.0,9.31,0.5,0.0,0.01862,18.62,0.0
2026-03-24,site A,notícias,meio do artigo,vídeo,celular,orgânico,3,2,0,0,0.01831,1,1,1,68.4,64.4,0,0.0,0.0,9.155,0.6666666666666666,0.0,0.01831,18.31,0.0
2026-03-24,site C,notícias,topo da página,banner,computador,referência,6,4,3,0,0.01796,1,1,1,37.7,55.9,0,0.0,0.0,4.49,0.6666666666666666,0.75,0.01796,17.96,0.0
2026-03-24,site B,tecnologia,meio do artigo,banner,computador,referência,2,2,2,0,0.01747,1,1,1,54.1,31.7,1,0.0,0.0,8.735,1.0,1.0,0.01747,17.47,1.0
2026-03-24,site C,finanças,meio do artigo,banner,tablet,orgânico,3,3,1,0,0.01713,1,1,1,19.4,77.2,0,1.0,0.0,5.71,1.0,0.3333333333333333,0.01713,17.13,0.0
2026-03-24,site A,esportes,lateral,nativo,computador,direto,5,4,3,0,0.01703,1,1,1,60.2,33.4,0,0.0,0.0,4.2575,0.8,0.75,0.01703,17.03,0.0
2026-03-24,site B,notícias,rodapé fixo,nativo,computador,referência,6,4,4,0,0.01652,1,1,1,30.4,55.0,1,1.0,0.0,4.13,0.6666666666666666,1.0,0.01652,16.52,1.0
2026-03-24,site A,estilo de vida,topo da página,nativo,celular,direto,4,3,2,0,0.01641,1,1,1,50.1,70.1,0,0.0,0.0,5.47,0.75,0.6666666666666666,0.01641,16.41,0.0
2026-03-24,site B,notícias,rodapé fixo,nativo,celular,direto,2,2,2,0,0.01636,1,1,1,152.6,41.9,0,1.0,0.0,8.18,1.0,1.0,0.01636,16.36,0.0
2026-03-24,site A,notícias,meio do artigo,nativo,computador,newsletter,6,5,5,0,0.01632,1,1,1,66.8,52.2,0,0.0,0.0,3.2640000000000002,0.8333333333333334,1.0,0.01632,16.32,0.0
2026-03-24,site A,estilo de vida,intersticial,vídeo,computador,direto,6,5,3,0,0.016,1,1,1,54.9,47.6,1,0.0,0.0,3.2,0.8333333333333334,0.6,0.016,16.0,1.0
2026-03-24,site A,entretenimento,rodapé fixo,nativo,computador,direto,3,1,1,0,0.01556,1,1,1,174.9,65.3,0,0.0,0.0,15.559999999999999,0.3333333333333333,1.0,0.01556,15.559999999999999,0.0
2026-03-24,site A,tecnologia,lateral,mídia rica,tablet,redes sociais,5,3,0,0,0.0153,1,1,1,98.5,27.8,0,0.0,0.0,5.1,0.6,0.0,0.0153,15.299999999999999,0.0
2026-03-24,site A,estilo de vida,meio do artigo,banner,celular,referência,4,4,1,0,0.01523,1,1,1,95.1,49.7,0,0.0,0.0,3.8075,1.0,0.25,0.01523,15.23,0.0
2026-03-24,site A,finanças,lateral,vídeo,celular,referência,5,3,2,0,0.01485,1,1,1,22.2,58.4,0,1.0,0.0,4.95,0.6,0.6666666666666666,0.01485,14.85,0.0
2026-03-24,site C,esportes,lateral,mídia rica,celular,orgânico,4,3,1,0,0.01424,1,1,1,72.8,35.0,0,1.0,0.0,4.746666666666666,0.75,0.3333333333333333,0.01424,14.239999999999998,0.0
2026-03-24,site B,tecnologia,rodapé fixo,nativo,computador,direto,4,2,1,0,0.01372,1,1,1,9.0,12.7,0,0.0,0.0,6.859999999999999,0.5,0.5,0.01372,13.719999999999999,0.0
2026-03-24,site B,notícias,rodapé fixo,nativo,celular,orgânico,4,3,3,0,0.01353,1,1,1,36.7,85.8,0,0.0,0.0,4.510000000000001,0.75,1.0,0.01353,13.530000000000001,0.0
2026-03-24,site A,estilo de vida,rodapé fixo,banner,celular,orgânico,2,2,2,0,0.01335,1,1,1,37.4,40.9,0,0.0,0.0,6.675000000000001,1.0,1.0,0.01335,13.350000000000001,0.0
2026-03-24,site A,tecnologia,meio do artigo,banner,celular,orgânico,2,2,2,0,0.01326,1,1,1,98.7,53.4,1,0.0,0.0,6.63,1.0,1.0,0.01326,13.26,1.0
2026-03-24,site A,entretenimento,meio do artigo,vídeo,computador,redes sociais,6,2,2,0,0.01242,1,1,1,18.8,74.7,0,1.0,0.0,6.21,0.3333333333333333,1.0,0.01242,12.42,0.0
2026-03-24,site B,notícias,meio do artigo,nativo,computador,orgânico,3,3,3,0,0.01237,1,1,1,109.8,50.8,1,1.0,0.0,4.123333333333334,1.0,1.0,0.01237,12.370000000000001,1.0
2026-03-24,site A,estilo de vida,meio do artigo,banner,computador,referência,4,2,0,0,0.01235,1,1,1,52.1,48.2,1,1.0,0.0,6.175,0.5,0.0,0.01235,12.35,1.0
2026-03-24,site B,entretenimento,meio do artigo,banner,celular,orgânico,6,6,3,0,0.01212,1,1,1,43.0,72.3,1,0.0,0.0,2.02,1.0,0.5,0.01212,12.120000000000001,1.0
2026-03-24,site B,esportes,lateral,nativo,computador,referência,2,2,2,0,0.01164,1,1,1,11.9,53.7,0,1.0,0.0,5.819999999999999,1.0,1.0,0.01164,11.639999999999999,0.0
2026-03-24,site A,estilo de vida,meio do artigo,banner,computador,orgânico,4,3,2,0,0.01156,1,1,1,95.4,52.0,0,0.0,0.0,3.8533333333333335,0.75,0.6666666666666666,0.01156,11.56,0.0
2026-03-24,site C,tecnologia,lateral,mídia rica,computador,orgânico,3,2,1,0,0.01132,1,1,1,10.9,34.3,0,0.0,0.0,5.66,0.6666666666666666,0.5,0.01132,11.32,0.0
2026-03-24,site B,entretenimento,rodapé fixo,vídeo,computador,orgânico,2,2,0,0,0.01115,1,1,1,53.8,90.0,0,1.0,0.0,5.575,1.0,0.0,0.01115,11.15,0.0
2026-03-24,site B,esportes,meio do artigo,vídeo,tablet,direto,2,2,0,0,0.01099,1,1,1,54.8,29.1,1,0.0,0.0,5.495,1.0,0.0,0.01099,10.99,1.0
2026-03-24,site C,notícias,lateral,vídeo,tablet,direto,1,1,1,0,0.01082,1,1,1,29.3,70.7,1,0.0,0.0,10.82,1.0,1.0,0.01082,10.82,1.0
2026-03-24,site A,esportes,rodapé fixo,vídeo,computador,orgânico,3,2,1,0,0.01072,1,1,1,38.9,41.0,0,1.0,0.0,5.36,0.6666666666666666,0.5,0.01072,10.72,0.0
2026-03-24,site A,tecnologia,rodapé fixo,nativo,computador,orgânico,3,1,1,0,0.01053,1,1,1,20.3,87.5,0,0.0,0.0,10.53,0.3333333333333333,1.0,0.01053,10.53,0.0
2026-03-24,site B,tecnologia,rodapé fixo,nativo,tablet,direto,4,4,3,0,0.0104,1,1,1,43.4,55.3,0,0.0,0.0,2.6,1.0,0.75,0.0104,10.4,0.0
2026-03-24,site B,tecnologia,rodapé fixo,vídeo,computador,direto,1,1,1,0,0.01034,1,1,1,220.3,48.0,0,0.0,0.0,10.34,1.0,1.0,0.01034,10.34,0.0
2026-03-24,site B,notícias,topo da página,nativo,celular,referência,3,3,3,0,0.01012,1,1,1,51.6,72.5,0,0.0,0.0,3.3733333333333335,1.0,1.0,0.01012,10.120000000000001,0.0
2026-03-24,site C,estilo de vida,meio do artigo,nativo,celular,direto,4,3,3,0,0.00988,1,1,1,173.2,76.6,0,0.0,0.0,3.293333333333333,0.75,1.0,0.00988,9.879999999999999,0.0
2026-03-24,site A,entretenimento,topo da página,nativo,computador,newsletter,2,2,1,0,0.00984,1,1,1,156.7,51.5,1,1.0,0.0,4.92,1.0,0.5,0.00984,9.84,1.0
2026-03-24,site B,tecnologia,rodapé fixo,banner,computador,referência,6,5,3,0,0.00984,1,1,1,50.7,48.4,0,0.0,0.0,1.968,0.8333333333333334,0.6,0.00984,9.84,0.0
2026-03-24,site B,estilo de vida,meio do artigo,banner,computador,redes sociais,3,2,1,1,0.00953,1,1,1,204.5,65.3,0,0.0,0.5,4.765000000000001,0.6666666666666666,0.5,0.00953,9.530000000000001,0.0
2026-03-24,site B,notícias,meio do artigo,banner,computador,redes sociais,5,4,3,0,0.00895,1,1,1,44.9,86.1,0,0.0,0.0,2.2375,0.8,0.75,0.00895,8.95,0.0
2026-03-24,site B,estilo de vida,intersticial,banner,celular,orgânico,6,5,4,0,0.00866,1,1,1,36.1,48.3,0,0.0,0.0,1.732,0.8333333333333334,0.8,0.00866,8.66,0.0
2026-03-24,site C,estilo de vida,lateral,mídia rica,computador,direto,4,3,3,0,0.008,1,1,1,60.3,54.7,0,0.0,0.0,2.6666666666666665,0.75,1.0,0.008,8.0,0.0
2026-03-24,site A,finanças,meio do artigo,nativo,tablet,orgânico,3,2,2,0,0.00773,1,1,1,69.4,58.9,1,0.0,0.0,3.8649999999999998,0.6666666666666666,1.0,0.00773,7.7299999999999995,1.0
2026-03-24,site A,tecnologia,topo da página,vídeo,celular,orgânico,1,1,1,0,0.00766,1,1,1,108.9,88.3,1,0.0,0.0,7.66,1.0,1.0,0.00766,7.66,1.0
2026-03-24,site B,finanças,intersticial,nativo,computador,direto,2,1,0,0,0.00766,1,1,1,42.7,42.2,0,1.0,0.0,7.66,0.5,0.0,0.00766,7.66,0.0
2026-03-24,site A,estilo de vida,rodapé fixo,banner,celular,direto,1,1,0,0,0.00663,1,1,1,11.4,64.7,0,0.0,0.0,6.63,1.0,0.0,0.00663,6.63,0.0
2026-03-24,site B,esportes,meio do artigo,banner,celular,newsletter,2,1,0,0,0.00585,1,1,1,74.3,39.3,0,0.0,0.0,5.8500000000000005,0.5,0.0,0.00585,5.8500000000000005,0.0
2026-03-24,site C,esportes,rodapé fixo,vídeo,computador,orgânico,1,1,0,0,0.00491,1,1,1,17.4,44.1,1,1.0,0.0,4.91,1.0,0.0,0.00491,4.91,1.0
2026-03-24,site A,finanças,meio do artigo,vídeo,computador,orgânico,1,1,1,0,0.0049,1,1,1,76.5,74.3,0,0.0,0.0,4.8999999999999995,1.0,1.0,0.0049,4.8999999999999995,0.0
2026-03-24,site B,entretenimento,topo da página,banner,celular,referência,3,1,1,0,0.0046,1,1,1,109.7,42.4,0,0.0,0.0,4.6,0.3333333333333333,1.0,0.0046,4.6,0.0
2026-03-24,site A,esportes,meio do artigo,nativo,celular,newsletter,2,1,1,0,0.00459,1,1,1,25.5,93.3,0,0.0,0.0,4.590000000000001,0.5,1.0,0.00459,4.590000000000001,0.0
2026-03-24,site A,finanças,meio do artigo,banner,computador,direto,3,1,0,0,0.00437,1,1,1,10.2,58.2,0,0.0,0.0,4.37,0.3333333333333333,0.0,0.00437,4.37,0.0
2026-03-24,site A,estilo de vida,rodapé fixo,banner,computador,orgânico,1,1,0,0,0.00427,1,1,1,42.1,55.3,0,1.0,0.0,4.2700000000000005,1.0,0.0,0.00427,4.2700000000000005,0.0
2026-03-24,site B,entretenimento,lateral,banner,celular,referência,2,1,1,0,0.00389,1,1,1,117.0,45.4,1,0.0,0.0,3.8899999999999997,0.5,1.0,0.00389,3.8899999999999997,1.0
2026-03-24,site A,finanças,topo da página,nativo,celular,direto,2,1,0,0,0.00387,1,1,1,67.4,37.9,0,0.0,0.0,3.87,0.5,0.0,0.00387,3.87,0.0
2026-03-24,site A,esportes,rodapé fixo,vídeo,tablet,orgânico,1,1,1,0,0.00362,1,1,1,13.9,74.2,0,0.0,0.0,3.62,1.0,1.0,0.00362,3.62,0.0
2026-03-24,site A,estilo de vida,topo da página,vídeo,computador,redes sociais,3,1,0,0,0.00356,1,1,1,211.6,41.0,0,0.0,0.0,3.5599999999999996,0.3333333333333333,0.0,0.00356,3.5599999999999996,0.0
2026-03-24,site A,entretenimento,rodapé fixo,banner,computador,direto,1,1,1,0,0.00305,1,1,1,31.9,29.6,1,0.0,0.0,3.0500000000000003,1.0,1.0,0.00305,3.0500000000000003,1.0
2026-03-24,site A,entretenimento,meio do artigo,banner,celular,referência,2,2,0,0,0.00296,1,1,1,75.6,50.3,0,0.0,0.0,1.48,1.0,0.0,0.00296,2.96,0.0
2026-03-24,site A,entretenimento,topo da página,banner,celular,orgânico,1,1,0,0,0.00265,1,1,1,75.4,72.5,1,1.0,0.0,2.65,1.0,0.0,0.00265,2.65,1.0
2026-03-24,site B,estilo de vida,lateral,nativo,computador,orgânico,1,1,1,0,0.00246,1,1,1,52.7,74.1,0,1.0,0.0,2.46,1.0,1.0,0.00246,2.46,0.0
2026-03-24,site B,esportes,topo da página,banner,celular,newsletter,1,1,1,0,0.00233,1,1,1,87.9,50.1,0,0.0,0.0,2.33,1.0,1.0,0.00233,2.33,0.0
2026-03-24,site A,entretenimento,topo da página,banner,computador,newsletter,1,1,1,0,0.00196,1,1,1,211.6,40.8,0,0.0,0.0,1.96,1.0,1.0,0.00196,1.96,0.0
2026-03-24,site C,estilo de vida,lateral,nativo,celular,redes sociais,2,2,0,0,0.00175,1,1,1,51.6,80.8,0,0.0,0.0,0.875,1.0,0.0,0.00175,1.75,0.0
2026-03-24,site C,estilo de vida,lateral,banner,computador,direto,2,1,1,0,0.00148,1,1,1,70.2,87.5,0,0.0,0.0,1.48,0.5,1.0,0.00148,1.48,0.0
2026-03-24,site A,entretenimento,lateral,nativo,computador,redes sociais,2,1,0,0,0.0,1,1,1,62.0,46.3,0,1.0,0.0,0.0,0.5,0.0,0.0,0.0,0.0
2026-03-24,site B,estilo de vida,lateral,banner,computador,redes sociais,1,0,0,0,0.0,1,1,1,33.2,72.9,1,0.0,0.0,0.0,0.0,0.0,0.0,0.0,1.0
2026-03-24,site B,notícias,rodapé fixo,banner,computador,redes sociais,1,1,1,0,0.0,1,1,1,92.1,74.4,0,1.0,0.0,0.0,1.0,1.0,0.0,0.0,0.0
2026-03-24,site B,tecnologia,rodapé fixo,nativo,computador,redes sociais,1,0,0,0,0.0,1,1,1,158.8,44.5,1,1.0,0.0,0.0,0.0,0.0,0.0,0.0,1.0
2026-03-24,site C,esportes,topo da página,banner,celular,orgânico,1,1,1,0,0.0,1,1,1,8.7,13.6,1,1.0,0.0,0.0,1.0,1.0,0.0,0.0,1.0
2026-03-25,site B,esportes,lateral,vídeo,celular,orgânico,6,5,4,0,0.07898,1,1,1,17.5,45.1,1,0.0,0.0,15.795999999999998,0.8333333333333334,0.8,0.07898,78.97999999999999,1.0
2026-03-25,site C,estilo de vida,lateral,vídeo,computador,orgânico,6,5,3,0,0.06883,1,1,1,168.9,58.1,0,0.0,0.0,13.766,0.8333333333333334,0.6,0.06883,68.83,0.0
2026-03-25,site B,tecnologia,topo da página,vídeo,celular,redes sociais,4,4,3,0,0.05077,1,1,1,73.2,40.0,1,0.0,0.0,12.6925,1.0,0.75,0.05077,50.77,1.0
2026-03-25,site B,tecnologia,lateral,vídeo,computador,orgânico,4,4,1,0,0.04894,1,1,1,125.5,55.5,0,0.0,0.0,12.235,1.0,0.25,0.04894,48.94,0.0
2026-03-25,site A,esportes,meio do artigo,mídia rica,computador,orgânico,5,5,4,0,0.04637,1,1,1,10.1,32.2,0,0.0,0.0,9.274000000000001,1.0,0.8,0.04637,46.370000000000005,0.0
2026-03-25,site B,esportes,meio do artigo,nativo,computador,orgânico,6,5,1,0,0.03953,1,1,1,63.9,46.5,0,0.0,0.0,7.906000000000001,0.8333333333333334,0.2,0.03953,39.53,0.0
2026-03-25,site C,estilo de vida,meio do artigo,nativo,computador,direto,6,6,4,0,0.03646,1,1,1,20.0,29.9,0,1.0,0.0,6.076666666666667,1.0,0.6666666666666666,0.03646,36.46,0.0
2026-03-25,site A,finanças,lateral,vídeo,computador,redes sociais,5,5,3,0,0.03491,1,1,1,21.2,57.0,0,0.0,0.0,6.981999999999999,1.0,0.6,0.03491,34.91,0.0
2026-03-25,site B,estilo de vida,meio do artigo,mídia rica,celular,referência,5,5,3,0,0.03358,1,1,1,59.6,68.9,0,1.0,0.0,6.715999999999999,1.0,0.6,0.03358,33.58,0.0
2026-03-25,site A,notícias,topo da página,mídia rica,computador,referência,2,2,1,0,0.03298,1,1,1,44.9,63.6,0,1.0,0.0,16.490000000000002,1.0,0.5,0.03298,32.980000000000004,0.0
2026-03-25,site C,notícias,rodapé fixo,mídia rica,computador,redes sociais,5,5,4,0,0.03077,1,1,1,21.0,55.6,0,0.0,0.0,6.154,1.0,0.8,0.03077,30.77,0.0
2026-03-25,site A,tecnologia,rodapé fixo,banner,computador,orgânico,10,5,3,0,0.02935,2,2,2,139.25,74.4,1,0.5,0.0,5.87,0.5,0.6,0.014675,14.675,0.5
2026-03-25,site A,entretenimento,rodapé fixo,mídia rica,celular,orgânico,3,3,1,0,0.02899,1,1,1,69.1,73.0,1,1.0,0.0,9.663333333333332,1.0,0.3333333333333333,0.02899,28.99,1.0
2026-03-25,site B,tecnologia,meio do artigo,vídeo,celular,referência,3,3,1,0,0.02671,1,1,1,167.7,52.6,1,0.0,0.0,8.903333333333334,1.0,0.3333333333333333,0.02671,26.71,1.0
2026-03-25,site A,tecnologia,rodapé fixo,nativo,celular,orgânico,5,5,5,0,0.02615,1,1,1,9.1,43.0,0,0.0,0.0,5.2299999999999995,1.0,1.0,0.02615,26.15,0.0
2026-03-25,site C,estilo de vida,topo da página,banner,computador,orgânico,5,4,2,1,0.02601,1,1,1,112.7,81.0,1,0.0,0.25,6.5024999999999995,0.8,0.5,0.02601,26.009999999999998,1.0
2026-03-25,site A,esportes,rodapé fixo,banner,celular,redes sociais,7,5,2,0,0.02443,2,2,2,79.55,57.050000000000004,1,0.5,0.0,4.886,0.7142857142857143,0.4,0.012215,12.215,0.5
2026-03-25,site A,notícias,meio do artigo,vídeo,computador,orgânico,3,3,2,0,0.02368,1,1,1,10.8,85.0,0,0.0,0.0,7.8933333333333335,1.0,0.6666666666666666,0.02368,23.68,0.0
2026-03-25,site A,esportes,topo da página,banner,tablet,orgânico,5,5,3,0,0.02244,1,1,1,68.3,42.8,0,0.0,0.0,4.488,1.0,0.6,0.02244,22.44,0.0
2026-03-25,site A,entretenimento,meio do artigo,banner,computador,referência,6,5,3,0,0.02024,1,1,1,46.7,64.4,0,0.0,0.0,4.048,0.8333333333333334,0.6,0.02024,20.240000000000002,0.0
2026-03-25,site A,entretenimento,topo da página,nativo,celular,orgânico,5,5,3,0,0.02022,1,1,1,31.5,36.5,0,1.0,0.0,4.044,1.0,0.6,0.02022,20.22,0.0
2026-03-25,site A,estilo de vida,meio do artigo,banner,computador,redes sociais,10,7,7,0,0.019880000000000002,2,2,2,63.45,67.25,1,0.5,0.0,2.8400000000000003,0.7,1.0,0.009940000000000001,9.940000000000001,0.5
2026-03-25,site B,notícias,meio do artigo,vídeo,celular,redes sociais,6,4,4,0,0.01984,1,1,1,18.5,46.3,0,0.0,0.0,4.96,0.6666666666666666,1.0,0.01984,19.84,0.0
2026-03-25,site C,entretenimento,meio do artigo,nativo,celular,orgânico,6,6,4,0,0.01938,1,1,1,71.8,54.6,1,0.0,0.0,3.2300000000000004,1.0,0.6666666666666666,0.01938,19.380000000000003,1.0
2026-03-25,site A,esportes,topo da página,banner,celular,redes sociais,4,4,4,0,0.01898,1,1,1,86.5,86.6,1,0.0,0.0,4.745,1.0,1.0,0.01898,18.98,1.0
2026-03-25,site A,estilo de vida,lateral,banner,celular,orgânico,6,5,3,1,0.01871,1,1,1,56.6,39.0,0,1.0,0.2,3.742,0.8333333333333334,0.6,0.01871,18.71,0.0
2026-03-25,site A,estilo de vida,topo da página,mídia rica,celular,orgânico,5,5,2,0,0.01854,1,1,1,59.4,69.0,1,0.0,0.0,3.7079999999999997,1.0,0.4,0.01854,18.54,1.0
2026-03-25,site B,notícias,meio do artigo,banner,celular,orgânico,5,5,4,1,0.0183,1,1,1,105.8,51.7,0,0.0,0.2,3.66,1.0,0.8,0.0183,18.3,0.0
2026-03-25,site A,notícias,lateral,vídeo,computador,redes sociais,6,4,3,0,0.01781,1,1,1,100.7,20.5,1,0.0,0.0,4.4525,0.6666666666666666,0.75,0.01781,17.81,1.0
2026-03-25,site A,estilo de vida,topo da página,mídia rica,celular,direto,5,3,2,0,0.01754,1,1,1,58.2,93.0,1,0.0,0.0,5.846666666666667,0.6,0.6666666666666666,0.01754,17.54,1.0
2026-03-25,site A,estilo de vida,rodapé fixo,vídeo,celular,orgânico,3,3,3,0,0.01753,1,1,1,42.3,100.0,1,0.0,0.0,5.843333333333334,1.0,1.0,0.01753,17.53,1.0
2026-03-25,site A,notícias,meio do artigo,nativo,computador,direto,6,4,1,0,0.01716,1,1,1,70.2,68.5,0,0.0,0.0,4.29,0.6666666666666666,0.25,0.01716,17.16,0.0
2026-03-25,site A,finanças,meio do artigo,banner,celular,redes sociais,4,3,3,0,0.01705,1,1,1,91.1,85.8,0,0.0,0.0,5.683333333333334,0.75,1.0,0.01705,17.05,0.0
2026-03-25,site A,tecnologia,meio do artigo,vídeo,celular,referência,6,4,3,0,0.01664,1,1,1,88.8,37.0,1,1.0,0.0,4.159999999999999,0.6666666666666666,0.75,0.01664,16.639999999999997,1.0
2026-03-25,site A,tecnologia,topo da página,vídeo,celular,orgânico,4,4,4,0,0.01648,1,1,1,47.1,94.2,0,0.0,0.0,4.12,1.0,1.0,0.01648,16.48,0.0
2026-03-25,site C,tecnologia,meio do artigo,mídia rica,computador,redes sociais,6,2,1,0,0.0164,1,1,1,56.5,75.5,0,0.0,0.0,8.200000000000001,0.3333333333333333,0.5,0.0164,16.400000000000002,0.0
2026-03-25,site C,notícias,topo da página,banner,computador,newsletter,4,4,3,0,0.01633,1,1,1,56.0,59.2,0,0.0,0.0,4.0825000000000005,1.0,0.75,0.01633,16.330000000000002,0.0
2026-03-25,site B,tecnologia,topo da página,banner,computador,orgânico,6,6,6,0,0.01614,1,1,1,28.5,48.0,0,1.0,0.0,2.69,1.0,1.0,0.01614,16.14,0.0
2026-03-25,site C,notícias,topo da página,banner,tablet,direto,2,2,2,0,0.01555,1,1,1,40.7,37.5,0,0.0,0.0,7.7749999999999995,1.0,1.0,0.01555,15.549999999999999,0.0
2026-03-25,site C,tecnologia,lateral,banner,computador,referência,4,2,1,0,0.01488,1,1,1,182.6,38.7,0,0.0,0.0,7.44,0.5,0.5,0.01488,14.88,0.0
2026-03-25,site A,finanças,topo da página,banner,tablet,orgânico,4,2,0,0,0.01477,1,1,1,91.0,89.9,0,0.0,0.0,7.385,0.5,0.0,0.01477,14.77,0.0
2026-03-25,site A,tecnologia,topo da página,banner,computador,direto,1,1,0,0,0.01437,1,1,1,42.5,61.6,0,0.0,0.0,14.370000000000001,1.0,0.0,0.01437,14.370000000000001,0.0
2026-03-25,site B,notícias,rodapé fixo,nativo,computador,orgânico,3,3,3,0,0.01381,1,1,1,66.9,46.2,0,1.0,0.0,4.603333333333333,1.0,1.0,0.01381,13.809999999999999,0.0
2026-03-25,site A,entretenimento,topo da página,banner,celular,orgânico,4,3,1,0,0.01366,1,1,1,26.9,65.4,1,1.0,0.0,4.553333333333334,0.75,0.3333333333333333,0.01366,13.66,1.0
2026-03-25,site B,notícias,rodapé fixo,banner,computador,orgânico,2,2,2,0,0.01362,1,1,1,175.0,58.1,0,0.0,0.0,6.8100000000000005,1.0,1.0,0.01362,13.620000000000001,0.0
2026-03-25,site A,estilo de vida,topo da página,banner,celular,orgânico,5,5,1,0,0.01338,1,1,1,56.9,21.0,0,0.0,0.0,2.6759999999999997,1.0,0.2,0.01338,13.379999999999999,0.0
2026-03-25,site A,esportes,lateral,vídeo,celular,orgânico,2,2,0,0,0.01322,1,1,1,44.2,44.6,0,0.0,0.0,6.61,1.0,0.0,0.01322,13.22,0.0
2026-03-25,site A,notícias,topo da página,banner,computador,direto,3,3,3,0,0.01288,1,1,1,30.3,88.8,1,0.0,0.0,4.293333333333334,1.0,1.0,0.01288,12.88,1.0
2026-03-25,site A,estilo de vida,rodapé fixo,nativo,celular,orgânico,6,5,2,0,0.01272,1,1,1,88.3,68.2,0,0.0,0.0,2.544,0.8333333333333334,0.4,0.01272,12.72,0.0
2026-03-25,site B,notícias,rodapé fixo,nativo,computador,redes sociais,2,1,1,0,0.01253,1,1,1,54.5,34.0,1,0.0,0.0,12.53,0.5,1.0,0.01253,12.53,1.0
2026-03-25,site C,finanças,intersticial,vídeo,celular,redes sociais,3,2,1,0,0.01252,1,1,1,168.2,70.8,1,1.0,0.0,6.26,0.6666666666666666,0.5,0.01252,12.52,1.0
2026-03-25,site B,estilo de vida,meio do artigo,banner,celular,direto,6,4,4,0,0.0125,1,1,1,40.7,68.1,1,1.0,0.0,3.125,0.6666666666666666,1.0,0.0125,12.5,1.0
2026-03-25,site B,esportes,topo da página,mídia rica,celular,referência,2,1,0,0,0.01232,1,1,1,30.3,52.3,0,1.0,0.0,12.319999999999999,0.5,0.0,0.01232,12.319999999999999,0.0
2026-03-25,site A,esportes,topo da página,banner,celular,orgânico,4,4,4,0,0.01181,1,1,1,70.1,40.7,0,0.0,0.0,2.9524999999999997,1.0,1.0,0.01181,11.809999999999999,0.0
2026-03-25,site B,finanças,rodapé fixo,nativo,computador,direto,1,1,1,0,0.0115,1,1,1,70.1,46.8,1,0.0,0.0,11.5,1.0,1.0,0.0115,11.5,1.0
2026-03-25,site A,esportes,topo da página,banner,tablet,referência,2,2,2,0,0.01079,1,1,1,63.1,81.5,1,0.0,0.0,5.395,1.0,1.0,0.01079,10.79,1.0
2026-03-25,site A,tecnologia,topo da página,mídia rica,celular,direto,2,2,1,0,0.01073,1,1,1,3.9,24.5,0,0.0,0.0,5.365,1.0,0.5,0.01073,10.73,0.0
2026-03-25,site C,estilo de vida,meio do artigo,banner,tablet,redes sociais,4,4,2,0,0.0107,1,1,1,106.2,60.7,0,1.0,0.0,2.675,1.0,0.5,0.0107,10.7,0.0
2026-03-25,site B,tecnologia,rodapé fixo,nativo,tablet,orgânico,1,1,0,0,0.00982,1,1,1,30.3,33.3,1,1.0,0.0,9.82,1.0,0.0,0.00982,9.82,1.0
2026-03-25,site C,notícias,meio do artigo,banner,celular,newsletter,3,3,2,0,0.00899,1,1,1,98.1,65.5,1,0.0,0.0,2.9966666666666666,1.0,0.6666666666666666,0.00899,8.99,1.0
2026-03-25,site B,tecnologia,meio do artigo,vídeo,tablet,orgânico,4,1,0,0,0.00878,1,1,1,107.4,59.9,1,0.0,0.0,8.78,0.25,0.0,0.00878,8.78,1.0
2026-03-25,site A,notícias,rodapé fixo,nativo,computador,direto,3,1,1,0,0.00868,1,1,1,22.8,26.7,0,1.0,0.0,8.68,0.3333333333333333,1.0,0.00868,8.68,0.0
2026-03-25,site B,tecnologia,topo da página,mídia rica,computador,direto,1,1,0,0,0.00864,1,1,1,40.3,42.7,0,0.0,0.0,8.64,1.0,0.0,0.00864,8.64,0.0
2026-03-25,site B,estilo de vida,rodapé fixo,banner,celular,orgânico,3,3,2,0,0.00836,1,1,1,92.4,63.9,1,0.0,0.0,2.7866666666666666,1.0,0.6666666666666666,0.00836,8.36,1.0
2026-03-25,site A,entretenimento,lateral,banner,celular,newsletter,6,5,5,0,0.00827,1,1,1,44.9,77.2,0,1.0,0.0,1.654,0.8333333333333334,1.0,0.00827,8.27,0.0
2026-03-25,site C,tecnologia,topo da página,mídia rica,celular,orgânico,1,1,0,0,0.00799,1,1,1,91.3,30.3,1,0.0,0.0,7.99,1.0,0.0,0.00799,7.99,1.0
2026-03-25,site B,tecnologia,lateral,vídeo,celular,newsletter,1,1,0,0,0.00787,1,1,1,101.1,47.8,1,0.0,0.0,7.87,1.0,0.0,0.00787,7.87,1.0
2026-03-25,site B,notícias,rodapé fixo,nativo,computador,direto,5,3,2,0,0.00776,1,1,1,70.8,60.4,0,0.0,0.0,2.586666666666667,0.6,0.6666666666666666,0.00776,7.760000000000001,0.0
2026-03-25,site B,notícias,topo da página,nativo,computador,newsletter,1,1,1,0,0.00775,1,1,1,75.3,45.3,0,0.0,0.0,7.75,1.0,1.0,0.00775,7.75,0.0
2026-03-25,site A,notícias,topo da página,mídia rica,computador,redes sociais,1,1,0,0,0.00746,1,1,1,21.0,89.3,1,1.0,0.0,7.46,1.0,0.0,0.00746,7.46,1.0
2026-03-25,site A,tecnologia,meio do artigo,vídeo,celular,direto,4,2,1,0,0.00693,1,1,1,69.6,54.5,0,1.0,0.0,3.4650000000000003,0.5,0.5,0.00693,6.930000000000001,0.0
2026-03-25,site B,finanças,meio do artigo,banner,computador,orgânico,1,1,1,0,0.00693,1,1,1,156.3,54.4,1,1.0,0.0,6.930000000000001,1.0,1.0,0.00693,6.930000000000001,1.0
2026-03-25,site A,entretenimento,meio do artigo,mídia rica,computador,redes sociais,1,1,1,0,0.00688,1,1,1,40.7,86.4,0,1.0,0.0,6.88,1.0,1.0,0.00688,6.88,0.0
2026-03-25,site B,estilo de vida,lateral,banner,celular,orgânico,6,4,2,0,0.0065,1,1,1,140.2,48.2,1,1.0,0.0,1.625,0.6666666666666666,0.5,0.0065,6.5,1.0
2026-03-25,site B,estilo de vida,topo da página,banner,computador,direto,3,2,2,0,0.00644,1,1,1,4.3,81.5,0,0.0,0.0,3.22,0.6666666666666666,1.0,0.00644,6.44,0.0
2026-03-25,site A,notícias,topo da página,banner,tablet,redes sociais,4,3,3,1,0.0063,1,1,1,65.9,41.5,1,0.0,0.3333333333333333,2.1,0.75,1.0,0.0063,6.3,1.0
2026-03-25,site B,notícias,topo da página,banner,celular,newsletter,3,2,2,0,0.00624,1,1,1,27.2,48.0,1,0.0,0.0,3.12,0.6666666666666666,1.0,0.00624,6.24,1.0
2026-03-25,site A,estilo de vida,lateral,banner,celular,redes sociais,2,1,1,0,0.00607,1,1,1,15.9,67.8,0,0.0,0.0,6.07,0.5,1.0,0.00607,6.07,0.0
2026-03-25,site A,estilo de vida,intersticial,mídia rica,computador,redes sociais,3,3,2,0,0.00583,1,1,1,21.9,63.8,1,0.0,0.0,1.9433333333333334,1.0,0.6666666666666666,0.00583,5.83,1.0
2026-03-25,site B,tecnologia,topo da página,banner,celular,direto,2,2,2,0,0.0058,1,1,1,201.7,65.1,1,0.0,0.0,2.9,1.0,1.0,0.0058,5.8,1.0
2026-03-25,site B,notícias,meio do artigo,mídia rica,computador,referência,1,1,1,0,0.00561,1,1,1,47.7,95.4,0,1.0,0.0,5.61,1.0,1.0,0.00561,5.61,0.0
2026-03-25,site B,finanças,intersticial,vídeo,celular,orgânico,4,1,1,0,0.00532,1,1,1,33.6,51.6,1,1.0,0.0,5.32,0.25,1.0,0.00532,5.32,1.0
2026-03-25,site C,tecnologia,rodapé fixo,banner,celular,orgânico,1,1,0,0,0.0053,1,1,1,17.3,50.0,0,0.0,0.0,5.3,1.0,0.0,0.0053,5.3,0.0
2026-03-25,site A,notícias,topo da página,vídeo,celular,redes sociais,2,1,1,0,0.00529,1,1,1,9.4,57.7,1,0.0,0.0,5.29,0.5,1.0,0.00529,5.29,1.0
2026-03-25,site C,notícias,meio do artigo,mídia rica,celular,direto,1,1,0,0,0.00502,1,1,1,85.1,47.5,0,0.0,0.0,5.0200000000000005,1.0,0.0,0.00502,5.0200000000000005,0.0
2026-03-25,site A,tecnologia,meio do artigo,banner,celular,orgânico,1,1,1,0,0.00496,1,1,1,9.3,37.5,1,0.0,0.0,4.96,1.0,1.0,0.00496,4.96,1.0
2026-03-25,site C,estilo de vida,meio do artigo,banner,celular,redes sociais,1,1,0,0,0.00487,1,1,1,26.3,49.4,1,0.0,0.0,4.87,1.0,0.0,0.00487,4.87,1.0
2026-03-25,site C,notícias,rodapé fixo,nativo,celular,orgânico,3,1,1,0,0.00487,1,1,1,126.4,74.5,0,0.0,0.0,4.87,0.3333333333333333,1.0,0.00487,4.87,0.0
2026-03-25,site B,notícias,intersticial,banner,celular,newsletter,2,1,1,0,0.00472,1,1,1,85.3,38.9,1,1.0,0.0,4.720000000000001,0.5,1.0,0.00472,4.720000000000001,1.0
2026-03-25,site A,esportes,lateral,banner,celular,orgânico,4,4,3,0,0.0047,1,1,1,43.1,52.2,0,0.0,0.0,1.175,1.0,0.75,0.0047,4.7,0.0
2026-03-25,site B,finanças,meio do artigo,banner,celular,referência,2,1,1,0,0.00467,1,1,1,64.5,69.2,1,0.0,0.0,4.67,0.5,1.0,0.00467,4.67,1.0
2026-03-25,site B,esportes,meio do artigo,mídia rica,celular,direto,2,1,1,0,0.00414,1,1,1,39.9,87.2,0,1.0,0.0,4.14,0.5,1.0,0.00414,4.14,0.0
2026-03-25,site A,entretenimento,topo da página,nativo,celular,referência,2,2,2,0,0.0041,1,1,1,68.2,47.0,1,1.0,0.0,2.0500000000000003,1.0,1.0,0.0041,4.1000000000000005,1.0
2026-03-25,site B,entretenimento,rodapé fixo,nativo,celular,orgânico,2,2,1,0,0.00407,1,1,1,44.6,53.1,1,1.0,0.0,2.0349999999999997,1.0,0.5,0.00407,4.069999999999999,1.0
2026-03-25,site A,notícias,intersticial,nativo,celular,orgânico,3,1,1,0,0.00397,1,1,1,73.6,47.2,0,1.0,0.0,3.9699999999999998,0.3333333333333333,1.0,0.00397,3.9699999999999998,0.0
2026-03-25,site C,notícias,meio do artigo,vídeo,celular,redes sociais,1,1,1,0,0.00389,1,1,1,35.4,44.8,0,0.0,0.0,3.8899999999999997,1.0,1.0,0.00389,3.8899999999999997,0.0
2026-03-25,site C,finanças,meio do artigo,banner,computador,newsletter,1,1,1,0,0.00364,1,1,1,30.3,56.0,0,0.0,0.0,3.64,1.0,1.0,0.00364,3.64,0.0
2026-03-25,site C,notícias,lateral,banner,computador,orgânico,3,1,0,0,0.00349,1,1,1,73.8,76.0,0,0.0,0.0,3.49,0.3333333333333333,0.0,0.00349,3.49,0.0
2026-03-25,site B,tecnologia,topo da página,banner,celular,orgânico,1,1,1,0,0.00335,1,1,1,65.2,65.0,0,1.0,0.0,3.35,1.0,1.0,0.00335,3.35,0.0
2026-03-25,site A,estilo de vida,rodapé fixo,banner,celular,orgânico,1,1,1,0,0.0026,1,1,1,14.8,62.8,0,1.0,0.0,2.6,1.0,1.0,0.0026,2.6,0.0
2026-03-25,site B,entretenimento,meio do artigo,nativo,celular,direto,1,1,1,0,0.00169,1,1,1,14.2,45.8,0,1.0,0.0,1.6900000000000002,1.0,1.0,0.00169,1.6900000000000002,0.0
2026-03-25,site C,estilo de vida,meio do artigo,banner,tablet,direto,2,2,2,0,0.00064,1,1,1,22.8,62.8,1,1.0,0.0,0.32,1.0,1.0,0.00064,0.64,1.0
2026-03-25,site A,entretenimento,meio do artigo,nativo,celular,orgânico,1,1,0,0,0.0,1,1,1,99.3,51.9,1,0.0,0.0,0.0,1.0,0.0,0.0,0.0,1.0
2026-03-25,site A,entretenimento,topo da página,mídia rica,celular,redes sociais,1,1,0,0,0.0,1,1,1,39.4,27.5,0,0.0,0.0,0.0,1.0,0.0,0.0,0.0,0.0
2026-03-25,site A,finanças,topo da página,nativo,computador,orgânico,2,0,0,0,0.0,1,1,1,108.4,85.5,0,0.0,0.0,0.0,0.0,0.0,0.0,0.0,0.0
2026-03-25,site A,notícias,meio do artigo,mídia rica,celular,redes sociais,1,0,0,0,0.0,1,1,1,52.4,55.6,0,1.0,0.0,0.0,0.0,0.0,0.0,0.0,0.0
2026-03-25,site A,notícias,meio do artigo,nativo,computador,redes sociais,1,0,0,0,0.0,1,1,1,64.0,40.4,1,0.0,0.0,0.0,0.0,0.0,0.0,0.0,1.0
2026-03-25,site B,notícias,intersticial,banner,celular,redes sociais,5,1,1,0,0.0,1,1,1,21.0,82.3,1,1.0,0.0,0.0,0.2,1.0,0.0,0.0,1.0
2026-03-25,site B,tecnologia,lateral,vídeo,celular,orgânico,1,0,0,0,0.0,1,1,1,20.1,50.5,0,0.0,0.0,0.0,0.0,0.0,0.0,0.0,0.0
2026-03-26,site B,tecnologia,meio do artigo,vídeo,celular,orgânico,6,4,1,0,0.06231,1,1,1,27.8,30.0,0,1.0,0.0,15.577499999999999,0.6666666666666666,0.25,0.06231,62.309999999999995,0.0
2026-03-26,site A,esportes,meio do artigo,banner,computador,redes sociais,6,6,2,0,0.03706,1,1,1,67.4,72.3,0,0.0,0.0,6.176666666666667,1.0,0.3333333333333333,0.03706,37.06,0.0
2026-03-26,site C,estilo de vida,rodapé fixo,mídia rica,computador,orgânico,5,4,3,0,0.03278,1,1,1,44.0,33.5,0,1.0,0.0,8.194999999999999,0.8,0.75,0.03278,32.779999999999994,0.0
2026-03-26,site C,tecnologia,rodapé fixo,vídeo,celular,orgânico,3,3,3,0,0.03149,1,1,1,63.7,82.9,1,1.0,0.0,10.496666666666666,1.0,1.0,0.03149,31.49,1.0
2026-03-26,site B,finanças,topo da página,banner,celular,referência,6,5,2,0,0.03129,1,1,1,5.6,61.6,0,0.0,0.0,6.258,0.8333333333333334,0.4,0.03129,31.29,0.0
2026-03-26,site A,notícias,topo da página,mídia rica,tablet,orgânico,4,4,3,0,0.02994,1,1,1,20.0,29.6,1,1.0,0.0,7.485,1.0,0.75,0.02994,29.94,1.0
2026-03-26,site A,estilo de vida,rodapé fixo,vídeo,computador,direto,3,2,2,0,0.02844,1,1,1,49.7,65.8,0,0.0,0.0,14.22,0.6666666666666666,1.0,0.02844,28.44,0.0
2026-03-26,site A,esportes,rodapé fixo,nativo,celular,redes sociais,5,4,2,0,0.02799,1,1,1,86.4,41.8,1,0.0,0.0,6.9975000000000005,0.8,0.5,0.02799,27.990000000000002,1.0
2026-03-26,site C,finanças,rodapé fixo,banner,celular,redes sociais,5,5,4,0,0.02729,1,1,1,17.1,50.1,0,0.0,0.0,5.458,1.0,0.8,0.02729,27.29,0.0
2026-03-26,site C,notícias,topo da página,nativo,computador,redes sociais,4,4,3,0,0.02727,1,1,1,98.7,57.2,0,0.0,0.0,6.8175,1.0,0.75,0.02727,27.27,0.0
2026-03-26,site A,notícias,topo da página,nativo,computador,redes sociais,6,3,1,0,0.02528,1,1,1,77.3,23.1,0,1.0,0.0,8.426666666666668,0.5,0.3333333333333333,0.02528,25.28,0.0
2026-03-26,site A,finanças,meio do artigo,banner,celular,orgânico,6,5,2,0,0.02503,1,1,1,12.9,68.7,0,0.0,0.0,5.006,0.8333333333333334,0.4,0.02503,25.03,0.0
2026-03-26,site A,tecnologia,meio do artigo,banner,computador,redes sociais,4,4,3,1,0.02383,1,1,1,40.3,48.3,0,0.0,0.25,5.9575000000000005,1.0,0.75,0.02383,23.830000000000002,0.0
2026-03-26,site B,estilo de vida,topo da página,nativo,computador,referência,6,5,2,0,0.02376,1,1,1,77.0,71.2,1,0.0,0.0,4.752000000000001,0.8333333333333334,0.4,0.02376,23.76,1.0
2026-03-26,site A,estilo de vida,lateral,vídeo,celular,direto,6,3,2,0,0.02249,1,1,1,62.2,36.6,1,1.0,0.0,7.496666666666666,0.5,0.6666666666666666,0.02249,22.49,1.0
2026-03-26,site A,estilo de vida,lateral,nativo,computador,newsletter,3,3,0,0,0.02222,1,1,1,78.4,74.9,0,0.0,0.0,7.406666666666666,1.0,0.0,0.02222,22.22,0.0
2026-03-26,site A,entretenimento,meio do artigo,mídia rica,celular,orgânico,5,4,4,0,0.02153,1,1,1,15.9,49.4,1,1.0,0.0,5.3825,0.8,1.0,0.02153,21.53,1.0
2026-03-26,site A,entretenimento,meio do artigo,mídia rica,computador,orgânico,3,3,3,0,0.02153,1,1,1,56.0,65.9,0,0.0,0.0,7.176666666666667,1.0,1.0,0.02153,21.53,0.0
2026-03-26,site A,finanças,meio do artigo,banner,celular,newsletter,4,4,3,0,0.02142,1,1,1,59.1,52.7,1,1.0,0.0,5.355,1.0,0.75,0.02142,21.42,1.0
2026-03-26,site B,notícias,meio do artigo,mídia rica,computador,orgânico,3,3,3,0,0.02129,1,1,1,63.7,45.3,0,0.0,0.0,7.096666666666667,1.0,1.0,0.02129,21.29,0.0
2026-03-26,site C,entretenimento,topo da página,vídeo,tablet,redes sociais,2,2,1,1,0.0206,1,1,1,62.3,71.3,0,1.0,0.5,10.3,1.0,0.5,0.0206,20.6,0.0
2026-03-26,site C,notícias,meio do artigo,banner,computador,redes sociais,6,5,3,1,0.0206,1,1,1,50.2,100.0,0,0.0,0.2,4.12,0.8333333333333334,0.6,0.0206,20.6,0.0
2026-03-26,site B,esportes,intersticial,banner,celular,orgânico,6,5,5,0,0.0205,1,1,1,128.1,38.3,0,0.0,0.0,4.1,0.8333333333333334,1.0,0.0205,20.5,0.0
2026-03-26,site A,finanças,intersticial,vídeo,celular,orgânico,2,1,1,0,0.02021,1,1,1,22.3,52.1,0,0.0,0.0,20.209999999999997,0.5,1.0,0.02021,20.209999999999997,0.0
2026-03-26,site B,notícias,lateral,banner,celular,direto,6,4,2,0,0.019,1,1,1,56.3,49.7,0,0.0,0.0,4.75,0.6666666666666666,0.5,0.019,19.0,0.0
2026-03-26,site A,notícias,meio do artigo,banner,computador,orgânico,6,5,4,0,0.01847,1,1,1,38.2,81.0,0,0.0,0.0,3.694,0.8333333333333334,0.8,0.01847,18.47,0.0
2026-03-26,site A,finanças,topo da página,banner,computador,direto,4,2,2,0,0.01745,1,1,1,154.6,74.7,0,0.0,0.0,8.725,0.5,1.0,0.01745,17.45,0.0
2026-03-26,site B,estilo de vida,rodapé fixo,vídeo,celular,orgânico,5,4,2,0,0.01704,1,1,1,108.2,61.4,1,0.0,0.0,4.26,0.8,0.5,0.01704,17.04,1.0
2026-03-26,site A,tecnologia,lateral,nativo,celular,direto,2,2,1,0,0.01656,1,1,1,39.8,68.6,0,0.0,0.0,8.28,1.0,0.5,0.01656,16.56,0.0
2026-03-26,site B,finanças,topo da página,nativo,celular,referência,6,5,3,0,0.01558,1,1,1,29.6,50.3,1,0.0,0.0,3.116,0.8333333333333334,0.6,0.01558,15.58,1.0
2026-03-26,site A,notícias,topo da página,vídeo,computador,orgânico,4,3,2,0,0.0153,1,1,1,75.4,50.6,0,0.0,0.0,5.1,0.75,0.6666666666666666,0.0153,15.299999999999999,0.0
2026-03-26,site A,entretenimento,intersticial,banner,celular,orgânico,6,4,2,0,0.01527,1,1,1,32.6,75.8,0,0.0,0.0,3.8175000000000003,0.6666666666666666,0.5,0.01527,15.270000000000001,0.0
2026-03-26,site B,estilo de vida,meio do artigo,nativo,computador,direto,4,4,3,0,0.01506,1,1,1,46.8,98.0,0,0.0,0.0,3.765,1.0,0.75,0.01506,15.06,0.0
2026-03-26,site C,estilo de vida,rodapé fixo,mídia rica,celular,direto,6,4,4,0,0.015,1,1,1,14.8,56.6,1,0.0,0.0,3.75,0.6666666666666666,1.0,0.015,15.0,1.0
2026-03-26,site A,tecnologia,lateral,banner,celular,redes sociais,6,5,1,0,0.01489,1,1,1,38.1,65.3,1,1.0,0.0,2.978,0.8333333333333334,0.2,0.01489,14.89,1.0
2026-03-26,site B,estilo de vida,rodapé fixo,banner,celular,redes sociais,3,3,1,0,0.01483,1,1,1,41.1,63.3,0,0.0,0.0,4.943333333333333,1.0,0.3333333333333333,0.01483,14.83,0.0
2026-03-26,site A,esportes,rodapé fixo,vídeo,tablet,referência,5,3,2,0,0.01444,1,1,1,62.8,76.3,1,0.0,0.0,4.8133333333333335,0.6,0.6666666666666666,0.01444,14.44,1.0
2026-03-26,site C,notícias,lateral,banner,computador,newsletter,5,5,1,0,0.01416,1,1,1,35.2,70.9,0,0.0,0.0,2.832,1.0,0.2,0.01416,14.16,0.0
2026-03-26,site B,tecnologia,lateral,vídeo,celular,direto,3,3,0,0,0.01411,1,1,1,78.5,100.0,0,0.0,0.0,4.703333333333333,1.0,0.0,0.01411,14.11,0.0
2026-03-26,site A,finanças,intersticial,nativo,tablet,orgânico,3,2,1,0,0.01389,1,1,1,27.7,54.1,0,0.0,0.0,6.944999999999999,0.6666666666666666,0.5,0.01389,13.889999999999999,0.0
2026-03-26,site C,estilo de vida,rodapé fixo,nativo,computador,direto,4,2,2,0,0.0137,1,1,1,142.0,47.7,0,1.0,0.0,6.8500000000000005,0.5,1.0,0.0137,13.700000000000001,0.0
2026-03-26,site A,notícias,meio do artigo,vídeo,celular,orgânico,3,2,1,0,0.01364,1,1,1,120.3,57.7,1,0.0,0.0,6.819999999999999,0.6666666666666666,0.5,0.01364,13.639999999999999,1.0
2026-03-26,site A,esportes,topo da página,banner,computador,direto,6,4,3,0,0.01327,1,1,1,32.5,45.9,0,1.0,0.0,3.3175000000000003,0.6666666666666666,0.75,0.01327,13.270000000000001,0.0
2026-03-26,site B,tecnologia,rodapé fixo,banner,celular,referência,6,4,3,0,0.01326,1,1,1,99.0,64.9,0,0.0,0.0,3.315,0.6666666666666666,0.75,0.01326,13.26,0.0
2026-03-26,site A,notícias,topo da página,vídeo,computador,direto,1,1,0,0,0.01289,1,1,1,23.0,72.0,1,0.0,0.0,12.89,1.0,0.0,0.01289,12.89,1.0
2026-03-26,site C,notícias,topo da página,nativo,tablet,referência,2,2,2,0,0.01272,1,1,1,59.1,31.8,0,0.0,0.0,6.36,1.0,1.0,0.01272,12.72,0.0
2026-03-26,site C,tecnologia,meio do artigo,mídia rica,celular,referência,3,2,2,0,0.01248,1,1,1,41.6,35.4,0,1.0,0.0,6.24,0.6666666666666666,1.0,0.01248,12.48,0.0
2026-03-26,site B,tecnologia,lateral,nativo,computador,direto,3,2,0,0,0.01229,1,1,1,37.8,100.0,0,1.0,0.0,6.1450000000000005,0.6666666666666666,0.0,0.01229,12.290000000000001,0.0
2026-03-26,site B,tecnologia,meio do artigo,banner,celular,orgânico,3,3,2,0,0.01189,1,1,1,26.4,67.1,1,1.0,0.0,3.963333333333333,1.0,0.6666666666666666,0.01189,11.889999999999999,1.0
2026-03-26,site A,estilo de vida,lateral,banner,celular,orgânico,4,3,3,0,0.01156,1,1,1,31.7,49.5,1,0.0,0.0,3.8533333333333335,0.75,1.0,0.01156,11.56,1.0
2026-03-26,site A,esportes,meio do artigo,banner,computador,referência,4,2,2,0,0.0114,1,1,1,49.9,16.3,1,0.0,0.0,5.7,0.5,1.0,0.0114,11.4,1.0
2026-03-26,site C,finanças,meio do artigo,nativo,celular,referência,1,1,1,0,0.01134,1,1,1,48.8,96.1,1,1.0,0.0,11.34,1.0,1.0,0.01134,11.34,1.0
2026-03-26,site A,notícias,rodapé fixo,banner,celular,referência,6,4,2,0,0.01102,1,1,1,91.5,63.1,1,1.0,0.0,2.755,0.6666666666666666,0.5,0.01102,11.02,1.0
2026-03-26,site A,tecnologia,rodapé fixo,banner,celular,referência,2,2,1,0,0.01101,1,1,1,93.1,63.8,0,0.0,0.0,5.505000000000001,1.0,0.5,0.01101,11.010000000000002,0.0
2026-03-26,site A,notícias,topo da página,vídeo,celular,redes sociais,3,1,0,0,0.01091,1,1,1,79.8,27.2,1,0.0,0.0,10.91,0.3333333333333333,0.0,0.01091,10.91,1.0
2026-03-26,site A,finanças,topo da página,banner,celular,orgânico,2,2,1,0,0.01059,1,1,1,40.7,69.1,0,1.0,0.0,5.295,1.0,0.5,0.01059,10.59,0.0
2026-03-26,site A,tecnologia,meio do artigo,banner,celular,orgânico,4,2,2,0,0.01049,1,1,1,7.7,45.7,1,0.0,0.0,5.244999999999999,0.5,1.0,0.01049,10.489999999999998,1.0
2026-03-26,site A,esportes,rodapé fixo,banner,computador,orgânico,4,3,3,0,0.0103,1,1,1,112.3,81.4,1,0.0,0.0,3.4333333333333336,0.75,1.0,0.0103,10.3,1.0
2026-03-26,site C,estilo de vida,topo da página,banner,computador,direto,4,3,2,0,0.00942,1,1,1,24.3,63.1,1,0.0,0.0,3.14,0.75,0.6666666666666666,0.00942,9.42,1.0
2026-03-26,site A,tecnologia,rodapé fixo,vídeo,tablet,referência,1,1,1,0,0.00927,1,1,1,119.6,22.4,0,1.0,0.0,9.27,1.0,1.0,0.00927,9.27,0.0
2026-03-26,site A,estilo de vida,lateral,banner,celular,redes sociais,2,2,2,0,0.00871,1,1,1,18.6,87.5,0,0.0,0.0,4.355,1.0,1.0,0.00871,8.71,0.0
2026-03-26,site A,finanças,intersticial,banner,celular,orgânico,2,2,1,0,0.0087,1,1,1,28.5,45.8,0,0.0,0.0,4.35,1.0,0.5,0.0087,8.7,0.0
2026-03-26,site C,esportes,meio do artigo,banner,celular,direto,3,2,1,0,0.0076,1,1,1,24.9,25.2,1,0.0,0.0,3.8,0.6666666666666666,0.5,0.0076,7.6,1.0
2026-03-26,site B,estilo de vida,rodapé fixo,banner,computador,referência,5,4,2,0,0.00742,1,1,1,140.5,38.3,0,1.0,0.0,1.8550000000000002,0.8,0.5,0.00742,7.420000000000001,0.0
2026-03-26,site B,finanças,topo da página,banner,celular,orgânico,2,2,2,0,0.00713,1,1,1,27.8,68.7,1,1.0,0.0,3.565,1.0,1.0,0.00713,7.13,1.0
2026-03-26,site A,tecnologia,rodapé fixo,banner,celular,newsletter,3,2,2,0,0.00711,1,1,1,80.5,62.3,1,1.0,0.0,3.555,0.6666666666666666,1.0,0.00711,7.11,1.0
2026-03-26,site A,esportes,lateral,nativo,celular,direto,2,1,1,0,0.00709,1,1,1,27.4,36.8,0,1.0,0.0,7.09,0.5,1.0,0.00709,7.09,0.0
2026-03-26,site A,esportes,lateral,banner,celular,redes sociais,2,2,1,0,0.0068,1,1,1,26.0,14.8,0,1.0,0.0,3.4,1.0,0.5,0.0068,6.8,0.0
2026-03-26,site A,notícias,intersticial,banner,computador,referência,2,1,1,0,0.0066,1,1,1,112.4,62.4,0,0.0,0.0,6.6,0.5,1.0,0.0066,6.6,0.0
2026-03-26,site A,entretenimento,topo da página,mídia rica,celular,redes sociais,3,2,2,1,0.00649,1,1,1,5.6,84.3,0,1.0,0.5,3.245,0.6666666666666666,1.0,0.00649,6.49,0.0
2026-03-26,site B,notícias,meio do artigo,vídeo,celular,orgânico,2,1,1,0,0.00623,1,1,1,120.1,62.8,1,1.0,0.0,6.23,0.5,1.0,0.00623,6.23,1.0
2026-03-26,site C,finanças,rodapé fixo,banner,celular,orgânico,1,1,0,0,0.00623,1,1,1,87.0,65.5,1,1.0,0.0,6.23,1.0,0.0,0.00623,6.23,1.0
2026-03-26,site A,notícias,meio do artigo,vídeo,computador,redes sociais,1,1,0,0,0.00619,1,1,1,29.9,43.8,0,1.0,0.0,6.19,1.0,0.0,0.00619,6.19,0.0
2026-03-26,site B,esportes,rodapé fixo,nativo,tablet,redes sociais,1,1,1,0,0.0061,1,1,1,15.7,60.8,0,0.0,0.0,6.1000000000000005,1.0,1.0,0.0061,6.1000000000000005,0.0
2026-03-26,site A,entretenimento,topo da página,banner,computador,orgânico,6,5,3,0,0.006,1,1,1,30.5,34.5,1,1.0,0.0,1.2,0.8333333333333334,0.6,0.006,6.0,1.0
2026-03-26,site A,notícias,topo da página,nativo,computador,orgânico,2,2,1,0,0.00573,1,1,1,20.3,72.3,1,1.0,0.0,2.8649999999999998,1.0,0.5,0.00573,5.7299999999999995,1.0
2026-03-26,site A,esportes,topo da página,nativo,computador,orgânico,1,1,1,0,0.00546,1,1,1,8.1,48.3,1,1.0,0.0,5.46,1.0,1.0,0.00546,5.46,1.0
2026-03-26,site B,finanças,rodapé fixo,vídeo,celular,redes sociais,3,2,1,0,0.0053,1,1,1,41.5,66.2,0,1.0,0.0,2.65,0.6666666666666666,0.5,0.0053,5.3,0.0
2026-03-26,site A,esportes,meio do artigo,nativo,computador,orgânico,1,1,1,0,0.00525,1,1,1,35.8,76.7,0,0.0,0.0,5.25,1.0,1.0,0.00525,5.25,0.0
2026-03-26,site B,tecnologia,topo da página,banner,celular,direto,2,2,2,0,0.00491,1,1,1,64.8,69.7,1,0.0,0.0,2.455,1.0,1.0,0.00491,4.91,1.0
2026-03-26,site A,notícias,intersticial,nativo,tablet,orgânico,2,1,0,0,0.0042,1,1,1,42.0,62.8,0,0.0,0.0,4.2,0.5,0.0,0.0042,4.2,0.0
2026-03-26,site B,notícias,rodapé fixo,vídeo,celular,redes sociais,1,1,0,0,0.0041,1,1,1,14.6,50.8,1,0.0,0.0,4.1000000000000005,1.0,0.0,0.0041,4.1000000000000005,1.0
2026-03-26,site B,finanças,topo da página,banner,computador,redes sociais,2,1,1,0,0.00399,1,1,1,28.1,73.4,0,1.0,0.0,3.9899999999999998,0.5,1.0,0.00399,3.9899999999999998,0.0
2026-03-26,site B,entretenimento,topo da página,nativo,celular,referência,1,1,1,0,0.00363,1,1,1,49.7,27.1,0,1.0,0.0,3.63,1.0,1.0,0.00363,3.63,0.0
2026-03-26,site B,esportes,topo da página,banner,computador,newsletter,1,1,0,0,0.00342,1,1,1,33.6,58.0,1,1.0,0.0,3.42,1.0,0.0,0.00342,3.42,1.0
2026-03-26,site A,tecnologia,meio do artigo,nativo,computador,orgânico,2,2,0,0,0.00335,1,1,1,26.1,92.0,1,0.0,0.0,1.675,1.0,0.0,0.00335,3.35,1.0
2026-03-26,site A,estilo de vida,meio do artigo,banner,computador,newsletter,2,1,0,0,0.00313,1,1,1,17.2,67.9,0,0.0,0.0,3.13,0.5,0.0,0.00313,3.13,0.0
2026-03-26,site B,finanças,rodapé fixo,mídia rica,computador,orgânico,1,0,0,0,0.00103,1,1,1,61.0,73.8,0,0.0,0.0,0.0,0.0,0.0,0.00103,1.03,0.0
2026-03-26,site A,esportes,lateral,nativo,celular,orgânico,1,0,0,0,0.0,1,1,1,23.4,72.1,1,0.0,0.0,0.0,0.0,0.0,0.0,0.0,1.0
2026-03-26,site A,esportes,meio do artigo,banner,celular,direto,1,0,0,0,0.0,1,1,1,39.5,34.6,1,0.0,0.0,0.0,0.0,0.0,0.0,0.0,1.0
2026-03-26,site A,finanças,lateral,vídeo,celular,orgânico,2,0,0,0,0.0,1,1,1,62.4,83.4,0,1.0,0.0,0.0,0.0,0.0,0.0,0.0,0.0
2026-03-26,site B,estilo de vida,topo da página,banner,computador,redes sociais,2,0,0,0,0.0,1,1,1,78.1,37.3,0,1.0,0.0,0.0,0.0,0.0,0.0,0.0,0.0
2026-03-27,site A,finanças,meio do artigo,banner,computador,direto,9,7,3,1,0.05676,2,2,2,84.94999999999999,49.5,0,1.0,0.14285714285714285,8.108571428571429,0.7777777777777778,0.42857142857142855,0.02838,28.38,0.0
2026-03-27,site A,finanças,topo da página,nativo,celular,orgânico,6,5,4,0,0.04755,1,1,1,183.4,62.7,1,0.0,0.0,9.510000000000002,0.8333333333333334,0.8,0.04755,47.550000000000004,1.0
2026-03-27,site B,finanças,meio do artigo,nativo,tablet,direto,5,5,5,1,0.03908,1,1,1,93.4,43.6,0,1.0,0.2,7.816,1.0,1.0,0.03908,39.08,0.0
2026-03-27,site B,esportes,rodapé fixo,banner,computador,orgânico,6,6,5,0,0.0369,1,1,1,62.7,61.8,1,0.0,0.0,6.150000000000001,1.0,0.8333333333333334,0.0369,36.900000000000006,1.0
2026-03-27,site B,tecnologia,meio do artigo,banner,computador,direto,6,4,4,0,0.0363,1,1,1,24.2,41.6,0,0.0,0.0,9.075,0.6666666666666666,1.0,0.0363,36.3,0.0
2026-03-27,site A,esportes,meio do artigo,banner,computador,direto,5,4,3,0,0.03557,1,1,1,60.5,60.5,0,1.0,0.0,8.8925,0.8,0.75,0.03557,35.57,0.0
2026-03-27,site B,finanças,lateral,banner,tablet,orgânico,5,5,2,0,0.03528,1,1,1,84.7,55.0,0,0.0,0.0,7.056,1.0,0.4,0.03528,35.28,0.0
2026-03-27,site C,notícias,meio do artigo,nativo,computador,orgânico,7,5,3,0,0.03332,2,2,2,52.400000000000006,53.65,1,0.5,0.0,6.664,0.7142857142857143,0.6,0.01666,16.66,0.5
2026-03-27,site C,finanças,topo da página,banner,celular,direto,6,6,5,0,0.03306,1,1,1,40.3,89.5,0,0.0,0.0,5.510000000000001,1.0,0.8333333333333334,0.03306,33.06,0.0
2026-03-27,site A,finanças,meio do artigo,nativo,tablet,orgânico,5,4,0,0,0.03103,1,1,1,109.0,39.7,0,0.0,0.0,7.757499999999999,0.8,0.0,0.03103,31.029999999999998,0.0
2026-03-27,site C,entretenimento,rodapé fixo,nativo,computador,orgânico,4,3,3,0,0.03082,1,1,1,91.1,28.4,1,0.0,0.0,10.273333333333333,0.75,1.0,0.03082,30.82,1.0
2026-03-27,site A,esportes,topo da página,vídeo,computador,redes sociais,4,3,2,0,0.02862,1,1,1,68.1,63.9,0,0.0,0.0,9.540000000000001,0.75,0.6666666666666666,0.02862,28.62,0.0
2026-03-27,site A,tecnologia,topo da página,banner,celular,orgânico,4,3,1,0,0.02741,1,1,1,47.8,79.8,0,1.0,0.0,9.136666666666667,0.75,0.3333333333333333,0.02741,27.41,0.0
2026-03-27,site A,tecnologia,topo da página,vídeo,computador,newsletter,5,4,3,0,0.02568,1,1,1,164.8,36.1,0,1.0,0.0,6.42,0.8,0.75,0.02568,25.68,0.0
2026-03-27,site A,finanças,meio do artigo,nativo,computador,referência,6,4,2,0,0.02356,1,1,1,82.3,70.5,0,0.0,0.0,5.890000000000001,0.6666666666666666,0.5,0.02356,23.560000000000002,0.0
2026-03-27,site B,tecnologia,meio do artigo,mídia rica,computador,newsletter,4,3,3,0,0.02241,1,1,1,91.9,100.0,0,0.0,0.0,7.47,0.75,1.0,0.02241,22.41,0.0
2026-03-27,site B,entretenimento,topo da página,mídia rica,celular,newsletter,5,5,3,0,0.02206,1,1,1,58.2,52.6,1,1.0,0.0,4.412,1.0,0.6,0.02206,22.06,1.0
2026-03-27,site C,tecnologia,meio do artigo,nativo,computador,redes sociais,6,4,1,0,0.02155,1,1,1,34.2,64.5,0,0.0,0.0,5.3875,0.6666666666666666,0.25,0.02155,21.55,0.0
2026-03-27,site B,notícias,meio do artigo,vídeo,computador,orgânico,5,5,3,0,0.02142,1,1,1,39.9,72.4,0,1.0,0.0,4.284000000000001,1.0,0.6,0.02142,21.42,0.0
2026-03-27,site A,notícias,rodapé fixo,banner,computador,redes sociais,5,5,4,0,0.0206,1,1,1,42.2,65.0,0,1.0,0.0,4.12,1.0,0.8,0.0206,20.6,0.0
2026-03-27,site A,entretenimento,rodapé fixo,banner,computador,orgânico,5,4,4,0,0.02051,1,1,1,28.8,55.8,0,1.0,0.0,5.1275,0.8,1.0,0.02051,20.51,0.0
2026-03-27,site A,tecnologia,topo da página,nativo,computador,orgânico,3,3,3,0,0.02046,1,1,1,51.9,64.7,0,0.0,0.0,6.819999999999999,1.0,1.0,0.02046,20.459999999999997,0.0
2026-03-27,site B,notícias,rodapé fixo,banner,computador,redes sociais,4,3,3,0,0.0201,1,1,1,122.0,65.0,0,1.0,0.0,6.7,0.75,1.0,0.0201,20.1,0.0
2026-03-27,site B,esportes,rodapé fixo,banner,celular,direto,3,3,3,0,0.01969,1,1,1,50.5,69.0,1,1.0,0.0,6.563333333333333,1.0,1.0,0.01969,19.689999999999998,1.0
2026-03-27,site B,notícias,rodapé fixo,nativo,computador,referência,3,3,3,0,0.01954,1,1,1,90.8,59.3,1,0.0,0.0,6.513333333333333,1.0,1.0,0.01954,19.54,1.0
2026-03-27,site C,finanças,topo da página,banner,tablet,orgânico,3,3,3,0,0.01945,1,1,1,27.6,19.7,0,1.0,0.0,6.483333333333333,1.0,1.0,0.01945,19.45,0.0
2026-03-27,site A,finanças,meio do artigo,nativo,celular,orgânico,6,5,4,0,0.0194,1,1,1,45.5,52.4,1,1.0,0.0,3.8800000000000003,0.8333333333333334,0.8,0.0194,19.400000000000002,1.0
2026-03-27,site C,tecnologia,lateral,vídeo,tablet,orgânico,3,2,1,0,0.01937,1,1,1,75.7,51.0,0,1.0,0.0,9.684999999999999,0.6666666666666666,0.5,0.01937,19.369999999999997,0.0
2026-03-27,site A,estilo de vida,rodapé fixo,vídeo,tablet,orgânico,4,4,3,0,0.01931,1,1,1,80.4,9.4,0,0.0,0.0,4.827500000000001,1.0,0.75,0.01931,19.310000000000002,0.0
2026-03-27,site C,tecnologia,topo da página,nativo,computador,orgânico,4,4,3,0,0.01916,1,1,1,111.5,52.5,0,1.0,0.0,4.79,1.0,0.75,0.01916,19.16,0.0
2026-03-27,site B,entretenimento,meio do artigo,banner,celular,direto,6,4,2,0,0.01907,1,1,1,23.5,37.6,0,1.0,0.0,4.7675,0.6666666666666666,0.5,0.01907,19.07,0.0
2026-03-27,site B,tecnologia,rodapé fixo,banner,computador,orgânico,4,3,3,0,0.01892,1,1,1,70.9,57.2,0,0.0,0.0,6.306666666666666,0.75,1.0,0.01892,18.919999999999998,0.0
2026-03-27,site A,finanças,meio do artigo,banner,tablet,direto,6,5,2,0,0.01884,1,1,1,17.0,60.3,0,0.0,0.0,3.768,0.8333333333333334,0.4,0.01884,18.84,0.0
2026-03-27,site B,tecnologia,rodapé fixo,banner,celular,redes sociais,5,3,2,0,0.01872,1,1,1,88.2,48.7,0,0.0,0.0,6.239999999999999,0.6,0.6666666666666666,0.01872,18.72,0.0
2026-03-27,site A,notícias,topo da página,vídeo,computador,redes sociais,2,2,2,0,0.01796,1,1,1,71.0,63.6,0,0.0,0.0,8.98,1.0,1.0,0.01796,17.96,0.0
2026-03-27,site B,tecnologia,meio do artigo,banner,celular,redes sociais,6,5,3,0,0.01768,1,1,1,112.8,53.9,0,0.0,0.0,3.536,0.8333333333333334,0.6,0.01768,17.68,0.0
2026-03-27,site C,entretenimento,meio do artigo,vídeo,celular,newsletter,6,4,3,0,0.01744,1,1,1,65.4,16.8,1,1.0,0.0,4.36,0.6666666666666666,0.75,0.01744,17.44,1.0
2026-03-27,site C,esportes,meio do artigo,nativo,computador,orgânico,4,3,3,0,0.01743,1,1,1,207.8,54.4,1,1.0,0.0,5.81,0.75,1.0,0.01743,17.43,1.0
2026-03-27,site A,notícias,topo da página,banner,celular,orgânico,5,5,2,0,0.01711,1,1,1,164.9,36.1,1,0.0,0.0,3.4219999999999997,1.0,0.4,0.01711,17.11,1.0
2026-03-27,site B,tecnologia,meio do artigo,vídeo,computador,referência,2,2,2,0,0.01707,1,1,1,211.4,80.2,0,0.0,0.0,8.534999999999998,1.0,1.0,0.01707,17.069999999999997,0.0
2026-03-27,site C,notícias,meio do artigo,banner,celular,orgânico,6,4,4,0,0.01654,1,1,1,31.5,57.2,0,0.0,0.0,4.135,0.6666666666666666,1.0,0.01654,16.54,0.0
2026-03-27,site C,entretenimento,topo da página,banner,computador,redes sociais,6,4,2,0,0.0165,1,1,1,12.8,83.2,0,1.0,0.0,4.125,0.6666666666666666,0.5,0.0165,16.5,0.0
2026-03-27,site B,estilo de vida,meio do artigo,banner,computador,direto,3,3,3,0,0.01628,1,1,1,58.2,81.0,1,0.0,0.0,5.426666666666666,1.0,1.0,0.01628,16.279999999999998,1.0
2026-03-27,site A,notícias,lateral,banner,computador,orgânico,6,3,2,0,0.01586,1,1,1,18.7,55.4,0,0.0,0.0,5.286666666666666,0.5,0.6666666666666666,0.01586,15.86,0.0
2026-03-27,site C,estilo de vida,topo da página,banner,celular,newsletter,4,3,2,0,0.01566,1,1,1,30.9,37.0,0,0.0,0.0,5.22,0.75,0.6666666666666666,0.01566,15.66,0.0
2026-03-27,site B,entretenimento,meio do artigo,banner,computador,direto,6,4,3,0,0.01549,1,1,1,5.9,45.4,0,0.0,0.0,3.8725,0.6666666666666666,0.75,0.01549,15.49,0.0
2026-03-27,site B,notícias,topo da página,vídeo,celular,orgânico,2,2,2,0,0.01507,1,1,1,28.8,48.3,1,1.0,0.0,7.535,1.0,1.0,0.01507,15.07,1.0
2026-03-27,site A,estilo de vida,topo da página,banner,celular,referência,4,3,1,0,0.01448,1,1,1,20.2,64.9,1,1.0,0.0,4.826666666666667,0.75,0.3333333333333333,0.01448,14.48,1.0
2026-03-27,site B,estilo de vida,topo da página,vídeo,celular,redes sociais,2,2,2,0,0.01398,1,1,1,39.7,59.3,1,0.0,0.0,6.989999999999999,1.0,1.0,0.01398,13.979999999999999,1.0
2026-03-27,site A,tecnologia,meio do artigo,vídeo,computador,orgânico,4,3,1,0,0.01392,1,1,1,62.0,25.8,1,0.0,0.0,4.64,0.75,0.3333333333333333,0.01392,13.92,1.0
2026-03-27,site C,entretenimento,meio do artigo,nativo,computador,orgânico,5,4,2,0,0.01385,1,1,1,24.8,46.4,1,1.0,0.0,3.4625,0.8,0.5,0.01385,13.85,1.0
2026-03-27,site C,entretenimento,intersticial,nativo,computador,orgânico,4,3,2,0,0.01328,1,1,1,71.5,36.5,0,0.0,0.0,4.426666666666667,0.75,0.6666666666666666,0.01328,13.28,0.0
2026-03-27,site A,entretenimento,topo da página,banner,celular,redes sociais,6,3,1,0,0.01323,1,1,1,46.6,65.4,1,0.0,0.0,4.41,0.5,0.3333333333333333,0.01323,13.23,1.0
2026-03-27,site A,finanças,topo da página,banner,celular,orgânico,5,5,2,0,0.01315,1,1,1,55.8,100.0,1,1.0,0.0,2.63,1.0,0.4,0.01315,13.15,1.0
2026-03-27,site A,esportes,rodapé fixo,nativo,celular,direto,6,5,4,0,0.01282,1,1,1,90.6,59.5,1,0.0,0.0,2.564,0.8333333333333334,0.8,0.01282,12.82,1.0
2026-03-27,site A,finanças,topo da página,banner,computador,direto,3,3,1,0,0.01268,1,1,1,43.9,50.5,0,0.0,0.0,4.226666666666667,1.0,0.3333333333333333,0.01268,12.68,0.0
2026-03-27,site A,notícias,topo da página,nativo,computador,direto,6,4,2,0,0.01264,1,1,1,29.9,36.8,1,0.0,0.0,3.16,0.6666666666666666,0.5,0.01264,12.64,1.0
2026-03-27,site A,tecnologia,rodapé fixo,nativo,celular,redes sociais,5,4,3,0,0.01226,1,1,1,92.8,27.3,1,0.0,0.0,3.065,0.8,0.75,0.01226,12.26,1.0
2026-03-27,site B,tecnologia,meio do artigo,banner,computador,newsletter,4,3,1,0,0.01214,1,1,1,57.0,59.8,1,1.0,0.0,4.046666666666667,0.75,0.3333333333333333,0.01214,12.14,1.0
2026-03-27,site A,estilo de vida,meio do artigo,nativo,celular,direto,5,3,2,0,0.01209,1,1,1,13.6,81.5,0,0.0,0.0,4.03,0.6,0.6666666666666666,0.01209,12.09,0.0
2026-03-27,site B,esportes,meio do artigo,banner,celular,redes sociais,5,3,1,0,0.01203,1,1,1,58.7,71.8,1,1.0,0.0,4.010000000000001,0.6,0.3333333333333333,0.01203,12.030000000000001,1.0
2026-03-27,site C,tecnologia,rodapé fixo,banner,celular,orgânico,4,3,3,0,0.01187,1,1,1,14.6,85.3,0,0.0,0.0,3.956666666666667,0.75,1.0,0.01187,11.870000000000001,0.0
2026-03-27,site A,entretenimento,intersticial,banner,computador,redes sociais,2,2,1,0,0.01161,1,1,1,37.4,95.9,0,0.0,0.0,5.805000000000001,1.0,0.5,0.01161,11.610000000000001,0.0
2026-03-27,site B,estilo de vida,lateral,banner,celular,orgânico,4,4,2,0,0.01105,1,1,1,68.3,41.3,1,1.0,0.0,2.7625,1.0,0.5,0.01105,11.05,1.0
2026-03-27,site B,esportes,intersticial,banner,celular,direto,3,3,3,0,0.011,1,1,1,169.2,63.4,1,1.0,0.0,3.6666666666666665,1.0,1.0,0.011,11.0,1.0
2026-03-27,site A,entretenimento,rodapé fixo,vídeo,tablet,newsletter,3,2,2,0,0.01085,1,1,1,72.8,63.3,0,0.0,0.0,5.425,0.6666666666666666,1.0,0.01085,10.85,0.0
2026-03-27,site A,esportes,lateral,mídia rica,celular,direto,4,4,2,0,0.01067,1,1,1,42.4,64.3,1,1.0,0.0,2.6675,1.0,0.5,0.01067,10.67,1.0
2026-03-27,site B,estilo de vida,topo da página,nativo,celular,direto,2,2,0,0,0.01061,1,1,1,68.5,41.8,0,0.0,0.0,5.305,1.0,0.0,0.01061,10.61,0.0
2026-03-27,site A,notícias,meio do artigo,banner,celular,redes sociais,6,6,5,0,0.01047,1,1,1,55.2,49.0,1,0.0,0.0,1.745,1.0,0.8333333333333334,0.01047,10.47,1.0
2026-03-27,site A,notícias,rodapé fixo,banner,computador,referência,3,2,1,0,0.01016,1,1,1,22.0,72.6,0,1.0,0.0,5.08,0.6666666666666666,0.5,0.01016,10.16,0.0
2026-03-27,site A,esportes,topo da página,banner,computador,referência,4,2,0,0,0.01006,1,1,1,15.9,77.8,0,0.0,0.0,5.029999999999999,0.5,0.0,0.01006,10.059999999999999,0.0
2026-03-27,site C,esportes,meio do artigo,banner,celular,orgânico,5,3,1,0,0.00974,1,1,1,64.7,25.4,0,1.0,0.0,3.2466666666666666,0.6,0.3333333333333333,0.00974,9.74,0.0
2026-03-27,site B,entretenimento,rodapé fixo,banner,celular,orgânico,6,5,3,0,0.00942,1,1,1,39.4,47.4,0,0.0,0.0,1.884,0.8333333333333334,0.6,0.00942,9.42,0.0
2026-03-27,site C,notícias,meio do artigo,nativo,tablet,orgânico,1,1,1,0,0.00942,1,1,1,22.0,97.0,1,1.0,0.0,9.42,1.0,1.0,0.00942,9.42,1.0
2026-03-27,site B,notícias,topo da página,nativo,celular,orgânico,3,3,0,0,0.00938,1,1,1,5.8,36.1,1,1.0,0.0,3.1266666666666665,1.0,0.0,0.00938,9.379999999999999,1.0
2026-03-27,site A,estilo de vida,topo da página,vídeo,celular,referência,2,2,2,0,0.00937,1,1,1,41.7,82.7,0,0.0,0.0,4.685,1.0,1.0,0.00937,9.37,0.0
2026-03-27,site A,esportes,meio do artigo,nativo,celular,orgânico,5,3,2,1,0.00935,1,1,1,67.9,70.4,1,1.0,0.3333333333333333,3.116666666666667,0.6,0.6666666666666666,0.00935,9.350000000000001,1.0
2026-03-27,site B,esportes,topo da página,banner,celular,orgânico,4,3,2,0,0.00918,1,1,1,29.2,44.1,1,0.0,0.0,3.0600000000000005,0.75,0.6666666666666666,0.00918,9.180000000000001,1.0
2026-03-27,site B,entretenimento,topo da página,banner,computador,redes sociais,1,1,1,0,0.00915,1,1,1,138.9,68.3,0,1.0,0.0,9.15,1.0,1.0,0.00915,9.15,0.0
2026-03-27,site C,finanças,topo da página,vídeo,computador,redes sociais,1,1,1,0,0.00898,1,1,1,36.9,89.3,1,0.0,0.0,8.98,1.0,1.0,0.00898,8.98,1.0
2026-03-27,site B,estilo de vida,topo da página,banner,celular,direto,3,3,1,1,0.00897,1,1,1,149.6,54.5,0,1.0,0.3333333333333333,2.99,1.0,0.3333333333333333,0.00897,8.97,0.0
2026-03-27,site A,notícias,meio do artigo,nativo,celular,redes sociais,2,2,2,0,0.00841,1,1,1,23.0,62.6,0,0.0,0.0,4.205,1.0,1.0,0.00841,8.41,0.0
2026-03-27,site C,esportes,meio do artigo,banner,celular,redes sociais,4,4,4,0,0.00841,1,1,1,47.0,100.0,1,0.0,0.0,2.1025,1.0,1.0,0.00841,8.41,1.0
2026-03-27,site C,esportes,rodapé fixo,banner,celular,redes sociais,6,5,4,0,0.00839,1,1,1,105.8,63.2,1,1.0,0.0,1.6780000000000002,0.8333333333333334,0.8,0.00839,8.39,1.0
2026-03-27,site B,notícias,meio do artigo,banner,celular,newsletter,2,2,1,0,0.00779,1,1,1,41.7,48.4,0,0.0,0.0,3.895,1.0,0.5,0.00779,7.79,0.0
2026-03-27,site B,esportes,topo da página,banner,computador,direto,3,3,2,0,0.0075,1,1,1,51.2,67.4,1,0.0,0.0,2.5,1.0,0.6666666666666666,0.0075,7.5,1.0
2026-03-27,site A,notícias,topo da página,banner,computador,direto,1,1,1,0,0.00698,1,1,1,113.9,52.1,0,0.0,0.0,6.98,1.0,1.0,0.00698,6.98,0.0
2026-03-27,site A,notícias,lateral,mídia rica,tablet,redes sociais,1,1,1,0,0.00691,1,1,1,5.9,40.5,0,1.0,0.0,6.91,1.0,1.0,0.00691,6.91,0.0
2026-03-27,site C,esportes,topo da página,vídeo,celular,direto,2,2,2,0,0.00672,1,1,1,31.7,58.4,1,0.0,0.0,3.3600000000000003,1.0,1.0,0.00672,6.720000000000001,1.0
2026-03-27,site A,finanças,topo da página,vídeo,celular,redes sociais,1,1,1,0,0.00622,1,1,1,46.8,63.1,1,0.0,0.0,6.22,1.0,1.0,0.00622,6.22,1.0
2026-03-27,site B,esportes,topo da página,banner,celular,newsletter,1,1,1,0,0.00615,1,1,1,33.3,52.3,0,0.0,0.0,6.15,1.0,1.0,0.00615,6.15,0.0
2026-03-27,site A,notícias,topo da página,mídia rica,tablet,orgânico,4,2,1,0,0.00591,1,1,1,52.1,82.6,1,1.0,0.0,2.955,0.5,0.5,0.00591,5.91,1.0
2026-03-27,site B,esportes,rodapé fixo,vídeo,computador,newsletter,2,2,1,0,0.00577,1,1,1,113.8,15.4,0,0.0,0.0,2.885,1.0,0.5,0.00577,5.77,0.0
2026-03-27,site C,estilo de vida,meio do artigo,nativo,computador,redes sociais,1,1,1,0,0.0051,1,1,1,77.2,75.8,0,0.0,0.0,5.1000000000000005,1.0,1.0,0.0051,5.1000000000000005,0.0
2026-03-27,site A,finanças,rodapé fixo,banner,tablet,orgânico,3,2,1,0,0.00498,1,1,1,25.5,52.4,0,0.0,0.0,2.49,0.6666666666666666,0.5,0.00498,4.98,0.0
2026-03-27,site C,entretenimento,topo da página,banner,celular,orgânico,4,2,2,0,0.00477,1,1,1,114.5,42.3,1,0.0,0.0,2.385,0.5,1.0,0.00477,4.77,1.0
2026-03-27,site A,entretenimento,rodapé fixo,nativo,tablet,redes sociais,1,1,1,0,0.00468,1,1,1,55.6,36.1,1,0.0,0.0,4.68,1.0,1.0,0.00468,4.68,1.0
2026-03-27,site A,estilo de vida,intersticial,banner,computador,redes sociais,4,1,1,0,0.00434,1,1,1,49.7,75.6,0,0.0,0.0,4.34,0.25,1.0,0.00434,4.34,0.0
2026-03-27,site B,tecnologia,topo da página,nativo,celular,redes sociais,2,2,1,0,0.00398,1,1,1,20.8,93.1,0,0.0,0.0,1.99,1.0,0.5,0.00398,3.98,0.0
2026-03-27,site B,esportes,lateral,nativo,celular,orgânico,1,1,0,0,0.00382,1,1,1,68.5,60.0,0,0.0,0.0,3.82,1.0,0.0,0.00382,3.82,0.0
2026-03-27,site B,entretenimento,topo da página,banner,computador,orgânico,3,3,3,0,0.00381,1,1,1,50.3,33.9,0,1.0,0.0,1.27,1.0,1.0,0.00381,3.81,0.0
2026-03-27,site B,notícias,meio do artigo,banner,celular,orgânico,1,1,1,0,0.0036,1,1,1,25.4,87.6,0,1.0,0.0,3.6,1.0,1.0,0.0036,3.6,0.0
2026-03-27,site B,esportes,topo da página,nativo,tablet,redes sociais,1,1,1,0,0.00354,1,1,1,51.9,83.2,0,0.0,0.0,3.54,1.0,1.0,0.00354,3.54,0.0
2026-03-27,site C,notícias,topo da página,banner,computador,direto,1,1,1,0,0.0035,1,1,1,36.6,87.1,0,0.0,0.0,3.5,1.0,1.0,0.0035,3.5,0.0
2026-03-27,site A,estilo de vida,meio do artigo,banner,celular,orgânico,2,1,0,0,0.00316,1,1,1,61.2,50.6,1,0.0,0.0,3.16,0.5,0.0,0.00316,3.16,1.0
2026-03-27,site B,estilo de vida,meio do artigo,banner,celular,direto,1,0,0,0,0.00274,1,1,1,9.9,52.1,1,0.0,0.0,0.0,0.0,0.0,0.00274,2.7399999999999998,1.0
2026-03-27,site B,estilo de vida,topo da página,banner,computador,orgânico,1,0,0,0,0.00248,1,1,1,49.7,57.4,0,0.0,0.0,0.0,0.0,0.0,0.00248,2.48,0.0
2026-03-27,site B,notícias,rodapé fixo,banner,tablet,direto,1,1,1,0,0.00201,1,1,1,44.2,65.0,0,1.0,0.0,2.0100000000000002,1.0,1.0,0.00201,2.0100000000000002,0.0
2026-03-27,site C,estilo de vida,topo da página,vídeo,computador,orgânico,1,0,0,0,0.00192,1,1,1,83.8,77.9,0,0.0,0.0,0.0,0.0,0.0,0.00192,1.9200000000000002,0.0
2026-03-27,site A,entretenimento,meio do artigo,banner,celular,newsletter,1,1,0,0,0.00185,1,1,1,11.9,44.5,0,0.0,0.0,1.85,1.0,0.0,0.00185,1.85,0.0
2026-03-27,site A,finanças,topo da página,mídia rica,celular,referência,2,0,0,0,0.00154,1,1,1,41.6,38.5,0,0.0,0.0,0.0,0.0,0.0,0.00154,1.5399999999999998,0.0
2026-03-27,site A,estilo de vida,meio do artigo,mídia rica,celular,redes sociais,2,0,0,0,0.0,1,1,1,24.6,30.2,0,1.0,0.0,0.0,0.0,0.0,0.0,0.0,0.0
2026-03-28,site A,finanças,meio do artigo,mídia rica,celular,direto,4,4,4,0,0.06353,1,1,1,52.1,56.5,1,0.0,0.0,15.8825,1.0,1.0,0.06353,63.53,1.0
2026-03-28,site A,esportes,topo da página,banner,computador,direto,6,5,4,0,0.06042,1,1,1,38.3,44.4,0,1.0,0.0,12.084,0.8333333333333334,0.8,0.06042,60.42,0.0
2026-03-28,site B,finanças,lateral,nativo,computador,orgânico,6,5,3,0,0.05829,1,1,1,53.8,49.0,0,1.0,0.0,11.658,0.8333333333333334,0.6,0.05829,58.29,0.0
2026-03-28,site A,notícias,rodapé fixo,vídeo,celular,newsletter,6,6,5,0,0.04731,1,1,1,59.7,58.4,0,0.0,0.0,7.884999999999999,1.0,0.8333333333333334,0.04731,47.309999999999995,0.0
2026-03-28,site B,tecnologia,rodapé fixo,vídeo,celular,orgânico,5,4,3,0,0.04513,1,1,1,33.7,43.4,1,0.0,0.0,11.2825,0.8,0.75,0.04513,45.13,1.0
2026-03-28,site C,tecnologia,meio do artigo,nativo,computador,referência,5,5,5,0,0.04259,1,1,1,77.7,54.3,0,0.0,0.0,8.518,1.0,1.0,0.04259,42.59,0.0
2026-03-28,site B,tecnologia,topo da página,vídeo,celular,direto,6,6,2,0,0.03706,1,1,1,60.4,83.6,0,1.0,0.0,6.176666666666667,1.0,0.3333333333333333,0.03706,37.06,0.0
2026-03-28,site A,tecnologia,rodapé fixo,mídia rica,computador,redes sociais,6,6,6,0,0.03381,1,1,1,9.6,71.8,0,1.0,0.0,5.635000000000001,1.0,1.0,0.03381,33.81,0.0
2026-03-28,site B,notícias,rodapé fixo,nativo,computador,newsletter,6,5,2,0,0.0324,1,1,1,25.0,71.5,1,0.0,0.0,6.4799999999999995,0.8333333333333334,0.4,0.0324,32.4,1.0
2026-03-28,site C,tecnologia,topo da página,banner,celular,redes sociais,6,5,3,0,0.03033,1,1,1,110.0,78.8,0,1.0,0.0,6.066,0.8333333333333334,0.6,0.03033,30.33,0.0
2026-03-28,site C,esportes,rodapé fixo,banner,celular,referência,5,5,5,0,0.02965,1,1,1,59.8,25.6,1,1.0,0.0,5.93,1.0,1.0,0.02965,29.65,1.0
2026-03-28,site A,finanças,topo da página,banner,computador,referência,6,5,3,1,0.02841,1,1,1,124.5,91.0,1,0.0,0.2,5.682,0.8333333333333334,0.6,0.02841,28.41,1.0
2026-03-28,site A,notícias,rodapé fixo,vídeo,computador,orgânico,5,5,5,0,0.0277,1,1,1,57.5,26.7,1,0.0,0.0,5.54,1.0,1.0,0.0277,27.7,1.0
2026-03-28,site A,esportes,lateral,nativo,computador,referência,6,5,3,0,0.02672,1,1,1,71.1,52.4,0,0.0,0.0,5.344,0.8333333333333334,0.6,0.02672,26.720000000000002,0.0
2026-03-28,site B,tecnologia,topo da página,nativo,computador,orgânico,5,4,2,0,0.0266,1,1,1,78.3,22.8,1,0.0,0.0,6.6499999999999995,0.8,0.5,0.0266,26.599999999999998,1.0
2026-03-28,site A,finanças,meio do artigo,nativo,celular,orgânico,3,3,3,0,0.02653,1,1,1,65.5,61.2,1,1.0,0.0,8.843333333333334,1.0,1.0,0.02653,26.53,1.0
2026-03-28,site A,esportes,rodapé fixo,banner,celular,redes sociais,4,3,2,0,0.02489,1,1,1,27.3,53.9,0,0.0,0.0,8.296666666666667,0.75,0.6666666666666666,0.02489,24.89,0.0
2026-03-28,site A,esportes,rodapé fixo,mídia rica,computador,orgânico,5,5,5,0,0.02366,1,1,1,56.4,79.5,1,0.0,0.0,4.732,1.0,1.0,0.02366,23.66,1.0
2026-03-28,site A,tecnologia,topo da página,nativo,tablet,direto,4,3,1,0,0.02346,1,1,1,9.1,32.4,1,0.0,0.0,7.82,0.75,0.3333333333333333,0.02346,23.46,1.0
2026-03-28,site A,finanças,topo da página,nativo,tablet,orgânico,4,3,2,0,0.02298,1,1,1,95.0,52.9,1,1.0,0.0,7.66,0.75,0.6666666666666666,0.02298,22.98,1.0
2026-03-28,site C,notícias,topo da página,banner,celular,orgânico,6,5,1,0,0.02295,1,1,1,115.2,72.1,0,0.0,0.0,4.590000000000001,0.8333333333333334,0.2,0.02295,22.950000000000003,0.0
2026-03-28,site C,estilo de vida,meio do artigo,vídeo,computador,referência,2,2,0,0,0.02286,1,1,1,93.4,65.2,0,1.0,0.0,11.43,1.0,0.0,0.02286,22.86,0.0
2026-03-28,site A,tecnologia,meio do artigo,nativo,tablet,direto,4,3,2,0,0.02281,1,1,1,8.8,57.0,0,1.0,0.0,7.603333333333333,0.75,0.6666666666666666,0.02281,22.81,0.0
2026-03-28,site C,notícias,rodapé fixo,nativo,celular,redes sociais,4,4,2,0,0.02274,1,1,1,29.9,56.6,1,0.0,0.0,5.685,1.0,0.5,0.02274,22.74,1.0
2026-03-28,site C,notícias,topo da página,nativo,computador,direto,5,5,3,0,0.02256,1,1,1,40.4,76.3,0,1.0,0.0,4.512,1.0,0.6,0.02256,22.56,0.0
2026-03-28,site C,tecnologia,topo da página,mídia rica,celular,orgânico,3,3,2,0,0.02114,1,1,1,47.5,64.5,0,1.0,0.0,7.046666666666667,1.0,0.6666666666666666,0.02114,21.14,0.0
2026-03-28,site B,finanças,rodapé fixo,nativo,computador,orgânico,5,4,4,0,0.02095,1,1,1,72.6,60.4,0,0.0,0.0,5.2375,0.8,1.0,0.02095,20.95,0.0
2026-03-28,site A,finanças,rodapé fixo,nativo,celular,direto,2,2,1,0,0.02041,1,1,1,59.0,62.4,0,1.0,0.0,10.205,1.0,0.5,0.02041,20.41,0.0
2026-03-28,site B,esportes,topo da página,banner,computador,referência,3,3,2,0,0.02029,1,1,1,13.2,40.2,0,1.0,0.0,6.763333333333333,1.0,0.6666666666666666,0.02029,20.29,0.0
2026-03-28,site B,notícias,topo da página,banner,computador,direto,6,5,4,0,0.02015,1,1,1,49.5,52.7,0,0.0,0.0,4.03,0.8333333333333334,0.8,0.02015,20.150000000000002,0.0
2026-03-28,site A,notícias,rodapé fixo,nativo,celular,redes sociais,3,2,2,0,0.01984,1,1,1,63.4,100.0,1,0.0,0.0,9.92,0.6666666666666666,1.0,0.01984,19.84,1.0
2026-03-28,site B,notícias,rodapé fixo,banner,computador,redes sociais,2,2,2,0,0.01897,1,1,1,85.9,75.5,0,0.0,0.0,9.485000000000001,1.0,1.0,0.01897,18.970000000000002,0.0
2026-03-28,site C,tecnologia,lateral,banner,tablet,referência,3,3,2,0,0.01873,1,1,1,82.6,31.7,0,0.0,0.0,6.243333333333333,1.0,0.6666666666666666,0.01873,18.73,0.0
2026-03-28,site C,estilo de vida,meio do artigo,banner,celular,orgânico,5,4,3,0,0.01838,1,1,1,21.4,57.1,1,0.0,0.0,4.595,0.8,0.75,0.01838,18.38,1.0
2026-03-28,site C,tecnologia,meio do artigo,banner,computador,orgânico,4,4,3,0,0.01829,1,1,1,47.5,59.8,0,0.0,0.0,4.5725,1.0,0.75,0.01829,18.29,0.0
2026-03-28,site B,entretenimento,meio do artigo,banner,celular,redes sociais,6,5,3,0,0.01827,1,1,1,76.1,65.8,0,0.0,0.0,3.654000000000001,0.8333333333333334,0.6,0.01827,18.270000000000003,0.0
2026-03-28,site A,finanças,rodapé fixo,banner,computador,referência,5,3,1,0,0.01802,1,1,1,91.0,95.4,0,0.0,0.0,6.006666666666667,0.6,0.3333333333333333,0.01802,18.02,0.0
2026-03-28,site A,entretenimento,intersticial,banner,celular,direto,6,4,2,0,0.01783,1,1,1,10.4,28.8,0,0.0,0.0,4.4575,0.6666666666666666,0.5,0.01783,17.83,0.0
2026-03-28,site B,tecnologia,topo da página,banner,celular,redes sociais,2,2,1,0,0.01748,1,1,1,61.2,40.9,0,0.0,0.0,8.74,1.0,0.5,0.01748,17.48,0.0
2026-03-28,site A,esportes,meio do artigo,banner,computador,direto,4,4,2,0,0.01743,1,1,1,12.3,50.2,1,1.0,0.0,4.3575,1.0,0.5,0.01743,17.43,1.0
2026-03-28,site A,notícias,meio do artigo,banner,computador,newsletter,6,4,3,0,0.01668,1,1,1,15.8,66.2,0,0.0,0.0,4.17,0.6666666666666666,0.75,0.01668,16.68,0.0
2026-03-28,site C,esportes,rodapé fixo,nativo,celular,newsletter,5,3,2,0,0.01582,1,1,1,66.7,62.0,0,0.0,0.0,5.273333333333333,0.6,0.6666666666666666,0.01582,15.82,0.0
2026-03-28,site B,notícias,rodapé fixo,nativo,computador,redes sociais,2,2,2,0,0.01538,1,1,1,89.2,65.5,1,0.0,0.0,7.6899999999999995,1.0,1.0,0.01538,15.379999999999999,1.0
2026-03-28,site B,entretenimento,rodapé fixo,nativo,computador,direto,6,4,4,0,0.01535,1,1,1,30.7,46.1,0,1.0,0.0,3.8375000000000004,0.6666666666666666,1.0,0.01535,15.350000000000001,0.0
2026-03-28,site B,entretenimento,meio do artigo,banner,celular,orgânico,6,3,1,0,0.01488,1,1,1,37.6,62.6,1,0.0,0.0,4.96,0.5,0.3333333333333333,0.01488,14.88,1.0
2026-03-28,site C,estilo de vida,meio do artigo,nativo,celular,orgânico,6,3,2,1,0.01449,1,1,1,66.0,13.8,0,0.0,0.3333333333333333,4.83,0.5,0.6666666666666666,0.01449,14.49,0.0
2026-03-28,site A,notícias,rodapé fixo,banner,celular,referência,2,2,1,0,0.01433,1,1,1,36.1,91.3,0,1.0,0.0,7.165,1.0,0.5,0.01433,14.33,0.0
2026-03-28,site A,esportes,topo da página,vídeo,celular,orgânico,3,3,2,0,0.01419,1,1,1,68.4,69.4,1,1.0,0.0,4.7299999999999995,1.0,0.6666666666666666,0.01419,14.19,1.0
2026-03-28,site A,entretenimento,topo da página,vídeo,computador,redes sociais,2,2,2,0,0.01403,1,1,1,69.6,92.9,0,1.0,0.0,7.015000000000001,1.0,1.0,0.01403,14.030000000000001,0.0
2026-03-28,site B,notícias,topo da página,vídeo,computador,direto,2,2,1,0,0.01402,1,1,1,66.7,43.9,0,1.0,0.0,7.01,1.0,0.5,0.01402,14.02,0.0
2026-03-28,site B,finanças,meio do artigo,nativo,celular,referência,4,4,3,0,0.01347,1,1,1,12.6,94.7,0,0.0,0.0,3.3674999999999997,1.0,0.75,0.01347,13.469999999999999,0.0
2026-03-28,site C,notícias,topo da página,nativo,celular,redes sociais,3,3,2,0,0.01337,1,1,1,65.5,76.2,1,0.0,0.0,4.456666666666666,1.0,0.6666666666666666,0.01337,13.37,1.0
2026-03-28,site C,notícias,lateral,banner,tablet,newsletter,5,4,1,0,0.01331,1,1,1,52.1,77.7,1,0.0,0.0,3.3275,0.8,0.25,0.01331,13.31,1.0
2026-03-28,site A,notícias,rodapé fixo,mídia rica,computador,direto,2,2,2,0,0.01325,1,1,1,35.9,62.7,1,0.0,0.0,6.625,1.0,1.0,0.01325,13.25,1.0
2026-03-28,site A,notícias,topo da página,banner,celular,direto,6,4,0,0,0.01302,1,1,1,28.4,63.1,0,0.0,0.0,3.255,0.6666666666666666,0.0,0.01302,13.02,0.0
2026-03-28,site C,esportes,lateral,nativo,computador,redes sociais,3,2,0,0,0.01295,1,1,1,14.6,39.4,0,1.0,0.0,6.475,0.6666666666666666,0.0,0.01295,12.95,0.0
2026-03-28,site B,notícias,lateral,banner,celular,referência,5,3,2,0,0.01291,1,1,1,48.6,61.0,1,1.0,0.0,4.303333333333334,0.6,0.6666666666666666,0.01291,12.91,1.0
2026-03-28,site A,notícias,topo da página,banner,celular,orgânico,5,3,2,0,0.01135,1,1,1,103.4,48.6,0,1.0,0.0,3.7833333333333337,0.6,0.6666666666666666,0.01135,11.350000000000001,0.0
2026-03-28,site C,tecnologia,intersticial,banner,celular,orgânico,2,2,1,0,0.01114,1,1,1,28.6,29.8,0,0.0,0.0,5.57,1.0,0.5,0.01114,11.14,0.0
2026-03-28,site B,esportes,topo da página,banner,celular,redes sociais,6,5,5,1,0.01097,1,1,1,104.6,58.3,0,1.0,0.2,2.194,0.8333333333333334,1.0,0.01097,10.97,0.0
2026-03-28,site B,esportes,rodapé fixo,banner,tablet,newsletter,6,4,1,0,0.01092,1,1,1,44.5,85.5,0,0.0,0.0,2.73,0.6666666666666666,0.25,0.01092,10.92,0.0
2026-03-28,site A,notícias,meio do artigo,nativo,celular,orgânico,3,3,1,0,0.01049,1,1,1,8.7,61.4,0,1.0,0.0,3.496666666666666,1.0,0.3333333333333333,0.01049,10.489999999999998,0.0
2026-03-28,site A,entretenimento,meio do artigo,nativo,computador,referência,5,3,1,0,0.01039,1,1,1,58.1,59.9,0,0.0,0.0,3.4633333333333334,0.6,0.3333333333333333,0.01039,10.39,0.0
2026-03-28,site A,tecnologia,lateral,banner,celular,redes sociais,2,2,0,0,0.01021,1,1,1,37.1,24.9,0,0.0,0.0,5.105,1.0,0.0,0.01021,10.21,0.0
2026-03-28,site B,finanças,lateral,vídeo,celular,orgânico,1,1,1,0,0.00886,1,1,1,133.9,55.7,1,1.0,0.0,8.86,1.0,1.0,0.00886,8.86,1.0
2026-03-28,site C,notícias,intersticial,banner,celular,direto,2,2,1,0,0.00851,1,1,1,4.1,71.6,1,0.0,0.0,4.255,1.0,0.5,0.00851,8.51,1.0
2026-03-28,site A,notícias,meio do artigo,banner,tablet,orgânico,5,3,1,0,0.00835,1,1,1,41.2,59.0,1,0.0,0.0,2.783333333333333,0.6,0.3333333333333333,0.00835,8.35,1.0
2026-03-28,site B,finanças,meio do artigo,banner,tablet,orgânico,4,3,2,0,0.00829,1,1,1,68.9,74.8,0,0.0,0.0,2.7633333333333336,0.75,0.6666666666666666,0.00829,8.290000000000001,0.0
2026-03-28,site C,tecnologia,lateral,banner,celular,orgânico,3,3,2,0,0.00818,1,1,1,26.8,44.3,1,1.0,0.0,2.7266666666666666,1.0,0.6666666666666666,0.00818,8.18,1.0
2026-03-28,site A,entretenimento,meio do artigo,mídia rica,celular,redes sociais,2,2,1,0,0.00803,1,1,1,16.7,31.5,1,1.0,0.0,4.015000000000001,1.0,0.5,0.00803,8.030000000000001,1.0
2026-03-28,site A,notícias,meio do artigo,nativo,celular,direto,2,2,2,0,0.0078,1,1,1,49.0,64.3,1,1.0,0.0,3.9,1.0,1.0,0.0078,7.8,1.0
2026-03-28,site A,finanças,rodapé fixo,banner,computador,newsletter,2,2,2,0,0.00771,1,1,1,55.6,56.9,0,0.0,0.0,3.855,1.0,1.0,0.00771,7.71,0.0
2026-03-28,site A,estilo de vida,rodapé fixo,nativo,computador,referência,1,1,1,0,0.00736,1,1,1,33.9,77.4,1,0.0,0.0,7.36,1.0,1.0,0.00736,7.36,1.0
2026-03-28,site A,tecnologia,meio do artigo,nativo,computador,orgânico,3,1,1,0,0.00716,1,1,1,109.7,51.5,0,1.0,0.0,7.16,0.3333333333333333,1.0,0.00716,7.16,0.0
2026-03-28,site A,tecnologia,rodapé fixo,banner,celular,direto,2,1,1,0,0.00715,1,1,1,39.4,66.3,1,0.0,0.0,7.15,0.5,1.0,0.00715,7.15,1.0
2026-03-28,site C,notícias,topo da página,nativo,celular,direto,2,2,2,0,0.00693,1,1,1,37.1,49.3,0,0.0,0.0,3.4650000000000003,1.0,1.0,0.00693,6.930000000000001,0.0
2026-03-28,site A,notícias,topo da página,banner,celular,redes sociais,4,3,3,0,0.00675,1,1,1,16.2,50.9,1,1.0,0.0,2.25,0.75,1.0,0.00675,6.75,1.0
2026-03-28,site B,entretenimento,topo da página,banner,computador,orgânico,2,2,0,0,0.00647,1,1,1,46.8,30.7,0,0.0,0.0,3.235,1.0,0.0,0.00647,6.47,0.0
2026-03-28,site C,estilo de vida,topo da página,banner,computador,orgânico,1,1,1,0,0.0062,1,1,1,26.6,25.8,0,0.0,0.0,6.2,1.0,1.0,0.0062,6.2,0.0
2026-03-28,site B,estilo de vida,rodapé fixo,vídeo,computador,referência,2,1,1,0,0.00613,1,1,1,59.3,37.8,0,0.0,0.0,6.13,0.5,1.0,0.00613,6.13,0.0
2026-03-28,site C,notícias,topo da página,banner,tablet,orgânico,3,2,1,0,0.00612,1,1,1,81.3,72.5,1,0.0,0.0,3.0599999999999996,0.6666666666666666,0.5,0.00612,6.119999999999999,1.0
2026-03-28,site A,entretenimento,rodapé fixo,banner,tablet,referência,6,2,2,0,0.00606,1,1,1,29.9,52.2,0,0.0,0.0,3.0300000000000002,0.3333333333333333,1.0,0.00606,6.0600000000000005,0.0
2026-03-28,site C,estilo de vida,meio do artigo,vídeo,celular,orgânico,2,1,0,0,0.00571,1,1,1,57.4,24.3,0,0.0,0.0,5.71,0.5,0.0,0.00571,5.71,0.0
2026-03-28,site B,finanças,topo da página,banner,tablet,referência,2,2,1,0,0.00556,1,1,1,15.6,46.7,0,0.0,0.0,2.78,1.0,0.5,0.00556,5.56,0.0
2026-03-28,site C,notícias,rodapé fixo,mídia rica,celular,direto,1,1,1,0,0.00552,1,1,1,93.6,58.3,0,1.0,0.0,5.52,1.0,1.0,0.00552,5.52,0.0
2026-03-28,site A,esportes,meio do artigo,nativo,celular,orgânico,3,1,0,0,0.00534,1,1,1,34.7,39.7,0,0.0,0.0,5.34,0.3333333333333333,0.0,0.00534,5.34,0.0
2026-03-28,site B,entretenimento,topo da página,nativo,computador,orgânico,3,3,3,0,0.0053,1,1,1,15.0,69.1,0,1.0,0.0,1.7666666666666666,1.0,1.0,0.0053,5.3,0.0
2026-03-28,site A,tecnologia,lateral,banner,celular,direto,4,3,3,0,0.00459,1,1,1,151.8,73.6,1,0.0,0.0,1.5300000000000002,0.75,1.0,0.00459,4.590000000000001,1.0
2026-03-28,site A,entretenimento,meio do artigo,banner,celular,redes sociais,2,1,1,0,0.0045,1,1,1,66.8,59.1,1,1.0,0.0,4.5,0.5,1.0,0.0045,4.5,1.0
2026-03-28,site C,esportes,meio do artigo,banner,celular,redes sociais,2,2,1,0,0.00442,1,1,1,80.1,46.6,0,0.0,0.0,2.21,1.0,0.5,0.00442,4.42,0.0
2026-03-28,site C,entretenimento,meio do artigo,banner,computador,redes sociais,1,1,0,0,0.00422,1,1,1,51.8,71.1,1,0.0,0.0,4.22,1.0,0.0,0.00422,4.22,1.0
2026-03-28,site B,tecnologia,meio do artigo,banner,celular,orgânico,6,3,2,0,0.00405,1,1,1,56.6,58.2,1,1.0,0.0,1.3499999999999999,0.5,0.6666666666666666,0.00405,4.05,1.0
2026-03-28,site C,notícias,lateral,vídeo,tablet,orgânico,6,3,1,0,0.00357,1,1,1,53.6,63.2,1,0.0,0.0,1.19,0.5,0.3333333333333333,0.00357,3.57,1.0
2026-03-28,site B,entretenimento,rodapé fixo,nativo,tablet,direto,1,0,0,0,0.00345,1,1,1,18.2,49.0,0,0.0,0.0,0.0,0.0,0.0,0.00345,3.4499999999999997,0.0
2026-03-28,site A,tecnologia,topo da página,nativo,celular,orgânico,1,1,1,0,0.00314,1,1,1,113.9,55.3,1,1.0,0.0,3.14,1.0,1.0,0.00314,3.14,1.0
2026-03-28,site B,estilo de vida,topo da página,banner,celular,orgânico,2,1,0,0,0.00265,1,1,1,51.6,74.1,1,0.0,0.0,2.65,0.5,0.0,0.00265,2.65,1.0
2026-03-28,site A,notícias,lateral,nativo,computador,orgânico,1,1,1,0,0.00259,1,1,1,66.7,84.4,0,1.0,0.0,2.59,1.0,1.0,0.00259,2.59,0.0
2026-03-28,site C,estilo de vida,topo da página,nativo,celular,direto,1,1,0,0,0.00177,1,1,1,32.6,39.7,1,0.0,0.0,1.77,1.0,0.0,0.00177,1.77,1.0
2026-03-28,site C,entretenimento,topo da página,nativo,celular,orgânico,2,1,0,0,0.00114,1,1,1,79.9,68.3,0,1.0,0.0,1.14,0.5,0.0,0.00114,1.14,0.0
2026-03-28,site C,esportes,topo da página,vídeo,computador,newsletter,1,0,0,0,0.00095,1,1,1,28.3,52.4,0,0.0,0.0,0.0,0.0,0.0,0.00095,0.95,0.0
2026-03-28,site B,esportes,rodapé fixo,nativo,computador,orgânico,4,2,1,0,0.00062,1,1,1,106.3,44.5,0,0.0,0.0,0.31,0.5,0.5,0.00062,0.62,0.0
2026-03-28,site C,estilo de vida,topo da página,banner,computador,redes sociais,2,1,0,0,0.00061,1,1,1,29.2,46.5,0,0.0,0.0,0.61,0.5,0.0,0.00061,0.61,0.0
2026-03-28,site B,esportes,rodapé fixo,banner,celular,newsletter,3,1,1,0,0.00056,1,1,1,28.4,46.6,1,1.0,0.0,0.5599999999999999,0.3333333333333333,1.0,0.00056,0.5599999999999999,1.0
2026-03-28,site A,tecnologia,meio do artigo,mídia rica,computador,orgânico,1,0,0,0,0.0,1,1,1,39.8,85.5,0,0.0,0.0,0.0,0.0,0.0,0.0,0.0,0.0
2026-03-28,site B,esportes,topo da página,banner,tablet,direto,1,0,0,0,0.0,1,1,1,68.1,49.1,0,0.0,0.0,0.0,0.0,0.0,0.0,0.0,0.0
2026-03-28,site C,entretenimento,rodapé fixo,nativo,celular,redes sociais,1,0,0,0,0.0,1,1,1,35.9,96.1,1,1.0,0.0,0.0,0.0,0.0,0.0,0.0,1.0
2026-03-29,site B,finanças,meio do artigo,vídeo,celular,direto,6,6,4,0,0.06043,1,1,1,27.2,44.7,0,0.0,0.0,10.071666666666667,1.0,0.6666666666666666,0.06043,60.43,0.0
2026-03-29,site A,finanças,lateral,vídeo,computador,orgânico,6,5,4,0,0.06029,1,1,1,40.8,91.2,0,0.0,0.0,12.058000000000002,0.8333333333333334,0.8,0.06029,60.290000000000006,0.0
2026-03-29,site A,esportes,intersticial,vídeo,celular,redes sociais,6,4,3,0,0.05464,1,1,1,61.6,78.1,0,1.0,0.0,13.66,0.6666666666666666,0.75,0.05464,54.64,0.0
2026-03-29,site A,notícias,rodapé fixo,vídeo,celular,referência,6,4,4,0,0.04352,1,1,1,59.3,62.4,0,0.0,0.0,10.88,0.6666666666666666,1.0,0.04352,43.52,0.0
2026-03-29,site B,tecnologia,meio do artigo,mídia rica,celular,orgânico,6,5,4,0,0.03857,1,1,1,33.7,25.0,1,1.0,0.0,7.714,0.8333333333333334,0.8,0.03857,38.57,1.0
2026-03-29,site C,estilo de vida,meio do artigo,vídeo,computador,orgânico,4,4,1,1,0.03596,1,1,1,3.0,64.4,0,1.0,0.25,8.99,1.0,0.25,0.03596,35.96,0.0
2026-03-29,site A,esportes,topo da página,vídeo,computador,direto,6,6,3,0,0.03232,1,1,1,150.3,63.7,0,0.0,0.0,5.386666666666667,1.0,0.5,0.03232,32.32,0.0
2026-03-29,site A,estilo de vida,meio do artigo,banner,computador,orgânico,6,6,4,0,0.03181,1,1,1,38.3,86.0,1,0.0,0.0,5.301666666666667,1.0,0.6666666666666666,0.03181,31.81,1.0
2026-03-29,site A,notícias,lateral,nativo,computador,redes sociais,6,5,4,0,0.03145,1,1,1,28.7,22.4,0,0.0,0.0,6.29,0.8333333333333334,0.8,0.03145,31.45,0.0
2026-03-29,site B,entretenimento,meio do artigo,banner,celular,orgânico,6,5,2,0,0.03028,1,1,1,53.6,92.4,0,1.0,0.0,6.056,0.8333333333333334,0.4,0.03028,30.28,0.0
2026-03-29,site A,esportes,meio do artigo,banner,computador,orgânico,10,9,6,0,0.030199999999999998,2,2,2,83.55,37.099999999999994,0,0.5,0.0,3.3555555555555556,0.9,0.6666666666666666,0.015099999999999999,15.1,0.0
2026-03-29,site A,entretenimento,meio do artigo,nativo,computador,referência,3,3,3,0,0.02959,1,1,1,55.4,62.9,0,0.0,0.0,9.863333333333335,1.0,1.0,0.02959,29.590000000000003,0.0
2026-03-29,site C,finanças,lateral,banner,celular,direto,5,4,2,0,0.02857,1,1,1,43.1,55.0,0,0.0,0.0,7.1425,0.8,0.5,0.02857,28.57,0.0
2026-03-29,site A,estilo de vida,lateral,vídeo,computador,direto,3,3,1,0,0.02833,1,1,1,121.0,41.5,1,0.0,0.0,9.443333333333333,1.0,0.3333333333333333,0.02833,28.330000000000002,1.0
2026-03-29,site A,estilo de vida,lateral,banner,computador,referência,6,4,2,0,0.02717,1,1,1,75.8,85.9,0,0.0,0.0,6.7924999999999995,0.6666666666666666,0.5,0.02717,27.169999999999998,0.0
2026-03-29,site A,entretenimento,lateral,vídeo,tablet,direto,6,4,0,0,0.02475,1,1,1,78.9,83.1,0,1.0,0.0,6.1875,0.6666666666666666,0.0,0.02475,24.75,0.0
2026-03-29,site C,esportes,topo da página,banner,celular,referência,5,5,4,1,0.02448,1,1,1,6.8,75.2,0,1.0,0.2,4.895999999999999,1.0,0.8,0.02448,24.479999999999997,0.0
2026-03-29,site B,tecnologia,meio do artigo,vídeo,computador,orgânico,3,3,2,0,0.02373,1,1,1,49.8,45.3,0,1.0,0.0,7.91,1.0,0.6666666666666666,0.02373,23.73,0.0
2026-03-29,site B,tecnologia,topo da página,banner,computador,direto,6,5,2,1,0.02292,1,1,1,6.4,100.0,0,0.0,0.2,4.584,0.8333333333333334,0.4,0.02292,22.919999999999998,0.0
2026-03-29,site C,tecnologia,rodapé fixo,nativo,celular,orgânico,6,5,4,0,0.0228,1,1,1,88.0,90.6,1,0.0,0.0,4.5600000000000005,0.8333333333333334,0.8,0.0228,22.8,1.0
2026-03-29,site C,notícias,meio do artigo,nativo,computador,newsletter,5,4,2,0,0.0221,1,1,1,23.4,54.4,0,1.0,0.0,5.525,0.8,0.5,0.0221,22.1,0.0
2026-03-29,site B,esportes,topo da página,mídia rica,celular,orgânico,6,6,6,0,0.02208,1,1,1,107.7,50.0,0,1.0,0.0,3.6799999999999997,1.0,1.0,0.02208,22.08,0.0
2026-03-29,site A,finanças,lateral,vídeo,computador,direto,4,3,0,0,0.02181,1,1,1,60.8,79.4,1,0.0,0.0,7.27,0.75,0.0,0.02181,21.81,1.0
2026-03-29,site B,tecnologia,topo da página,vídeo,tablet,direto,5,4,4,0,0.02125,1,1,1,17.9,41.8,0,0.0,0.0,5.3125,0.8,1.0,0.02125,21.25,0.0
2026-03-29,site C,notícias,topo da página,vídeo,computador,newsletter,1,1,0,0,0.02093,1,1,1,53.7,67.7,0,0.0,0.0,20.93,1.0,0.0,0.02093,20.93,0.0
2026-03-29,site A,notícias,meio do artigo,vídeo,computador,redes sociais,6,2,1,0,0.02052,1,1,1,163.1,66.0,1,0.0,0.0,10.26,0.3333333333333333,0.5,0.02052,20.52,1.0
2026-03-29,site B,estilo de vida,meio do artigo,vídeo,celular,orgânico,4,4,3,0,0.02015,1,1,1,137.4,55.2,0,0.0,0.0,5.0375000000000005,1.0,0.75,0.02015,20.150000000000002,0.0
2026-03-29,site B,tecnologia,topo da página,banner,celular,newsletter,5,3,1,0,0.01948,1,1,1,52.7,41.5,1,1.0,0.0,6.493333333333333,0.6,0.3333333333333333,0.01948,19.48,1.0
2026-03-29,site B,esportes,rodapé fixo,nativo,computador,orgânico,3,2,2,0,0.019,1,1,1,15.2,80.1,0,0.0,0.0,9.5,0.6666666666666666,1.0,0.019,19.0,0.0
2026-03-29,site C,tecnologia,meio do artigo,banner,computador,orgânico,6,4,4,0,0.01888,1,1,1,30.2,60.8,1,1.0,0.0,4.720000000000001,0.6666666666666666,1.0,0.01888,18.880000000000003,1.0
2026-03-29,site A,tecnologia,rodapé fixo,mídia rica,celular,orgânico,5,3,3,0,0.01874,1,1,1,78.4,71.1,0,0.0,0.0,6.246666666666666,0.6,1.0,0.01874,18.74,0.0
2026-03-29,site C,notícias,lateral,banner,computador,redes sociais,3,3,2,0,0.01843,1,1,1,19.8,59.8,1,0.0,0.0,6.1433333333333335,1.0,0.6666666666666666,0.01843,18.43,1.0
2026-03-29,site B,finanças,meio do artigo,mídia rica,celular,direto,2,2,2,0,0.01813,1,1,1,43.0,62.4,0,0.0,0.0,9.065,1.0,1.0,0.01813,18.13,0.0
2026-03-29,site A,tecnologia,lateral,nativo,celular,orgânico,5,4,2,0,0.01796,1,1,1,24.6,61.4,1,0.0,0.0,4.49,0.8,0.5,0.01796,17.96,1.0
2026-03-29,site B,tecnologia,rodapé fixo,banner,celular,redes sociais,4,4,4,0,0.01766,1,1,1,31.9,87.8,1,0.0,0.0,4.415,1.0,1.0,0.01766,17.66,1.0
2026-03-29,site B,estilo de vida,meio do artigo,mídia rica,computador,referência,5,2,1,0,0.01747,1,1,1,237.7,55.1,0,0.0,0.0,8.735,0.4,0.5,0.01747,17.47,0.0
2026-03-29,site A,notícias,topo da página,banner,tablet,referência,4,3,0,0,0.01729,1,1,1,30.7,40.9,1,1.0,0.0,5.763333333333333,0.75,0.0,0.01729,17.29,1.0
2026-03-29,site B,esportes,topo da página,banner,computador,redes sociais,6,5,4,0,0.01725,1,1,1,40.9,64.9,0,1.0,0.0,3.45,0.8333333333333334,0.8,0.01725,17.25,0.0
2026-03-29,site A,estilo de vida,meio do artigo,banner,celular,orgânico,2,2,1,0,0.01697,1,1,1,43.4,31.8,0,0.0,0.0,8.485,1.0,0.5,0.01697,16.97,0.0
2026-03-29,site B,entretenimento,topo da página,vídeo,computador,orgânico,2,2,1,0,0.01692,1,1,1,70.2,42.0,1,0.0,0.0,8.46,1.0,0.5,0.01692,16.92,1.0
2026-03-29,site B,notícias,meio do artigo,banner,computador,orgânico,5,4,4,0,0.0169,1,1,1,56.2,61.7,0,1.0,0.0,4.225,0.8,1.0,0.0169,16.9,0.0
2026-03-29,site C,esportes,lateral,banner,celular,orgânico,4,4,1,0,0.016,1,1,1,47.3,65.3,0,0.0,0.0,4.0,1.0,0.25,0.016,16.0,0.0
2026-03-29,site A,entretenimento,rodapé fixo,nativo,computador,orgânico,6,6,3,0,0.01543,1,1,1,19.3,54.2,0,0.0,0.0,2.5716666666666668,1.0,0.5,0.01543,15.43,0.0
2026-03-29,site B,notícias,meio do artigo,banner,celular,direto,2,2,1,0,0.01508,1,1,1,26.3,64.3,1,1.0,0.0,7.54,1.0,0.5,0.01508,15.08,1.0
2026-03-29,site C,esportes,intersticial,mídia rica,tablet,referência,3,2,2,0,0.01507,1,1,1,55.4,53.2,0,0.0,0.0,7.535,0.6666666666666666,1.0,0.01507,15.07,0.0
2026-03-29,site C,estilo de vida,topo da página,banner,celular,orgânico,5,4,3,0,0.01475,1,1,1,7.0,33.3,1,1.0,0.0,3.6875,0.8,0.75,0.01475,14.75,1.0
2026-03-29,site B,entretenimento,topo da página,banner,computador,redes sociais,5,5,4,0,0.01432,1,1,1,54.3,97.9,1,0.0,0.0,2.864,1.0,0.8,0.01432,14.32,1.0
2026-03-29,site B,entretenimento,intersticial,banner,computador,redes sociais,5,4,2,0,0.01318,1,1,1,156.1,54.7,1,0.0,0.0,3.2950000000000004,0.8,0.5,0.01318,13.180000000000001,1.0
2026-03-29,site A,notícias,intersticial,nativo,computador,redes sociais,4,3,1,0,0.01315,1,1,1,43.3,24.0,0,0.0,0.0,4.383333333333334,0.75,0.3333333333333333,0.01315,13.15,0.0
2026-03-29,site C,notícias,meio do artigo,banner,celular,direto,2,2,1,0,0.01313,1,1,1,12.9,41.8,1,0.0,0.0,6.5649999999999995,1.0,0.5,0.01313,13.129999999999999,1.0
2026-03-29,site B,notícias,topo da página,banner,celular,redes sociais,6,6,4,0,0.01303,2,2,2,45.2,44.75,1,1.0,0.0,2.1716666666666664,1.0,0.6666666666666666,0.006515,6.515,0.5
2026-03-29,site B,esportes,meio do artigo,banner,computador,direto,4,3,2,0,0.01278,1,1,1,15.1,59.8,0,0.0,0.0,4.26,0.75,0.6666666666666666,0.01278,12.78,0.0
2026-03-29,site B,estilo de vida,topo da página,vídeo,computador,referência,2,2,1,0,0.01278,1,1,1,130.8,53.2,0,0.0,0.0,6.39,1.0,0.5,0.01278,12.78,0.0
2026-03-29,site B,entretenimento,meio do artigo,vídeo,tablet,orgânico,1,1,1,0,0.01266,1,1,1,34.1,22.0,0,1.0,0.0,12.66,1.0,1.0,0.01266,12.66,0.0
2026-03-29,site B,notícias,meio do artigo,nativo,celular,direto,5,2,2,0,0.01234,1,1,1,26.2,63.3,1,1.0,0.0,6.17,0.4,1.0,0.01234,12.34,1.0
2026-03-29,site B,esportes,rodapé fixo,banner,celular,referência,4,3,3,0,0.01192,1,1,1,199.6,57.1,0,0.0,0.0,3.973333333333333,0.75,1.0,0.01192,11.92,0.0
2026-03-29,site C,notícias,rodapé fixo,vídeo,celular,newsletter,2,2,2,0,0.01167,1,1,1,18.0,89.2,0,0.0,0.0,5.835,1.0,1.0,0.01167,11.67,0.0
2026-03-29,site A,esportes,lateral,banner,celular,direto,2,2,1,0,0.01155,1,1,1,15.8,35.7,0,0.0,0.0,5.7749999999999995,1.0,0.5,0.01155,11.549999999999999,0.0
2026-03-29,site C,entretenimento,meio do artigo,banner,celular,orgânico,4,3,3,0,0.01133,1,1,1,51.5,60.2,0,0.0,0.0,3.776666666666667,0.75,1.0,0.01133,11.33,0.0
2026-03-29,site B,notícias,lateral,nativo,computador,orgânico,2,1,1,0,0.01096,1,1,1,17.7,68.5,0,0.0,0.0,10.959999999999999,0.5,1.0,0.01096,10.959999999999999,0.0
2026-03-29,site C,notícias,rodapé fixo,nativo,computador,orgânico,2,2,1,0,0.01094,1,1,1,186.4,74.0,0,0.0,0.0,5.47,1.0,0.5,0.01094,10.94,0.0
2026-03-29,site A,estilo de vida,meio do artigo,vídeo,computador,redes sociais,3,2,1,0,0.01064,1,1,1,115.4,40.5,0,1.0,0.0,5.32,0.6666666666666666,0.5,0.01064,10.64,0.0
2026-03-29,site C,esportes,rodapé fixo,vídeo,celular,redes sociais,1,1,0,0,0.01058,1,1,1,56.5,25.4,1,0.0,0.0,10.58,1.0,0.0,0.01058,10.58,1.0
2026-03-29,site B,entretenimento,meio do artigo,nativo,computador,redes sociais,3,2,2,0,0.01047,1,1,1,24.8,64.7,0,1.0,0.0,5.235,0.6666666666666666,1.0,0.01047,10.47,0.0
2026-03-29,site C,notícias,meio do artigo,banner,tablet,referência,3,3,1,0,0.01022,1,1,1,89.4,14.4,0,0.0,0.0,3.4066666666666667,1.0,0.3333333333333333,0.01022,10.22,0.0
2026-03-29,site A,esportes,meio do artigo,mídia rica,tablet,newsletter,2,1,1,0,0.00966,1,1,1,26.2,30.5,0,1.0,0.0,9.66,0.5,1.0,0.00966,9.66,0.0
2026-03-29,site C,tecnologia,topo da página,nativo,computador,orgânico,4,2,2,0,0.0095,1,1,1,83.7,74.3,1,0.0,0.0,4.75,0.5,1.0,0.0095,9.5,1.0
2026-03-29,site B,finanças,topo da página,banner,computador,newsletter,5,2,1,0,0.00942,1,1,1,143.5,93.4,0,0.0,0.0,4.71,0.4,0.5,0.00942,9.42,0.0
2026-03-29,site A,entretenimento,topo da página,mídia rica,celular,direto,5,5,2,0,0.00902,1,1,1,16.5,70.6,0,0.0,0.0,1.8039999999999998,1.0,0.4,0.00902,9.02,0.0
2026-03-29,site C,entretenimento,meio do artigo,nativo,celular,orgânico,4,3,2,0,0.00859,1,1,1,20.9,77.9,0,0.0,0.0,2.8633333333333333,0.75,0.6666666666666666,0.00859,8.59,0.0
2026-03-29,site B,finanças,lateral,banner,celular,newsletter,1,1,1,0,0.00858,1,1,1,63.4,83.7,0,1.0,0.0,8.58,1.0,1.0,0.00858,8.58,0.0
2026-03-29,site B,estilo de vida,topo da página,mídia rica,celular,redes sociais,4,3,2,0,0.00823,1,1,1,98.0,53.3,1,1.0,0.0,2.7433333333333327,0.75,0.6666666666666666,0.00823,8.229999999999999,1.0
2026-03-29,site A,entretenimento,intersticial,banner,celular,redes sociais,5,4,4,0,0.00818,1,1,1,66.4,51.9,0,0.0,0.0,2.045,0.8,1.0,0.00818,8.18,0.0
2026-03-29,site B,tecnologia,meio do artigo,banner,celular,referência,6,3,1,0,0.00811,1,1,1,26.5,44.0,1,1.0,0.0,2.703333333333333,0.5,0.3333333333333333,0.00811,8.11,1.0
2026-03-29,site B,estilo de vida,lateral,banner,computador,orgânico,3,2,0,0,0.00808,1,1,1,54.8,73.5,0,0.0,0.0,4.04,0.6666666666666666,0.0,0.00808,8.08,0.0
2026-03-29,site A,notícias,meio do artigo,banner,celular,direto,4,2,0,0,0.00798,1,1,1,11.5,54.6,0,0.0,0.0,3.9899999999999998,0.5,0.0,0.00798,7.9799999999999995,0.0
2026-03-29,site A,tecnologia,lateral,vídeo,celular,referência,1,1,1,0,0.00762,1,1,1,71.6,59.5,0,1.0,0.0,7.62,1.0,1.0,0.00762,7.62,0.0
2026-03-29,site A,entretenimento,rodapé fixo,banner,celular,orgânico,2,2,0,0,0.0074,1,1,1,87.0,48.2,0,1.0,0.0,3.7,1.0,0.0,0.0074,7.4,0.0
2026-03-29,site B,esportes,lateral,nativo,celular,redes sociais,2,2,0,0,0.00715,1,1,1,64.1,44.0,0,1.0,0.0,3.575,1.0,0.0,0.00715,7.15,0.0
2026-03-29,site A,tecnologia,rodapé fixo,nativo,celular,orgânico,3,1,1,0,0.00708,1,1,1,32.0,61.5,1,0.0,0.0,7.08,0.3333333333333333,1.0,0.00708,7.08,1.0
2026-03-29,site A,estilo de vida,topo da página,banner,celular,newsletter,4,4,1,0,0.00671,1,1,1,141.6,59.4,1,1.0,0.0,1.6775,1.0,0.25,0.00671,6.71,1.0
2026-03-29,site B,notícias,rodapé fixo,nativo,computador,redes sociais,4,2,1,0,0.00645,1,1,1,161.0,71.6,0,1.0,0.0,3.225,0.5,0.5,0.00645,6.45,0.0
2026-03-29,site A,entretenimento,intersticial,banner,celular,orgânico,1,1,1,0,0.00643,1,1,1,187.3,35.9,0,0.0,0.0,6.43,1.0,1.0,0.00643,6.43,0.0
2026-03-29,site C,tecnologia,meio do artigo,banner,celular,redes sociais,1,1,1,0,0.00611,1,1,1,114.0,40.4,0,0.0,0.0,6.11,1.0,1.0,0.00611,6.11,0.0
2026-03-29,site A,entretenimento,meio do artigo,banner,computador,referência,2,2,1,0,0.00601,1,1,1,24.1,87.7,0,0.0,0.0,3.005,1.0,0.5,0.00601,6.01,0.0
2026-03-29,site A,notícias,topo da página,nativo,celular,orgânico,1,1,1,0,0.00588,1,1,1,21.3,99.1,0,0.0,0.0,5.88,1.0,1.0,0.00588,5.88,0.0
2026-03-29,site A,notícias,topo da página,vídeo,celular,direto,1,1,0,0,0.00567,1,1,1,24.2,60.5,0,0.0,0.0,5.67,1.0,0.0,0.00567,5.67,0.0
2026-03-29,site B,estilo de vida,topo da página,nativo,celular,newsletter,1,1,1,0,0.00543,1,1,1,35.6,34.2,0,0.0,0.0,5.43,1.0,1.0,0.00543,5.43,0.0
2026-03-29,site A,estilo de vida,rodapé fixo,nativo,celular,referência,2,1,1,0,0.00533,1,1,1,27.2,61.0,0,1.0,0.0,5.33,0.5,1.0,0.00533,5.33,0.0
2026-03-29,site A,notícias,rodapé fixo,mídia rica,celular,referência,3,1,1,0,0.00525,1,1,1,170.1,39.7,0,1.0,0.0,5.25,0.3333333333333333,1.0,0.00525,5.25,0.0
2026-03-29,site B,estilo de vida,rodapé fixo,vídeo,celular,newsletter,1,1,1,0,0.00509,1,1,1,55.9,29.2,1,0.0,0.0,5.09,1.0,1.0,0.00509,5.09,1.0
2026-03-29,site C,esportes,meio do artigo,nativo,celular,orgânico,1,1,1,0,0.00494,1,1,1,63.0,71.4,0,0.0,0.0,4.9399999999999995,1.0,1.0,0.00494,4.9399999999999995,0.0
2026-03-29,site B,notícias,rodapé fixo,banner,tablet,direto,3,3,1,0,0.00487,1,1,1,117.8,17.9,0,0.0,0.0,1.6233333333333333,1.0,0.3333333333333333,0.00487,4.87,0.0
2026-03-29,site B,entretenimento,lateral,banner,celular,referência,3,2,1,0,0.0046,1,1,1,43.0,41.4,1,0.0,0.0,2.3,0.6666666666666666,0.5,0.0046,4.6,1.0
2026-03-29,site C,notícias,meio do artigo,banner,computador,direto,3,1,1,0,0.00431,1,1,1,76.4,56.6,0,1.0,0.0,4.31,0.3333333333333333,1.0,0.00431,4.31,0.0
2026-03-29,site A,esportes,rodapé fixo,banner,celular,referência,1,1,1,0,0.00407,1,1,1,250.6,36.8,0,0.0,0.0,4.069999999999999,1.0,1.0,0.00407,4.069999999999999,0.0
2026-03-29,site B,estilo de vida,topo da página,banner,tablet,redes sociais,2,1,0,0,0.00405,1,1,1,53.1,67.1,0,1.0,0.0,4.05,0.5,0.0,0.00405,4.05,0.0
2026-03-29,site A,tecnologia,lateral,mídia rica,celular,orgânico,2,1,1,0,0.00395,1,1,1,42.7,49.5,1,1.0,0.0,3.95,0.5,1.0,0.00395,3.95,1.0
2026-03-29,site B,tecnologia,topo da página,vídeo,computador,redes sociais,2,1,0,0,0.00388,1,1,1,56.7,62.7,1,1.0,0.0,3.8800000000000003,0.5,0.0,0.00388,3.8800000000000003,1.0
2026-03-29,site C,esportes,intersticial,vídeo,celular,orgânico,3,1,1,0,0.00358,1,1,1,51.3,51.9,1,1.0,0.0,3.58,0.3333333333333333,1.0,0.00358,3.58,1.0
2026-03-29,site A,finanças,meio do artigo,nativo,computador,direto,2,1,1,0,0.00348,1,1,1,22.0,53.6,1,0.0,0.0,3.48,0.5,1.0,0.00348,3.48,1.0
2026-03-29,site B,estilo de vida,rodapé fixo,nativo,celular,orgânico,1,1,1,0,0.00344,1,1,1,121.4,23.7,1,1.0,0.0,3.44,1.0,1.0,0.00344,3.44,1.0
2026-03-29,site C,notícias,meio do artigo,nativo,celular,redes sociais,1,1,0,0,0.00325,1,1,1,81.4,68.5,1,0.0,0.0,3.25,1.0,0.0,0.00325,3.25,1.0
2026-03-29,site A,notícias,rodapé fixo,nativo,tablet,direto,2,1,1,0,0.00265,1,1,1,69.9,60.4,0,0.0,0.0,2.65,0.5,1.0,0.00265,2.65,0.0
2026-03-29,site A,notícias,topo da página,banner,computador,redes sociais,2,0,0,0,0.00256,1,1,1,84.9,76.4,0,1.0,0.0,0.0,0.0,0.0,0.00256,2.56,0.0
2026-03-29,site A,finanças,lateral,banner,celular,direto,4,1,0,0,0.002,1,1,1,68.3,86.2,0,0.0,0.0,2.0,0.25,0.0,0.002,2.0,0.0
2026-03-29,site B,finanças,topo da página,banner,celular,redes sociais,1,0,0,0,0.00154,1,1,1,3.2,68.5,1,1.0,0.0,0.0,0.0,0.0,0.00154,1.5399999999999998,1.0
2026-03-29,site B,esportes,rodapé fixo,vídeo,tablet,orgânico,1,1,1,0,0.00055,1,1,1,26.6,90.5,0,0.0,0.0,0.55,1.0,1.0,0.00055,0.55,0.0
2026-03-29,site A,entretenimento,rodapé fixo,vídeo,celular,referência,1,0,0,0,0.0,1,1,1,111.1,93.2,1,0.0,0.0,0.0,0.0,0.0,0.0,0.0,1.0
2026-03-29,site A,estilo de vida,meio do artigo,banner,celular,newsletter,1,0,0,0,0.0,1,1,1,44.2,15.2,0,0.0,0.0,0.0,0.0,0.0,0.0,0.0,0.0
2026-03-29,site B,notícias,intersticial,nativo,computador,direto,2,2,2,0,0.0,1,1,1,14.1,65.3,1,0.0,0.0,0.0,1.0,1.0,0.0,0.0,1.0
2026-03-30,site B,finanças,lateral,nativo,computador,orgânico,6,6,4,0,0.06017,1,1,1,83.4,80.3,0,0.0,0.0,10.028333333333334,1.0,0.6666666666666666,0.06017,60.17,0.0
2026-03-30,site C,tecnologia,topo da página,banner,computador,direto,6,5,3,0,0.05377,1,1,1,18.3,79.2,1,1.0,0.0,10.754,0.8333333333333334,0.6,0.05377,53.769999999999996,1.0
2026-03-30,site B,esportes,lateral,mídia rica,computador,redes sociais,6,5,2,0,0.05098,1,1,1,83.5,41.4,0,0.0,0.0,10.196,0.8333333333333334,0.4,0.05098,50.98,0.0
2026-03-30,site C,tecnologia,lateral,banner,celular,direto,4,4,3,0,0.04815,1,1,1,74.4,35.5,1,0.0,0.0,12.0375,1.0,0.75,0.04815,48.15,1.0
2026-03-30,site A,esportes,topo da página,banner,computador,orgânico,6,5,3,0,0.04491,1,1,1,44.4,56.9,0,1.0,0.0,8.982,0.8333333333333334,0.6,0.04491,44.91,0.0
2026-03-30,site C,esportes,lateral,banner,computador,orgânico,6,5,2,0,0.03865,1,1,1,61.3,54.3,0,0.0,0.0,7.7299999999999995,0.8333333333333334,0.4,0.03865,38.65,0.0
2026-03-30,site B,esportes,topo da página,banner,computador,orgânico,6,6,3,0,0.03842,1,1,1,44.7,66.7,0,0.0,0.0,6.403333333333333,1.0,0.5,0.03842,38.42,0.0
2026-03-30,site B,entretenimento,lateral,mídia rica,celular,orgânico,6,5,4,0,0.03811,1,1,1,5.7,43.6,0,0.0,0.0,7.622,0.8333333333333334,0.8,0.03811,38.11,0.0
2026-03-30,site C,tecnologia,rodapé fixo,vídeo,computador,redes sociais,3,3,1,0,0.03703,1,1,1,47.0,43.5,0,0.0,0.0,12.343333333333334,1.0,0.3333333333333333,0.03703,37.03,0.0
2026-03-30,site A,tecnologia,rodapé fixo,banner,computador,orgânico,4,2,2,0,0.03411,1,1,1,44.3,87.7,1,1.0,0.0,17.055,0.5,1.0,0.03411,34.11,1.0
2026-03-30,site A,esportes,meio do artigo,mídia rica,computador,referência,4,3,2,0,0.02913,1,1,1,27.9,48.4,1,0.0,0.0,9.709999999999999,0.75,0.6666666666666666,0.02913,29.13,1.0
2026-03-30,site A,finanças,rodapé fixo,vídeo,celular,orgânico,6,4,2,0,0.02841,1,1,1,36.6,78.2,0,1.0,0.0,7.1025,0.6666666666666666,0.5,0.02841,28.41,0.0
2026-03-30,site A,finanças,lateral,vídeo,celular,orgânico,4,4,3,0,0.02777,1,1,1,39.2,66.0,1,1.0,0.0,6.9425,1.0,0.75,0.02777,27.77,1.0
2026-03-30,site B,tecnologia,meio do artigo,banner,computador,newsletter,5,5,4,0,0.02576,1,1,1,74.3,47.9,0,0.0,0.0,5.152,1.0,0.8,0.02576,25.76,0.0
2026-03-30,site A,estilo de vida,rodapé fixo,vídeo,computador,direto,4,2,0,0,0.02484,1,1,1,44.1,64.6,0,1.0,0.0,12.42,0.5,0.0,0.02484,24.84,0.0
2026-03-30,site B,tecnologia,meio do artigo,vídeo,celular,orgânico,3,3,2,0,0.02326,1,1,1,36.3,94.0,1,0.0,0.0,7.753333333333333,1.0,0.6666666666666666,0.02326,23.259999999999998,1.0
2026-03-30,site C,estilo de vida,rodapé fixo,banner,celular,referência,6,4,3,0,0.02228,1,1,1,62.7,81.1,0,0.0,0.0,5.57,0.6666666666666666,0.75,0.02228,22.28,0.0
2026-03-30,site A,estilo de vida,topo da página,mídia rica,tablet,orgânico,6,6,3,0,0.02165,2,2,2,51.3,38.1,0,0.0,0.0,3.608333333333333,1.0,0.5,0.010825,10.825,0.0
2026-03-30,site A,notícias,meio do artigo,vídeo,computador,redes sociais,6,3,0,0,0.02153,1,1,1,60.6,37.0,0,0.0,0.0,7.176666666666667,0.5,0.0,0.02153,21.53,0.0
2026-03-30,site C,esportes,topo da página,vídeo,computador,orgânico,4,3,1,0,0.02152,1,1,1,156.9,47.3,1,0.0,0.0,7.173333333333333,0.75,0.3333333333333333,0.02152,21.52,1.0
2026-03-30,site C,finanças,meio do artigo,banner,celular,referência,5,5,5,0,0.0201,1,1,1,24.0,71.1,0,0.0,0.0,4.0200000000000005,1.0,1.0,0.0201,20.1,0.0
2026-03-30,site B,tecnologia,topo da página,banner,computador,orgânico,4,3,2,0,0.01934,1,1,1,45.0,74.4,1,0.0,0.0,6.446666666666666,0.75,0.6666666666666666,0.01934,19.34,1.0
2026-03-30,site A,tecnologia,meio do artigo,vídeo,celular,direto,3,3,2,0,0.01909,1,1,1,82.8,47.4,0,0.0,0.0,6.363333333333333,1.0,0.6666666666666666,0.01909,19.09,0.0
2026-03-30,site B,esportes,topo da página,nativo,computador,redes sociais,5,5,4,0,0.01903,1,1,1,153.5,83.3,0,1.0,0.0,3.8059999999999996,1.0,0.8,0.01903,19.029999999999998,0.0
2026-03-30,site C,tecnologia,rodapé fixo,vídeo,tablet,redes sociais,2,2,2,0,0.0188,1,1,1,93.0,72.3,0,0.0,0.0,9.4,1.0,1.0,0.0188,18.8,0.0
2026-03-30,site C,notícias,lateral,banner,celular,orgânico,5,5,2,0,0.01843,1,1,1,28.2,57.1,0,1.0,0.0,3.686,1.0,0.4,0.01843,18.43,0.0
2026-03-30,site C,entretenimento,lateral,vídeo,celular,redes sociais,4,3,2,0,0.0183,1,1,1,9.2,50.1,1,0.0,0.0,6.1000000000000005,0.75,0.6666666666666666,0.0183,18.3,1.0
2026-03-30,site A,estilo de vida,rodapé fixo,mídia rica,celular,orgânico,4,3,3,0,0.01655,1,1,1,12.2,69.8,1,0.0,0.0,5.516666666666666,0.75,1.0,0.01655,16.549999999999997,1.0
2026-03-30,site A,finanças,meio do artigo,nativo,computador,newsletter,5,3,2,0,0.01645,1,1,1,30.2,73.1,0,1.0,0.0,5.483333333333333,0.6,0.6666666666666666,0.01645,16.45,0.0
2026-03-30,site C,finanças,lateral,banner,celular,redes sociais,5,2,0,0,0.01568,1,1,1,40.6,66.8,0,0.0,0.0,7.84,0.4,0.0,0.01568,15.68,0.0
2026-03-30,site A,entretenimento,meio do artigo,nativo,celular,orgânico,6,5,4,0,0.01548,1,1,1,7.6,58.7,1,1.0,0.0,3.096,0.8333333333333334,0.8,0.01548,15.48,1.0
2026-03-30,site C,estilo de vida,meio do artigo,banner,celular,redes sociais,4,4,3,0,0.01479,1,1,1,66.2,82.3,0,0.0,0.0,3.6975,1.0,0.75,0.01479,14.79,0.0
2026-03-30,site C,estilo de vida,topo da página,banner,computador,direto,5,4,3,0,0.01471,1,1,1,25.7,54.9,0,0.0,0.0,3.6775,0.8,0.75,0.01471,14.71,0.0
2026-03-30,site C,entretenimento,lateral,nativo,tablet,orgânico,4,4,2,0,0.01458,1,1,1,63.4,26.1,0,0.0,0.0,3.645,1.0,0.5,0.01458,14.58,0.0
2026-03-30,site A,notícias,lateral,banner,computador,redes sociais,3,2,1,0,0.01438,1,1,1,57.0,8.9,1,0.0,0.0,7.19,0.6666666666666666,0.5,0.01438,14.38,1.0
2026-03-30,site A,estilo de vida,rodapé fixo,vídeo,celular,newsletter,2,2,2,0,0.01423,1,1,1,61.0,68.5,1,1.0,0.0,7.115,1.0,1.0,0.01423,14.23,1.0
2026-03-30,site A,esportes,lateral,nativo,celular,direto,2,2,1,0,0.01339,1,1,1,89.3,84.0,1,0.0,0.0,6.695,1.0,0.5,0.01339,13.39,1.0
2026-03-30,site C,esportes,lateral,banner,computador,referência,5,4,3,0,0.01315,1,1,1,63.3,67.2,0,0.0,0.0,3.2875,0.8,0.75,0.01315,13.15,0.0
2026-03-30,site A,esportes,intersticial,banner,celular,redes sociais,2,2,2,0,0.01301,1,1,1,36.1,66.2,1,0.0,0.0,6.505000000000001,1.0,1.0,0.01301,13.010000000000002,1.0
2026-03-30,site B,tecnologia,meio do artigo,banner,celular,newsletter,3,2,1,0,0.01252,1,1,1,21.3,89.7,0,1.0,0.0,6.26,0.6666666666666666,0.5,0.01252,12.52,0.0
2026-03-30,site B,tecnologia,lateral,vídeo,celular,orgânico,1,1,0,0,0.01217,1,1,1,54.1,33.5,0,0.0,0.0,12.17,1.0,0.0,0.01217,12.17,0.0
2026-03-30,site B,finanças,topo da página,mídia rica,celular,direto,2,2,1,0,0.01172,1,1,1,44.9,58.2,0,0.0,0.0,5.859999999999999,1.0,0.5,0.01172,11.719999999999999,0.0
2026-03-30,site A,tecnologia,rodapé fixo,nativo,celular,direto,3,2,1,0,0.0116,1,1,1,70.5,43.9,1,1.0,0.0,5.8,0.6666666666666666,0.5,0.0116,11.6,1.0
2026-03-30,site C,notícias,intersticial,nativo,celular,redes sociais,3,2,1,1,0.01147,1,1,1,71.7,48.6,1,0.0,0.5,5.734999999999999,0.6666666666666666,0.5,0.01147,11.469999999999999,1.0
2026-03-30,site A,estilo de vida,lateral,banner,celular,orgânico,6,4,3,0,0.01128,1,1,1,32.4,74.7,0,0.0,0.0,2.82,0.6666666666666666,0.75,0.01128,11.28,0.0
2026-03-30,site B,notícias,rodapé fixo,banner,computador,referência,2,2,0,0,0.01119,1,1,1,95.6,48.5,0,0.0,0.0,5.595,1.0,0.0,0.01119,11.19,0.0
2026-03-30,site A,entretenimento,meio do artigo,banner,celular,redes sociais,4,3,2,0,0.01036,1,1,1,46.7,42.0,0,0.0,0.0,3.453333333333333,0.75,0.6666666666666666,0.01036,10.36,0.0
2026-03-30,site B,notícias,topo da página,vídeo,celular,orgânico,2,2,0,0,0.01005,1,1,1,115.7,59.7,0,0.0,0.0,5.025,1.0,0.0,0.01005,10.05,0.0
2026-03-30,site A,estilo de vida,topo da página,banner,celular,direto,6,4,3,0,0.01003,1,1,1,82.7,79.9,0,0.0,0.0,2.5075000000000003,0.6666666666666666,0.75,0.01003,10.030000000000001,0.0
2026-03-30,site A,finanças,rodapé fixo,mídia rica,computador,orgânico,2,1,1,0,0.00978,1,1,1,60.0,99.5,0,1.0,0.0,9.780000000000001,0.5,1.0,0.00978,9.780000000000001,0.0
2026-03-30,site B,tecnologia,rodapé fixo,mídia rica,celular,orgânico,1,1,1,0,0.00958,1,1,1,76.7,55.7,0,1.0,0.0,9.58,1.0,1.0,0.00958,9.58,0.0
2026-03-30,site B,esportes,intersticial,vídeo,tablet,orgânico,2,1,1,0,0.00943,1,1,1,62.6,73.7,1,0.0,0.0,9.43,0.5,1.0,0.00943,9.43,1.0
2026-03-30,site A,notícias,intersticial,banner,computador,redes sociais,6,4,4,1,0.00878,1,1,1,46.7,46.3,0,0.0,0.25,2.195,0.6666666666666666,1.0,0.00878,8.78,0.0
2026-03-30,site A,notícias,rodapé fixo,vídeo,computador,orgânico,1,1,1,0,0.00854,1,1,1,91.6,94.4,1,0.0,0.0,8.540000000000001,1.0,1.0,0.00854,8.540000000000001,1.0
2026-03-30,site A,tecnologia,topo da página,banner,computador,redes sociais,2,1,0,0,0.00803,1,1,1,10.3,64.6,0,0.0,0.0,8.030000000000001,0.5,0.0,0.00803,8.030000000000001,0.0
2026-03-30,site A,estilo de vida,meio do artigo,banner,tablet,redes sociais,3,2,0,0,0.00795,1,1,1,55.1,72.0,1,0.0,0.0,3.975,0.6666666666666666,0.0,0.00795,7.95,1.0
2026-03-30,site C,finanças,meio do artigo,mídia rica,computador,direto,1,1,0,0,0.00795,1,1,1,33.0,53.8,1,1.0,0.0,7.95,1.0,0.0,0.00795,7.95,1.0
2026-03-30,site A,estilo de vida,topo da página,nativo,computador,redes sociais,4,2,2,0,0.00779,1,1,1,40.5,56.9,1,1.0,0.0,3.895,0.5,1.0,0.00779,7.79,1.0
2026-03-30,site C,entretenimento,rodapé fixo,banner,celular,referência,6,5,3,0,0.0076,1,1,1,39.3,28.3,0,0.0,0.0,1.52,0.8333333333333334,0.6,0.0076,7.6,0.0
2026-03-30,site A,finanças,topo da página,banner,computador,newsletter,1,1,0,0,0.00747,1,1,1,85.3,79.3,0,0.0,0.0,7.47,1.0,0.0,0.00747,7.47,0.0
2026-03-30,site B,esportes,topo da página,nativo,celular,orgânico,2,2,2,0,0.00696,1,1,1,209.7,70.8,0,0.0,0.0,3.48,1.0,1.0,0.00696,6.96,0.0
2026-03-30,site A,entretenimento,meio do artigo,banner,celular,direto,4,4,3,0,0.00636,1,1,1,14.4,70.2,1,0.0,0.0,1.59,1.0,0.75,0.00636,6.36,1.0
2026-03-30,site B,estilo de vida,rodapé fixo,banner,celular,direto,4,3,2,0,0.0063,1,1,1,30.9,59.8,1,0.0,0.0,2.1,0.75,0.6666666666666666,0.0063,6.3,1.0
2026-03-30,site B,notícias,rodapé fixo,banner,computador,orgânico,1,1,1,0,0.00626,1,1,1,39.8,50.4,0,0.0,0.0,6.26,1.0,1.0,0.00626,6.26,0.0
2026-03-30,site A,notícias,rodapé fixo,nativo,celular,orgânico,3,2,1,0,0.0062,1,1,1,74.6,77.4,0,1.0,0.0,3.1,0.6666666666666666,0.5,0.0062,6.2,0.0
2026-03-30,site B,esportes,meio do artigo,banner,computador,orgânico,1,1,1,0,0.00613,1,1,1,81.4,79.3,1,0.0,0.0,6.13,1.0,1.0,0.00613,6.13,1.0
2026-03-30,site C,estilo de vida,meio do artigo,banner,celular,orgânico,5,5,5,0,0.00607,1,1,1,52.0,25.4,1,1.0,0.0,1.214,1.0,1.0,0.00607,6.07,1.0
2026-03-30,site B,estilo de vida,meio do artigo,banner,computador,redes sociais,1,1,0,0,0.00606,1,1,1,47.4,52.6,1,0.0,0.0,6.0600000000000005,1.0,0.0,0.00606,6.0600000000000005,1.0
2026-03-30,site A,estilo de vida,rodapé fixo,nativo,celular,redes sociais,2,1,1,0,0.00588,1,1,1,107.0,72.5,0,0.0,0.0,5.88,0.5,1.0,0.00588,5.88,0.0
2026-03-30,site C,entretenimento,topo da página,banner,celular,redes sociais,1,1,1,0,0.00532,1,1,1,47.5,18.9,1,1.0,0.0,5.32,1.0,1.0,0.00532,5.32,1.0
2026-03-30,site A,tecnologia,meio do artigo,banner,celular,orgânico,1,1,1,0,0.00512,1,1,1,17.9,22.9,0,0.0,0.0,5.12,1.0,1.0,0.00512,5.12,0.0
2026-03-30,site B,esportes,meio do artigo,nativo,celular,direto,2,1,1,0,0.00414,1,1,1,15.5,62.8,1,1.0,0.0,4.14,0.5,1.0,0.00414,4.14,1.0
2026-03-30,site A,esportes,lateral,banner,celular,orgânico,3,1,0,0,0.00402,1,1,1,3.1,50.9,1,1.0,0.0,4.0200000000000005,0.3333333333333333,0.0,0.00402,4.0200000000000005,1.0
2026-03-30,site B,tecnologia,lateral,vídeo,celular,redes sociais,2,1,1,0,0.00382,1,1,1,66.2,54.9,0,1.0,0.0,3.82,0.5,1.0,0.00382,3.82,0.0
2026-03-30,site A,estilo de vida,meio do artigo,banner,celular,orgânico,4,1,0,0,0.00231,1,1,1,42.9,25.9,0,0.0,0.0,2.31,0.25,0.0,0.00231,2.31,0.0
2026-03-30,site B,estilo de vida,intersticial,banner,computador,redes sociais,1,1,1,0,0.00113,1,1,1,75.7,68.1,0,0.0,0.0,1.13,1.0,1.0,0.00113,1.13,0.0
2026-03-30,site C,finanças,meio do artigo,banner,tablet,orgânico,2,1,1,0,0.00078,1,1,1,100.6,72.2,0,1.0,0.0,0.78,0.5,1.0,0.00078,0.78,0.0
2026-03-30,site C,tecnologia,topo da página,banner,tablet,direto,1,1,0,0,0.00039,1,1,1,52.3,39.8,0,0.0,0.0,0.39,1.0,0.0,0.00039,0.39,0.0
2026-03-30,site A,entretenimento,lateral,nativo,celular,referência,4,3,2,0,0.00033,1,1,1,82.2,100.0,1,1.0,0.0,0.11,0.75,0.6666666666666666,0.00033,0.33,1.0
2026-03-30,site A,estilo de vida,meio do artigo,nativo,celular,orgânico,2,1,0,0,0.0,1,1,1,60.2,71.9,0,0.0,0.0,0.0,0.5,0.0,0.0,0.0,0.0
2026-03-30,site B,entretenimento,intersticial,banner,celular,redes sociais,1,0,0,0,0.0,1,1,1,58.6,66.4,0,0.0,0.0,0.0,0.0,0.0,0.0,0.0,0.0
2026-03-30,site B,esportes,rodapé fixo,banner,celular,redes sociais,3,0,0,0,0.0,1,1,1,31.0,44.0,0,0.0,0.0,0.0,0.0,0.0,0.0,0.0,0.0
2026-03-30,site C,entretenimento,meio do artigo,nativo,tablet,orgânico,2,0,0,0,0.0,1,1,1,137.9,17.3,0,0.0,0.0,0.0,0.0,0.0,0.0,0.0,0.0
2026-03-31,site A,tecnologia,meio do artigo,nativo,computador,direto,12,10,7,0,0.05917,2,2,2,99.55,78.85,0,0.0,0.0,5.917,0.8333333333333334,0.7,0.029585,29.585,0.0
2026-03-31,site A,entretenimento,meio do artigo,mídia rica,celular,orgânico,7,6,2,0,0.05701,2,2,2,42.8,39.7,1,1.0,0.0,9.501666666666667,0.8571428571428571,0.3333333333333333,0.028505,28.505,0.5
2026-03-31,site A,notícias,meio do artigo,banner,computador,redes sociais,9,7,6,0,0.05126,3,3,3,30.3,48.26666666666667,1,0.3333333333333333,0.0,7.322857142857143,0.7777777777777778,0.8571428571428571,0.017086666666666667,17.086666666666666,0.3333333333333333
2026-03-31,site A,entretenimento,meio do artigo,mídia rica,tablet,redes sociais,6,6,2,0,0.04399,1,1,1,24.1,35.4,0,0.0,0.0,7.331666666666667,1.0,0.3333333333333333,0.04399,43.99,0.0
2026-03-31,site A,esportes,topo da página,mídia rica,computador,referência,6,5,3,0,0.04121,1,1,1,129.2,65.3,1,1.0,0.0,8.241999999999999,0.8333333333333334,0.6,0.04121,41.209999999999994,1.0
2026-03-31,site A,finanças,rodapé fixo,mídia rica,computador,orgânico,6,4,2,0,0.04093,1,1,1,89.8,38.0,0,1.0,0.0,10.2325,0.6666666666666666,0.5,0.04093,40.93,0.0
2026-03-31,site A,esportes,lateral,vídeo,computador,orgânico,6,5,5,1,0.04049,1,1,1,42.3,85.7,0,0.0,0.2,8.097999999999999,0.8333333333333334,1.0,0.04049,40.489999999999995,0.0
2026-03-31,site A,finanças,meio do artigo,nativo,computador,newsletter,3,3,2,1,0.04045,1,1,1,102.5,80.4,1,1.0,0.3333333333333333,13.483333333333334,1.0,0.6666666666666666,0.04045,40.45,1.0
2026-03-31,site A,estilo de vida,topo da página,nativo,computador,referência,6,6,4,0,0.03519,1,1,1,72.3,83.0,0,0.0,0.0,5.864999999999999,1.0,0.6666666666666666,0.03519,35.19,0.0
2026-03-31,site A,tecnologia,topo da página,banner,computador,newsletter,5,4,3,0,0.03469,1,1,1,27.1,59.9,0,0.0,0.0,8.6725,0.8,0.75,0.03469,34.69,0.0
2026-03-31,site C,notícias,meio do artigo,nativo,celular,orgânico,6,6,4,0,0.03171,1,1,1,68.7,55.3,0,1.0,0.0,5.285,1.0,0.6666666666666666,0.03171,31.71,0.0
2026-03-31,site A,estilo de vida,topo da página,banner,celular,redes sociais,7,6,1,0,0.03051,2,2,2,45.05,56.4,1,0.5,0.0,5.085,0.8571428571428571,0.16666666666666666,0.015255,15.254999999999999,0.5
2026-03-31,site A,tecnologia,lateral,vídeo,celular,redes sociais,6,6,2,0,0.02938,1,1,1,44.7,74.6,0,1.0,0.0,4.8966666666666665,1.0,0.3333333333333333,0.02938,29.38,0.0
2026-03-31,site A,tecnologia,meio do artigo,nativo,computador,referência,5,3,2,0,0.02876,1,1,1,74.1,81.5,0,1.0,0.0,9.586666666666668,0.6,0.6666666666666666,0.02876,28.76,0.0
2026-03-31,site C,esportes,meio do artigo,banner,computador,referência,7,5,2,0,0.02792,2,2,2,63.150000000000006,62.9,1,0.0,0.0,5.5840000000000005,0.7142857142857143,0.4,0.01396,13.96,0.5
2026-03-31,site A,notícias,meio do artigo,mídia rica,computador,referência,6,5,2,0,0.02504,1,1,1,35.4,87.0,0,0.0,0.0,5.008,0.8333333333333334,0.4,0.02504,25.04,0.0
2026-03-31,site A,tecnologia,rodapé fixo,banner,computador,orgânico,4,4,2,0,0.02491,1,1,1,25.5,77.8,1,0.0,0.0,6.2275,1.0,0.5,0.02491,24.91,1.0
2026-03-31,site C,finanças,intersticial,banner,celular,orgânico,4,4,3,0,0.02479,1,1,1,78.1,88.4,0,0.0,0.0,6.1975,1.0,0.75,0.02479,24.79,0.0
2026-03-31,site B,tecnologia,topo da página,vídeo,computador,redes sociais,5,4,2,0,0.02436,1,1,1,150.8,61.2,0,0.0,0.0,6.09,0.8,0.5,0.02436,24.36,0.0
2026-03-31,site B,notícias,lateral,mídia rica,celular,redes sociais,5,4,1,1,0.02432,1,1,1,37.0,17.8,1,1.0,0.25,6.08,0.8,0.25,0.02432,24.32,1.0
2026-03-31,site C,esportes,lateral,banner,tablet,orgânico,4,3,1,0,0.02427,1,1,1,29.4,86.4,0,0.0,0.0,8.09,0.75,0.3333333333333333,0.02427,24.27,0.0
2026-03-31,site A,notícias,lateral,vídeo,celular,redes sociais,3,3,3,0,0.02391,1,1,1,11.1,100.0,0,1.0,0.0,7.97,1.0,1.0,0.02391,23.91,0.0
2026-03-31,site B,esportes,topo da página,banner,computador,redes sociais,6,5,2,0,0.02388,1,1,1,24.6,81.4,0,0.0,0.0,4.776,0.8333333333333334,0.4,0.02388,23.88,0.0
2026-03-31,site A,notícias,meio do artigo,banner,celular,orgânico,9,8,5,0,0.02355,2,2,2,35.3,58.85,0,0.0,0.0,2.94375,0.8888888888888888,0.625,0.011775,11.775,0.0
2026-03-31,site B,notícias,lateral,vídeo,celular,redes sociais,5,4,2,0,0.02318,1,1,1,18.2,55.7,0,0.0,0.0,5.795,0.8,0.5,0.02318,23.18,0.0
2026-03-31,site C,esportes,meio do artigo,banner,computador,direto,7,5,4,0,0.02241,2,2,2,98.1,76.55,2,0.0,0.0,4.482,0.7142857142857143,0.8,0.011205,11.205,1.0
2026-03-31,site A,esportes,meio do artigo,mídia rica,computador,redes sociais,6,4,3,0,0.02236,1,1,1,59.2,81.0,1,0.0,0.0,5.590000000000001,0.6666666666666666,0.75,0.02236,22.360000000000003,1.0
2026-03-31,site C,notícias,meio do artigo,nativo,tablet,orgânico,4,4,3,0,0.02197,1,1,1,80.5,75.7,0,1.0,0.0,5.4925,1.0,0.75,0.02197,21.97,0.0
2026-03-31,site B,notícias,topo da página,vídeo,celular,orgânico,6,4,3,0,0.02132,1,1,1,102.6,43.5,1,1.0,0.0,5.33,0.6666666666666666,0.75,0.02132,21.32,1.0
2026-03-31,site B,tecnologia,rodapé fixo,banner,tablet,newsletter,6,5,4,0,0.021,1,1,1,47.7,47.8,0,0.0,0.0,4.2,0.8333333333333334,0.8,0.021,21.0,0.0
2026-03-31,site A,entretenimento,topo da página,vídeo,celular,orgânico,5,5,3,0,0.02095,1,1,1,66.7,24.2,0,1.0,0.0,4.1899999999999995,1.0,0.6,0.02095,20.95,0.0
2026-03-31,site A,notícias,rodapé fixo,vídeo,tablet,orgânico,5,4,3,0,0.01985,1,1,1,44.1,71.0,1,0.0,0.0,4.9624999999999995,0.8,0.75,0.01985,19.849999999999998,1.0
2026-03-31,site C,notícias,rodapé fixo,banner,computador,newsletter,4,3,2,0,0.01955,1,1,1,28.9,81.5,0,0.0,0.0,6.516666666666667,0.75,0.6666666666666666,0.01955,19.55,0.0
2026-03-31,site C,finanças,lateral,vídeo,tablet,redes sociais,2,2,1,0,0.01938,1,1,1,96.4,81.7,0,1.0,0.0,9.690000000000001,1.0,0.5,0.01938,19.380000000000003,0.0
2026-03-31,site C,esportes,rodapé fixo,banner,celular,redes sociais,6,5,5,0,0.01885,1,1,1,44.5,27.6,0,1.0,0.0,3.7699999999999996,0.8333333333333334,1.0,0.01885,18.849999999999998,0.0
2026-03-31,site A,entretenimento,rodapé fixo,mídia rica,computador,orgânico,4,3,3,0,0.01829,1,1,1,159.0,56.4,0,0.0,0.0,6.096666666666667,0.75,1.0,0.01829,18.29,0.0
2026-03-31,site C,tecnologia,topo da página,vídeo,computador,orgânico,2,2,2,0,0.01812,1,1,1,34.9,65.4,0,1.0,0.0,9.06,1.0,1.0,0.01812,18.12,0.0
2026-03-31,site A,esportes,meio do artigo,banner,computador,referência,5,4,4,0,0.01794,1,1,1,28.4,85.6,0,0.0,0.0,4.485,0.8,1.0,0.01794,17.94,0.0
2026-03-31,site B,notícias,lateral,banner,computador,redes sociais,6,5,3,0,0.01788,1,1,1,67.6,49.2,0,1.0,0.0,3.5759999999999996,0.8333333333333334,0.6,0.01788,17.88,0.0
2026-03-31,site A,entretenimento,rodapé fixo,banner,computador,direto,5,3,3,0,0.01785,1,1,1,155.5,100.0,1,0.0,0.0,5.95,0.6,1.0,0.01785,17.85,1.0
2026-03-31,site C,finanças,lateral,mídia rica,computador,redes sociais,4,2,1,0,0.01757,1,1,1,9.1,53.1,0,0.0,0.0,8.785,0.5,0.5,0.01757,17.57,0.0
2026-03-31,site A,estilo de vida,topo da página,mídia rica,celular,redes sociais,2,2,1,0,0.01701,1,1,1,21.8,59.0,0,0.0,0.0,8.505,1.0,0.5,0.01701,17.01,0.0
2026-03-31,site B,esportes,rodapé fixo,nativo,celular,redes sociais,4,4,3,0,0.01662,1,1,1,43.1,57.5,1,0.0,0.0,4.155,1.0,0.75,0.01662,16.62,1.0
2026-03-31,site A,notícias,meio do artigo,banner,computador,orgânico,6,4,2,0,0.01633,2,2,2,58.65,71.4,1,0.5,0.0,4.0825000000000005,0.6666666666666666,0.5,0.008165,8.165000000000001,0.5
2026-03-31,site C,esportes,meio do artigo,vídeo,celular,orgânico,2,2,1,0,0.01625,1,1,1,146.0,45.8,0,1.0,0.0,8.125,1.0,0.5,0.01625,16.25,0.0
2026-03-31,site A,tecnologia,rodapé fixo,banner,computador,referência,3,3,2,0,0.01545,1,1,1,54.7,46.9,1,0.0,0.0,5.15,1.0,0.6666666666666666,0.01545,15.450000000000001,1.0
2026-03-31,site A,tecnologia,meio do artigo,vídeo,computador,direto,2,2,1,0,0.01521,1,1,1,31.1,69.8,0,1.0,0.0,7.6049999999999995,1.0,0.5,0.01521,15.209999999999999,0.0
2026-03-31,site A,tecnologia,topo da página,mídia rica,celular,orgânico,4,3,3,0,0.01483,1,1,1,34.9,67.7,1,0.0,0.0,4.943333333333333,0.75,1.0,0.01483,14.83,1.0
2026-03-31,site C,entretenimento,lateral,mídia rica,computador,referência,3,3,2,0,0.01456,1,1,1,38.0,54.7,0,0.0,0.0,4.8533333333333335,1.0,0.6666666666666666,0.01456,14.56,0.0
2026-03-31,site B,notícias,meio do artigo,vídeo,celular,orgânico,2,2,1,0,0.01408,1,1,1,42.5,39.5,1,1.0,0.0,7.04,1.0,0.5,0.01408,14.08,1.0
2026-03-31,site A,esportes,meio do artigo,vídeo,computador,orgânico,4,3,1,0,0.014,1,1,1,16.0,37.0,0,0.0,0.0,4.666666666666667,0.75,0.3333333333333333,0.014,14.0,0.0
2026-03-31,site C,estilo de vida,rodapé fixo,banner,celular,referência,4,3,2,0,0.01398,1,1,1,30.7,73.7,0,0.0,0.0,4.659999999999999,0.75,0.6666666666666666,0.01398,13.979999999999999,0.0
2026-03-31,site B,estilo de vida,lateral,vídeo,celular,newsletter,5,4,2,0,0.01384,1,1,1,53.8,50.9,1,1.0,0.0,3.46,0.8,0.5,0.01384,13.84,1.0
2026-03-31,site A,finanças,rodapé fixo,vídeo,celular,orgânico,2,2,2,0,0.01303,1,1,1,29.1,62.5,1,1.0,0.0,6.515,1.0,1.0,0.01303,13.03,1.0
2026-03-31,site B,esportes,lateral,banner,computador,referência,4,4,3,0,0.01252,1,1,1,59.3,75.7,0,0.0,0.0,3.13,1.0,0.75,0.01252,12.52,0.0
2026-03-31,site C,notícias,meio do artigo,banner,computador,orgânico,3,2,1,0,0.01229,1,1,1,41.4,40.5,0,0.0,0.0,6.1450000000000005,0.6666666666666666,0.5,0.01229,12.290000000000001,0.0
2026-03-31,site C,entretenimento,intersticial,nativo,celular,orgânico,3,3,2,0,0.01202,1,1,1,112.1,87.9,0,0.0,0.0,4.006666666666667,1.0,0.6666666666666666,0.01202,12.02,0.0
2026-03-31,site A,notícias,lateral,mídia rica,computador,redes sociais,3,2,2,0,0.01161,1,1,1,68.5,63.4,0,1.0,0.0,5.805000000000001,0.6666666666666666,1.0,0.01161,11.610000000000001,0.0
2026-03-31,site A,notícias,topo da página,banner,tablet,redes sociais,3,3,0,0,0.0116,1,1,1,18.9,64.8,0,0.0,0.0,3.8666666666666667,1.0,0.0,0.0116,11.6,0.0
2026-03-31,site A,estilo de vida,topo da página,banner,computador,newsletter,4,3,3,0,0.01134,1,1,1,10.9,19.3,0,1.0,0.0,3.78,0.75,1.0,0.01134,11.34,0.0
2026-03-31,site B,estilo de vida,meio do artigo,banner,tablet,referência,6,4,3,0,0.01114,1,1,1,11.4,43.8,0,0.0,0.0,2.785,0.6666666666666666,0.75,0.01114,11.14,0.0
2026-03-31,site A,esportes,meio do artigo,nativo,computador,orgânico,3,3,0,0,0.01097,1,1,1,119.9,53.2,0,1.0,0.0,3.6566666666666667,1.0,0.0,0.01097,10.97,0.0
2026-03-31,site A,estilo de vida,meio do artigo,mídia rica,celular,referência,5,3,2,0,0.01074,1,1,1,107.1,40.3,0,0.0,0.0,3.58,0.6,0.6666666666666666,0.01074,10.74,0.0
2026-03-31,site A,estilo de vida,rodapé fixo,banner,computador,orgânico,3,3,2,0,0.01046,1,1,1,52.2,26.0,0,0.0,0.0,3.486666666666667,1.0,0.6666666666666666,0.01046,10.46,0.0
2026-03-31,site B,entretenimento,meio do artigo,banner,celular,direto,2,2,2,0,0.01014,1,1,1,58.2,70.5,1,1.0,0.0,5.07,1.0,1.0,0.01014,10.14,1.0
2026-03-31,site B,entretenimento,intersticial,nativo,computador,redes sociais,4,2,0,0,0.00983,1,1,1,30.7,30.2,1,1.0,0.0,4.915,0.5,0.0,0.00983,9.83,1.0
2026-03-31,site A,notícias,rodapé fixo,banner,computador,direto,4,4,3,0,0.00956,1,1,1,50.6,71.8,1,0.0,0.0,2.39,1.0,0.75,0.00956,9.56,1.0
2026-03-31,site B,entretenimento,topo da página,banner,computador,direto,2,2,0,0,0.00954,1,1,1,18.3,61.8,0,0.0,0.0,4.77,1.0,0.0,0.00954,9.54,0.0
2026-03-31,site B,notícias,meio do artigo,banner,celular,orgânico,3,2,1,0,0.009,1,1,1,62.9,7.0,1,0.0,0.0,4.5,0.6666666666666666,0.5,0.009,9.0,1.0
2026-03-31,site B,esportes,topo da página,vídeo,computador,redes sociais,3,1,0,0,0.00877,1,1,1,47.1,72.4,0,0.0,0.0,8.77,0.3333333333333333,0.0,0.00877,8.77,0.0
2026-03-31,site B,tecnologia,topo da página,banner,celular,referência,3,3,3,0,0.00872,1,1,1,49.2,41.7,1,0.0,0.0,2.9066666666666667,1.0,1.0,0.00872,8.72,1.0
2026-03-31,site B,notícias,rodapé fixo,banner,celular,direto,4,3,3,0,0.00838,1,1,1,114.3,35.4,0,1.0,0.0,2.7933333333333334,0.75,1.0,0.00838,8.38,0.0
2026-03-31,site B,notícias,meio do artigo,nativo,celular,redes sociais,3,2,1,0,0.00816,1,1,1,9.1,67.3,0,0.0,0.0,4.08,0.6666666666666666,0.5,0.00816,8.16,0.0
2026-03-31,site A,esportes,meio do artigo,banner,computador,direto,1,1,1,0,0.00788,1,1,1,35.4,77.4,0,0.0,0.0,7.88,1.0,1.0,0.00788,7.88,0.0
2026-03-31,site B,notícias,rodapé fixo,banner,computador,orgânico,2,1,1,0,0.0075,1,1,1,70.3,62.1,1,0.0,0.0,7.5,0.5,1.0,0.0075,7.5,1.0
2026-03-31,site A,finanças,meio do artigo,vídeo,computador,orgânico,2,1,1,0,0.00638,1,1,1,17.7,64.9,0,0.0,0.0,6.38,0.5,1.0,0.00638,6.38,0.0
2026-03-31,site C,estilo de vida,meio do artigo,mídia rica,computador,redes sociais,4,2,0,0,0.00627,1,1,1,13.6,53.4,0,1.0,0.0,3.1350000000000002,0.5,0.0,0.00627,6.2700000000000005,0.0
2026-03-31,site A,entretenimento,intersticial,banner,celular,direto,4,2,1,0,0.00606,1,1,1,26.1,83.2,0,1.0,0.0,3.0300000000000002,0.5,0.5,0.00606,6.0600000000000005,0.0
2026-03-31,site B,estilo de vida,meio do artigo,banner,computador,referência,3,1,1,0,0.00578,1,1,1,62.1,76.2,0,0.0,0.0,5.78,0.3333333333333333,1.0,0.00578,5.78,0.0
2026-03-31,site C,entretenimento,rodapé fixo,banner,computador,direto,3,2,1,0,0.00529,1,1,1,35.3,58.6,0,1.0,0.0,2.645,0.6666666666666666,0.5,0.00529,5.29,0.0
2026-03-31,site B,esportes,topo da página,mídia rica,computador,newsletter,1,1,0,0,0.0049,1,1,1,43.5,42.6,1,1.0,0.0,4.8999999999999995,1.0,0.0,0.0049,4.8999999999999995,1.0
2026-03-31,site C,tecnologia,topo da página,banner,computador,referência,2,2,0,0,0.00456,1,1,1,25.0,53.6,0,1.0,0.0,2.28,1.0,0.0,0.00456,4.56,0.0
2026-03-31,site C,tecnologia,meio do artigo,nativo,celular,referência,1,1,1,0,0.00319,1,1,1,43.6,31.4,1,0.0,0.0,3.19,1.0,1.0,0.00319,3.19,1.0
2026-03-31,site A,finanças,rodapé fixo,nativo,celular,redes sociais,1,1,1,0,0.00209,1,1,1,57.0,70.7,0,0.0,0.0,2.09,1.0,1.0,0.00209,2.09,0.0
2026-03-31,site C,tecnologia,rodapé fixo,banner,computador,direto,1,0,0,0,0.00137,1,1,1,15.9,38.0,1,0.0,0.0,0.0,0.0,0.0,0.00137,1.3699999999999999,1.0
2026-03-31,site C,notícias,meio do artigo,banner,celular,referência,1,1,0,0,0.001,1,1,1,22.0,72.4,0,1.0,0.0,1.0,1.0,0.0,0.001,1.0,0.0
2026-03-31,site A,esportes,topo da página,nativo,celular,redes sociais,2,1,1,1,0.00086,1,1,1,150.4,86.1,0,0.0,1.0,0.86,0.5,1.0,0.00086,0.86,0.0
2026-03-31,site B,esportes,intersticial,mídia rica,celular,orgânico,3,0,0,0,0.00077,1,1,1,56.1,36.7,1,1.0,0.0,0.0,0.0,0.0,0.00077,0.7699999999999999,1.0
2026-03-31,site A,entretenimento,lateral,nativo,computador,orgânico,1,0,0,0,5e-05,1,1,1,13.9,57.3,1,0.0,0.0,0.0,0.0,0.0,5e-05,0.05,1.0
2026-03-31,site C,estilo de vida,lateral,nativo,celular,orgânico,1,1,1,0,0.0,1,1,1,109.4,77.6,1,1.0,0.0,0.0,1.0,1.0,0.0,0.0,1.0
2026-04-01,site A,tecnologia,topo da página,nativo,computador,orgânico,8,8,6,0,0.06014,2,2,2,69.69999999999999,63.449999999999996,0,0.0,0.0,7.5175,1.0,0.75,0.03007,30.07,0.0
2026-04-01,site C,tecnologia,topo da página,banner,computador,direto,6,5,4,0,0.05238,1,1,1,160.6,44.5,0,0.0,0.0,10.476,0.8333333333333334,0.8,0.05238,52.38,0.0
2026-04-01,site A,esportes,meio do artigo,nativo,computador,newsletter,6,6,5,0,0.04838,1,1,1,39.4,37.4,0,0.0,0.0,8.063333333333334,1.0,0.8333333333333334,0.04838,48.38,0.0
2026-04-01,site A,estilo de vida,rodapé fixo,vídeo,computador,newsletter,4,4,3,0,0.04793,1,1,1,21.7,17.4,1,0.0,0.0,11.9825,1.0,0.75,0.04793,47.93,1.0
2026-04-01,site B,finanças,meio do artigo,mídia rica,celular,referência,4,4,3,0,0.04092,1,1,1,5.0,70.3,0,0.0,0.0,10.229999999999999,1.0,0.75,0.04092,40.919999999999995,0.0
2026-04-01,site A,esportes,lateral,vídeo,computador,orgânico,6,4,2,0,0.03721,1,1,1,76.0,31.9,0,0.0,0.0,9.3025,0.6666666666666666,0.5,0.03721,37.21,0.0
2026-04-01,site A,finanças,lateral,mídia rica,computador,orgânico,4,4,2,0,0.03489,1,1,1,12.9,27.3,0,0.0,0.0,8.7225,1.0,0.5,0.03489,34.89,0.0
2026-04-01,site A,entretenimento,lateral,vídeo,celular,orgânico,4,4,2,0,0.03439,1,1,1,63.1,46.2,0,0.0,0.0,8.597499999999998,1.0,0.5,0.03439,34.38999999999999,0.0
2026-04-01,site C,esportes,meio do artigo,banner,tablet,direto,5,5,2,0,0.03273,1,1,1,39.7,85.2,0,0.0,0.0,6.546000000000001,1.0,0.4,0.03273,32.730000000000004,0.0
2026-04-01,site B,finanças,topo da página,banner,computador,referência,4,4,1,0,0.03251,1,1,1,44.8,84.8,1,1.0,0.0,8.1275,1.0,0.25,0.03251,32.51,1.0
2026-04-01,site B,estilo de vida,meio do artigo,banner,computador,orgânico,11,7,4,0,0.03234,3,3,3,63.86666666666667,62.06666666666666,0,0.3333333333333333,0.0,4.62,0.6363636363636364,0.5714285714285714,0.01078,10.780000000000001,0.0
2026-04-01,site B,tecnologia,intersticial,mídia rica,celular,orgânico,6,4,4,0,0.0316,1,1,1,49.4,71.0,0,1.0,0.0,7.9,0.6666666666666666,1.0,0.0316,31.6,0.0
2026-04-01,site C,tecnologia,meio do artigo,nativo,celular,newsletter,4,4,2,0,0.02903,1,1,1,68.0,43.7,0,1.0,0.0,7.2575,1.0,0.5,0.02903,29.03,0.0
2026-04-01,site B,finanças,lateral,nativo,celular,redes sociais,6,6,3,0,0.02636,1,1,1,61.6,54.5,1,1.0,0.0,4.3933333333333335,1.0,0.5,0.02636,26.360000000000003,1.0
2026-04-01,site B,notícias,meio do artigo,banner,celular,orgânico,7,7,4,0,0.02632,2,2,2,40.25,72.85,1,0.5,0.0,3.7600000000000002,1.0,0.5714285714285714,0.01316,13.16,0.5
2026-04-01,site A,estilo de vida,intersticial,banner,celular,redes sociais,3,3,2,1,0.02596,1,1,1,68.1,97.2,1,1.0,0.3333333333333333,8.653333333333334,1.0,0.6666666666666666,0.02596,25.96,1.0
2026-04-01,site C,tecnologia,meio do artigo,banner,computador,orgânico,7,5,5,0,0.02554,2,2,2,81.85,65.6,1,1.0,0.0,5.108,0.7142857142857143,1.0,0.01277,12.77,0.5
2026-04-01,site B,entretenimento,topo da página,banner,computador,orgânico,5,5,1,0,0.02518,2,2,2,34.35,77.6,0,0.0,0.0,5.036,1.0,0.2,0.01259,12.59,0.0
2026-04-01,site A,finanças,meio do artigo,vídeo,computador,referência,4,3,2,0,0.02455,1,1,1,82.7,47.3,1,0.0,0.0,8.183333333333332,0.75,0.6666666666666666,0.02455,24.549999999999997,1.0
2026-04-01,site A,entretenimento,lateral,nativo,celular,direto,3,2,2,0,0.02454,1,1,1,72.6,39.8,0,1.0,0.0,12.27,0.6666666666666666,1.0,0.02454,24.54,0.0
2026-04-01,site A,notícias,lateral,nativo,computador,redes sociais,6,5,4,0,0.02443,1,1,1,40.0,38.4,0,1.0,0.0,4.886,0.8333333333333334,0.8,0.02443,24.43,0.0
2026-04-01,site B,finanças,meio do artigo,banner,tablet,orgânico,4,4,3,0,0.02403,1,1,1,32.5,49.9,0,1.0,0.0,6.007499999999999,1.0,0.75,0.02403,24.029999999999998,0.0
2026-04-01,site B,esportes,lateral,banner,computador,referência,6,5,2,0,0.02284,1,1,1,33.0,53.3,0,1.0,0.0,4.568,0.8333333333333334,0.4,0.02284,22.84,0.0
2026-04-01,site B,tecnologia,topo da página,nativo,computador,direto,5,5,3,1,0.02256,1,1,1,86.5,45.2,1,0.0,0.2,4.512,1.0,0.6,0.02256,22.56,1.0
2026-04-01,site A,esportes,lateral,nativo,celular,redes sociais,3,3,2,0,0.0224,1,1,1,34.9,59.8,0,0.0,0.0,7.466666666666666,1.0,0.6666666666666666,0.0224,22.4,0.0
2026-04-01,site A,finanças,topo da página,nativo,celular,newsletter,6,5,2,1,0.02211,1,1,1,89.4,76.6,0,0.0,0.2,4.422,0.8333333333333334,0.4,0.02211,22.11,0.0
2026-04-01,site B,finanças,topo da página,nativo,computador,orgânico,3,3,3,0,0.02189,1,1,1,21.1,81.2,0,1.0,0.0,7.296666666666667,1.0,1.0,0.02189,21.89,0.0
2026-04-01,site A,esportes,meio do artigo,mídia rica,computador,orgânico,5,2,2,0,0.02156,1,1,1,24.8,41.7,0,1.0,0.0,10.78,0.4,1.0,0.02156,21.56,0.0
2026-04-01,site B,entretenimento,meio do artigo,banner,computador,orgânico,6,5,4,0,0.02101,1,1,1,45.9,77.4,1,1.0,0.0,4.202,0.8333333333333334,0.8,0.02101,21.01,1.0
2026-04-01,site B,finanças,meio do artigo,banner,celular,direto,5,3,3,0,0.02059,1,1,1,82.8,23.7,0,1.0,0.0,6.863333333333333,0.6,1.0,0.02059,20.59,0.0
2026-04-01,site B,finanças,rodapé fixo,nativo,celular,redes sociais,5,2,2,0,0.02044,1,1,1,56.8,53.4,1,0.0,0.0,10.22,0.4,1.0,0.02044,20.44,1.0
2026-04-01,site B,tecnologia,rodapé fixo,nativo,celular,orgânico,6,3,3,0,0.02004,1,1,1,37.2,66.8,1,1.0,0.0,6.68,0.5,1.0,0.02004,20.04,1.0
2026-04-01,site A,tecnologia,meio do artigo,mídia rica,computador,newsletter,2,2,1,0,0.01972,1,1,1,43.9,60.6,0,1.0,0.0,9.860000000000001,1.0,0.5,0.01972,19.720000000000002,0.0
2026-04-01,site C,esportes,meio do artigo,nativo,tablet,referência,6,4,3,0,0.01852,1,1,1,9.2,87.4,1,1.0,0.0,4.63,0.6666666666666666,0.75,0.01852,18.52,1.0
2026-04-01,site B,tecnologia,meio do artigo,banner,computador,newsletter,5,5,5,0,0.01822,1,1,1,53.5,78.4,1,1.0,0.0,3.6439999999999997,1.0,1.0,0.01822,18.22,1.0
2026-04-01,site B,esportes,meio do artigo,nativo,celular,orgânico,4,3,2,0,0.01766,1,1,1,108.3,87.1,0,0.0,0.0,5.886666666666667,0.75,0.6666666666666666,0.01766,17.66,0.0
2026-04-01,site B,estilo de vida,meio do artigo,banner,celular,redes sociais,6,5,3,0,0.01747,1,1,1,45.7,81.0,0,1.0,0.0,3.4939999999999998,0.8333333333333334,0.6,0.01747,17.47,0.0
2026-04-01,site A,notícias,topo da página,nativo,celular,direto,3,3,2,0,0.01707,1,1,1,49.1,43.0,1,1.0,0.0,5.689999999999999,1.0,0.6666666666666666,0.01707,17.069999999999997,1.0
2026-04-01,site A,notícias,topo da página,banner,celular,orgânico,5,5,1,0,0.01619,1,1,1,16.8,49.1,1,1.0,0.0,3.2380000000000004,1.0,0.2,0.01619,16.19,1.0
2026-04-01,site A,notícias,topo da página,mídia rica,celular,orgânico,3,3,1,0,0.01597,1,1,1,14.9,44.0,0,0.0,0.0,5.323333333333334,1.0,0.3333333333333333,0.01597,15.970000000000002,0.0
2026-04-01,site A,tecnologia,rodapé fixo,vídeo,computador,orgânico,3,2,2,0,0.01593,1,1,1,8.3,16.4,0,0.0,0.0,7.965,0.6666666666666666,1.0,0.01593,15.93,0.0
2026-04-01,site A,notícias,meio do artigo,vídeo,celular,orgânico,2,2,1,0,0.01592,1,1,1,28.8,58.6,0,0.0,0.0,7.96,1.0,0.5,0.01592,15.92,0.0
2026-04-01,site A,notícias,topo da página,mídia rica,tablet,orgânico,2,2,1,0,0.01572,1,1,1,31.9,63.9,0,1.0,0.0,7.86,1.0,0.5,0.01572,15.72,0.0
2026-04-01,site B,tecnologia,rodapé fixo,mídia rica,computador,redes sociais,4,2,2,0,0.01547,1,1,1,18.2,72.8,1,1.0,0.0,7.734999999999999,0.5,1.0,0.01547,15.469999999999999,1.0
2026-04-01,site B,estilo de vida,meio do artigo,vídeo,computador,orgânico,4,2,2,0,0.0147,1,1,1,42.4,58.4,0,0.0,0.0,7.35,0.5,1.0,0.0147,14.7,0.0
2026-04-01,site B,entretenimento,topo da página,mídia rica,celular,orgânico,4,4,2,0,0.01421,1,1,1,50.5,42.6,0,0.0,0.0,3.5525,1.0,0.5,0.01421,14.21,0.0
2026-04-01,site A,tecnologia,topo da página,banner,computador,orgânico,3,2,0,0,0.01418,1,1,1,10.1,67.9,1,0.0,0.0,7.09,0.6666666666666666,0.0,0.01418,14.18,1.0
2026-04-01,site A,esportes,meio do artigo,banner,celular,orgânico,2,2,1,0,0.01386,1,1,1,33.7,65.5,0,0.0,0.0,6.930000000000001,1.0,0.5,0.01386,13.860000000000001,0.0
2026-04-01,site A,notícias,meio do artigo,banner,computador,redes sociais,3,3,2,0,0.0137,1,1,1,51.1,64.6,0,0.0,0.0,4.566666666666667,1.0,0.6666666666666666,0.0137,13.700000000000001,0.0
2026-04-01,site A,notícias,topo da página,banner,computador,direto,5,5,2,0,0.01366,1,1,1,75.7,42.1,0,1.0,0.0,2.732,1.0,0.4,0.01366,13.66,0.0
2026-04-01,site B,esportes,topo da página,nativo,computador,newsletter,4,3,1,0,0.01365,1,1,1,34.0,51.2,0,1.0,0.0,4.55,0.75,0.3333333333333333,0.01365,13.65,0.0
2026-04-01,site B,tecnologia,rodapé fixo,banner,computador,redes sociais,3,3,3,0,0.01328,1,1,1,43.8,63.0,1,1.0,0.0,4.426666666666667,1.0,1.0,0.01328,13.28,1.0
2026-04-01,site A,esportes,topo da página,banner,computador,newsletter,3,3,0,0,0.01265,1,1,1,18.3,49.7,0,1.0,0.0,4.216666666666667,1.0,0.0,0.01265,12.65,0.0
2026-04-01,site B,notícias,rodapé fixo,banner,celular,direto,2,2,2,0,0.01183,1,1,1,67.2,41.3,0,0.0,0.0,5.915,1.0,1.0,0.01183,11.83,0.0
2026-04-01,site C,tecnologia,rodapé fixo,nativo,celular,referência,4,4,2,0,0.01168,1,1,1,45.1,51.5,0,1.0,0.0,2.92,1.0,0.5,0.01168,11.68,0.0
2026-04-01,site A,estilo de vida,rodapé fixo,vídeo,celular,direto,6,4,4,0,0.01144,1,1,1,65.8,25.0,0,1.0,0.0,2.8600000000000003,0.6666666666666666,1.0,0.01144,11.440000000000001,0.0
2026-04-01,site A,finanças,rodapé fixo,nativo,celular,orgânico,5,4,3,0,0.0112,1,1,1,117.0,88.3,1,1.0,0.0,2.8,0.8,0.75,0.0112,11.2,1.0
2026-04-01,site C,esportes,topo da página,mídia rica,celular,referência,2,2,1,0,0.01118,1,1,1,99.8,71.3,1,1.0,0.0,5.590000000000001,1.0,0.5,0.01118,11.180000000000001,1.0
2026-04-01,site A,entretenimento,meio do artigo,nativo,computador,newsletter,3,3,2,0,0.01109,1,1,1,102.2,25.6,0,0.0,0.0,3.6966666666666668,1.0,0.6666666666666666,0.01109,11.09,0.0
2026-04-01,site C,estilo de vida,topo da página,vídeo,computador,direto,3,2,1,0,0.01109,1,1,1,54.3,60.7,0,1.0,0.0,5.545,0.6666666666666666,0.5,0.01109,11.09,0.0
2026-04-01,site C,tecnologia,topo da página,banner,computador,redes sociais,5,3,2,0,0.01105,1,1,1,41.7,76.3,1,1.0,0.0,3.6833333333333336,0.6,0.6666666666666666,0.01105,11.05,1.0
2026-04-01,site B,entretenimento,topo da página,nativo,celular,newsletter,3,2,1,0,0.01104,1,1,1,40.7,61.8,0,0.0,0.0,5.52,0.6666666666666666,0.5,0.01104,11.04,0.0
2026-04-01,site B,estilo de vida,topo da página,banner,celular,referência,5,5,2,1,0.01103,1,1,1,28.2,19.9,1,0.0,0.2,2.206,1.0,0.4,0.01103,11.03,1.0
2026-04-01,site B,notícias,lateral,vídeo,celular,direto,4,2,0,0,0.01101,1,1,1,40.6,54.0,1,1.0,0.0,5.505000000000001,0.5,0.0,0.01101,11.010000000000002,1.0
2026-04-01,site B,esportes,topo da página,nativo,celular,orgânico,3,2,1,0,0.01087,1,1,1,54.6,57.0,1,1.0,0.0,5.435,0.6666666666666666,0.5,0.01087,10.87,1.0
2026-04-01,site A,notícias,meio do artigo,vídeo,computador,direto,1,1,1,0,0.01073,1,1,1,25.9,16.1,0,0.0,0.0,10.73,1.0,1.0,0.01073,10.73,0.0
2026-04-01,site B,esportes,topo da página,banner,computador,referência,4,3,1,0,0.01067,1,1,1,45.9,46.0,1,0.0,0.0,3.5566666666666666,0.75,0.3333333333333333,0.01067,10.67,1.0
2026-04-01,site A,notícias,lateral,nativo,celular,newsletter,4,3,1,0,0.01045,1,1,1,37.4,71.7,0,1.0,0.0,3.483333333333333,0.75,0.3333333333333333,0.01045,10.45,0.0
2026-04-01,site A,tecnologia,lateral,banner,celular,direto,3,2,1,0,0.01044,1,1,1,29.7,87.3,0,0.0,0.0,5.22,0.6666666666666666,0.5,0.01044,10.44,0.0
2026-04-01,site A,entretenimento,intersticial,vídeo,celular,direto,4,2,1,0,0.01041,1,1,1,61.7,39.0,1,0.0,0.0,5.205,0.5,0.5,0.01041,10.41,1.0
2026-04-01,site C,entretenimento,rodapé fixo,banner,computador,redes sociais,5,3,3,0,0.01038,1,1,1,48.3,62.6,1,1.0,0.0,3.4600000000000004,0.6,1.0,0.01038,10.38,1.0
2026-04-01,site C,notícias,meio do artigo,banner,computador,direto,4,4,1,0,0.01018,1,1,1,9.4,56.4,1,1.0,0.0,2.545,1.0,0.25,0.01018,10.18,1.0
2026-04-01,site A,tecnologia,rodapé fixo,vídeo,computador,direto,3,1,1,0,0.01005,1,1,1,94.8,60.2,1,0.0,0.0,10.05,0.3333333333333333,1.0,0.01005,10.05,1.0
2026-04-01,site B,notícias,rodapé fixo,nativo,celular,newsletter,2,2,1,0,0.00969,1,1,1,43.9,85.9,0,1.0,0.0,4.845000000000001,1.0,0.5,0.00969,9.690000000000001,0.0
2026-04-01,site B,entretenimento,topo da página,banner,celular,direto,3,3,3,0,0.00966,1,1,1,64.5,54.7,1,0.0,0.0,3.22,1.0,1.0,0.00966,9.66,1.0
2026-04-01,site A,notícias,lateral,nativo,tablet,redes sociais,6,5,2,0,0.00961,1,1,1,86.9,42.0,0,0.0,0.0,1.9220000000000002,0.8333333333333334,0.4,0.00961,9.610000000000001,0.0
2026-04-01,site C,esportes,lateral,banner,celular,referência,2,2,1,0,0.0096,1,1,1,91.5,37.5,0,0.0,0.0,4.8,1.0,0.5,0.0096,9.6,0.0
2026-04-01,site C,tecnologia,topo da página,banner,computador,orgânico,2,1,0,0,0.0095,1,1,1,42.9,47.2,1,1.0,0.0,9.5,0.5,0.0,0.0095,9.5,1.0
2026-04-01,site B,tecnologia,meio do artigo,vídeo,celular,redes sociais,3,2,2,0,0.00934,1,1,1,76.0,52.7,1,0.0,0.0,4.67,0.6666666666666666,1.0,0.00934,9.34,1.0
2026-04-01,site B,finanças,meio do artigo,banner,tablet,direto,2,2,2,0,0.00911,1,1,1,117.8,73.7,0,0.0,0.0,4.555,1.0,1.0,0.00911,9.11,0.0
2026-04-01,site A,tecnologia,intersticial,nativo,computador,orgânico,1,1,0,0,0.00877,1,1,1,67.8,81.6,0,0.0,0.0,8.77,1.0,0.0,0.00877,8.77,0.0
2026-04-01,site B,entretenimento,rodapé fixo,banner,computador,direto,3,2,2,0,0.00859,1,1,1,44.6,32.5,0,0.0,0.0,4.295,0.6666666666666666,1.0,0.00859,8.59,0.0
2026-04-01,site C,esportes,rodapé fixo,banner,tablet,redes sociais,1,1,1,1,0.00832,1,1,1,90.4,96.3,1,0.0,1.0,8.319999999999999,1.0,1.0,0.00832,8.319999999999999,1.0
2026-04-01,site B,esportes,rodapé fixo,mídia rica,computador,direto,2,2,2,0,0.00829,1,1,1,217.1,41.2,1,0.0,0.0,4.1450000000000005,1.0,1.0,0.00829,8.290000000000001,1.0
2026-04-01,site A,notícias,lateral,banner,celular,orgânico,2,2,1,0,0.0079,1,1,1,136.1,60.4,0,0.0,0.0,3.95,1.0,0.5,0.0079,7.9,0.0
2026-04-01,site B,finanças,lateral,banner,computador,referência,4,2,1,0,0.00783,1,1,1,100.3,69.3,0,1.0,0.0,3.915,0.5,0.5,0.00783,7.83,0.0
2026-04-01,site A,finanças,lateral,nativo,celular,orgânico,1,1,1,0,0.00777,1,1,1,36.1,83.9,0,1.0,0.0,7.77,1.0,1.0,0.00777,7.77,0.0
2026-04-01,site A,estilo de vida,meio do artigo,banner,tablet,orgânico,4,2,1,0,0.00706,1,1,1,85.7,48.1,0,1.0,0.0,3.5300000000000002,0.5,0.5,0.00706,7.0600000000000005,0.0
2026-04-01,site B,entretenimento,meio do artigo,banner,celular,orgânico,6,3,2,0,0.00677,1,1,1,118.0,60.5,1,1.0,0.0,2.2566666666666664,0.5,0.6666666666666666,0.00677,6.77,1.0
2026-04-01,site A,esportes,topo da página,mídia rica,computador,redes sociais,2,1,0,0,0.00638,1,1,1,35.1,14.1,0,0.0,0.0,6.38,0.5,0.0,0.00638,6.38,0.0
2026-04-01,site B,finanças,meio do artigo,banner,celular,orgânico,1,1,1,0,0.0063,1,1,1,59.6,61.6,0,1.0,0.0,6.3,1.0,1.0,0.0063,6.3,0.0
2026-04-01,site C,esportes,meio do artigo,vídeo,celular,direto,1,1,0,0,0.0063,1,1,1,91.3,35.9,0,0.0,0.0,6.3,1.0,0.0,0.0063,6.3,0.0
2026-04-01,site B,tecnologia,meio do artigo,nativo,celular,orgânico,1,1,0,0,0.00623,1,1,1,63.8,44.8,1,0.0,0.0,6.23,1.0,0.0,0.00623,6.23,1.0
2026-04-01,site C,notícias,rodapé fixo,vídeo,computador,orgânico,1,1,1,0,0.00606,1,1,1,77.7,75.2,0,0.0,0.0,6.0600000000000005,1.0,1.0,0.00606,6.0600000000000005,0.0
2026-04-01,site A,finanças,topo da página,banner,computador,direto,1,1,1,0,0.00597,1,1,1,34.2,55.5,0,0.0,0.0,5.97,1.0,1.0,0.00597,5.97,0.0
2026-04-01,site A,esportes,topo da página,vídeo,celular,direto,2,1,1,0,0.00587,1,1,1,4.0,89.2,0,1.0,0.0,5.87,0.5,1.0,0.00587,5.87,0.0
2026-04-01,site A,tecnologia,meio do artigo,banner,celular,orgânico,2,1,0,0,0.00583,1,1,1,65.0,27.3,1,0.0,0.0,5.83,0.5,0.0,0.00583,5.83,1.0
2026-04-01,site B,notícias,lateral,banner,celular,direto,1,1,1,0,0.00576,1,1,1,72.3,31.4,0,1.0,0.0,5.760000000000001,1.0,1.0,0.00576,5.760000000000001,0.0
2026-04-01,site A,entretenimento,topo da página,banner,computador,redes sociais,1,1,0,0,0.00559,1,1,1,65.9,24.6,0,0.0,0.0,5.590000000000001,1.0,0.0,0.00559,5.590000000000001,0.0
2026-04-01,site B,estilo de vida,lateral,mídia rica,computador,redes sociais,2,1,1,0,0.00553,1,1,1,31.4,100.0,1,0.0,0.0,5.53,0.5,1.0,0.00553,5.53,1.0
2026-04-01,site A,entretenimento,lateral,banner,celular,direto,3,3,3,0,0.0055,1,1,1,96.1,64.9,0,1.0,0.0,1.8333333333333333,1.0,1.0,0.0055,5.5,0.0
2026-04-01,site A,notícias,lateral,nativo,computador,referência,2,1,1,0,0.0055,1,1,1,110.1,59.2,1,0.0,0.0,5.5,0.5,1.0,0.0055,5.5,1.0
2026-04-01,site B,notícias,intersticial,banner,computador,referência,4,2,1,0,0.0055,1,1,1,87.6,63.7,0,0.0,0.0,2.75,0.5,0.5,0.0055,5.5,0.0
2026-04-01,site A,esportes,meio do artigo,vídeo,celular,orgânico,3,1,1,0,0.00506,1,1,1,20.1,61.2,1,1.0,0.0,5.0600000000000005,0.3333333333333333,1.0,0.00506,5.0600000000000005,1.0
2026-04-01,site A,esportes,rodapé fixo,nativo,computador,orgânico,1,1,1,0,0.00486,1,1,1,122.7,11.6,1,0.0,0.0,4.859999999999999,1.0,1.0,0.00486,4.859999999999999,1.0
2026-04-01,site B,estilo de vida,meio do artigo,nativo,tablet,redes sociais,2,1,0,0,0.00429,1,1,1,72.6,69.6,0,0.0,0.0,4.29,0.5,0.0,0.00429,4.29,0.0
2026-04-01,site A,entretenimento,intersticial,vídeo,celular,referência,2,1,1,0,0.00353,1,1,1,129.7,69.1,0,0.0,0.0,3.5300000000000002,0.5,1.0,0.00353,3.5300000000000002,0.0
2026-04-01,site A,estilo de vida,meio do artigo,banner,celular,direto,2,1,0,0,0.00314,1,1,1,98.1,100.0,0,1.0,0.0,3.14,0.5,0.0,0.00314,3.14,0.0
2026-04-01,site A,tecnologia,meio do artigo,nativo,celular,orgânico,1,1,1,0,0.00291,1,1,1,34.3,82.7,1,0.0,0.0,2.9099999999999997,1.0,1.0,0.00291,2.9099999999999997,1.0
2026-04-01,site A,esportes,meio do artigo,nativo,celular,referência,3,1,1,0,0.00288,1,1,1,14.4,63.2,1,0.0,0.0,2.8800000000000003,0.3333333333333333,1.0,0.00288,2.8800000000000003,1.0
2026-04-01,site C,notícias,lateral,mídia rica,computador,redes sociais,1,1,0,0,0.00258,1,1,1,56.0,82.4,0,1.0,0.0,2.5799999999999996,1.0,0.0,0.00258,2.5799999999999996,0.0
2026-04-01,site C,notícias,lateral,banner,computador,orgânico,5,1,1,0,0.0023,1,1,1,111.1,74.4,0,1.0,0.0,2.3,0.2,1.0,0.0023,2.3,0.0
2026-04-01,site B,esportes,rodapé fixo,banner,computador,orgânico,1,0,0,0,0.00219,1,1,1,50.7,55.9,1,1.0,0.0,0.0,0.0,0.0,0.00219,2.19,1.0
2026-04-01,site B,estilo de vida,meio do artigo,banner,tablet,direto,1,1,0,0,0.00166,1,1,1,13.6,82.8,1,0.0,0.0,1.66,1.0,0.0,0.00166,1.66,1.0
2026-04-01,site C,entretenimento,topo da página,banner,computador,direto,1,1,1,0,0.00158,1,1,1,74.3,80.0,0,1.0,0.0,1.58,1.0,1.0,0.00158,1.58,0.0
2026-04-01,site A,estilo de vida,intersticial,banner,celular,orgânico,2,0,0,0,0.00117,1,1,1,12.2,71.8,0,1.0,0.0,0.0,0.0,0.0,0.00117,1.17,0.0
2026-04-01,site B,estilo de vida,topo da página,banner,tablet,referência,2,1,0,0,0.00021,1,1,1,38.8,45.8,0,0.0,0.0,0.21000000000000002,0.5,0.0,0.00021,0.21000000000000002,0.0
2026-04-01,site A,tecnologia,meio do artigo,banner,celular,redes sociais,2,1,0,0,0.0002,1,1,1,29.0,30.5,0,1.0,0.0,0.2,0.5,0.0,0.0002,0.2,0.0
2026-04-01,site A,esportes,rodapé fixo,mídia rica,computador,orgânico,2,1,1,0,0.0,1,1,1,99.5,25.9,0,0.0,0.0,0.0,0.5,1.0,0.0,0.0,0.0
2026-04-01,site A,estilo de vida,meio do artigo,mídia rica,computador,redes sociais,2,0,0,0,0.0,1,1,1,154.3,75.0,1,0.0,0.0,0.0,0.0,0.0,0.0,0.0,1.0
2026-04-01,site A,tecnologia,intersticial,banner,computador,orgânico,1,0,0,0,0.0,1,1,1,108.5,70.9,0,0.0,0.0,0.0,0.0,0.0,0.0,0.0,0.0
2026-04-01,site B,esportes,topo da página,banner,celular,redes sociais,1,1,1,0,0.0,1,1,1,16.2,65.8,0,0.0,0.0,0.0,1.0,1.0,0.0,0.0,0.0
2026-04-02,site C,tecnologia,meio do artigo,vídeo,computador,orgânico,6,6,2,1,0.08931,1,1,1,54.9,47.9,1,1.0,0.16666666666666666,14.885,1.0,0.3333333333333333,0.08931,89.31,1.0
2026-04-02,site B,esportes,topo da página,nativo,computador,orgânico,6,5,4,0,0.07046,1,1,1,83.3,87.4,0,0.0,0.0,14.091999999999999,0.8333333333333334,0.8,0.07046,70.46,0.0
2026-04-02,site B,esportes,lateral,vídeo,computador,redes sociais,6,5,2,0,0.0523,1,1,1,49.4,75.0,0,1.0,0.0,10.459999999999999,0.8333333333333334,0.4,0.0523,52.3,0.0
2026-04-02,site A,finanças,rodapé fixo,vídeo,celular,orgânico,6,4,4,0,0.04277,1,1,1,121.2,96.7,1,1.0,0.0,10.6925,0.6666666666666666,1.0,0.04277,42.77,1.0
2026-04-02,site C,finanças,intersticial,vídeo,celular,redes sociais,5,2,2,0,0.04053,1,1,1,42.8,55.2,0,0.0,0.0,20.264999999999997,0.4,1.0,0.04053,40.529999999999994,0.0
2026-04-02,site A,finanças,meio do artigo,vídeo,celular,redes sociais,6,6,3,0,0.04013,1,1,1,8.4,59.1,0,1.0,0.0,6.688333333333333,1.0,0.5,0.04013,40.129999999999995,0.0
2026-04-02,site A,entretenimento,lateral,vídeo,celular,redes sociais,5,5,2,0,0.03628,1,1,1,88.7,39.6,0,0.0,0.0,7.256,1.0,0.4,0.03628,36.28,0.0
2026-04-02,site B,tecnologia,topo da página,vídeo,celular,orgânico,4,4,3,0,0.03561,1,1,1,120.5,37.3,1,1.0,0.0,8.9025,1.0,0.75,0.03561,35.61,1.0
2026-04-02,site A,tecnologia,lateral,mídia rica,celular,redes sociais,6,5,5,0,0.03476,1,1,1,121.7,39.7,1,1.0,0.0,6.952,0.8333333333333334,1.0,0.03476,34.76,1.0
2026-04-02,site B,esportes,meio do artigo,nativo,computador,orgânico,6,5,4,0,0.03355,1,1,1,60.3,54.0,0,0.0,0.0,6.710000000000001,0.8333333333333334,0.8,0.03355,33.550000000000004,0.0
2026-04-02,site C,estilo de vida,rodapé fixo,nativo,computador,orgânico,4,3,2,0,0.03091,1,1,1,130.8,12.0,0,1.0,0.0,10.303333333333333,0.75,0.6666666666666666,0.03091,30.91,0.0
2026-04-02,site B,estilo de vida,meio do artigo,nativo,celular,direto,5,5,2,0,0.03006,1,1,1,73.0,39.7,0,1.0,0.0,6.012,1.0,0.4,0.03006,30.06,0.0
2026-04-02,site A,tecnologia,lateral,nativo,computador,redes sociais,4,3,2,0,0.02944,1,1,1,53.5,52.4,0,0.0,0.0,9.813333333333334,0.75,0.6666666666666666,0.02944,29.44,0.0
2026-04-02,site A,tecnologia,rodapé fixo,nativo,celular,orgânico,4,4,2,0,0.02894,1,1,1,150.0,99.2,1,1.0,0.0,7.235,1.0,0.5,0.02894,28.94,1.0
2026-04-02,site C,esportes,lateral,nativo,computador,redes sociais,5,4,1,0,0.02862,1,1,1,49.8,58.7,0,1.0,0.0,7.155,0.8,0.25,0.02862,28.62,0.0
2026-04-02,site A,finanças,rodapé fixo,vídeo,celular,referência,6,6,4,0,0.02771,1,1,1,44.8,53.0,0,0.0,0.0,4.618333333333333,1.0,0.6666666666666666,0.02771,27.709999999999997,0.0
2026-04-02,site B,finanças,rodapé fixo,nativo,computador,orgânico,4,2,2,0,0.02676,1,1,1,34.4,55.2,0,0.0,0.0,13.379999999999999,0.5,1.0,0.02676,26.759999999999998,0.0
2026-04-02,site B,notícias,topo da página,banner,celular,referência,3,3,2,0,0.0265,1,1,1,15.9,46.4,0,0.0,0.0,8.833333333333334,1.0,0.6666666666666666,0.0265,26.5,0.0
2026-04-02,site A,esportes,rodapé fixo,nativo,computador,orgânico,6,4,4,0,0.02606,1,1,1,57.9,60.9,1,1.0,0.0,6.515,0.6666666666666666,1.0,0.02606,26.06,1.0
2026-04-02,site B,finanças,meio do artigo,vídeo,computador,direto,6,5,3,0,0.02595,1,1,1,44.5,100.0,0,0.0,0.0,5.1899999999999995,0.8333333333333334,0.6,0.02595,25.95,0.0
2026-04-02,site B,esportes,meio do artigo,banner,computador,redes sociais,7,4,4,0,0.02581,2,2,2,87.5,44.45,0,0.0,0.0,6.4525,0.5714285714285714,1.0,0.012905,12.905,0.0
2026-04-02,site A,notícias,topo da página,nativo,celular,direto,6,6,4,0,0.02528,1,1,1,50.3,25.6,0,1.0,0.0,4.213333333333334,1.0,0.6666666666666666,0.02528,25.28,0.0
2026-04-02,site B,finanças,meio do artigo,banner,computador,redes sociais,4,4,2,0,0.02522,1,1,1,42.6,59.0,0,0.0,0.0,6.305,1.0,0.5,0.02522,25.22,0.0
2026-04-02,site A,notícias,meio do artigo,nativo,celular,orgânico,6,3,2,0,0.02437,1,1,1,71.7,54.3,0,0.0,0.0,8.123333333333333,0.5,0.6666666666666666,0.02437,24.37,0.0
2026-04-02,site C,finanças,intersticial,vídeo,computador,orgânico,2,2,1,0,0.02404,1,1,1,18.1,29.0,0,0.0,0.0,12.02,1.0,0.5,0.02404,24.04,0.0
2026-04-02,site A,finanças,meio do artigo,mídia rica,computador,redes sociais,5,3,3,0,0.02383,1,1,1,59.6,55.0,1,1.0,0.0,7.943333333333334,0.6,1.0,0.02383,23.830000000000002,1.0
2026-04-02,site A,tecnologia,topo da página,banner,celular,orgânico,6,5,3,0,0.0238,1,1,1,44.2,65.4,0,1.0,0.0,4.76,0.8333333333333334,0.6,0.0238,23.8,0.0
2026-04-02,site A,finanças,topo da página,nativo,celular,redes sociais,6,6,4,0,0.02367,1,1,1,67.0,61.4,0,1.0,0.0,3.9450000000000003,1.0,0.6666666666666666,0.02367,23.67,0.0
2026-04-02,site A,estilo de vida,topo da página,mídia rica,celular,orgânico,3,3,2,0,0.02298,1,1,1,16.1,38.2,0,0.0,0.0,7.66,1.0,0.6666666666666666,0.02298,22.98,0.0
2026-04-02,site A,notícias,topo da página,vídeo,celular,direto,6,6,4,0,0.02246,1,1,1,27.1,51.6,0,0.0,0.0,3.7433333333333336,1.0,0.6666666666666666,0.02246,22.46,0.0
2026-04-02,site A,esportes,meio do artigo,banner,computador,orgânico,4,3,1,0,0.02187,1,1,1,90.6,47.5,1,0.0,0.0,7.29,0.75,0.3333333333333333,0.02187,21.87,1.0
2026-04-02,site B,esportes,meio do artigo,banner,computador,direto,3,3,1,0,0.02126,1,1,1,62.0,60.3,0,0.0,0.0,7.086666666666667,1.0,0.3333333333333333,0.02126,21.26,0.0
2026-04-02,site A,notícias,rodapé fixo,nativo,celular,direto,4,4,2,0,0.02107,1,1,1,46.9,67.9,1,0.0,0.0,5.267499999999999,1.0,0.5,0.02107,21.069999999999997,1.0
2026-04-02,site A,tecnologia,meio do artigo,nativo,celular,redes sociais,5,3,3,0,0.02068,1,1,1,68.2,72.6,1,0.0,0.0,6.8933333333333335,0.6,1.0,0.02068,20.68,1.0
2026-04-02,site B,tecnologia,topo da página,banner,celular,orgânico,5,3,1,0,0.02035,1,1,1,75.7,60.8,1,0.0,0.0,6.783333333333334,0.6,0.3333333333333333,0.02035,20.35,1.0
2026-04-02,site A,tecnologia,lateral,banner,celular,orgânico,5,4,2,0,0.01925,1,1,1,76.4,49.0,0,0.0,0.0,4.8125,0.8,0.5,0.01925,19.25,0.0
2026-04-02,site A,notícias,rodapé fixo,banner,celular,newsletter,3,3,1,1,0.01913,1,1,1,20.7,47.8,1,0.0,0.3333333333333333,6.376666666666668,1.0,0.3333333333333333,0.01913,19.130000000000003,1.0
2026-04-02,site A,entretenimento,meio do artigo,vídeo,computador,orgânico,3,3,1,0,0.01864,1,1,1,9.0,48.9,1,0.0,0.0,6.213333333333334,1.0,0.3333333333333333,0.01864,18.64,1.0
2026-04-02,site B,notícias,lateral,mídia rica,computador,referência,4,2,1,0,0.0172,1,1,1,7.8,63.5,1,0.0,0.0,8.6,0.5,0.5,0.0172,17.2,1.0
2026-04-02,site A,notícias,meio do artigo,vídeo,celular,newsletter,2,2,2,0,0.0164,1,1,1,121.9,76.1,0,0.0,0.0,8.200000000000001,1.0,1.0,0.0164,16.400000000000002,0.0
2026-04-02,site A,estilo de vida,meio do artigo,mídia rica,celular,orgânico,5,3,2,0,0.01611,1,1,1,80.2,39.6,1,1.0,0.0,5.37,0.6,0.6666666666666666,0.01611,16.11,1.0
2026-04-02,site A,entretenimento,lateral,nativo,computador,referência,4,4,4,0,0.01609,1,1,1,45.1,76.9,1,0.0,0.0,4.0225,1.0,1.0,0.01609,16.09,1.0
2026-04-02,site A,notícias,rodapé fixo,banner,tablet,direto,4,3,3,0,0.01582,1,1,1,59.4,88.4,1,0.0,0.0,5.273333333333333,0.75,1.0,0.01582,15.82,1.0
2026-04-02,site B,estilo de vida,meio do artigo,banner,computador,direto,4,3,3,0,0.01546,1,1,1,42.7,67.5,0,1.0,0.0,5.153333333333333,0.75,1.0,0.01546,15.459999999999999,0.0
2026-04-02,site C,tecnologia,rodapé fixo,banner,celular,redes sociais,5,5,4,0,0.0148,1,1,1,99.5,93.5,1,0.0,0.0,2.96,1.0,0.8,0.0148,14.8,1.0
2026-04-02,site A,esportes,topo da página,banner,tablet,orgânico,4,3,2,1,0.01478,1,1,1,10.5,89.0,0,1.0,0.3333333333333333,4.926666666666667,0.75,0.6666666666666666,0.01478,14.78,0.0
2026-04-02,site C,finanças,lateral,nativo,computador,referência,4,2,1,0,0.01474,1,1,1,67.8,48.9,0,1.0,0.0,7.37,0.5,0.5,0.01474,14.74,0.0
2026-04-02,site A,tecnologia,meio do artigo,mídia rica,tablet,referência,3,2,0,0,0.0142,1,1,1,86.6,25.6,0,1.0,0.0,7.1000000000000005,0.6666666666666666,0.0,0.0142,14.200000000000001,0.0
2026-04-02,site A,notícias,rodapé fixo,nativo,celular,redes sociais,4,3,2,0,0.01375,1,1,1,38.0,38.7,1,1.0,0.0,4.583333333333333,0.75,0.6666666666666666,0.01375,13.75,1.0
2026-04-02,site B,estilo de vida,intersticial,vídeo,computador,referência,4,4,2,0,0.0137,1,1,1,63.9,63.1,0,0.0,0.0,3.4250000000000003,1.0,0.5,0.0137,13.700000000000001,0.0
2026-04-02,site A,esportes,topo da página,vídeo,computador,direto,1,1,0,0,0.01329,1,1,1,19.2,64.2,0,0.0,0.0,13.29,1.0,0.0,0.01329,13.29,0.0
2026-04-02,site B,notícias,meio do artigo,banner,computador,redes sociais,4,3,2,0,0.013,1,1,1,80.9,65.1,0,0.0,0.0,4.333333333333333,0.75,0.6666666666666666,0.013,13.0,0.0
2026-04-02,site A,notícias,lateral,vídeo,celular,orgânico,4,2,0,0,0.01204,1,1,1,42.2,61.1,0,0.0,0.0,6.0200000000000005,0.5,0.0,0.01204,12.040000000000001,0.0
2026-04-02,site B,notícias,lateral,banner,computador,redes sociais,5,2,1,0,0.0115,1,1,1,175.6,68.5,0,0.0,0.0,5.75,0.4,0.5,0.0115,11.5,0.0
2026-04-02,site A,entretenimento,rodapé fixo,banner,celular,redes sociais,4,3,3,0,0.0113,1,1,1,110.7,79.0,1,0.0,0.0,3.766666666666666,0.75,1.0,0.0113,11.299999999999999,1.0
2026-04-02,site A,entretenimento,rodapé fixo,vídeo,computador,redes sociais,1,1,1,0,0.0113,1,1,1,68.4,57.4,0,0.0,0.0,11.299999999999999,1.0,1.0,0.0113,11.299999999999999,0.0
2026-04-02,site A,estilo de vida,rodapé fixo,banner,tablet,orgânico,3,3,2,0,0.01124,1,1,1,13.8,40.9,0,1.0,0.0,3.7466666666666666,1.0,0.6666666666666666,0.01124,11.24,0.0
2026-04-02,site B,notícias,rodapé fixo,banner,tablet,orgânico,5,4,4,0,0.01124,1,1,1,56.4,35.7,0,1.0,0.0,2.81,0.8,1.0,0.01124,11.24,0.0
2026-04-02,site A,esportes,topo da página,vídeo,tablet,orgânico,1,1,1,0,0.01101,1,1,1,54.3,83.7,0,1.0,0.0,11.010000000000002,1.0,1.0,0.01101,11.010000000000002,0.0
2026-04-02,site A,notícias,topo da página,banner,tablet,referência,5,5,2,0,0.01095,1,1,1,56.5,38.1,0,1.0,0.0,2.19,1.0,0.4,0.01095,10.95,0.0
2026-04-02,site B,notícias,rodapé fixo,vídeo,computador,referência,1,1,0,0,0.01086,1,1,1,101.8,27.7,1,0.0,0.0,10.86,1.0,0.0,0.01086,10.86,1.0
2026-04-02,site A,entretenimento,topo da página,nativo,computador,orgânico,6,6,5,0,0.01061,1,1,1,31.8,55.9,0,1.0,0.0,1.7683333333333333,1.0,0.8333333333333334,0.01061,10.61,0.0
2026-04-02,site A,notícias,meio do artigo,banner,celular,orgânico,6,4,1,0,0.01,1,1,1,102.8,62.9,1,1.0,0.0,2.5,0.6666666666666666,0.25,0.01,10.0,1.0
2026-04-02,site C,tecnologia,topo da página,banner,celular,redes sociais,3,2,1,1,0.00929,1,1,1,80.2,93.2,1,1.0,0.5,4.645,0.6666666666666666,0.5,0.00929,9.29,1.0
2026-04-02,site A,tecnologia,topo da página,nativo,computador,direto,1,1,1,0,0.00915,1,1,1,92.0,49.0,1,0.0,0.0,9.15,1.0,1.0,0.00915,9.15,1.0
2026-04-02,site B,entretenimento,rodapé fixo,banner,celular,redes sociais,4,4,2,0,0.00909,1,1,1,51.6,55.6,1,0.0,0.0,2.2725000000000004,1.0,0.5,0.00909,9.090000000000002,1.0
2026-04-02,site B,esportes,rodapé fixo,banner,celular,redes sociais,3,2,2,0,0.00893,1,1,1,71.8,70.9,0,0.0,0.0,4.465,0.6666666666666666,1.0,0.00893,8.93,0.0
2026-04-02,site A,entretenimento,topo da página,banner,celular,direto,4,2,1,0,0.00862,1,1,1,40.9,43.1,0,0.0,0.0,4.31,0.5,0.5,0.00862,8.62,0.0
2026-04-02,site C,entretenimento,topo da página,banner,computador,redes sociais,1,1,0,0,0.00848,1,1,1,26.1,72.1,0,0.0,0.0,8.48,1.0,0.0,0.00848,8.48,0.0
2026-04-02,site C,tecnologia,topo da página,banner,computador,orgânico,4,3,2,0,0.00824,1,1,1,21.7,41.8,0,0.0,0.0,2.7466666666666666,0.75,0.6666666666666666,0.00824,8.24,0.0
2026-04-02,site A,tecnologia,meio do artigo,vídeo,celular,orgânico,4,1,1,0,0.00797,1,1,1,35.4,73.7,1,0.0,0.0,7.97,0.25,1.0,0.00797,7.97,1.0
2026-04-02,site B,notícias,rodapé fixo,vídeo,celular,orgânico,1,1,0,0,0.00773,1,1,1,61.5,55.5,0,1.0,0.0,7.7299999999999995,1.0,0.0,0.00773,7.7299999999999995,0.0
2026-04-02,site A,notícias,meio do artigo,banner,celular,direto,5,4,4,0,0.00693,1,1,1,16.0,54.1,1,0.0,0.0,1.7325000000000002,0.8,1.0,0.00693,6.930000000000001,1.0
2026-04-02,site A,esportes,meio do artigo,nativo,computador,referência,4,2,1,0,0.00683,1,1,1,79.3,35.8,1,0.0,0.0,3.415,0.5,0.5,0.00683,6.83,1.0
2026-04-02,site C,entretenimento,rodapé fixo,banner,computador,redes sociais,1,1,1,0,0.00647,1,1,1,39.2,1.0,1,1.0,0.0,6.47,1.0,1.0,0.00647,6.47,1.0
2026-04-02,site B,entretenimento,topo da página,banner,celular,redes sociais,4,3,3,0,0.00642,1,1,1,11.9,44.7,0,1.0,0.0,2.14,0.75,1.0,0.00642,6.42,0.0
2026-04-02,site B,esportes,lateral,mídia rica,celular,orgânico,4,1,0,0,0.00603,1,1,1,49.7,39.2,0,1.0,0.0,6.029999999999999,0.25,0.0,0.00603,6.029999999999999,0.0
2026-04-02,site C,esportes,topo da página,banner,computador,direto,3,3,3,0,0.00581,1,1,1,51.2,46.2,0,0.0,0.0,1.9366666666666668,1.0,1.0,0.00581,5.8100000000000005,0.0
2026-04-02,site A,tecnologia,meio do artigo,banner,celular,redes sociais,2,2,2,0,0.00577,1,1,1,109.7,78.4,1,1.0,0.0,2.885,1.0,1.0,0.00577,5.77,1.0
2026-04-02,site C,notícias,meio do artigo,nativo,computador,direto,2,1,0,0,0.00533,1,1,1,74.3,52.3,0,0.0,0.0,5.33,0.5,0.0,0.00533,5.33,0.0
2026-04-02,site A,finanças,lateral,banner,computador,redes sociais,1,1,1,0,0.00508,1,1,1,65.0,43.8,0,0.0,0.0,5.08,1.0,1.0,0.00508,5.08,0.0
2026-04-02,site B,esportes,rodapé fixo,banner,celular,direto,1,1,0,0,0.00496,1,1,1,35.5,87.6,0,0.0,0.0,4.96,1.0,0.0,0.00496,4.96,0.0
2026-04-02,site A,finanças,rodapé fixo,banner,celular,orgânico,3,1,0,0,0.00495,1,1,1,37.1,50.5,1,1.0,0.0,4.95,0.3333333333333333,0.0,0.00495,4.95,1.0
2026-04-02,site A,finanças,meio do artigo,banner,computador,direto,1,1,0,0,0.0049,1,1,1,132.2,72.4,0,0.0,0.0,4.8999999999999995,1.0,0.0,0.0049,4.8999999999999995,0.0
2026-04-02,site A,entretenimento,meio do artigo,banner,celular,orgânico,1,1,0,0,0.00489,1,1,1,100.7,81.5,0,0.0,0.0,4.890000000000001,1.0,0.0,0.00489,4.890000000000001,0.0
2026-04-02,site B,esportes,meio do artigo,nativo,celular,redes sociais,3,2,1,0,0.0046,1,1,1,51.8,55.9,1,0.0,0.0,2.3,0.6666666666666666,0.5,0.0046,4.6,1.0
2026-04-02,site B,notícias,meio do artigo,nativo,celular,direto,2,1,0,0,0.00458,1,1,1,76.1,90.1,1,0.0,0.0,4.58,0.5,0.0,0.00458,4.58,1.0
2026-04-02,site B,notícias,rodapé fixo,nativo,celular,redes sociais,1,1,1,0,0.00444,1,1,1,7.7,44.0,0,0.0,0.0,4.44,1.0,1.0,0.00444,4.44,0.0
2026-04-02,site B,esportes,meio do artigo,banner,computador,orgânico,1,1,0,0,0.00349,1,1,1,144.0,89.0,1,0.0,0.0,3.49,1.0,0.0,0.00349,3.49,1.0
2026-04-02,site B,tecnologia,meio do artigo,vídeo,computador,orgânico,2,1,0,0,0.00335,1,1,1,146.1,49.4,0,0.0,0.0,3.35,0.5,0.0,0.00335,3.35,0.0
2026-04-02,site B,notícias,intersticial,nativo,celular,redes sociais,1,1,0,0,0.0029,1,1,1,77.0,85.3,0,0.0,0.0,2.9,1.0,0.0,0.0029,2.9,0.0
2026-04-02,site B,estilo de vida,meio do artigo,mídia rica,tablet,orgânico,1,1,1,0,0.00274,1,1,1,51.6,53.3,1,1.0,0.0,2.7399999999999998,1.0,1.0,0.00274,2.7399999999999998,1.0
2026-04-02,site C,finanças,intersticial,banner,celular,redes sociais,1,1,0,0,0.00258,1,1,1,18.7,64.5,0,1.0,0.0,2.5799999999999996,1.0,0.0,0.00258,2.5799999999999996,0.0
2026-04-02,site B,notícias,topo da página,nativo,celular,referência,2,1,0,0,0.00156,1,1,1,12.6,86.9,0,0.0,0.0,1.56,0.5,0.0,0.00156,1.56,0.0
2026-04-02,site A,entretenimento,topo da página,mídia rica,celular,redes sociais,1,1,0,0,0.00152,1,1,1,86.8,74.5,0,0.0,0.0,1.52,1.0,0.0,0.00152,1.52,0.0
2026-04-02,site B,estilo de vida,meio do artigo,banner,celular,referência,1,0,0,0,0.001,1,1,1,42.5,56.0,0,1.0,0.0,0.0,0.0,0.0,0.001,1.0,0.0
2026-04-02,site A,estilo de vida,topo da página,vídeo,computador,orgânico,2,1,1,0,0.00091,1,1,1,99.1,55.3,1,1.0,0.0,0.91,0.5,1.0,0.00091,0.91,1.0
2026-04-02,site C,estilo de vida,topo da página,nativo,computador,referência,1,1,1,0,0.00083,1,1,1,42.3,72.1,0,0.0,0.0,0.83,1.0,1.0,0.00083,0.83,0.0
2026-04-02,site A,esportes,lateral,banner,celular,redes sociais,1,0,0,0,0.0,1,1,1,41.3,36.7,0,1.0,0.0,0.0,0.0,0.0,0.0,0.0,0.0
2026-04-02,site A,esportes,topo da página,nativo,celular,redes sociais,1,0,0,0,0.0,1,1,1,40.8,21.5,1,1.0,0.0,0.0,0.0,0.0,0.0,0.0,1.0
2026-04-02,site B,entretenimento,topo da página,vídeo,celular,redes sociais,1,0,0,0,0.0,1,1,1,43.8,61.8,1,0.0,0.0,0.0,0.0,0.0,0.0,0.0,1.0
2026-04-02,site B,estilo de vida,rodapé fixo,banner,celular,redes sociais,1,0,0,0,0.0,1,1,1,48.0,60.8,0,1.0,0.0,0.0,0.0,0.0,0.0,0.0,0.0
2026-04-02,site B,tecnologia,lateral,banner,celular,redes sociais,1,0,0,0,0.0,1,1,1,12.2,43.0,0,1.0,0.0,0.0,0.0,0.0,0.0,0.0,0.0
2026-04-02,site C,esportes,topo da página,banner,computador,orgânico,2,0,0,0,0.0,1,1,1,22.0,52.3,0,1.0,0.0,0.0,0.0,0.0,0.0,0.0,0.0
2026-04-03,site A,tecnologia,topo da página,banner,celular,direto,6,6,3,0,0.05572,1,1,1,19.2,67.8,0,0.0,0.0,9.286666666666667,1.0,0.5,0.05572,55.72,0.0
2026-04-03,site B,finanças,meio do artigo,nativo,computador,orgânico,5,4,2,0,0.05455,1,1,1,139.1,94.8,0,0.0,0.0,13.637500000000001,0.8,0.5,0.05455,54.550000000000004,0.0
2026-04-03,site A,tecnologia,meio do artigo,vídeo,computador,direto,5,4,2,0,0.05055,1,1,1,127.9,61.0,0,1.0,0.0,12.6375,0.8,0.5,0.05055,50.55,0.0
2026-04-03,site A,tecnologia,meio do artigo,nativo,computador,orgânico,5,4,4,0,0.0499,1,1,1,44.3,49.6,0,0.0,0.0,12.475,0.8,1.0,0.0499,49.9,0.0
2026-04-03,site A,estilo de vida,meio do artigo,vídeo,computador,orgânico,9,8,5,1,0.048920000000000005,2,2,2,27.95,49.0,2,0.5,0.125,6.115,0.8888888888888888,0.625,0.024460000000000003,24.46,1.0
2026-04-03,site A,estilo de vida,lateral,banner,computador,orgânico,8,7,3,0,0.047920000000000004,2,2,2,87.39999999999999,48.849999999999994,0,0.5,0.0,6.845714285714286,0.875,0.42857142857142855,0.023960000000000002,23.96,0.0
2026-04-03,site B,finanças,rodapé fixo,banner,computador,orgânico,6,5,3,0,0.04378,1,1,1,115.2,57.7,1,0.0,0.0,8.756,0.8333333333333334,0.6,0.04378,43.78,1.0
2026-04-03,site A,esportes,meio do artigo,banner,celular,direto,5,5,3,0,0.04028,1,1,1,88.6,40.0,1,1.0,0.0,8.056000000000001,1.0,0.6,0.04028,40.28,1.0
2026-04-03,site A,finanças,meio do artigo,nativo,computador,referência,6,4,1,0,0.0392,1,1,1,70.0,73.3,0,1.0,0.0,9.799999999999999,0.6666666666666666,0.25,0.0392,39.199999999999996,0.0
2026-04-03,site B,notícias,meio do artigo,vídeo,computador,direto,4,4,2,0,0.03852,1,1,1,98.7,37.1,0,1.0,0.0,9.629999999999999,1.0,0.5,0.03852,38.519999999999996,0.0
2026-04-03,site B,notícias,meio do artigo,banner,celular,orgânico,8,8,7,0,0.03512,2,2,2,31.8,64.75,0,0.0,0.0,4.39,1.0,0.875,0.01756,17.56,0.0
2026-04-03,site B,tecnologia,meio do artigo,vídeo,tablet,orgânico,6,4,1,0,0.03273,1,1,1,29.5,86.1,1,0.0,0.0,8.182500000000001,0.6666666666666666,0.25,0.03273,32.730000000000004,1.0
2026-04-03,site B,tecnologia,intersticial,banner,tablet,orgânico,5,5,2,0,0.03143,1,1,1,84.2,79.1,0,0.0,0.0,6.286,1.0,0.4,0.03143,31.43,0.0
2026-04-03,site B,notícias,rodapé fixo,vídeo,celular,redes sociais,6,5,5,1,0.03057,1,1,1,20.5,80.5,0,0.0,0.2,6.114,0.8333333333333334,1.0,0.03057,30.57,0.0
2026-04-03,site A,esportes,rodapé fixo,vídeo,tablet,orgânico,4,3,2,0,0.02896,1,1,1,11.8,34.2,0,0.0,0.0,9.653333333333334,0.75,0.6666666666666666,0.02896,28.96,0.0
2026-04-03,site A,notícias,rodapé fixo,nativo,tablet,redes sociais,4,4,3,0,0.02742,1,1,1,51.2,72.7,1,0.0,0.0,6.855,1.0,0.75,0.02742,27.42,1.0
2026-04-03,site B,tecnologia,meio do artigo,nativo,celular,direto,4,3,0,0,0.02674,1,1,1,220.6,59.9,0,1.0,0.0,8.913333333333332,0.75,0.0,0.02674,26.74,0.0
2026-04-03,site A,tecnologia,rodapé fixo,mídia rica,celular,referência,4,3,2,0,0.02601,1,1,1,18.6,61.2,1,1.0,0.0,8.67,0.75,0.6666666666666666,0.02601,26.009999999999998,1.0
2026-04-03,site A,esportes,rodapé fixo,banner,computador,newsletter,6,4,3,0,0.02532,1,1,1,112.6,91.0,1,0.0,0.0,6.33,0.6666666666666666,0.75,0.02532,25.32,1.0
2026-04-03,site A,notícias,topo da página,banner,computador,orgânico,6,5,0,0,0.02448,1,1,1,196.2,76.3,1,0.0,0.0,4.895999999999999,0.8333333333333334,0.0,0.02448,24.479999999999997,1.0
2026-04-03,site B,estilo de vida,topo da página,nativo,celular,orgânico,5,4,3,0,0.02415,1,1,1,51.3,51.9,1,1.0,0.0,6.0375000000000005,0.8,0.75,0.02415,24.150000000000002,1.0
2026-04-03,site B,notícias,meio do artigo,nativo,computador,orgânico,5,4,3,1,0.02394,1,1,1,44.1,33.8,0,0.0,0.25,5.984999999999999,0.8,0.75,0.02394,23.939999999999998,0.0
2026-04-03,site B,notícias,rodapé fixo,vídeo,celular,orgânico,2,2,0,0,0.02375,1,1,1,123.4,43.2,1,1.0,0.0,11.875,1.0,0.0,0.02375,23.75,1.0
2026-04-03,site A,notícias,topo da página,banner,computador,redes sociais,6,6,2,0,0.02305,1,1,1,111.2,45.5,0,1.0,0.0,3.841666666666667,1.0,0.3333333333333333,0.02305,23.05,0.0
2026-04-03,site B,esportes,lateral,banner,computador,newsletter,3,3,1,0,0.02304,1,1,1,49.6,100.0,1,0.0,0.0,7.680000000000001,1.0,0.3333333333333333,0.02304,23.040000000000003,1.0
2026-04-03,site A,esportes,rodapé fixo,banner,computador,orgânico,3,3,2,0,0.023,1,1,1,155.1,43.4,0,0.0,0.0,7.666666666666667,1.0,0.6666666666666666,0.023,23.0,0.0
2026-04-03,site B,entretenimento,lateral,vídeo,computador,redes sociais,3,3,2,0,0.02178,1,1,1,48.5,62.4,0,1.0,0.0,7.260000000000001,1.0,0.6666666666666666,0.02178,21.78,0.0
2026-04-03,site A,notícias,lateral,banner,computador,redes sociais,5,3,2,0,0.02174,1,1,1,76.3,45.2,1,0.0,0.0,7.246666666666666,0.6,0.6666666666666666,0.02174,21.74,1.0
2026-04-03,site A,finanças,meio do artigo,nativo,celular,orgânico,6,5,3,0,0.02033,1,1,1,35.4,55.2,0,0.0,0.0,4.066000000000001,0.8333333333333334,0.6,0.02033,20.330000000000002,0.0
2026-04-03,site A,notícias,meio do artigo,nativo,celular,referência,5,3,1,0,0.02024,1,1,1,35.7,78.3,0,1.0,0.0,6.746666666666667,0.6,0.3333333333333333,0.02024,20.240000000000002,0.0
2026-04-03,site A,tecnologia,rodapé fixo,nativo,computador,redes sociais,4,4,0,0,0.01982,1,1,1,48.3,30.3,0,0.0,0.0,4.955,1.0,0.0,0.01982,19.82,0.0
2026-04-03,site B,entretenimento,topo da página,nativo,computador,newsletter,6,5,4,0,0.01963,1,1,1,40.6,45.2,0,0.0,0.0,3.9260000000000006,0.8333333333333334,0.8,0.01963,19.630000000000003,0.0
2026-04-03,site B,entretenimento,rodapé fixo,nativo,celular,newsletter,5,4,4,0,0.01921,1,1,1,92.9,100.0,0,0.0,0.0,4.8025,0.8,1.0,0.01921,19.21,0.0
2026-04-03,site B,tecnologia,rodapé fixo,vídeo,computador,redes sociais,5,5,4,1,0.01921,1,1,1,97.6,55.1,0,1.0,0.2,3.842,1.0,0.8,0.01921,19.21,0.0
2026-04-03,site B,tecnologia,rodapé fixo,vídeo,computador,orgânico,2,2,2,0,0.01915,1,1,1,100.1,68.3,1,0.0,0.0,9.575,1.0,1.0,0.01915,19.15,1.0
2026-04-03,site B,entretenimento,meio do artigo,nativo,celular,direto,6,3,2,0,0.01884,1,1,1,12.9,77.3,0,1.0,0.0,6.28,0.5,0.6666666666666666,0.01884,18.84,0.0
2026-04-03,site C,finanças,rodapé fixo,nativo,celular,orgânico,5,4,3,0,0.01838,1,1,1,123.0,67.2,1,0.0,0.0,4.595,0.8,0.75,0.01838,18.38,1.0
2026-04-03,site A,esportes,intersticial,vídeo,computador,newsletter,4,2,1,0,0.01715,1,1,1,89.8,71.2,0,0.0,0.0,8.575,0.5,0.5,0.01715,17.15,0.0
2026-04-03,site C,notícias,rodapé fixo,nativo,celular,direto,3,3,3,0,0.01709,1,1,1,61.3,47.7,1,0.0,0.0,5.696666666666666,1.0,1.0,0.01709,17.09,1.0
2026-04-03,site A,tecnologia,rodapé fixo,banner,celular,referência,3,2,2,0,0.01663,1,1,1,53.3,74.2,0,1.0,0.0,8.315,0.6666666666666666,1.0,0.01663,16.63,0.0
2026-04-03,site C,estilo de vida,meio do artigo,banner,celular,redes sociais,3,3,2,0,0.01647,1,1,1,82.5,43.0,1,1.0,0.0,5.489999999999999,1.0,0.6666666666666666,0.01647,16.47,1.0
2026-04-03,site A,notícias,meio do artigo,mídia rica,celular,newsletter,6,6,4,0,0.01606,1,1,1,39.5,72.6,0,0.0,0.0,2.676666666666667,1.0,0.6666666666666666,0.01606,16.060000000000002,0.0
2026-04-03,site B,tecnologia,topo da página,vídeo,computador,orgânico,4,2,1,0,0.01562,1,1,1,20.7,75.3,0,1.0,0.0,7.8100000000000005,0.5,0.5,0.01562,15.620000000000001,0.0
2026-04-03,site A,estilo de vida,topo da página,nativo,computador,redes sociais,6,5,2,0,0.01547,1,1,1,64.1,31.7,0,0.0,0.0,3.094,0.8333333333333334,0.4,0.01547,15.469999999999999,0.0
2026-04-03,site C,entretenimento,topo da página,mídia rica,celular,redes sociais,5,4,4,0,0.01536,1,1,1,60.7,82.9,0,0.0,0.0,3.8400000000000003,0.8,1.0,0.01536,15.360000000000001,0.0
2026-04-03,site C,notícias,meio do artigo,banner,celular,newsletter,3,2,2,0,0.01531,1,1,1,86.6,70.5,0,0.0,0.0,7.655,0.6666666666666666,1.0,0.01531,15.31,0.0
2026-04-03,site C,esportes,lateral,nativo,celular,referência,3,3,2,0,0.01469,1,1,1,57.4,74.0,1,0.0,0.0,4.8966666666666665,1.0,0.6666666666666666,0.01469,14.69,1.0
2026-04-03,site B,esportes,meio do artigo,banner,computador,direto,6,4,3,0,0.01443,1,1,1,24.1,36.6,1,0.0,0.0,3.6075,0.6666666666666666,0.75,0.01443,14.43,1.0
2026-04-03,site B,finanças,rodapé fixo,banner,computador,direto,3,3,2,0,0.01436,1,1,1,27.3,39.9,1,1.0,0.0,4.786666666666666,1.0,0.6666666666666666,0.01436,14.36,1.0
2026-04-03,site B,esportes,rodapé fixo,nativo,celular,orgânico,5,3,3,0,0.01434,1,1,1,24.9,45.4,0,0.0,0.0,4.78,0.6,1.0,0.01434,14.34,0.0
2026-04-03,site B,notícias,topo da página,banner,computador,orgânico,4,3,1,0,0.01413,1,1,1,45.0,77.1,0,0.0,0.0,4.71,0.75,0.3333333333333333,0.01413,14.13,0.0
2026-04-03,site A,estilo de vida,lateral,vídeo,computador,orgânico,4,3,1,0,0.0132,1,1,1,31.6,22.7,0,0.0,0.0,4.3999999999999995,0.75,0.3333333333333333,0.0132,13.2,0.0
2026-04-03,site A,esportes,lateral,banner,celular,orgânico,5,5,5,0,0.01295,1,1,1,129.6,64.3,1,0.0,0.0,2.59,1.0,1.0,0.01295,12.95,1.0
2026-04-03,site C,notícias,meio do artigo,banner,celular,orgânico,6,3,2,0,0.01292,1,1,1,65.0,53.0,0,0.0,0.0,4.306666666666667,0.5,0.6666666666666666,0.01292,12.92,0.0
2026-04-03,site A,notícias,meio do artigo,banner,celular,orgânico,5,2,0,0,0.011389999999999999,2,2,2,28.900000000000002,61.7,2,0.5,0.0,5.694999999999999,0.4,0.0,0.0056949999999999995,5.694999999999999,1.0
2026-04-03,site A,entretenimento,rodapé fixo,mídia rica,computador,direto,3,3,3,0,0.01131,1,1,1,53.2,23.1,0,1.0,0.0,3.77,1.0,1.0,0.01131,11.31,0.0
2026-04-03,site A,esportes,topo da página,banner,celular,referência,3,2,0,0,0.01082,1,1,1,40.6,49.7,1,1.0,0.0,5.41,0.6666666666666666,0.0,0.01082,10.82,1.0
2026-04-03,site C,esportes,topo da página,banner,computador,orgânico,2,2,0,0,0.01055,1,1,1,19.9,43.5,1,0.0,0.0,5.275,1.0,0.0,0.01055,10.55,1.0
2026-04-03,site B,esportes,rodapé fixo,mídia rica,celular,direto,2,2,2,0,0.01051,1,1,1,168.8,77.3,0,0.0,0.0,5.255,1.0,1.0,0.01051,10.51,0.0
2026-04-03,site A,esportes,meio do artigo,banner,celular,redes sociais,4,3,1,0,0.01046,1,1,1,34.3,56.5,1,0.0,0.0,3.486666666666667,0.75,0.3333333333333333,0.01046,10.46,1.0
2026-04-03,site C,notícias,rodapé fixo,banner,celular,newsletter,3,3,1,0,0.01031,1,1,1,64.7,41.0,0,1.0,0.0,3.436666666666667,1.0,0.3333333333333333,0.01031,10.31,0.0
2026-04-03,site B,tecnologia,intersticial,mídia rica,celular,orgânico,3,2,0,0,0.01015,1,1,1,55.9,70.8,1,0.0,0.0,5.074999999999999,0.6666666666666666,0.0,0.01015,10.149999999999999,1.0
2026-04-03,site A,tecnologia,rodapé fixo,nativo,celular,redes sociais,2,2,1,0,0.00918,1,1,1,61.6,54.4,0,0.0,0.0,4.590000000000001,1.0,0.5,0.00918,9.180000000000001,0.0
2026-04-03,site C,estilo de vida,intersticial,banner,celular,redes sociais,3,3,0,0,0.00886,1,1,1,87.7,63.5,0,1.0,0.0,2.953333333333333,1.0,0.0,0.00886,8.86,0.0
2026-04-03,site A,notícias,lateral,vídeo,computador,referência,2,2,2,0,0.00876,1,1,1,5.5,70.6,0,0.0,0.0,4.38,1.0,1.0,0.00876,8.76,0.0
2026-04-03,site A,esportes,topo da página,mídia rica,celular,orgânico,3,2,1,1,0.00857,1,1,1,84.7,45.9,0,0.0,0.5,4.285,0.6666666666666666,0.5,0.00857,8.57,0.0
2026-04-03,site A,notícias,rodapé fixo,nativo,computador,orgânico,1,1,1,0,0.00828,1,1,1,42.8,16.2,0,0.0,0.0,8.28,1.0,1.0,0.00828,8.28,0.0
2026-04-03,site B,tecnologia,meio do artigo,banner,computador,orgânico,1,1,1,0,0.00826,1,1,1,105.9,56.5,0,0.0,0.0,8.26,1.0,1.0,0.00826,8.26,0.0
2026-04-03,site A,esportes,rodapé fixo,nativo,celular,referência,2,2,1,0,0.00824,1,1,1,71.9,24.4,1,1.0,0.0,4.12,1.0,0.5,0.00824,8.24,1.0
2026-04-03,site A,tecnologia,rodapé fixo,mídia rica,celular,orgânico,1,1,1,0,0.0082,1,1,1,16.3,29.4,0,1.0,0.0,8.200000000000001,1.0,1.0,0.0082,8.200000000000001,0.0
2026-04-03,site A,tecnologia,rodapé fixo,vídeo,computador,orgânico,2,1,1,0,0.00798,1,1,1,22.5,31.8,0,1.0,0.0,7.9799999999999995,0.5,1.0,0.00798,7.9799999999999995,0.0
2026-04-03,site A,esportes,lateral,banner,celular,referência,2,2,0,0,0.00786,1,1,1,272.9,54.5,0,1.0,0.0,3.93,1.0,0.0,0.00786,7.86,0.0
2026-04-03,site A,estilo de vida,meio do artigo,banner,celular,orgânico,2,2,0,0,0.00761,1,1,1,97.3,43.6,0,0.0,0.0,3.8049999999999997,1.0,0.0,0.00761,7.609999999999999,0.0
2026-04-03,site A,entretenimento,meio do artigo,mídia rica,celular,referência,6,5,3,0,0.00707,1,1,1,16.0,57.2,0,0.0,0.0,1.4140000000000001,0.8333333333333334,0.6,0.00707,7.07,0.0
2026-04-03,site A,esportes,meio do artigo,banner,computador,referência,3,3,2,0,0.007,1,1,1,33.1,58.9,0,1.0,0.0,2.3333333333333335,1.0,0.6666666666666666,0.007,7.0,0.0
2026-04-03,site A,finanças,meio do artigo,banner,computador,orgânico,2,1,0,0,0.00682,1,1,1,48.1,8.4,0,0.0,0.0,6.819999999999999,0.5,0.0,0.00682,6.819999999999999,0.0
2026-04-03,site B,esportes,lateral,banner,celular,orgânico,3,2,1,0,0.00681,1,1,1,32.8,62.0,1,0.0,0.0,3.4050000000000002,0.6666666666666666,0.5,0.00681,6.8100000000000005,1.0
2026-04-03,site A,estilo de vida,rodapé fixo,banner,computador,redes sociais,8,5,3,0,0.00652,2,2,2,60.449999999999996,69.85,2,0.0,0.0,1.3039999999999998,0.625,0.6,0.00326,3.26,1.0
2026-04-03,site A,tecnologia,topo da página,banner,tablet,redes sociais,1,1,1,0,0.0065,1,1,1,35.4,87.8,1,1.0,0.0,6.5,1.0,1.0,0.0065,6.5,1.0
2026-04-03,site C,estilo de vida,intersticial,banner,celular,orgânico,1,1,1,0,0.0065,1,1,1,147.8,67.4,1,1.0,0.0,6.5,1.0,1.0,0.0065,6.5,1.0
2026-04-03,site A,entretenimento,topo da página,banner,computador,redes sociais,2,1,1,0,0.00644,1,1,1,15.8,57.0,0,0.0,0.0,6.44,0.5,1.0,0.00644,6.44,0.0
2026-04-03,site A,notícias,topo da página,banner,tablet,direto,1,1,1,0,0.00629,1,1,1,50.8,27.7,0,0.0,0.0,6.289999999999999,1.0,1.0,0.00629,6.289999999999999,0.0
2026-04-03,site B,tecnologia,topo da página,vídeo,computador,referência,2,1,1,0,0.00618,1,1,1,5.3,41.4,1,1.0,0.0,6.18,0.5,1.0,0.00618,6.18,1.0
2026-04-03,site A,estilo de vida,topo da página,nativo,computador,orgânico,3,3,2,0,0.00589,1,1,1,37.4,40.9,1,0.0,0.0,1.9633333333333336,1.0,0.6666666666666666,0.00589,5.890000000000001,1.0
2026-04-03,site A,esportes,lateral,nativo,tablet,orgânico,2,1,0,0,0.00542,1,1,1,127.7,62.7,1,0.0,0.0,5.42,0.5,0.0,0.00542,5.42,1.0
2026-04-03,site A,entretenimento,meio do artigo,nativo,celular,referência,1,1,1,0,0.00517,1,1,1,85.9,25.3,1,1.0,0.0,5.17,1.0,1.0,0.00517,5.17,1.0
2026-04-03,site A,notícias,meio do artigo,banner,computador,orgânico,5,5,4,0,0.00516,1,1,1,35.7,76.8,0,1.0,0.0,1.0319999999999998,1.0,0.8,0.00516,5.159999999999999,0.0
2026-04-03,site A,estilo de vida,meio do artigo,banner,computador,referência,1,1,0,0,0.00362,1,1,1,41.3,22.2,0,0.0,0.0,3.62,1.0,0.0,0.00362,3.62,0.0
2026-04-03,site A,estilo de vida,lateral,banner,celular,orgânico,2,1,1,0,0.0035,1,1,1,22.5,62.5,0,0.0,0.0,3.5,0.5,1.0,0.0035,3.5,0.0
2026-04-03,site A,finanças,topo da página,nativo,celular,direto,1,1,1,0,0.00336,1,1,1,24.6,92.9,0,1.0,0.0,3.3600000000000003,1.0,1.0,0.00336,3.3600000000000003,0.0
2026-04-03,site A,entretenimento,topo da página,nativo,celular,orgânico,1,0,0,0,0.00296,1,1,1,44.6,57.5,0,0.0,0.0,0.0,0.0,0.0,0.00296,2.96,0.0
2026-04-03,site B,esportes,rodapé fixo,banner,computador,redes sociais,2,0,0,0,0.00096,1,1,1,14.4,57.7,0,0.0,0.0,0.0,0.0,0.0,0.00096,0.9600000000000001,0.0
2026-04-03,site B,estilo de vida,lateral,mídia rica,celular,referência,1,1,1,0,0.00023,1,1,1,51.5,66.7,0,1.0,0.0,0.23,1.0,1.0,0.00023,0.23,0.0
2026-04-03,site A,finanças,intersticial,banner,celular,orgânico,1,0,0,0,0.0,1,1,1,96.4,72.7,0,1.0,0.0,0.0,0.0,0.0,0.0,0.0,0.0
2026-04-03,site A,notícias,meio do artigo,banner,computador,direto,1,0,0,0,0.0,1,1,1,129.7,57.8,0,1.0,0.0,0.0,0.0,0.0,0.0,0.0,0.0
2026-04-04,site B,estilo de vida,topo da página,nativo,computador,orgânico,6,5,4,0,0.05497,1,1,1,140.2,44.4,0,1.0,0.0,10.994,0.8333333333333334,0.8,0.05497,54.97,0.0
2026-04-04,site A,notícias,topo da página,banner,computador,referência,6,6,4,0,0.04592,1,1,1,48.3,91.9,1,1.0,0.0,7.653333333333333,1.0,0.6666666666666666,0.04592,45.92,1.0
2026-04-04,site C,finanças,topo da página,vídeo,computador,orgânico,4,4,2,0,0.03898,1,1,1,66.5,93.3,0,1.0,0.0,9.745000000000001,1.0,0.5,0.03898,38.980000000000004,0.0
2026-04-04,site B,notícias,topo da página,banner,celular,newsletter,6,6,5,0,0.0385,1,1,1,12.8,88.7,0,1.0,0.0,6.416666666666667,1.0,0.8333333333333334,0.0385,38.5,0.0
2026-04-04,site C,finanças,intersticial,nativo,computador,referência,6,4,3,0,0.03454,1,1,1,44.2,67.9,0,0.0,0.0,8.635,0.6666666666666666,0.75,0.03454,34.54,0.0
2026-04-04,site A,tecnologia,lateral,vídeo,celular,direto,4,4,3,1,0.03405,1,1,1,87.5,43.9,1,0.0,0.25,8.5125,1.0,0.75,0.03405,34.05,1.0
2026-04-04,site C,notícias,rodapé fixo,mídia rica,celular,newsletter,6,5,4,1,0.03036,1,1,1,121.6,100.0,0,0.0,0.2,6.072000000000001,0.8333333333333334,0.8,0.03036,30.360000000000003,0.0
2026-04-04,site B,estilo de vida,rodapé fixo,vídeo,computador,orgânico,3,2,1,0,0.02768,1,1,1,53.8,56.5,1,0.0,0.0,13.84,0.6666666666666666,0.5,0.02768,27.68,1.0
2026-04-04,site A,finanças,intersticial,mídia rica,computador,referência,4,3,2,0,0.02747,1,1,1,54.6,58.2,0,0.0,0.0,9.156666666666668,0.75,0.6666666666666666,0.02747,27.470000000000002,0.0
2026-04-04,site B,tecnologia,lateral,nativo,celular,redes sociais,5,4,2,0,0.02737,1,1,1,26.2,48.1,0,1.0,0.0,6.842499999999999,0.8,0.5,0.02737,27.369999999999997,0.0
2026-04-04,site B,tecnologia,topo da página,vídeo,celular,redes sociais,4,4,4,0,0.02584,1,1,1,67.8,59.6,1,0.0,0.0,6.46,1.0,1.0,0.02584,25.84,1.0
2026-04-04,site A,esportes,meio do artigo,nativo,computador,newsletter,5,4,3,0,0.02558,1,1,1,143.8,53.7,1,1.0,0.0,6.395,0.8,0.75,0.02558,25.58,1.0
2026-04-04,site C,notícias,meio do artigo,vídeo,computador,direto,3,3,3,0,0.02534,1,1,1,32.9,82.5,0,1.0,0.0,8.446666666666667,1.0,1.0,0.02534,25.34,0.0
2026-04-04,site A,estilo de vida,meio do artigo,banner,computador,orgânico,11,6,4,0,0.02401,2,2,2,28.049999999999997,89.95,2,0.5,0.0,4.001666666666667,0.5454545454545454,0.6666666666666666,0.012005,12.005,1.0
2026-04-04,site A,esportes,meio do artigo,banner,celular,direto,6,5,3,0,0.02338,1,1,1,107.1,61.4,1,0.0,0.0,4.676,0.8333333333333334,0.6,0.02338,23.380000000000003,1.0
2026-04-04,site A,estilo de vida,lateral,vídeo,computador,referência,4,4,1,0,0.02259,1,1,1,17.7,50.0,1,1.0,0.0,5.6475,1.0,0.25,0.02259,22.59,1.0
2026-04-04,site A,esportes,rodapé fixo,vídeo,celular,referência,6,5,4,0,0.02207,1,1,1,26.1,32.6,0,1.0,0.0,4.414,0.8333333333333334,0.8,0.02207,22.07,0.0
2026-04-04,site B,notícias,rodapé fixo,nativo,celular,redes sociais,6,3,2,0,0.02154,1,1,1,47.0,34.8,1,0.0,0.0,7.18,0.5,0.6666666666666666,0.02154,21.54,1.0
2026-04-04,site A,entretenimento,intersticial,banner,computador,redes sociais,4,3,3,0,0.02149,1,1,1,48.1,60.1,0,0.0,0.0,7.163333333333333,0.75,1.0,0.02149,21.49,0.0
2026-04-04,site A,notícias,meio do artigo,vídeo,computador,orgânico,6,3,1,0,0.02147,1,1,1,30.6,78.5,0,1.0,0.0,7.156666666666666,0.5,0.3333333333333333,0.02147,21.47,0.0
2026-04-04,site A,esportes,rodapé fixo,banner,computador,orgânico,5,4,2,0,0.02041,1,1,1,87.6,61.0,1,0.0,0.0,5.1025,0.8,0.5,0.02041,20.41,1.0
2026-04-04,site A,esportes,topo da página,vídeo,celular,direto,3,2,1,0,0.02025,1,1,1,127.6,57.0,0,1.0,0.0,10.125,0.6666666666666666,0.5,0.02025,20.25,0.0
2026-04-04,site B,estilo de vida,lateral,nativo,computador,redes sociais,5,3,0,0,0.02019,1,1,1,23.2,34.1,0,1.0,0.0,6.73,0.6,0.0,0.02019,20.19,0.0
2026-04-04,site C,notícias,topo da página,vídeo,computador,redes sociais,2,2,1,0,0.01982,1,1,1,95.4,68.4,0,0.0,0.0,9.91,1.0,0.5,0.01982,19.82,0.0
2026-04-04,site B,esportes,meio do artigo,banner,computador,direto,3,3,1,0,0.01936,1,1,1,157.3,10.1,0,0.0,0.0,6.453333333333333,1.0,0.3333333333333333,0.01936,19.36,0.0
2026-04-04,site B,esportes,meio do artigo,vídeo,celular,orgânico,1,1,1,0,0.01898,1,1,1,28.4,29.8,0,0.0,0.0,18.98,1.0,1.0,0.01898,18.98,0.0
2026-04-04,site B,tecnologia,meio do artigo,vídeo,computador,direto,3,2,1,0,0.01867,1,1,1,26.0,65.1,0,0.0,0.0,9.334999999999999,0.6666666666666666,0.5,0.01867,18.669999999999998,0.0
2026-04-04,site A,notícias,lateral,banner,computador,newsletter,3,3,0,0,0.01821,1,1,1,49.1,86.5,1,0.0,0.0,6.07,1.0,0.0,0.01821,18.21,1.0
2026-04-04,site B,estilo de vida,rodapé fixo,banner,tablet,redes sociais,6,5,5,0,0.01814,1,1,1,53.1,24.5,1,0.0,0.0,3.628,0.8333333333333334,1.0,0.01814,18.14,1.0
2026-04-04,site B,tecnologia,lateral,nativo,celular,orgânico,3,2,1,0,0.01759,1,1,1,48.0,58.4,0,0.0,0.0,8.795,0.6666666666666666,0.5,0.01759,17.59,0.0
2026-04-04,site C,esportes,rodapé fixo,vídeo,celular,referência,4,4,3,0,0.01754,1,1,1,77.7,41.3,0,0.0,0.0,4.385,1.0,0.75,0.01754,17.54,0.0
2026-04-04,site A,notícias,topo da página,banner,computador,redes sociais,6,5,4,0,0.01691,1,1,1,20.7,68.2,1,1.0,0.0,3.382,0.8333333333333334,0.8,0.01691,16.91,1.0
2026-04-04,site A,esportes,topo da página,banner,tablet,orgânico,5,4,3,0,0.01658,1,1,1,82.4,48.1,0,0.0,0.0,4.1450000000000005,0.8,0.75,0.01658,16.580000000000002,0.0
2026-04-04,site B,notícias,topo da página,mídia rica,celular,referência,2,2,0,0,0.01649,1,1,1,54.8,60.0,0,0.0,0.0,8.245000000000001,1.0,0.0,0.01649,16.490000000000002,0.0
2026-04-04,site B,finanças,intersticial,nativo,celular,direto,4,4,3,0,0.01642,1,1,1,44.8,72.6,1,1.0,0.0,4.105,1.0,0.75,0.01642,16.42,1.0
2026-04-04,site C,notícias,meio do artigo,banner,tablet,orgânico,6,4,2,0,0.0144,1,1,1,58.0,53.6,0,0.0,0.0,3.6,0.6666666666666666,0.5,0.0144,14.4,0.0
2026-04-04,site B,tecnologia,meio do artigo,vídeo,tablet,redes sociais,6,4,1,0,0.01436,1,1,1,81.2,62.4,0,1.0,0.0,3.59,0.6666666666666666,0.25,0.01436,14.36,0.0
2026-04-04,site B,finanças,topo da página,banner,computador,orgânico,6,4,3,0,0.01427,1,1,1,55.2,53.8,1,0.0,0.0,3.5675,0.6666666666666666,0.75,0.01427,14.27,1.0
2026-04-04,site B,notícias,meio do artigo,mídia rica,computador,orgânico,5,3,2,0,0.01408,1,1,1,32.0,35.2,0,0.0,0.0,4.693333333333333,0.6,0.6666666666666666,0.01408,14.08,0.0
2026-04-04,site A,finanças,rodapé fixo,nativo,computador,direto,4,3,3,0,0.01405,1,1,1,38.5,84.5,0,0.0,0.0,4.683333333333334,0.75,1.0,0.01405,14.05,0.0
2026-04-04,site A,entretenimento,rodapé fixo,nativo,celular,orgânico,2,2,1,0,0.01373,1,1,1,52.9,19.2,1,0.0,0.0,6.864999999999999,1.0,0.5,0.01373,13.729999999999999,1.0
2026-04-04,site A,notícias,topo da página,vídeo,computador,direto,2,2,0,0,0.01373,1,1,1,47.0,100.0,0,0.0,0.0,6.864999999999999,1.0,0.0,0.01373,13.729999999999999,0.0
2026-04-04,site B,notícias,meio do artigo,nativo,computador,orgânico,5,4,3,0,0.01367,1,1,1,188.5,47.3,1,1.0,0.0,3.4175,0.8,0.75,0.01367,13.67,1.0
2026-04-04,site A,notícias,topo da página,vídeo,celular,newsletter,5,3,3,0,0.01317,1,1,1,123.4,58.6,1,1.0,0.0,4.39,0.6,1.0,0.01317,13.17,1.0
2026-04-04,site A,esportes,topo da página,nativo,tablet,redes sociais,4,3,2,0,0.0131,1,1,1,22.5,58.7,0,1.0,0.0,4.366666666666667,0.75,0.6666666666666666,0.0131,13.100000000000001,0.0
2026-04-04,site A,entretenimento,lateral,banner,celular,orgânico,5,5,3,0,0.01293,1,1,1,190.9,18.7,0,1.0,0.0,2.586,1.0,0.6,0.01293,12.93,0.0
2026-04-04,site C,entretenimento,topo da página,banner,celular,orgânico,4,3,0,0,0.01191,1,1,1,28.3,59.1,0,0.0,0.0,3.97,0.75,0.0,0.01191,11.91,0.0
2026-04-04,site A,notícias,topo da página,nativo,celular,direto,3,3,2,0,0.01181,1,1,1,70.9,54.1,0,0.0,0.0,3.936666666666666,1.0,0.6666666666666666,0.01181,11.809999999999999,0.0
2026-04-04,site A,tecnologia,intersticial,nativo,computador,orgânico,2,2,0,1,0.01174,1,1,1,65.3,88.9,0,1.0,0.5,5.87,1.0,0.0,0.01174,11.74,0.0
2026-04-04,site A,notícias,topo da página,vídeo,celular,orgânico,4,4,2,0,0.01142,1,1,1,152.9,67.1,1,1.0,0.0,2.855,1.0,0.5,0.01142,11.42,1.0
2026-04-04,site A,notícias,topo da página,nativo,celular,orgânico,5,4,1,0,0.01106,1,1,1,113.0,76.1,1,0.0,0.0,2.765,0.8,0.25,0.01106,11.06,1.0
2026-04-04,site B,esportes,topo da página,banner,celular,newsletter,5,4,2,0,0.01087,1,1,1,102.8,46.3,0,1.0,0.0,2.7175,0.8,0.5,0.01087,10.87,0.0
2026-04-04,site C,esportes,topo da página,banner,tablet,orgânico,4,3,3,0,0.01082,1,1,1,37.5,79.8,1,0.0,0.0,3.606666666666667,0.75,1.0,0.01082,10.82,1.0
2026-04-04,site A,entretenimento,rodapé fixo,nativo,celular,direto,5,4,3,0,0.01078,1,1,1,43.5,83.6,1,0.0,0.0,2.695,0.8,0.75,0.01078,10.78,1.0
2026-04-04,site A,notícias,lateral,vídeo,celular,redes sociais,1,1,0,0,0.01025,1,1,1,77.4,57.9,0,1.0,0.0,10.25,1.0,0.0,0.01025,10.25,0.0
2026-04-04,site A,esportes,lateral,vídeo,tablet,direto,1,1,0,0,0.01013,1,1,1,12.9,76.1,0,0.0,0.0,10.13,1.0,0.0,0.01013,10.13,0.0
2026-04-04,site A,esportes,lateral,banner,celular,referência,3,3,2,0,0.00944,1,1,1,121.1,81.7,1,0.0,0.0,3.146666666666667,1.0,0.6666666666666666,0.00944,9.440000000000001,1.0
2026-04-04,site C,notícias,meio do artigo,banner,tablet,newsletter,4,3,2,0,0.00933,1,1,1,13.6,58.5,0,1.0,0.0,3.11,0.75,0.6666666666666666,0.00933,9.33,0.0
2026-04-04,site A,finanças,rodapé fixo,nativo,tablet,redes sociais,2,1,1,0,0.00897,1,1,1,105.0,55.4,0,1.0,0.0,8.97,0.5,1.0,0.00897,8.97,0.0
2026-04-04,site B,esportes,rodapé fixo,banner,computador,redes sociais,2,2,2,0,0.00893,1,1,1,19.9,96.4,0,0.0,0.0,4.465,1.0,1.0,0.00893,8.93,0.0
2026-04-04,site A,estilo de vida,rodapé fixo,banner,tablet,orgânico,5,4,2,0,0.00892,1,1,1,71.3,48.1,0,0.0,0.0,2.2300000000000004,0.8,0.5,0.00892,8.920000000000002,0.0
2026-04-04,site C,esportes,meio do artigo,banner,computador,redes sociais,4,3,2,0,0.00834,1,1,1,172.9,63.0,0,1.0,0.0,2.78,0.75,0.6666666666666666,0.00834,8.34,0.0
2026-04-04,site A,tecnologia,topo da página,banner,computador,direto,5,3,0,0,0.00814,1,1,1,54.0,47.8,0,0.0,0.0,2.713333333333333,0.6,0.0,0.00814,8.139999999999999,0.0
2026-04-04,site C,notícias,topo da página,nativo,computador,orgânico,2,1,1,0,0.00812,1,1,1,94.7,72.4,0,0.0,0.0,8.120000000000001,0.5,1.0,0.00812,8.120000000000001,0.0
2026-04-04,site C,notícias,lateral,banner,computador,referência,1,1,0,0,0.00788,1,1,1,84.1,75.5,0,0.0,0.0,7.88,1.0,0.0,0.00788,7.88,0.0
2026-04-04,site A,notícias,rodapé fixo,mídia rica,celular,orgânico,4,3,3,0,0.00786,1,1,1,64.3,32.9,0,0.0,0.0,2.62,0.75,1.0,0.00786,7.86,0.0
2026-04-04,site C,esportes,lateral,banner,celular,direto,5,4,3,0,0.00763,1,1,1,42.0,57.4,1,1.0,0.0,1.9075,0.8,0.75,0.00763,7.63,1.0
2026-04-04,site B,esportes,rodapé fixo,banner,computador,referência,3,2,2,0,0.00717,1,1,1,23.2,63.7,0,1.0,0.0,3.585,0.6666666666666666,1.0,0.00717,7.17,0.0
2026-04-04,site C,estilo de vida,topo da página,banner,celular,referência,6,4,0,0,0.00686,1,1,1,155.0,57.8,1,0.0,0.0,1.7149999999999999,0.6666666666666666,0.0,0.00686,6.859999999999999,1.0
2026-04-04,site A,entretenimento,lateral,nativo,celular,orgânico,3,2,1,0,0.00662,1,1,1,31.6,59.6,1,0.0,0.0,3.31,0.6666666666666666,0.5,0.00662,6.62,1.0
2026-04-04,site A,esportes,rodapé fixo,nativo,celular,orgânico,2,2,1,0,0.00545,1,1,1,69.6,84.7,0,0.0,0.0,2.725,1.0,0.5,0.00545,5.45,0.0
2026-04-04,site C,finanças,meio do artigo,nativo,computador,orgânico,1,1,1,0,0.00529,1,1,1,20.0,4.4,0,1.0,0.0,5.29,1.0,1.0,0.00529,5.29,0.0
2026-04-04,site C,finanças,rodapé fixo,mídia rica,celular,direto,1,0,0,0,0.00518,1,1,1,65.7,94.0,1,0.0,0.0,0.0,0.0,0.0,0.00518,5.18,1.0
2026-04-04,site C,estilo de vida,lateral,banner,celular,direto,2,1,0,0,0.00497,1,1,1,108.5,58.5,1,0.0,0.0,4.97,0.5,0.0,0.00497,4.97,1.0
2026-04-04,site C,estilo de vida,meio do artigo,banner,celular,referência,1,1,1,0,0.00439,1,1,1,9.2,72.7,1,0.0,0.0,4.39,1.0,1.0,0.00439,4.39,1.0
2026-04-04,site A,notícias,meio do artigo,banner,celular,orgânico,4,2,2,0,0.00428,1,1,1,18.3,52.1,1,0.0,0.0,2.14,0.5,1.0,0.00428,4.28,1.0
2026-04-04,site A,notícias,lateral,banner,computador,orgânico,3,2,2,0,0.00404,1,1,1,77.4,54.7,0,0.0,0.0,2.02,0.6666666666666666,1.0,0.00404,4.04,0.0
2026-04-04,site A,notícias,topo da página,banner,celular,orgânico,3,1,1,0,0.004,1,1,1,193.7,100.0,1,1.0,0.0,4.0,0.3333333333333333,1.0,0.004,4.0,1.0
2026-04-04,site A,esportes,topo da página,nativo,tablet,direto,1,1,0,1,0.0032,1,1,1,56.7,23.1,0,0.0,1.0,3.2,1.0,0.0,0.0032,3.2,0.0
2026-04-04,site A,esportes,rodapé fixo,banner,celular,direto,1,1,1,0,0.003,1,1,1,71.7,39.6,0,0.0,0.0,3.0,1.0,1.0,0.003,3.0,0.0
2026-04-04,site C,notícias,topo da página,banner,celular,orgânico,1,1,1,0,0.00262,1,1,1,138.9,64.3,1,1.0,0.0,2.62,1.0,1.0,0.00262,2.62,1.0
2026-04-04,site B,notícias,topo da página,banner,computador,orgânico,5,1,1,0,0.00236,1,1,1,44.3,69.9,0,1.0,0.0,2.3600000000000003,0.2,1.0,0.00236,2.3600000000000003,0.0
2026-04-04,site B,notícias,rodapé fixo,banner,celular,orgânico,1,1,0,0,0.00219,1,1,1,48.3,33.7,0,0.0,0.0,2.19,1.0,0.0,0.00219,2.19,0.0
2026-04-04,site A,notícias,lateral,banner,celular,referência,1,1,1,0,0.00199,1,1,1,113.2,50.8,0,0.0,0.0,1.99,1.0,1.0,0.00199,1.99,0.0
2026-04-04,site B,entretenimento,intersticial,mídia rica,computador,orgânico,1,0,0,0,0.00195,1,1,1,47.8,98.2,0,0.0,0.0,0.0,0.0,0.0,0.00195,1.95,0.0
2026-04-04,site A,finanças,meio do artigo,banner,celular,newsletter,2,1,1,0,0.00154,1,1,1,28.5,55.1,1,0.0,0.0,1.5399999999999998,0.5,1.0,0.00154,1.5399999999999998,1.0
2026-04-04,site A,estilo de vida,topo da página,banner,celular,direto,1,1,0,0,0.00109,1,1,1,31.3,70.4,0,0.0,0.0,1.09,1.0,0.0,0.00109,1.09,0.0
2026-04-04,site B,esportes,topo da página,vídeo,computador,referência,1,0,0,0,0.00073,1,1,1,53.3,49.2,1,0.0,0.0,0.0,0.0,0.0,0.00073,0.73,1.0
2026-04-04,site B,finanças,meio do artigo,banner,celular,direto,1,0,0,0,0.0,1,1,1,25.3,47.0,0,0.0,0.0,0.0,0.0,0.0,0.0,0.0,0.0
2026-04-04,site C,entretenimento,topo da página,banner,computador,referência,1,0,0,0,0.0,1,1,1,52.2,93.8,0,0.0,0.0,0.0,0.0,0.0,0.0,0.0,0.0
2026-04-05,site B,finanças,lateral,mídia rica,tablet,redes sociais,6,5,3,0,0.07924,1,1,1,82.4,42.9,0,0.0,0.0,15.848000000000003,0.8333333333333334,0.6,0.07924,79.24000000000001,0.0
2026-04-05,site C,finanças,topo da página,vídeo,computador,orgânico,4,4,2,0,0.04568,1,1,1,24.5,70.2,1,1.0,0.0,11.42,1.0,0.5,0.04568,45.68,1.0
2026-04-05,site B,entretenimento,rodapé fixo,vídeo,computador,referência,6,6,3,0,0.04472,1,1,1,86.0,65.2,1,1.0,0.0,7.453333333333334,1.0,0.5,0.04472,44.720000000000006,1.0
2026-04-05,site B,estilo de vida,meio do artigo,vídeo,celular,redes sociais,5,5,3,0,0.04103,1,1,1,46.3,23.8,0,0.0,0.0,8.206,1.0,0.6,0.04103,41.029999999999994,0.0
2026-04-05,site A,esportes,topo da página,mídia rica,computador,referência,5,4,1,0,0.04081,1,1,1,19.0,28.8,0,1.0,0.0,10.2025,0.8,0.25,0.04081,40.81,0.0
2026-04-05,site A,finanças,topo da página,vídeo,celular,direto,5,4,2,1,0.03741,1,1,1,48.4,13.9,1,0.0,0.25,9.3525,0.8,0.5,0.03741,37.41,1.0
2026-04-05,site C,tecnologia,intersticial,nativo,celular,redes sociais,5,4,2,1,0.03645,1,1,1,42.9,35.3,0,1.0,0.25,9.1125,0.8,0.5,0.03645,36.45,0.0
2026-04-05,site B,esportes,topo da página,banner,computador,redes sociais,4,3,2,0,0.03476,1,1,1,28.9,49.9,0,1.0,0.0,11.586666666666666,0.75,0.6666666666666666,0.03476,34.76,0.0
2026-04-05,site A,esportes,intersticial,banner,celular,referência,6,5,3,0,0.0314,1,1,1,51.5,26.6,1,0.0,0.0,6.279999999999999,0.8333333333333334,0.6,0.0314,31.4,1.0
2026-04-05,site C,notícias,topo da página,banner,celular,redes sociais,6,6,3,0,0.03093,1,1,1,93.7,43.9,0,0.0,0.0,5.155,1.0,0.5,0.03093,30.93,0.0
2026-04-05,site C,tecnologia,meio do artigo,vídeo,celular,orgânico,5,4,4,0,0.02861,1,1,1,109.3,32.0,0,1.0,0.0,7.1525,0.8,1.0,0.02861,28.61,0.0
2026-04-05,site A,notícias,meio do artigo,mídia rica,tablet,redes sociais,3,3,2,0,0.02714,1,1,1,188.8,91.4,0,0.0,0.0,9.046666666666667,1.0,0.6666666666666666,0.02714,27.14,0.0
2026-04-05,site A,notícias,meio do artigo,mídia rica,computador,redes sociais,5,4,4,0,0.02652,1,1,1,32.3,69.4,1,1.0,0.0,6.63,0.8,1.0,0.02652,26.52,1.0
2026-04-05,site C,notícias,rodapé fixo,banner,celular,direto,6,5,4,0,0.02651,1,1,1,74.4,83.2,0,1.0,0.0,5.302,0.8333333333333334,0.8,0.02651,26.509999999999998,0.0
2026-04-05,site A,notícias,rodapé fixo,banner,computador,orgânico,6,6,5,0,0.02545,1,1,1,36.2,81.6,0,1.0,0.0,4.241666666666666,1.0,0.8333333333333334,0.02545,25.45,0.0
2026-04-05,site C,entretenimento,rodapé fixo,mídia rica,celular,direto,6,6,5,0,0.02495,1,1,1,45.1,39.7,0,0.0,0.0,4.158333333333333,1.0,0.8333333333333334,0.02495,24.95,0.0
2026-04-05,site C,notícias,rodapé fixo,banner,celular,redes sociais,9,6,3,0,0.02357,2,2,2,21.85,58.7,1,0.0,0.0,3.9283333333333332,0.6666666666666666,0.5,0.011785,11.785,0.5
2026-04-05,site A,finanças,meio do artigo,banner,computador,newsletter,5,5,1,0,0.02307,1,1,1,28.2,100.0,0,0.0,0.0,4.614,1.0,0.2,0.02307,23.07,0.0
2026-04-05,site A,notícias,topo da página,banner,computador,referência,3,3,3,0,0.02233,1,1,1,3.6,84.3,1,1.0,0.0,7.4433333333333325,1.0,1.0,0.02233,22.33,1.0
2026-04-05,site A,entretenimento,topo da página,banner,computador,redes sociais,6,5,3,0,0.02222,1,1,1,50.8,57.8,0,0.0,0.0,4.444,0.8333333333333334,0.6,0.02222,22.22,0.0
2026-04-05,site A,esportes,intersticial,vídeo,celular,redes sociais,5,3,2,0,0.02127,1,1,1,21.2,51.6,0,0.0,0.0,7.09,0.6,0.6666666666666666,0.02127,21.27,0.0
2026-04-05,site B,entretenimento,meio do artigo,vídeo,computador,redes sociais,5,3,1,0,0.02116,1,1,1,49.6,53.9,1,0.0,0.0,7.053333333333334,0.6,0.3333333333333333,0.02116,21.16,1.0
2026-04-05,site B,tecnologia,topo da página,mídia rica,computador,redes sociais,4,2,0,0,0.02099,1,1,1,18.6,83.7,1,1.0,0.0,10.495000000000001,0.5,0.0,0.02099,20.990000000000002,1.0
2026-04-05,site C,esportes,rodapé fixo,banner,celular,direto,3,3,2,0,0.02073,1,1,1,163.1,79.7,0,0.0,0.0,6.909999999999999,1.0,0.6666666666666666,0.02073,20.729999999999997,0.0
2026-04-05,site B,finanças,topo da página,nativo,computador,orgânico,4,4,4,0,0.02009,1,1,1,41.9,53.2,0,0.0,0.0,5.0225,1.0,1.0,0.02009,20.09,0.0
2026-04-05,site A,notícias,rodapé fixo,vídeo,computador,direto,3,3,3,0,0.01988,1,1,1,53.7,38.7,1,0.0,0.0,6.626666666666666,1.0,1.0,0.01988,19.88,1.0
2026-04-05,site B,entretenimento,meio do artigo,mídia rica,celular,orgânico,6,5,4,0,0.0197,1,1,1,97.2,34.5,0,0.0,0.0,3.94,0.8333333333333334,0.8,0.0197,19.7,0.0
2026-04-05,site A,tecnologia,rodapé fixo,nativo,computador,referência,4,4,3,0,0.01941,1,1,1,69.9,46.6,1,1.0,0.0,4.8525,1.0,0.75,0.01941,19.41,1.0
2026-04-05,site A,notícias,meio do artigo,nativo,celular,newsletter,4,3,1,0,0.01912,1,1,1,44.1,75.0,0,0.0,0.0,6.373333333333334,0.75,0.3333333333333333,0.01912,19.12,0.0
2026-04-05,site C,notícias,meio do artigo,vídeo,celular,orgânico,4,3,2,0,0.01908,1,1,1,120.4,42.7,0,0.0,0.0,6.359999999999999,0.75,0.6666666666666666,0.01908,19.08,0.0
2026-04-05,site B,esportes,rodapé fixo,mídia rica,computador,newsletter,6,6,4,0,0.01894,1,1,1,23.5,23.3,0,0.0,0.0,3.1566666666666663,1.0,0.6666666666666666,0.01894,18.939999999999998,0.0
2026-04-05,site B,finanças,topo da página,vídeo,celular,redes sociais,2,2,2,0,0.01881,1,1,1,22.2,56.4,1,1.0,0.0,9.405,1.0,1.0,0.01881,18.81,1.0
2026-04-05,site A,tecnologia,rodapé fixo,banner,computador,redes sociais,5,2,2,0,0.01804,1,1,1,109.5,40.6,0,1.0,0.0,9.02,0.4,1.0,0.01804,18.04,0.0
2026-04-05,site A,notícias,topo da página,banner,celular,orgânico,4,4,4,0,0.0178,1,1,1,83.5,67.3,0,0.0,0.0,4.45,1.0,1.0,0.0178,17.8,0.0
2026-04-05,site A,tecnologia,meio do artigo,nativo,computador,direto,5,2,1,0,0.01777,1,1,1,40.1,52.7,0,0.0,0.0,8.885,0.4,0.5,0.01777,17.77,0.0
2026-04-05,site B,finanças,meio do artigo,banner,celular,direto,6,6,5,0,0.0174,1,1,1,75.3,100.0,0,0.0,0.0,2.9,1.0,0.8333333333333334,0.0174,17.4,0.0
2026-04-05,site C,esportes,topo da página,banner,celular,direto,4,4,2,0,0.01723,1,1,1,101.6,71.3,1,1.0,0.0,4.3075,1.0,0.5,0.01723,17.23,1.0
2026-04-05,site A,entretenimento,intersticial,banner,celular,orgânico,6,4,2,0,0.01613,1,1,1,50.0,41.3,1,0.0,0.0,4.0325,0.6666666666666666,0.5,0.01613,16.13,1.0
2026-04-05,site B,estilo de vida,topo da página,nativo,celular,orgânico,6,6,4,0,0.01583,1,1,1,90.2,60.4,0,0.0,0.0,2.638333333333333,1.0,0.6666666666666666,0.01583,15.83,0.0
2026-04-05,site B,entretenimento,lateral,vídeo,computador,orgânico,4,3,2,0,0.01572,1,1,1,21.3,80.2,0,0.0,0.0,5.24,0.75,0.6666666666666666,0.01572,15.72,0.0
2026-04-05,site A,finanças,lateral,nativo,computador,orgânico,3,1,1,0,0.01552,1,1,1,71.3,79.3,0,0.0,0.0,15.520000000000001,0.3333333333333333,1.0,0.01552,15.520000000000001,0.0
2026-04-05,site B,esportes,rodapé fixo,banner,computador,redes sociais,4,3,3,0,0.01506,1,1,1,18.2,95.4,0,0.0,0.0,5.0200000000000005,0.75,1.0,0.01506,15.06,0.0
2026-04-05,site A,esportes,topo da página,banner,computador,direto,3,3,1,0,0.01501,1,1,1,70.6,90.3,0,0.0,0.0,5.003333333333334,1.0,0.3333333333333333,0.01501,15.010000000000002,0.0
2026-04-05,site B,finanças,lateral,banner,computador,orgânico,4,4,2,0,0.01488,1,1,1,3.4,79.8,1,1.0,0.0,3.72,1.0,0.5,0.01488,14.88,1.0
2026-04-05,site C,estilo de vida,rodapé fixo,nativo,tablet,redes sociais,3,3,2,0,0.01488,1,1,1,69.2,60.1,0,1.0,0.0,4.96,1.0,0.6666666666666666,0.01488,14.88,0.0
2026-04-05,site A,tecnologia,lateral,mídia rica,celular,orgânico,2,2,2,0,0.01477,1,1,1,21.8,87.7,0,1.0,0.0,7.385,1.0,1.0,0.01477,14.77,0.0
2026-04-05,site A,estilo de vida,lateral,banner,computador,orgânico,3,3,3,0,0.01469,1,1,1,92.9,71.9,0,1.0,0.0,4.8966666666666665,1.0,1.0,0.01469,14.69,0.0
2026-04-05,site A,notícias,topo da página,nativo,tablet,redes sociais,5,4,1,0,0.01411,1,1,1,16.1,71.3,0,0.0,0.0,3.5275,0.8,0.25,0.01411,14.11,0.0
2026-04-05,site A,entretenimento,topo da página,nativo,computador,referência,6,4,3,0,0.01403,1,1,1,32.1,39.5,1,0.0,0.0,3.5075000000000003,0.6666666666666666,0.75,0.01403,14.030000000000001,1.0
2026-04-05,site A,esportes,intersticial,banner,computador,newsletter,6,4,2,0,0.01395,1,1,1,18.6,58.9,0,0.0,0.0,3.4875000000000003,0.6666666666666666,0.5,0.01395,13.950000000000001,0.0
2026-04-05,site A,estilo de vida,meio do artigo,banner,computador,orgânico,4,4,4,0,0.01301,1,1,1,9.9,10.1,0,0.0,0.0,3.2525000000000004,1.0,1.0,0.01301,13.010000000000002,0.0
2026-04-05,site A,entretenimento,topo da página,banner,celular,orgânico,3,3,2,0,0.01296,1,1,1,24.7,86.0,0,0.0,0.0,4.319999999999999,1.0,0.6666666666666666,0.01296,12.959999999999999,0.0
2026-04-05,site C,tecnologia,lateral,vídeo,computador,referência,2,1,0,0,0.01253,1,1,1,32.1,57.5,0,1.0,0.0,12.53,0.5,0.0,0.01253,12.53,0.0
2026-04-05,site C,tecnologia,meio do artigo,nativo,celular,orgânico,5,3,2,0,0.01246,1,1,1,100.3,62.5,1,0.0,0.0,4.153333333333333,0.6,0.6666666666666666,0.01246,12.46,1.0
2026-04-05,site B,esportes,topo da página,banner,computador,orgânico,2,2,1,0,0.01236,1,1,1,64.1,48.6,1,1.0,0.0,6.18,1.0,0.5,0.01236,12.36,1.0
2026-04-05,site C,esportes,topo da página,nativo,celular,referência,3,2,0,0,0.01221,1,1,1,85.0,45.5,1,0.0,0.0,6.105,0.6666666666666666,0.0,0.01221,12.21,1.0
2026-04-05,site B,finanças,intersticial,nativo,computador,direto,3,2,1,0,0.01209,1,1,1,32.8,36.9,0,0.0,0.0,6.045,0.6666666666666666,0.5,0.01209,12.09,0.0
2026-04-05,site A,estilo de vida,meio do artigo,banner,computador,redes sociais,5,2,1,0,0.01207,1,1,1,27.4,32.1,1,0.0,0.0,6.035,0.4,0.5,0.01207,12.07,1.0
2026-04-05,site C,esportes,lateral,vídeo,celular,redes sociais,4,4,2,0,0.01141,1,1,1,107.9,100.0,1,0.0,0.0,2.8525,1.0,0.5,0.01141,11.41,1.0
2026-04-05,site B,esportes,intersticial,mídia rica,tablet,referência,5,4,1,0,0.01138,1,1,1,48.6,61.1,0,0.0,0.0,2.8449999999999998,0.8,0.25,0.01138,11.379999999999999,0.0
2026-04-05,site A,entretenimento,intersticial,mídia rica,computador,direto,1,1,1,0,0.01056,1,1,1,32.2,53.7,0,1.0,0.0,10.56,1.0,1.0,0.01056,10.56,0.0
2026-04-05,site C,finanças,rodapé fixo,banner,celular,redes sociais,5,2,1,0,0.01035,1,1,1,79.5,56.0,0,0.0,0.0,5.175,0.4,0.5,0.01035,10.35,0.0
2026-04-05,site C,notícias,lateral,vídeo,celular,direto,3,3,1,0,0.01035,1,1,1,26.3,59.4,1,0.0,0.0,3.4499999999999997,1.0,0.3333333333333333,0.01035,10.35,1.0
2026-04-05,site B,notícias,meio do artigo,vídeo,celular,direto,6,5,4,0,0.01032,1,1,1,36.9,67.2,1,1.0,0.0,2.0639999999999996,0.8333333333333334,0.8,0.01032,10.319999999999999,1.0
2026-04-05,site A,notícias,meio do artigo,banner,computador,orgânico,7,4,2,0,0.01013,2,2,2,88.1,35.55,0,0.5,0.0,2.5325,0.5714285714285714,0.5,0.005065,5.065,0.0
2026-04-05,site A,tecnologia,topo da página,banner,tablet,direto,1,1,0,0,0.01008,1,1,1,26.9,66.8,0,1.0,0.0,10.08,1.0,0.0,0.01008,10.08,0.0
2026-04-05,site B,esportes,meio do artigo,banner,celular,orgânico,4,2,1,0,0.00987,1,1,1,58.6,73.1,1,1.0,0.0,4.9350000000000005,0.5,0.5,0.00987,9.870000000000001,1.0
2026-04-05,site C,esportes,topo da página,vídeo,celular,redes sociais,1,1,1,0,0.00909,1,1,1,99.0,35.1,0,0.0,0.0,9.090000000000002,1.0,1.0,0.00909,9.090000000000002,0.0
2026-04-05,site B,esportes,lateral,banner,celular,orgânico,5,2,0,0,0.00877,1,1,1,49.4,81.3,1,0.0,0.0,4.385,0.4,0.0,0.00877,8.77,1.0
2026-04-05,site A,notícias,rodapé fixo,banner,computador,redes sociais,1,1,0,0,0.00874,1,1,1,29.2,20.1,1,0.0,0.0,8.74,1.0,0.0,0.00874,8.74,1.0
2026-04-05,site A,notícias,meio do artigo,vídeo,tablet,referência,5,2,1,0,0.0086,1,1,1,29.7,32.9,0,1.0,0.0,4.3,0.4,0.5,0.0086,8.6,0.0
2026-04-05,site A,esportes,rodapé fixo,banner,celular,newsletter,5,3,3,0,0.00837,1,1,1,27.9,53.0,0,0.0,0.0,2.7900000000000005,0.6,1.0,0.00837,8.370000000000001,0.0
2026-04-05,site B,entretenimento,meio do artigo,banner,computador,redes sociais,5,3,3,0,0.00813,1,1,1,17.1,50.8,0,1.0,0.0,2.7100000000000004,0.6,1.0,0.00813,8.13,0.0
2026-04-05,site B,entretenimento,meio do artigo,banner,celular,redes sociais,5,2,0,0,0.00808,1,1,1,97.0,59.0,0,0.0,0.0,4.04,0.4,0.0,0.00808,8.08,0.0
2026-04-05,site B,notícias,meio do artigo,banner,celular,newsletter,5,3,3,0,0.00785,1,1,1,47.6,91.6,0,0.0,0.0,2.6166666666666667,0.6,1.0,0.00785,7.85,0.0
2026-04-05,site B,tecnologia,topo da página,vídeo,celular,orgânico,3,2,2,0,0.00758,1,1,1,96.9,56.3,1,0.0,0.0,3.79,0.6666666666666666,1.0,0.00758,7.58,1.0
2026-04-05,site C,notícias,meio do artigo,nativo,tablet,orgânico,1,1,1,0,0.00757,1,1,1,53.5,20.8,0,0.0,0.0,7.57,1.0,1.0,0.00757,7.57,0.0
2026-04-05,site B,esportes,rodapé fixo,mídia rica,tablet,orgânico,1,1,1,0,0.00741,1,1,1,3.0,42.7,1,0.0,0.0,7.41,1.0,1.0,0.00741,7.41,1.0
2026-04-05,site C,entretenimento,meio do artigo,vídeo,computador,referência,2,1,1,0,0.00712,1,1,1,42.2,48.1,0,1.0,0.0,7.119999999999999,0.5,1.0,0.00712,7.119999999999999,0.0
2026-04-05,site B,finanças,meio do artigo,nativo,celular,redes sociais,5,4,1,0,0.00696,1,1,1,46.6,96.6,1,0.0,0.0,1.74,0.8,0.25,0.00696,6.96,1.0
2026-04-05,site B,entretenimento,lateral,banner,computador,orgânico,5,3,2,0,0.00649,1,1,1,15.6,75.3,0,1.0,0.0,2.1633333333333336,0.6,0.6666666666666666,0.00649,6.49,0.0
2026-04-05,site B,esportes,lateral,vídeo,computador,newsletter,2,1,0,0,0.00613,1,1,1,45.8,64.5,0,0.0,0.0,6.13,0.5,0.0,0.00613,6.13,0.0
2026-04-05,site A,notícias,lateral,nativo,tablet,newsletter,6,4,1,0,0.00545,1,1,1,144.3,78.9,0,1.0,0.0,1.3625,0.6666666666666666,0.25,0.00545,5.45,0.0
2026-04-05,site B,tecnologia,rodapé fixo,vídeo,computador,orgânico,1,1,0,0,0.00429,1,1,1,146.7,77.5,0,0.0,0.0,4.29,1.0,0.0,0.00429,4.29,0.0
2026-04-05,site B,tecnologia,topo da página,nativo,celular,orgânico,1,1,1,0,0.00378,1,1,1,13.1,70.9,0,0.0,0.0,3.78,1.0,1.0,0.00378,3.78,0.0
2026-04-05,site A,estilo de vida,meio do artigo,banner,celular,newsletter,5,2,1,0,0.0032,1,1,1,24.8,55.7,1,0.0,0.0,1.6,0.4,0.5,0.0032,3.2,1.0
2026-04-05,site A,entretenimento,rodapé fixo,vídeo,celular,referência,3,1,0,0,0.00279,1,1,1,40.0,47.1,1,0.0,0.0,2.79,0.3333333333333333,0.0,0.00279,2.79,1.0
2026-04-05,site A,esportes,topo da página,banner,celular,orgânico,1,1,0,0,0.00229,1,1,1,104.8,65.0,1,0.0,0.0,2.29,1.0,0.0,0.00229,2.29,1.0
2026-04-05,site A,tecnologia,lateral,banner,celular,orgânico,2,1,0,0,0.00217,1,1,1,17.3,77.7,1,1.0,0.0,2.17,0.5,0.0,0.00217,2.17,1.0
2026-04-05,site C,notícias,intersticial,mídia rica,tablet,orgânico,1,1,0,0,0.00128,1,1,1,28.9,47.8,0,1.0,0.0,1.28,1.0,0.0,0.00128,1.28,0.0
2026-04-05,site C,estilo de vida,lateral,nativo,computador,redes sociais,2,1,0,0,0.00068,1,1,1,78.8,49.3,0,1.0,0.0,0.68,0.5,0.0,0.00068,0.68,0.0
2026-04-05,site B,notícias,meio do artigo,nativo,computador,orgânico,1,0,0,0,0.00045,1,1,1,15.1,64.5,0,1.0,0.0,0.0,0.0,0.0,0.00045,0.45,0.0
2026-04-05,site A,esportes,rodapé fixo,banner,tablet,orgânico,1,0,0,0,0.0,1,1,1,154.7,58.5,1,1.0,0.0,0.0,0.0,0.0,0.0,0.0,1.0
2026-04-05,site A,esportes,topo da página,vídeo,computador,orgânico,1,0,0,0,0.0,1,1,1,69.5,38.4,0,0.0,0.0,0.0,0.0,0.0,0.0,0.0,0.0
2026-04-05,site A,notícias,meio do artigo,vídeo,celular,redes sociais,1,0,0,0,0.0,1,1,1,21.5,72.0,0,1.0,0.0,0.0,0.0,0.0,0.0,0.0,0.0
2026-04-06,site B,finanças,meio do artigo,banner,computador,orgânico,4,4,2,0,0.06,1,1,1,39.2,70.5,0,0.0,0.0,15.0,1.0,0.5,0.06,60.0,0.0
2026-04-06,site C,finanças,rodapé fixo,nativo,celular,direto,5,5,4,0,0.04272,1,1,1,77.8,66.7,0,0.0,0.0,8.544,1.0,0.8,0.04272,42.72,0.0
2026-04-06,site B,finanças,meio do artigo,banner,celular,redes sociais,5,3,1,0,0.0418,1,1,1,12.9,58.4,0,0.0,0.0,13.933333333333332,0.6,0.3333333333333333,0.0418,41.8,0.0
2026-04-06,site B,esportes,lateral,vídeo,celular,redes sociais,4,3,2,0,0.03843,1,1,1,27.2,76.0,0,0.0,0.0,12.81,0.75,0.6666666666666666,0.03843,38.43,0.0
2026-04-06,site A,tecnologia,topo da página,vídeo,celular,orgânico,4,4,3,0,0.03385,1,1,1,47.8,43.9,0,1.0,0.0,8.4625,1.0,0.75,0.03385,33.85,0.0
2026-04-06,site B,entretenimento,rodapé fixo,nativo,computador,direto,7,7,5,0,0.03281,2,2,2,140.4,54.35,2,0.0,0.0,4.687142857142858,1.0,0.7142857142857143,0.016405,16.405,1.0
2026-04-06,site A,tecnologia,rodapé fixo,nativo,computador,orgânico,2,2,2,0,0.03206,1,1,1,27.4,15.2,0,0.0,0.0,16.029999999999998,1.0,1.0,0.03206,32.059999999999995,0.0
2026-04-06,site C,tecnologia,rodapé fixo,mídia rica,celular,direto,11,7,6,0,0.03066,2,2,2,32.8,69.6,2,0.0,0.0,4.38,0.6363636363636364,0.8571428571428571,0.01533,15.33,1.0
2026-04-06,site B,estilo de vida,topo da página,mídia rica,tablet,redes sociais,6,5,4,0,0.02955,1,1,1,48.2,26.4,0,1.0,0.0,5.91,0.8333333333333334,0.8,0.02955,29.55,0.0
2026-04-06,site B,tecnologia,topo da página,vídeo,computador,direto,6,6,4,0,0.02734,1,1,1,44.4,42.6,0,0.0,0.0,4.556666666666667,1.0,0.6666666666666666,0.02734,27.34,0.0
2026-04-06,site B,esportes,topo da página,vídeo,celular,orgânico,4,4,3,0,0.02732,1,1,1,71.8,80.1,0,1.0,0.0,6.83,1.0,0.75,0.02732,27.32,0.0
2026-04-06,site B,tecnologia,topo da página,nativo,computador,referência,2,2,2,0,0.0268,1,1,1,70.6,100.0,1,0.0,0.0,13.4,1.0,1.0,0.0268,26.8,1.0
2026-04-06,site B,entretenimento,topo da página,vídeo,computador,newsletter,2,2,1,0,0.02675,1,1,1,54.9,77.5,0,0.0,0.0,13.375,1.0,0.5,0.02675,26.75,0.0
2026-04-06,site C,tecnologia,rodapé fixo,nativo,computador,redes sociais,5,4,2,0,0.02673,1,1,1,137.3,38.3,0,0.0,0.0,6.6825,0.8,0.5,0.02673,26.73,0.0
2026-04-06,site B,entretenimento,topo da página,nativo,computador,redes sociais,5,4,3,0,0.02668,1,1,1,22.6,50.8,1,0.0,0.0,6.67,0.8,0.75,0.02668,26.68,1.0
2026-04-06,site A,tecnologia,meio do artigo,mídia rica,celular,orgânico,4,3,1,0,0.02578,1,1,1,76.8,47.5,1,0.0,0.0,8.593333333333334,0.75,0.3333333333333333,0.02578,25.78,1.0
2026-04-06,site A,entretenimento,topo da página,vídeo,computador,redes sociais,2,2,2,0,0.02575,1,1,1,25.7,75.2,0,0.0,0.0,12.875,1.0,1.0,0.02575,25.75,0.0
2026-04-06,site B,estilo de vida,lateral,banner,computador,orgânico,6,5,3,0,0.02539,1,1,1,26.9,100.0,0,1.0,0.0,5.078,0.8333333333333334,0.6,0.02539,25.39,0.0
2026-04-06,site A,notícias,lateral,vídeo,computador,orgânico,5,4,2,0,0.02484,1,1,1,62.9,56.8,1,0.0,0.0,6.21,0.8,0.5,0.02484,24.84,1.0
2026-04-06,site B,estilo de vida,meio do artigo,nativo,tablet,direto,5,5,4,0,0.02287,1,1,1,8.5,81.6,0,1.0,0.0,4.574,1.0,0.8,0.02287,22.87,0.0
2026-04-06,site B,notícias,lateral,nativo,celular,direto,4,4,1,0,0.02274,1,1,1,5.3,47.9,0,1.0,0.0,5.685,1.0,0.25,0.02274,22.74,0.0
2026-04-06,site A,notícias,topo da página,banner,computador,orgânico,4,4,2,0,0.0222,1,1,1,78.0,47.3,1,0.0,0.0,5.55,1.0,0.5,0.0222,22.2,1.0
2026-04-06,site C,entretenimento,rodapé fixo,mídia rica,computador,redes sociais,6,4,2,0,0.02159,1,1,1,114.3,38.4,0,1.0,0.0,5.3975,0.6666666666666666,0.5,0.02159,21.59,0.0
2026-04-06,site B,esportes,rodapé fixo,banner,computador,orgânico,4,4,2,0,0.02073,1,1,1,101.2,39.8,1,1.0,0.0,5.182499999999999,1.0,0.5,0.02073,20.729999999999997,1.0
2026-04-06,site B,estilo de vida,meio do artigo,vídeo,celular,orgânico,5,4,1,0,0.02065,1,1,1,99.7,39.1,1,0.0,0.0,5.1625000000000005,0.8,0.25,0.02065,20.650000000000002,1.0
2026-04-06,site C,tecnologia,topo da página,mídia rica,celular,orgânico,5,4,2,0,0.02002,1,1,1,38.5,56.9,1,1.0,0.0,5.005,0.8,0.5,0.02002,20.02,1.0
2026-04-06,site A,finanças,lateral,nativo,computador,redes sociais,2,2,1,0,0.01954,1,1,1,55.4,67.6,0,1.0,0.0,9.77,1.0,0.5,0.01954,19.54,0.0
2026-04-06,site B,entretenimento,intersticial,banner,computador,orgânico,6,4,1,0,0.0194,1,1,1,50.6,62.0,1,0.0,0.0,4.8500000000000005,0.6666666666666666,0.25,0.0194,19.400000000000002,1.0
2026-04-06,site B,notícias,meio do artigo,nativo,celular,direto,5,4,3,0,0.01926,1,1,1,17.3,71.4,0,1.0,0.0,4.8149999999999995,0.8,0.75,0.01926,19.259999999999998,0.0
2026-04-06,site A,estilo de vida,lateral,nativo,computador,redes sociais,5,5,3,0,0.01915,1,1,1,28.7,32.0,1,0.0,0.0,3.8299999999999996,1.0,0.6,0.01915,19.15,1.0
2026-04-06,site A,notícias,topo da página,vídeo,celular,orgânico,6,5,1,0,0.01892,1,1,1,69.9,73.7,1,0.0,0.0,3.784,0.8333333333333334,0.2,0.01892,18.919999999999998,1.0
2026-04-06,site C,esportes,meio do artigo,mídia rica,celular,redes sociais,6,6,4,0,0.01839,1,1,1,89.1,72.8,0,0.0,0.0,3.065,1.0,0.6666666666666666,0.01839,18.39,0.0
2026-04-06,site B,notícias,meio do artigo,nativo,celular,newsletter,6,6,2,0,0.01832,1,1,1,31.4,62.7,0,0.0,0.0,3.0533333333333332,1.0,0.3333333333333333,0.01832,18.32,0.0
2026-04-06,site C,notícias,topo da página,banner,computador,redes sociais,4,2,0,0,0.01776,1,1,1,113.6,81.5,0,0.0,0.0,8.88,0.5,0.0,0.01776,17.76,0.0
2026-04-06,site A,estilo de vida,meio do artigo,banner,celular,orgânico,6,5,4,0,0.01749,1,1,1,25.3,90.8,0,0.0,0.0,3.4979999999999998,0.8333333333333334,0.8,0.01749,17.49,0.0
2026-04-06,site A,notícias,topo da página,nativo,celular,orgânico,3,2,1,0,0.01736,1,1,1,71.9,60.1,1,1.0,0.0,8.68,0.6666666666666666,0.5,0.01736,17.36,1.0
2026-04-06,site B,notícias,topo da página,banner,tablet,direto,5,5,2,0,0.01619,1,1,1,33.2,88.1,0,0.0,0.0,3.2380000000000004,1.0,0.4,0.01619,16.19,0.0
2026-04-06,site A,notícias,lateral,banner,tablet,redes sociais,2,2,2,0,0.01574,1,1,1,46.3,36.7,0,0.0,0.0,7.87,1.0,1.0,0.01574,15.74,0.0
2026-04-06,site C,tecnologia,meio do artigo,nativo,celular,orgânico,3,2,1,0,0.01521,1,1,1,60.7,100.0,1,0.0,0.0,7.6049999999999995,0.6666666666666666,0.5,0.01521,15.209999999999999,1.0
2026-04-06,site C,esportes,topo da página,nativo,computador,redes sociais,3,3,2,0,0.01506,1,1,1,47.7,23.7,0,0.0,0.0,5.0200000000000005,1.0,0.6666666666666666,0.01506,15.06,0.0
2026-04-06,site C,tecnologia,meio do artigo,mídia rica,computador,orgânico,1,1,0,0,0.01505,1,1,1,93.4,37.7,0,0.0,0.0,15.049999999999999,1.0,0.0,0.01505,15.049999999999999,0.0
2026-04-06,site B,estilo de vida,lateral,banner,celular,referência,5,5,4,0,0.01497,1,1,1,8.3,71.4,1,0.0,0.0,2.994,1.0,0.8,0.01497,14.97,1.0
2026-04-06,site A,notícias,rodapé fixo,banner,celular,orgânico,4,3,2,0,0.01471,1,1,1,34.3,47.8,0,1.0,0.0,4.903333333333333,0.75,0.6666666666666666,0.01471,14.71,0.0
2026-04-06,site C,estilo de vida,topo da página,banner,celular,orgânico,5,5,5,0,0.01462,1,1,1,82.8,52.9,1,1.0,0.0,2.924,1.0,1.0,0.01462,14.62,1.0
2026-04-06,site B,finanças,lateral,banner,computador,referência,6,4,0,0,0.01456,1,1,1,46.2,96.0,1,0.0,0.0,3.64,0.6666666666666666,0.0,0.01456,14.56,1.0
2026-04-06,site A,entretenimento,topo da página,banner,tablet,redes sociais,2,2,2,0,0.01423,1,1,1,137.0,61.7,0,1.0,0.0,7.115,1.0,1.0,0.01423,14.23,0.0
2026-04-06,site A,esportes,topo da página,vídeo,celular,direto,2,2,0,0,0.01386,1,1,1,119.2,53.8,1,1.0,0.0,6.930000000000001,1.0,0.0,0.01386,13.860000000000001,1.0
2026-04-06,site A,esportes,rodapé fixo,banner,computador,redes sociais,5,4,3,0,0.01358,1,1,1,65.8,25.1,1,0.0,0.0,3.395,0.8,0.75,0.01358,13.58,1.0
2026-04-06,site A,entretenimento,topo da página,banner,celular,newsletter,4,4,1,0,0.01355,1,1,1,93.9,58.5,0,0.0,0.0,3.3874999999999997,1.0,0.25,0.01355,13.549999999999999,0.0
2026-04-06,site B,tecnologia,lateral,mídia rica,celular,referência,1,1,1,0,0.0133,1,1,1,119.3,72.0,1,0.0,0.0,13.299999999999999,1.0,1.0,0.0133,13.299999999999999,1.0
2026-04-06,site C,finanças,meio do artigo,nativo,celular,referência,3,2,1,1,0.0132,1,1,1,67.7,26.0,0,0.0,0.5,6.6,0.6666666666666666,0.5,0.0132,13.2,0.0
2026-04-06,site B,notícias,topo da página,banner,celular,direto,5,3,2,0,0.01295,1,1,1,11.4,68.7,0,0.0,0.0,4.316666666666666,0.6,0.6666666666666666,0.01295,12.95,0.0
2026-04-06,site A,notícias,meio do artigo,banner,celular,orgânico,2,2,2,0,0.01294,1,1,1,119.1,74.7,1,0.0,0.0,6.47,1.0,1.0,0.01294,12.94,1.0
2026-04-06,site A,finanças,rodapé fixo,banner,celular,redes sociais,3,2,2,0,0.01279,1,1,1,34.4,78.1,0,1.0,0.0,6.395,0.6666666666666666,1.0,0.01279,12.79,0.0
2026-04-06,site A,entretenimento,topo da página,vídeo,computador,direto,4,3,1,0,0.01245,1,1,1,41.9,83.8,1,1.0,0.0,4.1499999999999995,0.75,0.3333333333333333,0.01245,12.45,1.0
2026-04-06,site A,finanças,meio do artigo,nativo,celular,redes sociais,4,3,0,0,0.01174,1,1,1,99.3,94.0,0,0.0,0.0,3.9133333333333336,0.75,0.0,0.01174,11.74,0.0
2026-04-06,site A,entretenimento,meio do artigo,banner,computador,orgânico,4,3,2,0,0.0117,1,1,1,40.3,72.7,1,0.0,0.0,3.9000000000000004,0.75,0.6666666666666666,0.0117,11.700000000000001,1.0
2026-04-06,site A,finanças,topo da página,banner,celular,redes sociais,3,2,2,0,0.01139,1,1,1,68.5,100.0,0,1.0,0.0,5.695,0.6666666666666666,1.0,0.01139,11.39,0.0
2026-04-06,site C,tecnologia,lateral,nativo,celular,direto,3,2,0,0,0.01129,1,1,1,52.1,57.7,1,1.0,0.0,5.645,0.6666666666666666,0.0,0.01129,11.29,1.0
2026-04-06,site A,esportes,lateral,vídeo,computador,direto,5,2,1,0,0.01084,1,1,1,18.8,92.5,0,0.0,0.0,5.42,0.4,0.5,0.01084,10.84,0.0
2026-04-06,site C,notícias,rodapé fixo,vídeo,computador,orgânico,1,1,1,0,0.01037,1,1,1,23.1,77.4,0,1.0,0.0,10.370000000000001,1.0,1.0,0.01037,10.370000000000001,0.0
2026-04-06,site B,notícias,meio do artigo,banner,celular,orgânico,4,4,3,0,0.01021,2,2,2,36.7,32.65,2,0.0,0.0,2.5525,1.0,0.75,0.005105,5.105,1.0
2026-04-06,site A,tecnologia,meio do artigo,nativo,computador,orgânico,3,2,2,0,0.00997,1,1,1,56.1,66.9,0,0.0,0.0,4.984999999999999,0.6666666666666666,1.0,0.00997,9.969999999999999,0.0
2026-04-06,site A,esportes,rodapé fixo,nativo,computador,newsletter,1,1,0,0,0.00968,1,1,1,74.1,69.7,0,0.0,0.0,9.68,1.0,0.0,0.00968,9.68,0.0
2026-04-06,site A,notícias,meio do artigo,banner,celular,direto,5,3,3,0,0.00953,1,1,1,47.9,73.9,0,0.0,0.0,3.176666666666667,0.6,1.0,0.00953,9.530000000000001,0.0
2026-04-06,site A,estilo de vida,topo da página,vídeo,computador,direto,3,1,0,0,0.00937,1,1,1,143.0,86.8,0,1.0,0.0,9.37,0.3333333333333333,0.0,0.00937,9.37,0.0
2026-04-06,site A,estilo de vida,rodapé fixo,banner,celular,orgânico,3,3,3,0,0.00933,1,1,1,35.5,79.0,0,0.0,0.0,3.11,1.0,1.0,0.00933,9.33,0.0
2026-04-06,site A,notícias,meio do artigo,vídeo,celular,referência,4,4,2,1,0.00918,1,1,1,56.2,59.9,0,0.0,0.25,2.2950000000000004,1.0,0.5,0.00918,9.180000000000001,0.0
2026-04-06,site A,finanças,rodapé fixo,banner,tablet,redes sociais,2,1,1,0,0.00857,1,1,1,50.8,65.4,0,1.0,0.0,8.57,0.5,1.0,0.00857,8.57,0.0
2026-04-06,site C,tecnologia,rodapé fixo,banner,celular,newsletter,4,3,1,0,0.00836,1,1,1,18.4,55.0,0,1.0,0.0,2.7866666666666666,0.75,0.3333333333333333,0.00836,8.36,0.0
2026-04-06,site A,finanças,topo da página,nativo,celular,direto,3,2,1,0,0.00806,1,1,1,41.4,78.0,0,0.0,0.0,4.029999999999999,0.6666666666666666,0.5,0.00806,8.059999999999999,0.0
2026-04-06,site C,estilo de vida,lateral,mídia rica,celular,orgânico,2,1,0,0,0.00783,1,1,1,28.1,89.3,1,0.0,0.0,7.83,0.5,0.0,0.00783,7.83,1.0
2026-04-06,site B,tecnologia,meio do artigo,banner,celular,newsletter,3,2,2,0,0.00776,1,1,1,62.4,37.2,1,1.0,0.0,3.8800000000000003,0.6666666666666666,1.0,0.00776,7.760000000000001,1.0
2026-04-06,site C,notícias,rodapé fixo,banner,celular,orgânico,6,3,1,0,0.0076,1,1,1,87.7,48.1,0,1.0,0.0,2.533333333333333,0.5,0.3333333333333333,0.0076,7.6,0.0
2026-04-06,site A,tecnologia,meio do artigo,vídeo,celular,redes sociais,3,1,1,0,0.0073100000000000005,2,2,2,61.849999999999994,72.0,2,1.0,0.0,7.3100000000000005,0.3333333333333333,1.0,0.0036550000000000003,3.6550000000000002,1.0
2026-04-06,site A,esportes,topo da página,vídeo,celular,newsletter,3,2,2,0,0.00726,1,1,1,40.7,57.4,0,1.0,0.0,3.63,0.6666666666666666,1.0,0.00726,7.26,0.0
2026-04-06,site C,notícias,meio do artigo,banner,computador,orgânico,1,1,1,0,0.00717,1,1,1,23.2,29.8,1,0.0,0.0,7.17,1.0,1.0,0.00717,7.17,1.0
2026-04-06,site B,notícias,meio do artigo,banner,computador,referência,3,2,1,0,0.00712,1,1,1,40.3,66.5,1,0.0,0.0,3.5599999999999996,0.6666666666666666,0.5,0.00712,7.119999999999999,1.0
2026-04-06,site A,esportes,rodapé fixo,banner,computador,orgânico,1,1,1,0,0.00639,1,1,1,23.9,93.7,0,0.0,0.0,6.39,1.0,1.0,0.00639,6.39,0.0
2026-04-06,site C,tecnologia,topo da página,banner,celular,direto,1,1,1,0,0.00596,1,1,1,85.2,7.4,0,0.0,0.0,5.96,1.0,1.0,0.00596,5.96,0.0
2026-04-06,site A,estilo de vida,meio do artigo,nativo,tablet,orgânico,1,1,1,0,0.00539,1,1,1,139.9,79.6,0,0.0,0.0,5.39,1.0,1.0,0.00539,5.39,0.0
2026-04-06,site A,notícias,topo da página,banner,celular,orgânico,5,4,3,0,0.00539,1,1,1,40.6,77.3,1,1.0,0.0,1.3475,0.8,0.75,0.00539,5.39,1.0
2026-04-06,site C,estilo de vida,meio do artigo,banner,computador,direto,2,2,1,0,0.0052,1,1,1,87.3,94.1,0,1.0,0.0,2.6,1.0,0.5,0.0052,5.2,0.0
2026-04-06,site B,notícias,topo da página,banner,computador,newsletter,3,2,1,0,0.00512,1,1,1,70.0,57.6,0,0.0,0.0,2.56,0.6666666666666666,0.5,0.00512,5.12,0.0
2026-04-06,site B,estilo de vida,topo da página,nativo,celular,orgânico,1,1,0,0,0.00506,1,1,1,103.4,51.6,1,1.0,0.0,5.0600000000000005,1.0,0.0,0.00506,5.0600000000000005,1.0
2026-04-06,site B,finanças,meio do artigo,banner,computador,newsletter,2,2,2,0,0.00505,1,1,1,118.4,70.2,0,1.0,0.0,2.525,1.0,1.0,0.00505,5.05,0.0
2026-04-06,site A,esportes,topo da página,banner,celular,orgânico,1,1,1,0,0.00502,1,1,1,18.2,48.8,0,0.0,0.0,5.0200000000000005,1.0,1.0,0.00502,5.0200000000000005,0.0
2026-04-06,site B,entretenimento,meio do artigo,banner,celular,orgânico,2,2,2,0,0.00487,1,1,1,102.8,65.3,0,1.0,0.0,2.435,1.0,1.0,0.00487,4.87,0.0
2026-04-06,site B,estilo de vida,rodapé fixo,mídia rica,celular,direto,2,0,0,0,0.00483,1,1,1,37.0,57.4,1,0.0,0.0,0.0,0.0,0.0,0.00483,4.83,1.0
2026-04-06,site B,entretenimento,topo da página,mídia rica,celular,redes sociais,3,2,1,0,0.00453,1,1,1,45.3,52.1,1,0.0,0.0,2.265,0.6666666666666666,0.5,0.00453,4.53,1.0
2026-04-06,site A,estilo de vida,lateral,mídia rica,celular,direto,4,3,2,0,0.00445,1,1,1,101.9,17.8,0,1.0,0.0,1.4833333333333334,0.75,0.6666666666666666,0.00445,4.45,0.0
2026-04-06,site B,entretenimento,lateral,banner,celular,orgânico,5,3,1,0,0.00399,1,1,1,21.1,50.4,0,0.0,0.0,1.3299999999999998,0.6,0.3333333333333333,0.00399,3.9899999999999998,0.0
2026-04-06,site B,esportes,meio do artigo,mídia rica,computador,orgânico,1,1,1,0,0.00388,1,1,1,36.7,58.1,1,0.0,0.0,3.8800000000000003,1.0,1.0,0.00388,3.8800000000000003,1.0
2026-04-06,site B,notícias,lateral,mídia rica,tablet,redes sociais,2,2,2,0,0.00362,1,1,1,35.4,31.1,0,1.0,0.0,1.81,1.0,1.0,0.00362,3.62,0.0
2026-04-06,site B,tecnologia,lateral,banner,computador,orgânico,1,1,1,0,0.00328,1,1,1,68.5,50.1,0,1.0,0.0,3.28,1.0,1.0,0.00328,3.28,0.0
2026-04-06,site A,notícias,meio do artigo,banner,computador,newsletter,1,1,1,0,0.00279,1,1,1,126.3,64.2,1,1.0,0.0,2.79,1.0,1.0,0.00279,2.79,1.0
2026-04-06,site C,entretenimento,meio do artigo,banner,tablet,orgânico,4,2,1,0,0.00239,1,1,1,31.4,100.0,0,0.0,0.0,1.195,0.5,0.5,0.00239,2.39,0.0
2026-04-06,site A,notícias,meio do artigo,banner,tablet,orgânico,1,1,0,0,0.00194,1,1,1,8.1,36.9,0,1.0,0.0,1.9400000000000002,1.0,0.0,0.00194,1.9400000000000002,0.0
2026-04-06,site A,estilo de vida,meio do artigo,banner,computador,referência,5,2,2,0,0.00048,1,1,1,38.2,42.4,0,0.0,0.0,0.24000000000000002,0.4,1.0,0.00048,0.48000000000000004,0.0
2026-04-06,site B,tecnologia,meio do artigo,mídia rica,tablet,direto,2,0,0,0,0.0,1,1,1,35.5,74.7,0,0.0,0.0,0.0,0.0,0.0,0.0,0.0,0.0
2026-04-07,site A,notícias,meio do artigo,vídeo,computador,orgânico,6,6,6,0,0.07532,1,1,1,56.0,78.9,0,1.0,0.0,12.553333333333333,1.0,1.0,0.07532,75.32,0.0
2026-04-07,site C,esportes,meio do artigo,vídeo,tablet,orgânico,5,5,2,0,0.05535,1,1,1,72.3,34.8,0,0.0,0.0,11.07,1.0,0.4,0.05535,55.35,0.0
2026-04-07,site A,tecnologia,topo da página,banner,computador,redes sociais,5,5,2,0,0.04803,1,1,1,38.8,55.1,1,0.0,0.0,9.606,1.0,0.4,0.04803,48.03,1.0
2026-04-07,site A,notícias,meio do artigo,banner,computador,orgânico,8,7,4,0,0.044410000000000005,2,2,2,40.4,75.44999999999999,0,0.0,0.0,6.344285714285715,0.875,0.5714285714285714,0.022205000000000003,22.205000000000002,0.0
2026-04-07,site C,esportes,topo da página,vídeo,celular,direto,6,5,4,0,0.04218,1,1,1,74.9,22.4,0,0.0,0.0,8.436,0.8333333333333334,0.8,0.04218,42.18,0.0
2026-04-07,site B,finanças,meio do artigo,banner,computador,redes sociais,4,4,3,0,0.04109,1,1,1,37.5,91.3,0,1.0,0.0,10.2725,1.0,0.75,0.04109,41.09,0.0
2026-04-07,site A,tecnologia,meio do artigo,banner,tablet,redes sociais,6,4,2,0,0.031,1,1,1,45.7,55.7,1,1.0,0.0,7.75,0.6666666666666666,0.5,0.031,31.0,1.0
2026-04-07,site B,esportes,rodapé fixo,nativo,tablet,orgânico,6,2,2,0,0.03093,1,1,1,86.5,77.6,0,0.0,0.0,15.465,0.3333333333333333,1.0,0.03093,30.93,0.0
2026-04-07,site A,finanças,meio do artigo,nativo,computador,orgânico,6,3,2,0,0.0302,1,1,1,31.1,100.0,0,1.0,0.0,10.066666666666668,0.5,0.6666666666666666,0.0302,30.200000000000003,0.0
2026-04-07,site B,tecnologia,lateral,vídeo,celular,redes sociais,6,4,2,0,0.02925,1,1,1,69.0,43.0,0,0.0,0.0,7.3125,0.6666666666666666,0.5,0.02925,29.25,0.0
2026-04-07,site A,estilo de vida,rodapé fixo,vídeo,computador,redes sociais,6,5,3,0,0.02905,1,1,1,99.5,81.6,0,0.0,0.0,5.8100000000000005,0.8333333333333334,0.6,0.02905,29.05,0.0
2026-04-07,site C,esportes,meio do artigo,nativo,tablet,orgânico,6,5,2,0,0.02736,1,1,1,52.2,48.4,0,1.0,0.0,5.4719999999999995,0.8333333333333334,0.4,0.02736,27.36,0.0
2026-04-07,site B,tecnologia,lateral,banner,celular,redes sociais,5,4,2,0,0.02732,1,1,1,33.5,53.6,0,0.0,0.0,6.83,0.8,0.5,0.02732,27.32,0.0
2026-04-07,site C,entretenimento,topo da página,vídeo,celular,direto,6,4,4,0,0.02658,1,1,1,49.7,64.1,0,0.0,0.0,6.645,0.6666666666666666,1.0,0.02658,26.58,0.0
2026-04-07,site A,entretenimento,rodapé fixo,banner,tablet,direto,6,5,2,0,0.02535,1,1,1,98.0,81.4,0,0.0,0.0,5.07,0.8333333333333334,0.4,0.02535,25.35,0.0
2026-04-07,site C,entretenimento,intersticial,banner,computador,newsletter,5,4,1,0,0.02486,1,1,1,13.7,64.7,0,0.0,0.0,6.215,0.8,0.25,0.02486,24.86,0.0
2026-04-07,site C,tecnologia,rodapé fixo,banner,computador,direto,8,4,2,0,0.02426,2,2,2,33.65,61.75,0,1.0,0.0,6.065,0.5,0.5,0.01213,12.13,0.0
2026-04-07,site C,entretenimento,lateral,banner,computador,orgânico,4,4,3,0,0.02373,1,1,1,68.2,63.1,0,0.0,0.0,5.9325,1.0,0.75,0.02373,23.73,0.0
2026-04-07,site A,tecnologia,rodapé fixo,banner,celular,orgânico,6,4,3,0,0.02274,2,2,2,24.85,64.35,2,1.0,0.0,5.685,0.6666666666666666,0.75,0.01137,11.37,1.0
2026-04-07,site A,notícias,meio do artigo,banner,computador,redes sociais,6,4,4,0,0.02231,1,1,1,103.3,26.6,1,0.0,0.0,5.5775,0.6666666666666666,1.0,0.02231,22.31,1.0
2026-04-07,site C,estilo de vida,topo da página,banner,tablet,redes sociais,6,5,4,0,0.02182,1,1,1,66.7,70.7,0,0.0,0.0,4.364,0.8333333333333334,0.8,0.02182,21.82,0.0
2026-04-07,site A,notícias,topo da página,nativo,tablet,orgânico,6,6,3,0,0.02057,1,1,1,46.7,58.4,0,0.0,0.0,3.4283333333333332,1.0,0.5,0.02057,20.57,0.0
2026-04-07,site B,finanças,lateral,nativo,computador,redes sociais,3,2,2,0,0.01938,1,1,1,80.3,40.6,1,0.0,0.0,9.690000000000001,0.6666666666666666,1.0,0.01938,19.380000000000003,1.0
2026-04-07,site C,notícias,lateral,banner,computador,orgânico,4,3,2,0,0.01891,1,1,1,39.0,63.7,1,0.0,0.0,6.303333333333334,0.75,0.6666666666666666,0.01891,18.91,1.0
2026-04-07,site C,finanças,lateral,nativo,computador,orgânico,6,3,2,0,0.01869,1,1,1,53.3,59.4,1,1.0,0.0,6.2299999999999995,0.5,0.6666666666666666,0.01869,18.689999999999998,1.0
2026-04-07,site A,tecnologia,meio do artigo,vídeo,computador,orgânico,3,3,3,0,0.01864,1,1,1,118.1,62.4,1,1.0,0.0,6.213333333333334,1.0,1.0,0.01864,18.64,1.0
2026-04-07,site A,finanças,lateral,banner,celular,referência,5,5,3,0,0.0182,1,1,1,3.3,85.9,0,1.0,0.0,3.6399999999999997,1.0,0.6,0.0182,18.2,0.0
2026-04-07,site B,esportes,topo da página,nativo,computador,orgânico,6,5,3,0,0.01769,1,1,1,38.9,30.6,0,0.0,0.0,3.5380000000000003,0.8333333333333334,0.6,0.01769,17.69,0.0
2026-04-07,site A,tecnologia,topo da página,vídeo,celular,orgânico,2,2,1,0,0.01739,1,1,1,32.3,62.7,0,0.0,0.0,8.695,1.0,0.5,0.01739,17.39,0.0
2026-04-07,site C,esportes,meio do artigo,vídeo,celular,orgânico,2,2,2,0,0.01714,1,1,1,132.6,61.6,0,1.0,0.0,8.57,1.0,1.0,0.01714,17.14,0.0
2026-04-07,site B,finanças,topo da página,vídeo,computador,redes sociais,4,3,2,0,0.0169,1,1,1,8.6,100.0,0,1.0,0.0,5.633333333333333,0.75,0.6666666666666666,0.0169,16.9,0.0
2026-04-07,site A,finanças,topo da página,vídeo,celular,orgânico,3,3,2,0,0.0162,1,1,1,83.6,62.6,0,0.0,0.0,5.3999999999999995,1.0,0.6666666666666666,0.0162,16.2,0.0
2026-04-07,site C,esportes,intersticial,banner,tablet,orgânico,6,5,4,0,0.01602,1,1,1,62.9,60.6,1,0.0,0.0,3.2039999999999997,0.8333333333333334,0.8,0.01602,16.02,1.0
2026-04-07,site C,esportes,intersticial,nativo,celular,redes sociais,4,2,1,0,0.01515,1,1,1,58.9,47.1,0,0.0,0.0,7.575,0.5,0.5,0.01515,15.15,0.0
2026-04-07,site A,estilo de vida,rodapé fixo,nativo,computador,orgânico,4,4,3,0,0.01507,1,1,1,23.9,87.8,1,1.0,0.0,3.7675,1.0,0.75,0.01507,15.07,1.0
2026-04-07,site C,finanças,rodapé fixo,banner,celular,orgânico,3,3,3,0,0.01493,1,1,1,86.8,73.0,0,0.0,0.0,4.976666666666667,1.0,1.0,0.01493,14.93,0.0
2026-04-07,site A,finanças,lateral,banner,computador,direto,4,3,1,0,0.01492,1,1,1,33.1,56.7,1,1.0,0.0,4.973333333333334,0.75,0.3333333333333333,0.01492,14.92,1.0
2026-04-07,site A,notícias,meio do artigo,banner,celular,orgânico,5,5,4,0,0.01456,1,1,1,99.6,69.9,0,1.0,0.0,2.912,1.0,0.8,0.01456,14.56,0.0
2026-04-07,site A,entretenimento,rodapé fixo,nativo,computador,orgânico,6,5,4,0,0.01424,1,1,1,67.7,31.3,0,0.0,0.0,2.848,0.8333333333333334,0.8,0.01424,14.239999999999998,0.0
2026-04-07,site A,notícias,intersticial,nativo,celular,orgânico,4,3,3,0,0.01351,1,1,1,50.7,26.8,0,0.0,0.0,4.503333333333333,0.75,1.0,0.01351,13.51,0.0
2026-04-07,site A,notícias,intersticial,banner,celular,orgânico,5,4,2,0,0.01333,1,1,1,121.4,24.0,0,1.0,0.0,3.3325,0.8,0.5,0.01333,13.33,0.0
2026-04-07,site A,entretenimento,meio do artigo,mídia rica,computador,direto,6,3,1,0,0.01318,1,1,1,18.0,41.0,1,1.0,0.0,4.3933333333333335,0.5,0.3333333333333333,0.01318,13.180000000000001,1.0
2026-04-07,site B,tecnologia,topo da página,vídeo,tablet,newsletter,2,2,1,0,0.01308,1,1,1,68.5,55.5,1,0.0,0.0,6.54,1.0,0.5,0.01308,13.08,1.0
2026-04-07,site B,estilo de vida,topo da página,nativo,celular,orgânico,2,2,2,0,0.01231,1,1,1,16.4,87.0,1,0.0,0.0,6.155,1.0,1.0,0.01231,12.31,1.0
2026-04-07,site A,notícias,topo da página,nativo,computador,orgânico,2,2,2,0,0.01179,1,1,1,63.9,47.1,0,0.0,0.0,5.8950000000000005,1.0,1.0,0.01179,11.790000000000001,0.0
2026-04-07,site C,finanças,rodapé fixo,banner,tablet,direto,4,2,1,0,0.01178,1,1,1,68.6,80.8,0,1.0,0.0,5.890000000000001,0.5,0.5,0.01178,11.780000000000001,0.0
2026-04-07,site B,estilo de vida,meio do artigo,nativo,celular,redes sociais,4,4,2,0,0.01115,1,1,1,24.1,43.9,0,1.0,0.0,2.7875,1.0,0.5,0.01115,11.15,0.0
2026-04-07,site B,entretenimento,topo da página,vídeo,computador,redes sociais,2,2,1,0,0.0111,1,1,1,7.2,34.2,0,0.0,0.0,5.55,1.0,0.5,0.0111,11.1,0.0
2026-04-07,site B,esportes,lateral,nativo,celular,redes sociais,2,2,2,0,0.01047,1,1,1,129.2,54.8,0,0.0,0.0,5.235,1.0,1.0,0.01047,10.47,0.0
2026-04-07,site A,estilo de vida,rodapé fixo,banner,computador,referência,3,1,1,0,0.00988,1,1,1,54.9,56.0,0,1.0,0.0,9.879999999999999,0.3333333333333333,1.0,0.00988,9.879999999999999,0.0
2026-04-07,site C,tecnologia,topo da página,banner,computador,referência,2,2,1,0,0.00971,1,1,1,56.3,80.8,1,0.0,0.0,4.8549999999999995,1.0,0.5,0.00971,9.709999999999999,1.0
2026-04-07,site C,notícias,lateral,mídia rica,computador,referência,2,2,0,1,0.00968,1,1,1,85.5,90.7,0,1.0,0.5,4.84,1.0,0.0,0.00968,9.68,0.0
2026-04-07,site A,finanças,meio do artigo,banner,computador,orgânico,2,1,0,0,0.00956,1,1,1,53.8,42.3,1,0.0,0.0,9.56,0.5,0.0,0.00956,9.56,1.0
2026-04-07,site A,notícias,meio do artigo,nativo,celular,orgânico,4,3,1,0,0.00944,1,1,1,94.0,29.0,0,0.0,0.0,3.146666666666667,0.75,0.3333333333333333,0.00944,9.440000000000001,0.0
2026-04-07,site A,notícias,topo da página,nativo,computador,newsletter,3,2,2,0,0.00918,1,1,1,43.0,49.6,0,1.0,0.0,4.590000000000001,0.6666666666666666,1.0,0.00918,9.180000000000001,0.0
2026-04-07,site A,estilo de vida,topo da página,nativo,celular,redes sociais,3,3,2,1,0.00904,1,1,1,32.4,73.9,0,0.0,0.3333333333333333,3.013333333333333,1.0,0.6666666666666666,0.00904,9.04,0.0
2026-04-07,site C,notícias,meio do artigo,banner,celular,direto,3,2,1,0,0.009,1,1,1,18.4,57.7,0,0.0,0.0,4.5,0.6666666666666666,0.5,0.009,9.0,0.0
2026-04-07,site A,finanças,rodapé fixo,banner,celular,newsletter,4,3,2,0,0.00835,1,1,1,29.2,65.8,0,0.0,0.0,2.783333333333333,0.75,0.6666666666666666,0.00835,8.35,0.0
2026-04-07,site B,esportes,lateral,banner,computador,orgânico,4,2,1,0,0.00807,1,1,1,76.6,58.6,0,0.0,0.0,4.035,0.5,0.5,0.00807,8.07,0.0
2026-04-07,site C,estilo de vida,rodapé fixo,nativo,celular,redes sociais,1,1,1,0,0.00798,1,1,1,47.3,73.3,1,0.0,0.0,7.9799999999999995,1.0,1.0,0.00798,7.9799999999999995,1.0
2026-04-07,site B,esportes,topo da página,mídia rica,celular,orgânico,1,1,1,0,0.00787,1,1,1,91.5,83.8,0,1.0,0.0,7.87,1.0,1.0,0.00787,7.87,0.0
2026-04-07,site A,notícias,rodapé fixo,nativo,celular,orgânico,1,1,1,0,0.00678,1,1,1,66.7,62.7,0,1.0,0.0,6.779999999999999,1.0,1.0,0.00678,6.779999999999999,0.0
2026-04-07,site A,esportes,topo da página,mídia rica,computador,redes sociais,1,1,1,0,0.00656,1,1,1,46.4,52.5,0,0.0,0.0,6.56,1.0,1.0,0.00656,6.56,0.0
2026-04-07,site B,notícias,topo da página,nativo,computador,redes sociais,1,1,1,0,0.00622,1,1,1,75.6,29.2,0,1.0,0.0,6.22,1.0,1.0,0.00622,6.22,0.0
2026-04-07,site A,estilo de vida,rodapé fixo,banner,celular,redes sociais,3,2,2,0,0.00618,1,1,1,272.5,55.5,0,1.0,0.0,3.09,0.6666666666666666,1.0,0.00618,6.18,0.0
2026-04-07,site A,finanças,topo da página,banner,celular,referência,3,2,2,0,0.0061,1,1,1,39.1,38.8,0,0.0,0.0,3.0500000000000003,0.6666666666666666,1.0,0.0061,6.1000000000000005,0.0
2026-04-07,site B,tecnologia,meio do artigo,vídeo,computador,orgânico,1,1,0,0,0.00607,1,1,1,57.9,37.3,1,0.0,0.0,6.07,1.0,0.0,0.00607,6.07,1.0
2026-04-07,site A,estilo de vida,meio do artigo,banner,celular,orgânico,6,3,2,0,0.00599,1,1,1,31.4,51.1,0,0.0,0.0,1.9966666666666664,0.5,0.6666666666666666,0.00599,5.989999999999999,0.0
2026-04-07,site A,estilo de vida,topo da página,banner,celular,redes sociais,1,1,0,0,0.00559,1,1,1,12.3,21.9,0,0.0,0.0,5.590000000000001,1.0,0.0,0.00559,5.590000000000001,0.0
2026-04-07,site C,esportes,intersticial,nativo,computador,direto,1,1,1,0,0.00557,1,1,1,90.2,59.6,0,0.0,0.0,5.57,1.0,1.0,0.00557,5.57,0.0
2026-04-07,site C,tecnologia,meio do artigo,banner,tablet,redes sociais,1,1,1,0,0.00468,1,1,1,57.5,47.9,1,1.0,0.0,4.68,1.0,1.0,0.00468,4.68,1.0
2026-04-07,site C,estilo de vida,topo da página,banner,computador,orgânico,2,1,1,0,0.0042,1,1,1,124.9,69.3,1,1.0,0.0,4.2,0.5,1.0,0.0042,4.2,1.0
2026-04-07,site B,entretenimento,rodapé fixo,nativo,celular,direto,1,1,1,0,0.004,1,1,1,59.7,23.5,0,0.0,0.0,4.0,1.0,1.0,0.004,4.0,0.0
2026-04-07,site B,estilo de vida,intersticial,mídia rica,celular,redes sociais,2,2,2,0,0.00373,1,1,1,19.1,45.4,0,1.0,0.0,1.865,1.0,1.0,0.00373,3.73,0.0
2026-04-07,site B,notícias,rodapé fixo,banner,computador,direto,1,1,0,0,0.00362,1,1,1,33.3,45.3,1,1.0,0.0,3.62,1.0,0.0,0.00362,3.62,1.0
2026-04-07,site B,notícias,rodapé fixo,nativo,computador,orgânico,1,1,1,0,0.00358,1,1,1,14.1,59.4,0,1.0,0.0,3.58,1.0,1.0,0.00358,3.58,0.0
2026-04-07,site B,notícias,topo da página,banner,computador,redes sociais,2,2,2,0,0.00337,1,1,1,48.1,65.8,0,1.0,0.0,1.685,1.0,1.0,0.00337,3.37,0.0
2026-04-07,site B,entretenimento,topo da página,nativo,computador,orgânico,2,1,1,0,0.00313,1,1,1,76.3,36.8,1,0.0,0.0,3.13,0.5,1.0,0.00313,3.13,1.0
2026-04-07,site A,entretenimento,topo da página,banner,computador,orgânico,3,2,0,0,0.00276,1,1,1,163.3,18.3,0,0.0,0.0,1.38,0.6666666666666666,0.0,0.00276,2.76,0.0
2026-04-07,site A,entretenimento,meio do artigo,banner,computador,orgânico,3,1,1,0,0.00266,1,1,1,57.1,53.5,1,0.0,0.0,2.66,0.3333333333333333,1.0,0.00266,2.66,1.0
2026-04-07,site B,entretenimento,topo da página,banner,tablet,newsletter,1,1,1,0,0.00231,1,1,1,44.4,38.7,1,0.0,0.0,2.31,1.0,1.0,0.00231,2.31,1.0
2026-04-07,site A,estilo de vida,rodapé fixo,banner,computador,orgânico,6,2,2,0,0.0022,1,1,1,119.1,1.0,0,0.0,0.0,1.1,0.3333333333333333,1.0,0.0022,2.2,0.0
2026-04-07,site A,esportes,meio do artigo,banner,computador,orgânico,1,1,1,0,0.0007,1,1,1,73.1,58.2,0,0.0,0.0,0.7,1.0,1.0,0.0007,0.7,0.0
2026-04-07,site A,tecnologia,rodapé fixo,vídeo,computador,orgânico,2,0,0,0,0.0,1,1,1,148.5,20.1,0,0.0,0.0,0.0,0.0,0.0,0.0,0.0,0.0
2026-04-07,site B,finanças,topo da página,banner,celular,newsletter,4,1,1,0,0.0,1,1,1,85.2,88.1,1,0.0,0.0,0.0,0.25,1.0,0.0,0.0,1.0
2026-04-07,site B,tecnologia,meio do artigo,nativo,computador,direto,2,0,0,0,0.0,1,1,1,78.0,60.1,0,0.0,0.0,0.0,0.0,0.0,0.0,0.0,0.0
2026-04-08,site B,tecnologia,rodapé fixo,vídeo,celular,referência,4,3,3,0,0.05434,1,1,1,72.6,60.2,0,1.0,0.0,18.113333333333333,0.75,1.0,0.05434,54.339999999999996,0.0
2026-04-08,site A,notícias,meio do artigo,banner,celular,direto,5,5,3,0,0.04735,1,1,1,41.2,27.0,0,1.0,0.0,9.47,1.0,0.6,0.04735,47.35,0.0
2026-04-08,site A,entretenimento,topo da página,vídeo,celular,redes sociais,5,5,5,0,0.04425,1,1,1,57.3,91.8,0,0.0,0.0,8.85,1.0,1.0,0.04425,44.25,0.0
2026-04-08,site A,notícias,topo da página,banner,computador,referência,6,5,3,0,0.04307,1,1,1,58.0,65.2,0,1.0,0.0,8.614,0.8333333333333334,0.6,0.04307,43.07,0.0
2026-04-08,site A,notícias,topo da página,vídeo,computador,orgânico,7,6,5,0,0.042910000000000004,2,2,2,49.150000000000006,73.55,0,1.0,0.0,7.151666666666667,0.8571428571428571,0.8333333333333334,0.021455000000000002,21.455000000000002,0.0
2026-04-08,site A,tecnologia,meio do artigo,nativo,celular,orgânico,6,6,4,0,0.04169,1,1,1,58.9,56.5,0,0.0,0.0,6.948333333333333,1.0,0.6666666666666666,0.04169,41.69,0.0
2026-04-08,site C,estilo de vida,lateral,vídeo,computador,orgânico,6,4,2,0,0.03785,1,1,1,48.5,30.0,0,1.0,0.0,9.4625,0.6666666666666666,0.5,0.03785,37.85,0.0
2026-04-08,site C,estilo de vida,topo da página,vídeo,tablet,orgânico,5,5,2,0,0.0356,1,1,1,196.9,69.6,1,1.0,0.0,7.12,1.0,0.4,0.0356,35.6,1.0
2026-04-08,site A,finanças,meio do artigo,nativo,celular,direto,6,5,3,0,0.035269999999999996,2,2,2,51.45,68.8,1,0.0,0.0,7.053999999999999,0.8333333333333334,0.6,0.017634999999999998,17.634999999999998,0.5
2026-04-08,site A,tecnologia,meio do artigo,banner,computador,direto,6,6,2,0,0.03426,1,1,1,49.7,64.8,0,1.0,0.0,5.71,1.0,0.3333333333333333,0.03426,34.26,0.0
2026-04-08,site A,finanças,lateral,banner,celular,redes sociais,5,5,4,0,0.03353,1,1,1,89.5,73.2,0,0.0,0.0,6.705999999999999,1.0,0.8,0.03353,33.529999999999994,0.0
2026-04-08,site B,finanças,lateral,nativo,computador,orgânico,5,4,1,0,0.03325,1,1,1,25.2,79.5,0,0.0,0.0,8.3125,0.8,0.25,0.03325,33.25,0.0
2026-04-08,site A,finanças,meio do artigo,banner,computador,redes sociais,6,6,5,0,0.03226,1,1,1,101.8,82.1,0,0.0,0.0,5.376666666666666,1.0,0.8333333333333334,0.03226,32.26,0.0
2026-04-08,site B,entretenimento,meio do artigo,vídeo,celular,newsletter,6,4,2,0,0.03223,1,1,1,27.9,32.1,0,0.0,0.0,8.057500000000001,0.6666666666666666,0.5,0.03223,32.230000000000004,0.0
2026-04-08,site C,estilo de vida,meio do artigo,vídeo,celular,orgânico,4,4,3,0,0.03126,1,1,1,179.3,55.8,0,0.0,0.0,7.815,1.0,0.75,0.03126,31.26,0.0
2026-04-08,site A,finanças,meio do artigo,banner,celular,direto,6,6,5,0,0.03078,1,1,1,23.4,76.4,0,0.0,0.0,5.13,1.0,0.8333333333333334,0.03078,30.779999999999998,0.0
2026-04-08,site A,esportes,topo da página,vídeo,celular,orgânico,6,5,4,0,0.0297,1,1,1,68.5,59.6,1,0.0,0.0,5.9399999999999995,0.8333333333333334,0.8,0.0297,29.7,1.0
2026-04-08,site B,esportes,rodapé fixo,nativo,celular,referência,5,5,4,0,0.02816,1,1,1,36.4,35.7,0,1.0,0.0,5.632,1.0,0.8,0.02816,28.16,0.0
2026-04-08,site B,esportes,topo da página,mídia rica,computador,orgânico,6,4,2,0,0.02757,1,1,1,37.2,28.0,0,1.0,0.0,6.8925,0.6666666666666666,0.5,0.02757,27.57,0.0
2026-04-08,site A,tecnologia,topo da página,nativo,computador,redes sociais,6,6,2,0,0.02727,1,1,1,43.1,68.2,0,0.0,0.0,4.545,1.0,0.3333333333333333,0.02727,27.27,0.0
2026-04-08,site A,entretenimento,topo da página,vídeo,celular,orgânico,4,3,1,0,0.02596,1,1,1,39.2,66.4,1,0.0,0.0,8.653333333333334,0.75,0.3333333333333333,0.02596,25.96,1.0
2026-04-08,site A,tecnologia,topo da página,banner,celular,referência,6,6,5,0,0.0237,1,1,1,137.4,66.9,0,0.0,0.0,3.9499999999999997,1.0,0.8333333333333334,0.0237,23.7,0.0
2026-04-08,site B,finanças,lateral,banner,computador,newsletter,2,2,1,0,0.02363,1,1,1,23.8,54.5,0,0.0,0.0,11.815000000000001,1.0,0.5,0.02363,23.630000000000003,0.0
2026-04-08,site C,notícias,topo da página,mídia rica,computador,orgânico,5,4,3,0,0.02343,1,1,1,56.4,54.2,0,0.0,0.0,5.8575,0.8,0.75,0.02343,23.43,0.0
2026-04-08,site A,notícias,rodapé fixo,mídia rica,tablet,direto,4,3,2,0,0.02317,1,1,1,25.6,73.8,0,0.0,0.0,7.723333333333333,0.75,0.6666666666666666,0.02317,23.169999999999998,0.0
2026-04-08,site A,entretenimento,topo da página,nativo,computador,orgânico,6,6,6,0,0.02291,1,1,1,51.1,51.9,1,0.0,0.0,3.8183333333333334,1.0,1.0,0.02291,22.91,1.0
2026-04-08,site C,notícias,meio do artigo,banner,tablet,referência,6,5,3,0,0.02279,1,1,1,45.0,55.8,0,1.0,0.0,4.558000000000001,0.8333333333333334,0.6,0.02279,22.790000000000003,0.0
2026-04-08,site B,tecnologia,rodapé fixo,vídeo,celular,orgânico,5,2,1,0,0.02113,1,1,1,46.5,46.3,1,1.0,0.0,10.565,0.4,0.5,0.02113,21.13,1.0
2026-04-08,site B,esportes,meio do artigo,banner,tablet,newsletter,4,2,2,0,0.02096,1,1,1,30.3,88.3,0,0.0,0.0,10.48,0.5,1.0,0.02096,20.96,0.0
2026-04-08,site A,estilo de vida,lateral,mídia rica,celular,direto,5,4,2,0,0.0205,1,1,1,4.7,81.0,1,1.0,0.0,5.125,0.8,0.5,0.0205,20.5,1.0
2026-04-08,site C,tecnologia,topo da página,nativo,celular,referência,4,3,1,0,0.01953,1,1,1,17.2,90.0,1,0.0,0.0,6.509999999999999,0.75,0.3333333333333333,0.01953,19.529999999999998,1.0
2026-04-08,site B,tecnologia,topo da página,mídia rica,celular,referência,3,2,2,0,0.01869,1,1,1,155.5,60.8,1,0.0,0.0,9.344999999999999,0.6666666666666666,1.0,0.01869,18.689999999999998,1.0
2026-04-08,site B,entretenimento,topo da página,banner,celular,orgânico,5,4,4,0,0.01843,1,1,1,43.0,69.1,0,0.0,0.0,4.6075,0.8,1.0,0.01843,18.43,0.0
2026-04-08,site A,estilo de vida,topo da página,banner,tablet,direto,4,3,1,0,0.01841,1,1,1,59.6,30.3,0,0.0,0.0,6.136666666666667,0.75,0.3333333333333333,0.01841,18.41,0.0
2026-04-08,site B,tecnologia,topo da página,vídeo,tablet,direto,2,2,2,0,0.0154,1,1,1,36.0,57.0,1,0.0,0.0,7.7,1.0,1.0,0.0154,15.4,1.0
2026-04-08,site A,estilo de vida,rodapé fixo,vídeo,tablet,orgânico,3,3,3,0,0.01487,1,1,1,76.5,22.8,1,1.0,0.0,4.956666666666666,1.0,1.0,0.01487,14.87,1.0
2026-04-08,site B,notícias,lateral,nativo,celular,orgânico,3,3,1,0,0.01477,1,1,1,13.8,60.1,1,1.0,0.0,4.923333333333333,1.0,0.3333333333333333,0.01477,14.77,1.0
2026-04-08,site A,estilo de vida,lateral,nativo,celular,referência,6,5,0,0,0.01476,1,1,1,69.8,57.4,0,0.0,0.0,2.952,0.8333333333333334,0.0,0.01476,14.76,0.0
2026-04-08,site B,tecnologia,lateral,banner,celular,orgânico,5,5,1,0,0.0138,1,1,1,70.8,59.1,1,1.0,0.0,2.76,1.0,0.2,0.0138,13.799999999999999,1.0
2026-04-08,site B,esportes,meio do artigo,mídia rica,computador,newsletter,3,2,1,0,0.01267,1,1,1,84.8,47.5,0,0.0,0.0,6.335,0.6666666666666666,0.5,0.01267,12.67,0.0
2026-04-08,site B,tecnologia,lateral,nativo,tablet,redes sociais,6,3,3,0,0.01253,1,1,1,170.2,55.3,0,0.0,0.0,4.176666666666667,0.5,1.0,0.01253,12.53,0.0
2026-04-08,site A,estilo de vida,meio do artigo,mídia rica,tablet,orgânico,4,3,2,0,0.01238,1,1,1,36.6,16.9,0,0.0,0.0,4.126666666666667,0.75,0.6666666666666666,0.01238,12.38,0.0
2026-04-08,site A,finanças,lateral,vídeo,celular,direto,3,2,1,0,0.01238,1,1,1,81.2,38.8,1,1.0,0.0,6.19,0.6666666666666666,0.5,0.01238,12.38,1.0
2026-04-08,site B,finanças,lateral,banner,celular,orgânico,3,3,2,0,0.01222,1,1,1,19.8,59.6,1,0.0,0.0,4.073333333333333,1.0,0.6666666666666666,0.01222,12.22,1.0
2026-04-08,site C,entretenimento,topo da página,banner,computador,orgânico,3,3,3,0,0.01188,1,1,1,40.1,63.8,0,0.0,0.0,3.9600000000000004,1.0,1.0,0.01188,11.88,0.0
2026-04-08,site B,notícias,meio do artigo,mídia rica,computador,orgânico,1,1,1,0,0.01093,1,1,1,39.0,55.5,0,1.0,0.0,10.93,1.0,1.0,0.01093,10.93,0.0
2026-04-08,site B,esportes,rodapé fixo,banner,celular,direto,4,4,2,0,0.01069,1,1,1,41.6,43.5,0,1.0,0.0,2.6725,1.0,0.5,0.01069,10.69,0.0
2026-04-08,site A,esportes,rodapé fixo,mídia rica,computador,direto,1,1,0,0,0.01053,1,1,1,68.6,32.8,1,1.0,0.0,10.53,1.0,0.0,0.01053,10.53,1.0
2026-04-08,site C,notícias,intersticial,banner,computador,redes sociais,4,2,2,0,0.01048,1,1,1,255.8,58.7,1,0.0,0.0,5.24,0.5,1.0,0.01048,10.48,1.0
2026-04-08,site C,estilo de vida,lateral,banner,computador,orgânico,4,2,1,0,0.01026,1,1,1,25.9,81.9,0,0.0,0.0,5.13,0.5,0.5,0.01026,10.26,0.0
2026-04-08,site B,entretenimento,rodapé fixo,nativo,celular,newsletter,6,2,2,0,0.01022,1,1,1,37.9,33.7,0,1.0,0.0,5.11,0.3333333333333333,1.0,0.01022,10.22,0.0
2026-04-08,site A,notícias,meio do artigo,banner,tablet,direto,5,5,0,0,0.00971,1,1,1,55.4,89.5,1,1.0,0.0,1.9419999999999997,1.0,0.0,0.00971,9.709999999999999,1.0
2026-04-08,site B,tecnologia,topo da página,mídia rica,celular,newsletter,3,2,2,0,0.00961,1,1,1,25.5,48.6,0,1.0,0.0,4.805000000000001,0.6666666666666666,1.0,0.00961,9.610000000000001,0.0
2026-04-08,site A,entretenimento,intersticial,banner,computador,orgânico,4,2,1,0,0.00957,1,1,1,5.0,32.0,0,1.0,0.0,4.785,0.5,0.5,0.00957,9.57,0.0
2026-04-08,site B,notícias,rodapé fixo,banner,celular,direto,3,3,2,0,0.00951,1,1,1,31.8,26.6,1,0.0,0.0,3.17,1.0,0.6666666666666666,0.00951,9.51,1.0
2026-04-08,site B,finanças,lateral,banner,celular,referência,3,3,1,0,0.00919,1,1,1,80.5,77.5,0,0.0,0.0,3.063333333333333,1.0,0.3333333333333333,0.00919,9.19,0.0
2026-04-08,site B,estilo de vida,meio do artigo,banner,celular,orgânico,6,5,4,0,0.00841,1,1,1,76.6,43.5,1,0.0,0.0,1.682,0.8333333333333334,0.8,0.00841,8.41,1.0
2026-04-08,site B,esportes,meio do artigo,banner,celular,orgânico,3,3,1,0,0.00801,1,1,1,35.7,48.5,1,0.0,0.0,2.67,1.0,0.3333333333333333,0.00801,8.01,1.0
2026-04-08,site B,notícias,intersticial,banner,celular,newsletter,3,2,2,0,0.00718,1,1,1,75.9,23.3,0,1.0,0.0,3.59,0.6666666666666666,1.0,0.00718,7.18,0.0
2026-04-08,site C,entretenimento,topo da página,nativo,celular,redes sociais,2,2,1,0,0.00679,1,1,1,47.5,84.2,1,0.0,0.0,3.395,1.0,0.5,0.00679,6.79,1.0
2026-04-08,site A,estilo de vida,intersticial,nativo,computador,redes sociais,1,1,1,0,0.00643,1,1,1,30.5,33.8,1,0.0,0.0,6.43,1.0,1.0,0.00643,6.43,1.0
2026-04-08,site A,notícias,rodapé fixo,nativo,celular,referência,3,1,1,0,0.00637,1,1,1,139.2,25.1,0,0.0,0.0,6.37,0.3333333333333333,1.0,0.00637,6.37,0.0
2026-04-08,site A,entretenimento,topo da página,banner,tablet,direto,5,2,1,0,0.0062,1,1,1,27.5,85.3,1,1.0,0.0,3.1,0.4,0.5,0.0062,6.2,1.0
2026-04-08,site A,finanças,rodapé fixo,banner,celular,newsletter,2,2,2,0,0.00567,1,1,1,81.5,55.0,0,0.0,0.0,2.835,1.0,1.0,0.00567,5.67,0.0
2026-04-08,site B,estilo de vida,meio do artigo,banner,tablet,referência,4,1,0,0,0.00555,1,1,1,86.2,31.0,0,1.0,0.0,5.55,0.25,0.0,0.00555,5.55,0.0
2026-04-08,site A,notícias,lateral,banner,celular,orgânico,2,2,0,0,0.00546,1,1,1,81.7,67.6,0,0.0,0.0,2.73,1.0,0.0,0.00546,5.46,0.0
2026-04-08,site C,tecnologia,meio do artigo,banner,celular,referência,3,1,0,0,0.00542,1,1,1,31.4,36.3,1,0.0,0.0,5.42,0.3333333333333333,0.0,0.00542,5.42,1.0
2026-04-08,site A,estilo de vida,lateral,banner,computador,newsletter,3,2,2,0,0.00421,1,1,1,10.9,77.7,0,0.0,0.0,2.105,0.6666666666666666,1.0,0.00421,4.21,0.0
2026-04-08,site A,entretenimento,meio do artigo,banner,celular,direto,3,3,3,0,0.00329,1,1,1,58.1,52.4,1,0.0,0.0,1.0966666666666667,1.0,1.0,0.00329,3.29,1.0
2026-04-08,site A,estilo de vida,meio do artigo,banner,computador,orgânico,1,0,0,0,0.00326,1,1,1,5.5,38.1,1,0.0,0.0,0.0,0.0,0.0,0.00326,3.26,1.0
2026-04-08,site B,tecnologia,rodapé fixo,mídia rica,celular,redes sociais,2,1,1,0,0.00287,1,1,1,65.6,53.5,0,0.0,0.0,2.87,0.5,1.0,0.00287,2.87,0.0
2026-04-08,site A,tecnologia,rodapé fixo,vídeo,computador,redes sociais,3,2,1,0,0.00254,1,1,1,36.0,87.8,1,0.0,0.0,1.27,0.6666666666666666,0.5,0.00254,2.54,1.0
2026-04-08,site C,notícias,topo da página,nativo,computador,direto,1,1,1,0,0.00241,1,1,1,17.8,71.0,0,0.0,0.0,2.4099999999999997,1.0,1.0,0.00241,2.4099999999999997,0.0
2026-04-08,site A,entretenimento,meio do artigo,nativo,computador,orgânico,5,1,1,0,0.00226,1,1,1,10.5,29.2,0,1.0,0.0,2.26,0.2,1.0,0.00226,2.26,0.0
2026-04-08,site B,entretenimento,meio do artigo,nativo,tablet,orgânico,1,1,1,0,0.00213,1,1,1,88.6,55.6,0,1.0,0.0,2.13,1.0,1.0,0.00213,2.13,0.0
2026-04-08,site B,entretenimento,rodapé fixo,banner,celular,orgânico,3,2,1,0,0.00212,1,1,1,17.7,70.7,0,0.0,0.0,1.06,0.6666666666666666,0.5,0.00212,2.12,0.0
2026-04-08,site B,finanças,rodapé fixo,banner,tablet,orgânico,1,0,0,0,0.00203,1,1,1,34.6,100.0,0,0.0,0.0,0.0,0.0,0.0,0.00203,2.0300000000000002,0.0
2026-04-08,site A,esportes,meio do artigo,mídia rica,celular,orgânico,3,1,1,0,0.0017,1,1,1,65.8,96.0,1,0.0,0.0,1.7,0.3333333333333333,1.0,0.0017,1.7,1.0
2026-04-08,site A,tecnologia,meio do artigo,banner,computador,referência,1,1,1,0,0.00105,1,1,1,34.7,40.9,1,0.0,0.0,1.05,1.0,1.0,0.00105,1.05,1.0
2026-04-08,site A,estilo de vida,meio do artigo,nativo,celular,direto,1,0,0,0,0.00017,1,1,1,138.7,39.1,1,0.0,0.0,0.0,0.0,0.0,0.00017,0.17,1.0
2026-04-08,site A,esportes,intersticial,banner,computador,newsletter,1,0,0,0,0.0,1,1,1,35.8,30.7,0,0.0,0.0,0.0,0.0,0.0,0.0,0.0,0.0
2026-04-09,site A,finanças,intersticial,banner,computador,redes sociais,11,8,5,0,0.060399999999999995,2,2,2,50.55,60.05,0,0.5,0.0,7.55,0.7272727272727273,0.625,0.030199999999999998,30.2,0.0
2026-04-09,site A,finanças,meio do artigo,banner,computador,redes sociais,4,4,4,0,0.04374,1,1,1,106.9,36.0,1,0.0,0.0,10.935,1.0,1.0,0.04374,43.74,1.0
2026-04-09,site A,esportes,meio do artigo,nativo,computador,orgânico,11,8,5,0,0.04104,2,2,2,91.94999999999999,54.75,0,0.5,0.0,5.13,0.7272727272727273,0.625,0.02052,20.52,0.0
2026-04-09,site A,finanças,rodapé fixo,nativo,celular,newsletter,5,5,5,1,0.0395,1,1,1,74.0,78.3,0,1.0,0.2,7.9,1.0,1.0,0.0395,39.5,0.0
2026-04-09,site A,finanças,lateral,banner,computador,orgânico,5,5,2,0,0.03628,1,1,1,34.7,36.2,0,1.0,0.0,7.256,1.0,0.4,0.03628,36.28,0.0
2026-04-09,site A,tecnologia,topo da página,banner,tablet,direto,6,6,3,0,0.03237,1,1,1,53.2,34.1,0,0.0,0.0,5.3950000000000005,1.0,0.5,0.03237,32.370000000000005,0.0
2026-04-09,site B,tecnologia,rodapé fixo,vídeo,celular,newsletter,2,2,1,0,0.03194,1,1,1,41.1,49.9,0,1.0,0.0,15.970000000000002,1.0,0.5,0.03194,31.940000000000005,0.0
2026-04-09,site B,notícias,lateral,vídeo,celular,direto,4,2,0,1,0.0318,1,1,1,32.7,59.9,1,0.0,0.5,15.9,0.5,0.0,0.0318,31.8,1.0
2026-04-09,site A,finanças,lateral,vídeo,computador,redes sociais,5,3,2,0,0.03027,1,1,1,171.8,65.8,0,0.0,0.0,10.09,0.6,0.6666666666666666,0.03027,30.27,0.0
2026-04-09,site A,tecnologia,meio do artigo,vídeo,computador,direto,6,4,3,0,0.02928,1,1,1,8.6,38.4,1,1.0,0.0,7.32,0.6666666666666666,0.75,0.02928,29.28,1.0
2026-04-09,site A,esportes,lateral,banner,computador,redes sociais,5,5,3,0,0.02806,1,1,1,35.0,37.8,0,0.0,0.0,5.612,1.0,0.6,0.02806,28.060000000000002,0.0
2026-04-09,site A,entretenimento,lateral,nativo,computador,orgânico,5,4,1,0,0.02729,1,1,1,68.0,47.8,0,1.0,0.0,6.8225,0.8,0.25,0.02729,27.29,0.0
2026-04-09,site C,finanças,rodapé fixo,vídeo,celular,orgânico,6,5,5,0,0.02671,1,1,1,38.5,78.5,1,1.0,0.0,5.3420000000000005,0.8333333333333334,1.0,0.02671,26.71,1.0
2026-04-09,site A,notícias,topo da página,banner,celular,orgânico,8,6,3,0,0.02621,2,2,2,28.15,40.650000000000006,0,0.5,0.0,4.368333333333333,0.75,0.5,0.013105,13.105,0.0
2026-04-09,site A,tecnologia,lateral,vídeo,computador,orgânico,4,3,3,0,0.02483,1,1,1,36.6,61.5,0,0.0,0.0,8.276666666666667,0.75,1.0,0.02483,24.830000000000002,0.0
2026-04-09,site A,estilo de vida,topo da página,nativo,celular,orgânico,5,5,4,0,0.02465,1,1,1,43.7,37.6,1,0.0,0.0,4.93,1.0,0.8,0.02465,24.65,1.0
2026-04-09,site C,esportes,meio do artigo,nativo,computador,direto,5,5,4,0,0.02442,1,1,1,77.2,76.6,0,0.0,0.0,4.884,1.0,0.8,0.02442,24.42,0.0
2026-04-09,site B,estilo de vida,topo da página,banner,celular,referência,5,4,4,0,0.02389,1,1,1,5.8,71.3,1,0.0,0.0,5.9725,0.8,1.0,0.02389,23.89,1.0
2026-04-09,site A,estilo de vida,lateral,banner,tablet,redes sociais,5,5,4,0,0.02355,1,1,1,44.9,36.8,0,0.0,0.0,4.71,1.0,0.8,0.02355,23.55,0.0
2026-04-09,site A,finanças,meio do artigo,mídia rica,computador,redes sociais,1,1,1,0,0.0229,1,1,1,55.6,73.4,1,0.0,0.0,22.9,1.0,1.0,0.0229,22.9,1.0
2026-04-09,site A,entretenimento,rodapé fixo,nativo,celular,redes sociais,2,2,2,0,0.02099,1,1,1,24.0,37.7,1,0.0,0.0,10.495000000000001,1.0,1.0,0.02099,20.990000000000002,1.0
2026-04-09,site B,notícias,meio do artigo,banner,tablet,redes sociais,4,4,2,0,0.02096,1,1,1,50.5,75.1,0,1.0,0.0,5.24,1.0,0.5,0.02096,20.96,0.0
2026-04-09,site B,notícias,meio do artigo,banner,celular,orgânico,6,4,4,0,0.02003,1,1,1,139.4,70.5,0,1.0,0.0,5.007499999999999,0.6666666666666666,1.0,0.02003,20.029999999999998,0.0
2026-04-09,site A,notícias,meio do artigo,nativo,tablet,orgânico,5,4,2,0,0.0191,1,1,1,117.8,62.7,0,0.0,0.0,4.7749999999999995,0.8,0.5,0.0191,19.099999999999998,0.0
2026-04-09,site C,notícias,rodapé fixo,banner,computador,redes sociais,5,4,4,0,0.01896,1,1,1,82.4,50.0,0,0.0,0.0,4.74,0.8,1.0,0.01896,18.96,0.0
2026-04-09,site C,notícias,meio do artigo,banner,tablet,redes sociais,5,5,5,0,0.01882,1,1,1,41.4,32.7,0,0.0,0.0,3.7640000000000002,1.0,1.0,0.01882,18.82,0.0
2026-04-09,site A,esportes,meio do artigo,banner,celular,redes sociais,6,4,2,0,0.0188,2,2,2,51.55,45.7,0,0.5,0.0,4.7,0.6666666666666666,0.5,0.0094,9.4,0.0
2026-04-09,site A,esportes,lateral,banner,celular,newsletter,4,4,2,0,0.01809,1,1,1,23.9,93.3,0,1.0,0.0,4.5225,1.0,0.5,0.01809,18.09,0.0
2026-04-09,site C,estilo de vida,meio do artigo,vídeo,tablet,newsletter,5,4,2,0,0.01793,1,1,1,35.8,56.4,0,0.0,0.0,4.4825,0.8,0.5,0.01793,17.93,0.0
2026-04-09,site B,esportes,topo da página,banner,computador,redes sociais,5,5,3,0,0.01719,1,1,1,61.0,42.4,0,1.0,0.0,3.438,1.0,0.6,0.01719,17.19,0.0
2026-04-09,site B,notícias,topo da página,nativo,computador,redes sociais,6,4,2,1,0.01707,1,1,1,103.0,32.9,0,1.0,0.25,4.267499999999999,0.6666666666666666,0.5,0.01707,17.069999999999997,0.0
2026-04-09,site A,tecnologia,topo da página,banner,celular,orgânico,4,3,2,0,0.01705,1,1,1,29.7,60.3,0,0.0,0.0,5.683333333333334,0.75,0.6666666666666666,0.01705,17.05,0.0
2026-04-09,site A,finanças,topo da página,banner,computador,direto,5,3,1,0,0.01693,1,1,1,66.6,85.3,0,1.0,0.0,5.6433333333333335,0.6,0.3333333333333333,0.01693,16.93,0.0
2026-04-09,site A,notícias,meio do artigo,vídeo,computador,direto,4,3,2,0,0.01661,2,2,2,40.35,50.8,1,0.5,0.0,5.536666666666666,0.75,0.6666666666666666,0.008305,8.305,0.5
2026-04-09,site B,tecnologia,meio do artigo,banner,computador,direto,4,2,1,0,0.01626,1,1,1,67.2,45.0,0,1.0,0.0,8.13,0.5,0.5,0.01626,16.26,0.0
2026-04-09,site A,tecnologia,topo da página,banner,computador,redes sociais,5,5,4,0,0.01614,1,1,1,78.5,60.2,1,0.0,0.0,3.228,1.0,0.8,0.01614,16.14,1.0
2026-04-09,site B,finanças,lateral,banner,tablet,orgânico,5,4,1,0,0.01501,1,1,1,154.0,66.4,1,0.0,0.0,3.7525000000000004,0.8,0.25,0.01501,15.010000000000002,1.0
2026-04-09,site B,estilo de vida,topo da página,banner,celular,orgânico,4,4,2,0,0.01471,1,1,1,50.6,65.7,0,0.0,0.0,3.6775,1.0,0.5,0.01471,14.71,0.0
2026-04-09,site A,notícias,meio do artigo,vídeo,celular,direto,3,2,1,0,0.01434,1,1,1,16.6,58.4,0,0.0,0.0,7.17,0.6666666666666666,0.5,0.01434,14.34,0.0
2026-04-09,site C,tecnologia,topo da página,mídia rica,celular,redes sociais,1,1,1,0,0.01408,1,1,1,106.0,23.1,1,0.0,0.0,14.08,1.0,1.0,0.01408,14.08,1.0
2026-04-09,site B,estilo de vida,meio do artigo,nativo,computador,direto,4,3,2,0,0.01386,1,1,1,47.3,70.3,0,1.0,0.0,4.62,0.75,0.6666666666666666,0.01386,13.860000000000001,0.0
2026-04-09,site C,esportes,topo da página,nativo,tablet,redes sociais,6,3,0,0,0.01384,1,1,1,101.2,78.8,0,1.0,0.0,4.613333333333333,0.5,0.0,0.01384,13.84,0.0
2026-04-09,site A,notícias,rodapé fixo,nativo,computador,redes sociais,6,5,5,1,0.0132,1,1,1,54.2,37.5,0,1.0,0.2,2.6399999999999997,0.8333333333333334,1.0,0.0132,13.2,0.0
2026-04-09,site B,esportes,topo da página,banner,tablet,direto,6,5,3,0,0.0131,1,1,1,51.0,43.4,0,1.0,0.0,2.62,0.8333333333333334,0.6,0.0131,13.100000000000001,0.0
2026-04-09,site B,esportes,meio do artigo,banner,computador,orgânico,6,5,4,0,0.01288,1,1,1,7.4,50.8,0,1.0,0.0,2.576,0.8333333333333334,0.8,0.01288,12.88,0.0
2026-04-09,site B,tecnologia,rodapé fixo,vídeo,computador,orgânico,3,2,2,0,0.01277,1,1,1,39.9,36.5,1,0.0,0.0,6.385,0.6666666666666666,1.0,0.01277,12.77,1.0
2026-04-09,site A,estilo de vida,meio do artigo,banner,computador,orgânico,4,3,1,0,0.01251,1,1,1,30.3,76.0,1,1.0,0.0,4.17,0.75,0.3333333333333333,0.01251,12.51,1.0
2026-04-09,site A,notícias,topo da página,mídia rica,tablet,redes sociais,1,1,1,0,0.01227,1,1,1,52.6,26.4,1,1.0,0.0,12.27,1.0,1.0,0.01227,12.27,1.0
2026-04-09,site A,estilo de vida,meio do artigo,nativo,computador,direto,3,3,2,0,0.0118,1,1,1,20.2,76.2,0,0.0,0.0,3.933333333333333,1.0,0.6666666666666666,0.0118,11.799999999999999,0.0
2026-04-09,site B,estilo de vida,meio do artigo,banner,celular,direto,6,4,3,0,0.01162,1,1,1,79.9,67.5,0,1.0,0.0,2.9050000000000002,0.6666666666666666,0.75,0.01162,11.620000000000001,0.0
2026-04-09,site B,entretenimento,meio do artigo,banner,computador,orgânico,2,2,2,0,0.0114,1,1,1,79.6,36.8,0,0.0,0.0,5.7,1.0,1.0,0.0114,11.4,0.0
2026-04-09,site B,finanças,intersticial,banner,computador,redes sociais,4,3,2,0,0.01137,1,1,1,69.0,38.2,0,0.0,0.0,3.7899999999999996,0.75,0.6666666666666666,0.01137,11.37,0.0
2026-04-09,site A,esportes,meio do artigo,banner,computador,newsletter,4,2,2,0,0.01126,1,1,1,24.9,76.9,0,1.0,0.0,5.63,0.5,1.0,0.01126,11.26,0.0
2026-04-09,site C,esportes,rodapé fixo,nativo,tablet,direto,4,2,2,0,0.01095,1,1,1,18.5,69.7,0,0.0,0.0,5.475,0.5,1.0,0.01095,10.95,0.0
2026-04-09,site B,esportes,meio do artigo,nativo,computador,orgânico,5,3,1,0,0.01083,1,1,1,106.5,72.4,1,0.0,0.0,3.61,0.6,0.3333333333333333,0.01083,10.83,1.0
2026-04-09,site B,esportes,topo da página,vídeo,celular,orgânico,2,2,0,0,0.01066,1,1,1,17.9,64.0,0,0.0,0.0,5.33,1.0,0.0,0.01066,10.66,0.0
2026-04-09,site C,estilo de vida,meio do artigo,mídia rica,computador,newsletter,4,3,3,0,0.0104,1,1,1,124.3,43.2,1,0.0,0.0,3.466666666666667,0.75,1.0,0.0104,10.4,1.0
2026-04-09,site A,entretenimento,lateral,banner,celular,direto,6,6,3,0,0.01025,1,1,1,45.4,62.5,0,0.0,0.0,1.7083333333333333,1.0,0.5,0.01025,10.25,0.0
2026-04-09,site A,esportes,topo da página,mídia rica,celular,direto,4,2,1,0,0.0101,1,1,1,83.6,35.5,0,0.0,0.0,5.05,0.5,0.5,0.0101,10.1,0.0
2026-04-09,site B,entretenimento,meio do artigo,nativo,celular,redes sociais,4,2,0,0,0.00945,1,1,1,70.0,100.0,1,1.0,0.0,4.725,0.5,0.0,0.00945,9.45,1.0
2026-04-09,site A,notícias,rodapé fixo,banner,computador,orgânico,4,3,1,0,0.00944,1,1,1,55.9,80.5,0,0.0,0.0,3.146666666666667,0.75,0.3333333333333333,0.00944,9.440000000000001,0.0
2026-04-09,site B,esportes,topo da página,banner,computador,orgânico,2,2,2,0,0.00937,1,1,1,81.5,44.8,0,0.0,0.0,4.685,1.0,1.0,0.00937,9.37,0.0
2026-04-09,site A,entretenimento,lateral,mídia rica,celular,redes sociais,2,1,1,0,0.00838,1,1,1,24.1,47.4,1,1.0,0.0,8.38,0.5,1.0,0.00838,8.38,1.0
2026-04-09,site B,entretenimento,lateral,banner,computador,direto,3,3,1,0,0.00787,1,1,1,122.0,52.5,0,0.0,0.0,2.6233333333333335,1.0,0.3333333333333333,0.00787,7.87,0.0
2026-04-09,site A,tecnologia,meio do artigo,banner,celular,redes sociais,1,1,1,0,0.00712,1,1,1,77.3,53.4,0,0.0,0.0,7.119999999999999,1.0,1.0,0.00712,7.119999999999999,0.0
2026-04-09,site B,notícias,meio do artigo,mídia rica,computador,redes sociais,5,2,0,0,0.00697,1,1,1,74.8,39.6,1,0.0,0.0,3.485,0.4,0.0,0.00697,6.97,1.0
2026-04-09,site C,entretenimento,rodapé fixo,mídia rica,celular,direto,3,2,2,0,0.00652,1,1,1,93.9,41.4,0,0.0,0.0,3.26,0.6666666666666666,1.0,0.00652,6.52,0.0
2026-04-09,site B,notícias,meio do artigo,vídeo,computador,orgânico,1,1,0,0,0.00638,1,1,1,55.1,75.7,1,0.0,0.0,6.38,1.0,0.0,0.00638,6.38,1.0
2026-04-09,site A,entretenimento,rodapé fixo,vídeo,celular,orgânico,3,1,1,0,0.00631,1,1,1,115.3,100.0,0,0.0,0.0,6.31,0.3333333333333333,1.0,0.00631,6.31,0.0
2026-04-09,site B,estilo de vida,intersticial,nativo,computador,redes sociais,3,2,2,0,0.00626,1,1,1,99.4,39.4,0,0.0,0.0,3.13,0.6666666666666666,1.0,0.00626,6.26,0.0
2026-04-09,site A,notícias,meio do artigo,vídeo,celular,orgânico,2,1,1,0,0.00621,1,1,1,49.7,68.4,1,0.0,0.0,6.21,0.5,1.0,0.00621,6.21,1.0
2026-04-09,site A,notícias,topo da página,nativo,tablet,referência,2,1,0,0,0.00604,1,1,1,59.7,69.6,0,0.0,0.0,6.04,0.5,0.0,0.00604,6.04,0.0
2026-04-09,site A,estilo de vida,lateral,nativo,tablet,orgânico,3,2,1,0,0.0049,1,1,1,41.1,80.1,1,1.0,0.0,2.4499999999999997,0.6666666666666666,0.5,0.0049,4.8999999999999995,1.0
2026-04-09,site B,estilo de vida,lateral,banner,computador,redes sociais,3,2,1,0,0.00461,1,1,1,51.0,64.1,0,0.0,0.0,2.305,0.6666666666666666,0.5,0.00461,4.61,0.0
2026-04-09,site A,notícias,topo da página,banner,celular,referência,1,1,0,0,0.00456,1,1,1,27.8,97.0,0,0.0,0.0,4.56,1.0,0.0,0.00456,4.56,0.0
2026-04-09,site C,notícias,meio do artigo,vídeo,computador,redes sociais,2,1,1,0,0.00432,1,1,1,64.6,64.0,0,1.0,0.0,4.32,0.5,1.0,0.00432,4.32,0.0
2026-04-09,site A,notícias,topo da página,banner,computador,referência,2,2,1,0,0.00431,1,1,1,29.6,79.0,0,0.0,0.0,2.155,1.0,0.5,0.00431,4.31,0.0
2026-04-09,site A,notícias,meio do artigo,mídia rica,celular,direto,4,1,0,0,0.0043,1,1,1,64.4,71.8,0,0.0,0.0,4.3,0.25,0.0,0.0043,4.3,0.0
2026-04-09,site A,notícias,meio do artigo,nativo,celular,orgânico,1,1,1,0,0.00412,1,1,1,85.2,74.3,1,1.0,0.0,4.12,1.0,1.0,0.00412,4.12,1.0
2026-04-09,site A,esportes,meio do artigo,nativo,celular,redes sociais,2,2,1,0,0.00405,1,1,1,34.9,31.0,1,0.0,0.0,2.025,1.0,0.5,0.00405,4.05,1.0
2026-04-09,site B,esportes,meio do artigo,mídia rica,computador,redes sociais,2,1,1,0,0.00379,1,1,1,76.7,52.0,0,1.0,0.0,3.79,0.5,1.0,0.00379,3.79,0.0
2026-04-09,site A,finanças,topo da página,banner,celular,direto,2,1,1,0,0.00345,1,1,1,108.9,39.8,0,0.0,0.0,3.4499999999999997,0.5,1.0,0.00345,3.4499999999999997,0.0
2026-04-09,site A,tecnologia,topo da página,mídia rica,computador,orgânico,1,1,0,0,0.00339,1,1,1,75.4,68.4,0,1.0,0.0,3.3899999999999997,1.0,0.0,0.00339,3.3899999999999997,0.0
2026-04-09,site B,tecnologia,meio do artigo,banner,celular,referência,1,1,0,0,0.00301,1,1,1,39.4,77.9,1,1.0,0.0,3.0100000000000002,1.0,0.0,0.00301,3.0100000000000002,1.0
2026-04-09,site B,finanças,rodapé fixo,banner,celular,orgânico,3,2,1,0,0.00241,1,1,1,14.0,48.7,1,0.0,0.0,1.2049999999999998,0.6666666666666666,0.5,0.00241,2.4099999999999997,1.0
2026-04-09,site A,tecnologia,topo da página,banner,tablet,redes sociais,1,1,1,0,0.00116,1,1,1,92.0,49.6,0,0.0,0.0,1.16,1.0,1.0,0.00116,1.16,0.0
2026-04-09,site A,entretenimento,topo da página,banner,celular,orgânico,1,0,0,0,0.0011,1,1,1,66.0,63.5,0,1.0,0.0,0.0,0.0,0.0,0.0011,1.1,0.0
2026-04-09,site B,entretenimento,meio do artigo,nativo,computador,redes sociais,2,1,0,0,0.00092,1,1,1,27.6,38.0,0,1.0,0.0,0.92,0.5,0.0,0.00092,0.92,0.0
2026-04-09,site C,estilo de vida,rodapé fixo,banner,celular,redes sociais,2,0,0,0,0.00063,1,1,1,72.8,49.4,1,1.0,0.0,0.0,0.0,0.0,0.00063,0.63,1.0
2026-04-09,site A,finanças,rodapé fixo,banner,celular,referência,2,0,0,0,0.00042,1,1,1,64.0,100.0,1,1.0,0.0,0.0,0.0,0.0,0.00042,0.42000000000000004,1.0
2026-04-09,site C,tecnologia,rodapé fixo,banner,tablet,orgânico,4,1,1,0,0.00013,1,1,1,22.1,78.2,0,1.0,0.0,0.12999999999999998,0.25,1.0,0.00013,0.12999999999999998,0.0
2026-04-09,site C,finanças,rodapé fixo,mídia rica,celular,redes sociais,1,1,1,0,0.0,1,1,1,30.8,50.9,0,0.0,0.0,0.0,1.0,1.0,0.0,0.0,0.0
2026-04-10,site A,finanças,lateral,banner,tablet,redes sociais,5,5,3,0,0.07349,1,1,1,38.1,82.6,0,1.0,0.0,14.697999999999999,1.0,0.6,0.07349,73.49,0.0
2026-04-10,site A,tecnologia,topo da página,nativo,computador,direto,6,6,5,0,0.05564,1,1,1,21.0,28.4,0,0.0,0.0,9.273333333333333,1.0,0.8333333333333334,0.05564,55.64,0.0
2026-04-10,site A,finanças,topo da página,banner,computador,orgânico,6,5,3,0,0.04969,1,1,1,4.6,61.3,0,1.0,0.0,9.937999999999999,0.8333333333333334,0.6,0.04969,49.69,0.0
2026-04-10,site B,tecnologia,meio do artigo,vídeo,computador,direto,5,5,4,0,0.04892,1,1,1,92.7,26.5,0,1.0,0.0,9.784,1.0,0.8,0.04892,48.92,0.0
2026-04-10,site C,finanças,meio do artigo,mídia rica,celular,newsletter,4,4,3,0,0.04602,1,1,1,33.3,33.8,0,0.0,0.0,11.504999999999999,1.0,0.75,0.04602,46.019999999999996,0.0
2026-04-10,site A,finanças,rodapé fixo,vídeo,computador,orgânico,5,5,4,0,0.04201,1,1,1,10.7,77.5,1,0.0,0.0,8.402,1.0,0.8,0.04201,42.01,1.0
2026-04-10,site A,finanças,topo da página,banner,celular,orgânico,6,6,3,0,0.04053,1,1,1,23.3,64.1,1,1.0,0.0,6.754999999999999,1.0,0.5,0.04053,40.529999999999994,1.0
2026-04-10,site A,tecnologia,lateral,banner,computador,orgânico,6,5,1,0,0.04043,1,1,1,81.0,33.4,0,0.0,0.0,8.086,0.8333333333333334,0.2,0.04043,40.43,0.0
2026-04-10,site A,esportes,meio do artigo,vídeo,computador,orgânico,4,4,3,0,0.03827,1,1,1,26.5,84.3,1,1.0,0.0,9.567499999999999,1.0,0.75,0.03827,38.269999999999996,1.0
2026-04-10,site B,esportes,meio do artigo,banner,computador,referência,5,4,4,0,0.03552,1,1,1,77.5,18.9,0,1.0,0.0,8.88,0.8,1.0,0.03552,35.52,0.0
2026-04-10,site A,finanças,topo da página,nativo,computador,referência,5,4,1,0,0.03218,1,1,1,106.1,70.3,0,1.0,0.0,8.045,0.8,0.25,0.03218,32.18,0.0
2026-04-10,site C,esportes,lateral,nativo,computador,newsletter,5,5,5,0,0.03115,1,1,1,166.0,25.7,0,0.0,0.0,6.23,1.0,1.0,0.03115,31.150000000000002,0.0
2026-04-10,site B,entretenimento,topo da página,mídia rica,celular,orgânico,5,5,3,0,0.03088,1,1,1,39.5,62.2,0,1.0,0.0,6.176,1.0,0.6,0.03088,30.880000000000003,0.0
2026-04-10,site C,notícias,meio do artigo,nativo,celular,orgânico,5,5,3,0,0.02892,1,1,1,103.3,63.7,0,1.0,0.0,5.784000000000001,1.0,0.6,0.02892,28.92,0.0
2026-04-10,site A,esportes,topo da página,nativo,computador,orgânico,5,4,2,0,0.02879,1,1,1,30.1,34.1,0,0.0,0.0,7.1975,0.8,0.5,0.02879,28.79,0.0
2026-04-10,site B,finanças,topo da página,vídeo,celular,orgânico,4,4,3,0,0.02821,1,1,1,64.4,52.6,0,0.0,0.0,7.052499999999999,1.0,0.75,0.02821,28.209999999999997,0.0
2026-04-10,site A,esportes,meio do artigo,mídia rica,computador,redes sociais,5,4,4,0,0.02666,1,1,1,7.7,78.9,0,0.0,0.0,6.665,0.8,1.0,0.02666,26.66,0.0
2026-04-10,site A,tecnologia,rodapé fixo,vídeo,computador,orgânico,4,4,4,0,0.02607,1,1,1,44.5,54.4,0,1.0,0.0,6.5175,1.0,1.0,0.02607,26.07,0.0
2026-04-10,site B,esportes,rodapé fixo,nativo,computador,redes sociais,4,4,3,0,0.02564,1,1,1,58.7,65.0,1,1.0,0.0,6.41,1.0,0.75,0.02564,25.64,1.0
2026-04-10,site C,notícias,rodapé fixo,vídeo,celular,redes sociais,5,2,1,0,0.025,1,1,1,23.4,54.1,1,1.0,0.0,12.5,0.4,0.5,0.025,25.0,1.0
2026-04-10,site C,finanças,rodapé fixo,banner,celular,redes sociais,5,4,3,0,0.02462,1,1,1,55.3,86.6,1,0.0,0.0,6.155,0.8,0.75,0.02462,24.62,1.0
2026-04-10,site B,esportes,rodapé fixo,banner,celular,orgânico,4,3,3,0,0.02446,1,1,1,156.0,66.7,1,1.0,0.0,8.153333333333334,0.75,1.0,0.02446,24.46,1.0
2026-04-10,site C,tecnologia,topo da página,banner,celular,referência,6,3,3,0,0.02384,1,1,1,65.5,13.9,0,0.0,0.0,7.946666666666666,0.5,1.0,0.02384,23.84,0.0
2026-04-10,site B,entretenimento,rodapé fixo,mídia rica,celular,orgânico,5,4,2,0,0.02381,1,1,1,33.0,40.6,0,0.0,0.0,5.952500000000001,0.8,0.5,0.02381,23.810000000000002,0.0
2026-04-10,site A,finanças,meio do artigo,mídia rica,tablet,orgânico,6,3,1,0,0.02326,1,1,1,23.5,42.2,0,1.0,0.0,7.753333333333333,0.5,0.3333333333333333,0.02326,23.259999999999998,0.0
2026-04-10,site B,esportes,rodapé fixo,vídeo,celular,redes sociais,4,3,3,0,0.02233,1,1,1,82.0,29.9,0,0.0,0.0,7.4433333333333325,0.75,1.0,0.02233,22.33,0.0
2026-04-10,site A,notícias,lateral,banner,celular,redes sociais,6,4,2,0,0.0222,1,1,1,18.9,31.8,1,1.0,0.0,5.55,0.6666666666666666,0.5,0.0222,22.2,1.0
2026-04-10,site C,notícias,meio do artigo,nativo,computador,redes sociais,3,3,2,0,0.02132,1,1,1,23.9,67.4,1,1.0,0.0,7.1066666666666665,1.0,0.6666666666666666,0.02132,21.32,1.0
2026-04-10,site A,estilo de vida,lateral,vídeo,tablet,newsletter,4,4,2,0,0.02121,1,1,1,23.6,76.5,0,1.0,0.0,5.3025,1.0,0.5,0.02121,21.21,0.0
2026-04-10,site A,notícias,topo da página,banner,computador,direto,5,4,3,0,0.0211,1,1,1,14.0,51.7,0,0.0,0.0,5.275,0.8,0.75,0.0211,21.1,0.0
2026-04-10,site B,esportes,topo da página,nativo,celular,redes sociais,5,4,3,0,0.02029,1,1,1,28.8,61.2,0,0.0,0.0,5.0725,0.8,0.75,0.02029,20.29,0.0
2026-04-10,site C,finanças,intersticial,banner,celular,referência,5,3,3,0,0.01957,1,1,1,100.3,68.4,1,0.0,0.0,6.523333333333333,0.6,1.0,0.01957,19.57,1.0
2026-04-10,site A,notícias,rodapé fixo,nativo,computador,orgânico,5,2,2,0,0.01902,1,1,1,70.8,49.0,1,0.0,0.0,9.51,0.4,1.0,0.01902,19.02,1.0
2026-04-10,site C,tecnologia,meio do artigo,nativo,tablet,orgânico,3,3,1,0,0.0186,1,1,1,16.0,65.3,0,0.0,0.0,6.199999999999999,1.0,0.3333333333333333,0.0186,18.599999999999998,0.0
2026-04-10,site C,finanças,meio do artigo,nativo,computador,orgânico,3,2,1,0,0.01723,1,1,1,26.5,54.4,0,1.0,0.0,8.615,0.6666666666666666,0.5,0.01723,17.23,0.0
2026-04-10,site B,tecnologia,lateral,banner,computador,orgânico,5,5,3,0,0.01714,1,1,1,87.3,57.6,1,0.0,0.0,3.428,1.0,0.6,0.01714,17.14,1.0
2026-04-10,site A,esportes,topo da página,banner,celular,orgânico,4,4,2,0,0.01696,1,1,1,46.5,72.0,0,0.0,0.0,4.24,1.0,0.5,0.01696,16.96,0.0
2026-04-10,site B,entretenimento,rodapé fixo,nativo,celular,referência,5,5,4,0,0.0165,1,1,1,10.2,50.6,0,0.0,0.0,3.3,1.0,0.8,0.0165,16.5,0.0
2026-04-10,site C,notícias,topo da página,mídia rica,celular,orgânico,6,6,5,0,0.01617,1,1,1,81.9,89.0,0,1.0,0.0,2.6950000000000003,1.0,0.8333333333333334,0.01617,16.17,0.0
2026-04-10,site A,notícias,lateral,vídeo,celular,orgânico,3,2,2,0,0.01599,1,1,1,49.5,73.2,0,0.0,0.0,7.995,0.6666666666666666,1.0,0.01599,15.99,0.0
2026-04-10,site B,notícias,rodapé fixo,banner,celular,redes sociais,5,5,3,0,0.01599,1,1,1,58.6,60.0,1,0.0,0.0,3.198,1.0,0.6,0.01599,15.99,1.0
2026-04-10,site A,estilo de vida,meio do artigo,banner,computador,newsletter,6,4,4,0,0.01568,1,1,1,72.1,29.2,0,0.0,0.0,3.92,0.6666666666666666,1.0,0.01568,15.68,0.0
2026-04-10,site A,tecnologia,intersticial,nativo,computador,redes sociais,5,2,1,0,0.01547,1,1,1,15.8,41.1,0,0.0,0.0,7.734999999999999,0.4,0.5,0.01547,15.469999999999999,0.0
2026-04-10,site C,entretenimento,meio do artigo,nativo,computador,redes sociais,6,4,4,0,0.01527,1,1,1,34.3,38.9,0,0.0,0.0,3.8175000000000003,0.6666666666666666,1.0,0.01527,15.270000000000001,0.0
2026-04-10,site A,estilo de vida,topo da página,nativo,tablet,direto,5,5,1,0,0.01505,1,1,1,46.7,29.9,1,0.0,0.0,3.01,1.0,0.2,0.01505,15.049999999999999,1.0
2026-04-10,site A,esportes,meio do artigo,vídeo,tablet,referência,3,3,2,0,0.01491,1,1,1,70.6,78.4,0,1.0,0.0,4.97,1.0,0.6666666666666666,0.01491,14.91,0.0
2026-04-10,site A,tecnologia,topo da página,vídeo,celular,orgânico,3,3,3,0,0.01466,1,1,1,105.0,96.3,0,0.0,0.0,4.886666666666667,1.0,1.0,0.01466,14.66,0.0
2026-04-10,site A,entretenimento,meio do artigo,nativo,celular,redes sociais,3,3,2,0,0.01441,1,1,1,22.4,74.4,1,1.0,0.0,4.803333333333333,1.0,0.6666666666666666,0.01441,14.409999999999998,1.0
2026-04-10,site B,finanças,lateral,nativo,celular,newsletter,5,4,3,1,0.01429,1,1,1,44.9,84.8,1,1.0,0.25,3.5725000000000002,0.8,0.75,0.01429,14.290000000000001,1.0
2026-04-10,site C,estilo de vida,lateral,nativo,celular,direto,5,4,2,0,0.01408,1,1,1,73.6,91.6,1,1.0,0.0,3.52,0.8,0.5,0.01408,14.08,1.0
2026-04-10,site C,estilo de vida,topo da página,nativo,computador,orgânico,3,3,3,0,0.01394,1,1,1,44.2,44.9,0,0.0,0.0,4.6466666666666665,1.0,1.0,0.01394,13.94,0.0
2026-04-10,site A,notícias,meio do artigo,vídeo,computador,direto,1,1,1,1,0.01354,1,1,1,37.3,65.2,0,1.0,1.0,13.54,1.0,1.0,0.01354,13.54,0.0
2026-04-10,site C,notícias,topo da página,banner,tablet,redes sociais,6,5,4,0,0.0134,1,1,1,47.2,76.3,0,0.0,0.0,2.68,0.8333333333333334,0.8,0.0134,13.4,0.0
2026-04-10,site A,estilo de vida,topo da página,nativo,computador,orgânico,2,2,1,0,0.0125,1,1,1,70.1,62.4,0,0.0,0.0,6.25,1.0,0.5,0.0125,12.5,0.0
2026-04-10,site A,entretenimento,lateral,vídeo,tablet,orgânico,3,2,2,1,0.01235,1,1,1,21.3,57.7,0,1.0,0.5,6.175,0.6666666666666666,1.0,0.01235,12.35,0.0
2026-04-10,site A,finanças,lateral,banner,celular,newsletter,1,1,0,0,0.01208,1,1,1,64.7,75.5,0,0.0,0.0,12.08,1.0,0.0,0.01208,12.08,0.0
2026-04-10,site C,notícias,topo da página,banner,computador,referência,3,2,2,0,0.01167,1,1,1,63.1,72.9,1,1.0,0.0,5.835,0.6666666666666666,1.0,0.01167,11.67,1.0
2026-04-10,site A,entretenimento,rodapé fixo,banner,celular,orgânico,3,3,3,0,0.01102,1,1,1,43.6,54.3,1,0.0,0.0,3.6733333333333333,1.0,1.0,0.01102,11.02,1.0
2026-04-10,site A,notícias,meio do artigo,banner,computador,referência,4,3,2,0,0.01082,2,2,2,49.35,55.95,0,0.5,0.0,3.606666666666667,0.75,0.6666666666666666,0.00541,5.41,0.0
2026-04-10,site A,esportes,intersticial,banner,celular,referência,5,3,3,0,0.01062,1,1,1,33.3,1.0,0,1.0,0.0,3.5399999999999996,0.6,1.0,0.01062,10.62,0.0
2026-04-10,site C,entretenimento,lateral,banner,celular,redes sociais,5,3,1,0,0.0104,1,1,1,22.5,28.9,0,0.0,0.0,3.466666666666667,0.6,0.3333333333333333,0.0104,10.4,0.0
2026-04-10,site C,entretenimento,topo da página,nativo,celular,orgânico,6,3,0,0,0.01007,1,1,1,60.7,64.4,0,1.0,0.0,3.356666666666667,0.5,0.0,0.01007,10.07,0.0
2026-04-10,site A,entretenimento,intersticial,banner,tablet,orgânico,2,2,0,0,0.0094,1,1,1,116.0,69.3,1,1.0,0.0,4.7,1.0,0.0,0.0094,9.4,1.0
2026-04-10,site B,estilo de vida,rodapé fixo,mídia rica,computador,direto,1,1,1,0,0.00917,1,1,1,72.5,62.4,0,0.0,0.0,9.17,1.0,1.0,0.00917,9.17,0.0
2026-04-10,site A,entretenimento,topo da página,banner,celular,orgânico,2,2,0,0,0.00903,2,2,2,29.65,65.6,1,0.5,0.0,4.515,1.0,0.0,0.004515,4.515,0.5
2026-04-10,site C,notícias,meio do artigo,banner,computador,referência,3,3,2,0,0.0089,1,1,1,51.3,86.5,1,0.0,0.0,2.966666666666667,1.0,0.6666666666666666,0.0089,8.9,1.0
2026-04-10,site C,esportes,topo da página,banner,tablet,referência,2,2,2,0,0.00867,1,1,1,46.8,43.6,0,0.0,0.0,4.335,1.0,1.0,0.00867,8.67,0.0
2026-04-10,site B,tecnologia,meio do artigo,nativo,celular,redes sociais,3,2,2,0,0.00852,1,1,1,17.5,25.3,0,0.0,0.0,4.26,0.6666666666666666,1.0,0.00852,8.52,0.0
2026-04-10,site A,notícias,topo da página,banner,computador,redes sociais,2,2,1,0,0.00841,1,1,1,44.7,50.9,0,0.0,0.0,4.205,1.0,0.5,0.00841,8.41,0.0
2026-04-10,site A,entretenimento,meio do artigo,banner,celular,redes sociais,2,1,1,0,0.00695,1,1,1,5.8,38.7,0,1.0,0.0,6.949999999999999,0.5,1.0,0.00695,6.949999999999999,0.0
2026-04-10,site B,entretenimento,topo da página,vídeo,computador,newsletter,2,1,1,0,0.00693,1,1,1,46.9,40.4,0,0.0,0.0,6.930000000000001,0.5,1.0,0.00693,6.930000000000001,0.0
2026-04-10,site C,esportes,rodapé fixo,vídeo,computador,referência,2,1,1,0,0.00671,1,1,1,27.9,50.4,1,1.0,0.0,6.71,0.5,1.0,0.00671,6.71,1.0
2026-04-10,site B,estilo de vida,rodapé fixo,nativo,computador,orgânico,4,1,1,0,0.00666,1,1,1,70.0,36.7,0,0.0,0.0,6.66,0.25,1.0,0.00666,6.66,0.0
2026-04-10,site C,esportes,rodapé fixo,mídia rica,computador,direto,5,2,2,0,0.0058,1,1,1,24.7,28.1,1,0.0,0.0,2.9,0.4,1.0,0.0058,5.8,1.0
2026-04-10,site B,tecnologia,topo da página,vídeo,computador,orgânico,2,1,0,0,0.00576,1,1,1,41.5,42.0,0,1.0,0.0,5.760000000000001,0.5,0.0,0.00576,5.760000000000001,0.0
2026-04-10,site B,notícias,lateral,mídia rica,celular,orgânico,3,2,0,0,0.00532,1,1,1,8.7,43.4,1,0.0,0.0,2.66,0.6666666666666666,0.0,0.00532,5.32,1.0
2026-04-10,site A,tecnologia,meio do artigo,nativo,celular,orgânico,1,1,1,0,0.00474,1,1,1,105.0,69.9,1,0.0,0.0,4.74,1.0,1.0,0.00474,4.74,1.0
2026-04-10,site B,notícias,topo da página,nativo,celular,orgânico,3,1,0,0,0.00472,1,1,1,87.7,61.7,1,0.0,0.0,4.720000000000001,0.3333333333333333,0.0,0.00472,4.720000000000001,1.0
2026-04-10,site B,notícias,rodapé fixo,banner,celular,orgânico,3,2,1,0,0.00467,1,1,1,35.5,58.5,0,0.0,0.0,2.335,0.6666666666666666,0.5,0.00467,4.67,0.0
2026-04-10,site B,esportes,lateral,banner,computador,direto,3,1,0,0,0.0042,1,1,1,26.2,45.7,0,0.0,0.0,4.2,0.3333333333333333,0.0,0.0042,4.2,0.0
2026-04-10,site B,entretenimento,meio do artigo,vídeo,celular,referência,1,1,1,0,0.00404,1,1,1,39.4,61.5,0,1.0,0.0,4.04,1.0,1.0,0.00404,4.04,0.0
2026-04-10,site A,tecnologia,lateral,mídia rica,celular,redes sociais,3,2,1,0,0.00382,1,1,1,112.2,35.8,1,1.0,0.0,1.91,0.6666666666666666,0.5,0.00382,3.82,1.0
2026-04-10,site A,entretenimento,topo da página,nativo,computador,direto,1,0,0,0,0.00378,1,1,1,122.9,63.9,0,0.0,0.0,0.0,0.0,0.0,0.00378,3.78,0.0
2026-04-10,site B,esportes,rodapé fixo,mídia rica,computador,orgânico,2,1,0,0,0.00372,1,1,1,84.5,67.2,0,0.0,0.0,3.72,0.5,0.0,0.00372,3.72,0.0
2026-04-10,site C,notícias,topo da página,banner,celular,redes sociais,3,2,2,0,0.0035,1,1,1,137.4,82.8,0,1.0,0.0,1.75,0.6666666666666666,1.0,0.0035,3.5,0.0
2026-04-10,site C,esportes,intersticial,banner,tablet,orgânico,3,1,1,0,0.00325,1,1,1,63.3,54.9,0,0.0,0.0,3.25,0.3333333333333333,1.0,0.00325,3.25,0.0
2026-04-10,site B,esportes,rodapé fixo,banner,computador,orgânico,1,0,0,0,0.0016,1,1,1,76.2,37.1,1,0.0,0.0,0.0,0.0,0.0,0.0016,1.6,1.0
2026-04-10,site A,notícias,topo da página,banner,computador,orgânico,1,1,1,0,0.00109,1,1,1,31.9,67.4,0,0.0,0.0,1.09,1.0,1.0,0.00109,1.09,0.0
2026-04-10,site B,esportes,meio do artigo,banner,computador,orgânico,1,1,1,0,0.00094,1,1,1,8.8,68.6,1,0.0,0.0,0.94,1.0,1.0,0.00094,0.94,1.0
2026-04-10,site A,entretenimento,lateral,banner,computador,orgânico,3,0,0,0,0.0,1,1,1,115.7,54.7,0,0.0,0.0,0.0,0.0,0.0,0.0,0.0,0.0
2026-04-10,site A,estilo de vida,meio do artigo,banner,tablet,redes sociais,1,0,0,0,0.0,1,1,1,84.7,61.8,1,0.0,0.0,0.0,0.0,0.0,0.0,0.0,1.0
2026-04-10,site A,estilo de vida,rodapé fixo,nativo,computador,orgânico,1,0,0,0,0.0,1,1,1,134.2,33.9,1,0.0,0.0,0.0,0.0,0.0,0.0,0.0,1.0
2026-04-10,site A,finanças,lateral,banner,computador,redes sociais,1,1,1,0,0.0,1,1,1,77.5,72.5,0,0.0,0.0,0.0,1.0,1.0,0.0,0.0,0.0
2026-04-10,site B,tecnologia,intersticial,banner,computador,orgânico,1,0,0,0,0.0,1,1,1,128.5,97.1,0,1.0,0.0,0.0,0.0,0.0,0.0,0.0,0.0
2026-04-11,site C,finanças,meio do artigo,vídeo,celular,orgânico,6,6,4,0,0.05564,1,1,1,43.0,55.2,1,0.0,0.0,9.273333333333333,1.0,0.6666666666666666,0.05564,55.64,1.0
2026-04-11,site B,tecnologia,meio do artigo,vídeo,tablet,orgânico,6,6,4,0,0.04748,1,1,1,49.3,41.2,1,1.0,0.0,7.913333333333334,1.0,0.6666666666666666,0.04748,47.480000000000004,1.0
2026-04-11,site A,estilo de vida,rodapé fixo,banner,celular,redes sociais,8,7,6,0,0.0446,2,2,2,42.45,76.35,0,0.5,0.0,6.371428571428572,0.875,0.8571428571428571,0.0223,22.3,0.0
2026-04-11,site C,tecnologia,meio do artigo,nativo,computador,referência,5,5,3,0,0.04212,1,1,1,34.6,41.6,0,1.0,0.0,8.424,1.0,0.6,0.04212,42.12,0.0
2026-04-11,site C,finanças,topo da página,mídia rica,celular,newsletter,6,5,2,0,0.04184,1,1,1,96.2,70.6,0,1.0,0.0,8.368,0.8333333333333334,0.4,0.04184,41.84,0.0
2026-04-11,site B,notícias,meio do artigo,vídeo,celular,redes sociais,6,6,1,0,0.04068,1,1,1,31.8,100.0,0,0.0,0.0,6.78,1.0,0.16666666666666666,0.04068,40.68,0.0
2026-04-11,site A,tecnologia,topo da página,mídia rica,celular,orgânico,5,5,3,0,0.04003,1,1,1,11.1,54.8,0,1.0,0.0,8.006,1.0,0.6,0.04003,40.03,0.0
2026-04-11,site A,tecnologia,lateral,banner,computador,direto,4,4,3,0,0.03722,1,1,1,32.6,56.0,1,0.0,0.0,9.305000000000001,1.0,0.75,0.03722,37.220000000000006,1.0
2026-04-11,site B,estilo de vida,rodapé fixo,mídia rica,celular,orgânico,6,3,2,0,0.02782,1,1,1,45.9,61.7,1,0.0,0.0,9.273333333333333,0.5,0.6666666666666666,0.02782,27.82,1.0
2026-04-11,site A,tecnologia,topo da página,banner,celular,direto,3,3,2,0,0.02738,1,1,1,45.9,56.5,0,1.0,0.0,9.126666666666667,1.0,0.6666666666666666,0.02738,27.380000000000003,0.0
2026-04-11,site B,tecnologia,lateral,nativo,celular,referência,5,4,3,0,0.0269,1,1,1,95.4,95.0,0,0.0,0.0,6.725,0.8,0.75,0.0269,26.9,0.0
2026-04-11,site B,finanças,topo da página,banner,computador,redes sociais,6,5,4,0,0.02528,1,1,1,61.6,100.0,0,0.0,0.0,5.056,0.8333333333333334,0.8,0.02528,25.28,0.0
2026-04-11,site B,esportes,topo da página,vídeo,celular,orgânico,3,3,2,0,0.02353,1,1,1,3.0,62.6,1,0.0,0.0,7.843333333333333,1.0,0.6666666666666666,0.02353,23.529999999999998,1.0
2026-04-11,site A,esportes,meio do artigo,vídeo,celular,orgânico,5,5,4,0,0.02352,1,1,1,18.2,73.4,0,0.0,0.0,4.704,1.0,0.8,0.02352,23.52,0.0
2026-04-11,site B,tecnologia,topo da página,mídia rica,celular,orgânico,3,3,3,0,0.02302,1,1,1,52.8,45.7,0,1.0,0.0,7.673333333333333,1.0,1.0,0.02302,23.02,0.0
2026-04-11,site B,notícias,intersticial,nativo,computador,newsletter,6,4,2,0,0.02295,1,1,1,147.5,46.2,1,0.0,0.0,5.737500000000001,0.6666666666666666,0.5,0.02295,22.950000000000003,1.0
2026-04-11,site B,tecnologia,topo da página,vídeo,celular,orgânico,3,2,1,0,0.02278,1,1,1,49.9,94.2,0,1.0,0.0,11.39,0.6666666666666666,0.5,0.02278,22.78,0.0
2026-04-11,site A,finanças,topo da página,banner,celular,orgânico,6,3,1,0,0.02208,1,1,1,59.4,1.0,1,0.0,0.0,7.359999999999999,0.5,0.3333333333333333,0.02208,22.08,1.0
2026-04-11,site C,esportes,rodapé fixo,banner,celular,referência,4,4,2,0,0.02168,1,1,1,16.3,66.6,0,0.0,0.0,5.42,1.0,0.5,0.02168,21.68,0.0
2026-04-11,site B,entretenimento,lateral,vídeo,computador,referência,5,4,4,0,0.0205,1,1,1,65.9,61.5,0,0.0,0.0,5.125,0.8,1.0,0.0205,20.5,0.0
2026-04-11,site A,tecnologia,meio do artigo,banner,celular,orgânico,5,5,2,0,0.02013,1,1,1,116.4,59.4,1,0.0,0.0,4.026,1.0,0.4,0.02013,20.13,1.0
2026-04-11,site B,estilo de vida,meio do artigo,vídeo,tablet,redes sociais,6,6,4,0,0.01984,1,1,1,20.5,25.8,0,0.0,0.0,3.3066666666666666,1.0,0.6666666666666666,0.01984,19.84,0.0
2026-04-11,site B,entretenimento,lateral,banner,computador,direto,6,6,1,0,0.01978,1,1,1,56.8,86.1,1,0.0,0.0,3.2966666666666664,1.0,0.16666666666666666,0.01978,19.779999999999998,1.0
2026-04-11,site C,entretenimento,meio do artigo,nativo,computador,redes sociais,5,4,2,0,0.01976,1,1,1,84.7,17.8,0,0.0,0.0,4.9399999999999995,0.8,0.5,0.01976,19.759999999999998,0.0
2026-04-11,site B,notícias,rodapé fixo,mídia rica,celular,orgânico,6,5,4,0,0.0195,1,1,1,151.1,41.6,1,0.0,0.0,3.9,0.8333333333333334,0.8,0.0195,19.5,1.0
2026-04-11,site C,tecnologia,meio do artigo,mídia rica,celular,redes sociais,4,3,3,0,0.01927,1,1,1,111.1,49.4,0,0.0,0.0,6.423333333333333,0.75,1.0,0.01927,19.27,0.0
2026-04-11,site A,estilo de vida,topo da página,banner,celular,orgânico,3,3,2,0,0.0182,1,1,1,42.2,97.8,0,0.0,0.0,6.066666666666666,1.0,0.6666666666666666,0.0182,18.2,0.0
2026-04-11,site B,notícias,topo da página,banner,celular,newsletter,4,3,2,0,0.01749,1,1,1,58.7,56.8,0,0.0,0.0,5.829999999999999,0.75,0.6666666666666666,0.01749,17.49,0.0
2026-04-11,site C,notícias,topo da página,banner,celular,orgânico,6,6,3,0,0.01748,1,1,1,104.9,62.9,0,0.0,0.0,2.9133333333333336,1.0,0.5,0.01748,17.48,0.0
2026-04-11,site C,notícias,meio do artigo,mídia rica,tablet,redes sociais,2,2,2,0,0.01483,1,1,1,63.7,65.8,1,1.0,0.0,7.415,1.0,1.0,0.01483,14.83,1.0
2026-04-11,site B,entretenimento,topo da página,banner,computador,referência,3,3,1,0,0.01477,1,1,1,29.5,64.2,0,0.0,0.0,4.923333333333333,1.0,0.3333333333333333,0.01477,14.77,0.0
2026-04-11,site B,esportes,meio do artigo,nativo,celular,referência,5,5,3,0,0.01459,1,1,1,118.1,56.9,0,0.0,0.0,2.918,1.0,0.6,0.01459,14.59,0.0
2026-04-11,site B,entretenimento,topo da página,banner,computador,orgânico,6,6,2,0,0.01446,1,1,1,65.6,76.1,0,0.0,0.0,2.41,1.0,0.3333333333333333,0.01446,14.46,0.0
2026-04-11,site A,finanças,intersticial,banner,celular,newsletter,4,2,2,0,0.01426,1,1,1,41.6,55.8,0,0.0,0.0,7.13,0.5,1.0,0.01426,14.26,0.0
2026-04-11,site A,tecnologia,lateral,mídia rica,tablet,orgânico,5,5,3,0,0.01401,1,1,1,73.2,61.9,0,0.0,0.0,2.802,1.0,0.6,0.01401,14.01,0.0
2026-04-11,site B,finanças,rodapé fixo,banner,celular,direto,2,2,2,0,0.01401,1,1,1,69.3,69.2,1,1.0,0.0,7.005,1.0,1.0,0.01401,14.01,1.0
2026-04-11,site B,estilo de vida,rodapé fixo,banner,tablet,orgânico,6,5,3,0,0.01357,1,1,1,12.6,33.6,0,1.0,0.0,2.714,0.8333333333333334,0.6,0.01357,13.57,0.0
2026-04-11,site A,tecnologia,rodapé fixo,banner,celular,direto,4,4,3,0,0.01264,1,1,1,58.5,84.3,0,0.0,0.0,3.16,1.0,0.75,0.01264,12.64,0.0
2026-04-11,site A,finanças,meio do artigo,banner,computador,orgânico,1,1,1,0,0.01226,1,1,1,60.1,42.5,0,0.0,0.0,12.26,1.0,1.0,0.01226,12.26,0.0
2026-04-11,site A,notícias,intersticial,mídia rica,celular,referência,4,4,3,0,0.01222,1,1,1,26.6,57.6,0,0.0,0.0,3.055,1.0,0.75,0.01222,12.22,0.0
2026-04-11,site A,entretenimento,intersticial,vídeo,computador,newsletter,4,3,3,0,0.01215,1,1,1,62.6,90.3,0,0.0,0.0,4.05,0.75,1.0,0.01215,12.149999999999999,0.0
2026-04-11,site C,esportes,meio do artigo,nativo,celular,orgânico,3,2,2,0,0.01212,1,1,1,6.6,58.9,0,0.0,0.0,6.0600000000000005,0.6666666666666666,1.0,0.01212,12.120000000000001,0.0
2026-04-11,site C,notícias,rodapé fixo,nativo,computador,orgânico,2,2,1,0,0.01197,1,1,1,124.2,27.2,0,0.0,0.0,5.984999999999999,1.0,0.5,0.01197,11.969999999999999,0.0
2026-04-11,site A,estilo de vida,lateral,vídeo,celular,orgânico,1,1,0,0,0.01149,1,1,1,15.7,54.4,0,0.0,0.0,11.49,1.0,0.0,0.01149,11.49,0.0
2026-04-11,site B,tecnologia,topo da página,banner,computador,orgânico,4,3,1,0,0.01124,1,1,1,122.1,59.3,0,1.0,0.0,3.7466666666666666,0.75,0.3333333333333333,0.01124,11.24,0.0
2026-04-11,site B,entretenimento,meio do artigo,banner,celular,direto,6,4,3,0,0.01019,1,1,1,45.7,69.4,1,0.0,0.0,2.5475,0.6666666666666666,0.75,0.01019,10.19,1.0
2026-04-11,site A,entretenimento,meio do artigo,banner,celular,newsletter,6,3,2,0,0.01013,1,1,1,17.4,75.6,1,0.0,0.0,3.376666666666667,0.5,0.6666666666666666,0.01013,10.13,1.0
2026-04-11,site B,tecnologia,lateral,banner,celular,redes sociais,3,2,1,0,0.01001,1,1,1,35.9,26.8,1,0.0,0.0,5.005,0.6666666666666666,0.5,0.01001,10.01,1.0
2026-04-11,site A,entretenimento,lateral,nativo,computador,orgânico,5,3,2,0,0.00961,1,1,1,17.1,84.6,0,0.0,0.0,3.2033333333333336,0.6,0.6666666666666666,0.00961,9.610000000000001,0.0
2026-04-11,site C,notícias,topo da página,banner,celular,redes sociais,4,3,1,0,0.00909,1,1,1,60.5,60.6,0,1.0,0.0,3.0300000000000007,0.75,0.3333333333333333,0.00909,9.090000000000002,0.0
2026-04-11,site B,tecnologia,rodapé fixo,banner,celular,orgânico,2,2,2,0,0.0089,1,1,1,21.6,62.7,1,0.0,0.0,4.45,1.0,1.0,0.0089,8.9,1.0
2026-04-11,site B,estilo de vida,rodapé fixo,nativo,computador,direto,2,1,1,0,0.00809,1,1,1,57.9,43.3,1,1.0,0.0,8.09,0.5,1.0,0.00809,8.09,1.0
2026-04-11,site C,esportes,meio do artigo,banner,tablet,referência,1,1,0,0,0.00783,1,1,1,117.1,73.0,1,0.0,0.0,7.83,1.0,0.0,0.00783,7.83,1.0
2026-04-11,site B,esportes,rodapé fixo,banner,celular,direto,2,2,2,0,0.00762,1,1,1,9.6,90.0,1,0.0,0.0,3.81,1.0,1.0,0.00762,7.62,1.0
2026-04-11,site A,entretenimento,topo da página,banner,computador,redes sociais,5,4,4,0,0.00758,1,1,1,75.8,31.1,0,0.0,0.0,1.895,0.8,1.0,0.00758,7.58,0.0
2026-04-11,site C,estilo de vida,meio do artigo,nativo,celular,redes sociais,6,4,4,0,0.00756,1,1,1,114.9,76.3,0,1.0,0.0,1.89,0.6666666666666666,1.0,0.00756,7.56,0.0
2026-04-11,site B,esportes,topo da página,nativo,computador,newsletter,2,1,0,0,0.00754,1,1,1,20.1,80.6,1,1.0,0.0,7.54,0.5,0.0,0.00754,7.54,1.0
2026-04-11,site B,estilo de vida,topo da página,vídeo,celular,direto,3,3,2,0,0.00697,1,1,1,74.4,89.0,0,1.0,0.0,2.3233333333333333,1.0,0.6666666666666666,0.00697,6.97,0.0
2026-04-11,site C,tecnologia,topo da página,nativo,celular,orgânico,2,2,2,0,0.00684,1,1,1,11.5,61.4,0,0.0,0.0,3.42,1.0,1.0,0.00684,6.84,0.0
2026-04-11,site C,estilo de vida,topo da página,vídeo,computador,orgânico,3,1,0,0,0.00648,1,1,1,25.1,100.0,0,0.0,0.0,6.4799999999999995,0.3333333333333333,0.0,0.00648,6.4799999999999995,0.0
2026-04-11,site B,esportes,meio do artigo,vídeo,celular,redes sociais,2,1,0,0,0.00615,1,1,1,13.7,46.1,0,0.0,0.0,6.15,0.5,0.0,0.00615,6.15,0.0
2026-04-11,site B,estilo de vida,lateral,nativo,celular,direto,1,1,1,0,0.00609,1,1,1,58.7,66.4,0,1.0,0.0,6.09,1.0,1.0,0.00609,6.09,0.0
2026-04-11,site C,estilo de vida,meio do artigo,banner,computador,newsletter,1,1,1,0,0.00585,1,1,1,19.3,47.2,0,0.0,0.0,5.8500000000000005,1.0,1.0,0.00585,5.8500000000000005,0.0
2026-04-11,site A,entretenimento,rodapé fixo,banner,celular,redes sociais,5,5,4,0,0.00558,1,1,1,25.3,62.6,0,1.0,0.0,1.116,1.0,0.8,0.00558,5.58,0.0
2026-04-11,site A,esportes,rodapé fixo,banner,tablet,redes sociais,3,2,2,0,0.00538,1,1,1,24.5,44.0,0,1.0,0.0,2.69,0.6666666666666666,1.0,0.00538,5.38,0.0
2026-04-11,site C,esportes,meio do artigo,banner,celular,redes sociais,5,2,1,0,0.00515,1,1,1,106.2,60.3,1,0.0,0.0,2.575,0.4,0.5,0.00515,5.15,1.0
2026-04-11,site B,notícias,topo da página,banner,computador,redes sociais,2,2,2,0,0.00504,1,1,1,4.4,69.1,0,1.0,0.0,2.52,1.0,1.0,0.00504,5.04,0.0
2026-04-11,site C,notícias,rodapé fixo,vídeo,celular,direto,3,1,0,0,0.00492,1,1,1,47.6,57.3,1,0.0,0.0,4.92,0.3333333333333333,0.0,0.00492,4.92,1.0
2026-04-11,site A,notícias,meio do artigo,banner,celular,orgânico,1,1,1,0,0.00424,1,1,1,56.6,60.1,0,1.0,0.0,4.24,1.0,1.0,0.00424,4.24,0.0
2026-04-11,site B,esportes,intersticial,banner,celular,referência,4,3,1,0,0.00391,1,1,1,78.5,74.5,0,1.0,0.0,1.3033333333333335,0.75,0.3333333333333333,0.00391,3.91,0.0
2026-04-11,site A,entretenimento,meio do artigo,nativo,computador,referência,1,1,0,0,0.00373,1,1,1,67.5,61.3,1,0.0,0.0,3.73,1.0,0.0,0.00373,3.73,1.0
2026-04-11,site C,estilo de vida,rodapé fixo,vídeo,tablet,orgânico,1,1,0,0,0.00364,1,1,1,191.0,51.9,0,0.0,0.0,3.64,1.0,0.0,0.00364,3.64,0.0
2026-04-11,site A,entretenimento,topo da página,banner,celular,orgânico,3,2,2,0,0.00276,1,1,1,68.0,55.5,0,0.0,0.0,1.38,0.6666666666666666,1.0,0.00276,2.76,0.0
2026-04-11,site B,estilo de vida,intersticial,banner,computador,redes sociais,3,1,1,0,0.0024,1,1,1,37.2,37.2,0,1.0,0.0,2.4,0.3333333333333333,1.0,0.0024,2.4,0.0
2026-04-11,site B,esportes,intersticial,banner,celular,orgânico,1,1,1,0,0.00231,1,1,1,66.3,69.8,1,1.0,0.0,2.31,1.0,1.0,0.00231,2.31,1.0
2026-04-11,site C,finanças,topo da página,nativo,celular,orgânico,1,0,0,0,0.00142,1,1,1,39.8,53.4,0,0.0,0.0,0.0,0.0,0.0,0.00142,1.42,0.0
2026-04-11,site B,estilo de vida,topo da página,vídeo,computador,direto,1,0,0,0,0.00042,1,1,1,35.7,80.4,0,0.0,0.0,0.0,0.0,0.0,0.00042,0.42000000000000004,0.0
2026-04-11,site B,notícias,lateral,mídia rica,celular,orgânico,2,0,0,0,0.00011,1,1,1,31.5,86.7,1,0.0,0.0,0.0,0.0,0.0,0.00011,0.11,1.0
2026-04-11,site C,estilo de vida,lateral,banner,computador,orgânico,1,0,0,0,0.0,1,1,1,85.7,54.4,0,0.0,0.0,0.0,0.0,0.0,0.0,0.0,0.0
2026-04-12,site C,tecnologia,meio do artigo,vídeo,computador,referência,5,5,4,0,0.05408,1,1,1,24.4,23.9,1,0.0,0.0,10.816,1.0,0.8,0.05408,54.080000000000005,1.0
2026-04-12,site A,estilo de vida,meio do artigo,vídeo,celular,orgânico,5,5,4,0,0.04526,1,1,1,55.7,67.7,0,0.0,0.0,9.052000000000001,1.0,0.8,0.04526,45.260000000000005,0.0
2026-04-12,site A,tecnologia,topo da página,banner,computador,orgânico,6,5,3,0,0.04176,1,1,1,94.1,27.5,0,0.0,0.0,8.352,0.8333333333333334,0.6,0.04176,41.76,0.0
2026-04-12,site C,tecnologia,topo da página,banner,celular,orgânico,4,4,1,0,0.03523,1,1,1,22.3,71.2,1,1.0,0.0,8.8075,1.0,0.25,0.03523,35.23,1.0
2026-04-12,site B,finanças,rodapé fixo,banner,computador,orgânico,6,5,3,0,0.03512,1,1,1,42.9,69.4,0,1.0,0.0,7.023999999999999,0.8333333333333334,0.6,0.03512,35.12,0.0
2026-04-12,site B,notícias,meio do artigo,vídeo,celular,newsletter,5,5,4,0,0.03466,1,1,1,47.1,49.3,0,0.0,0.0,6.932,1.0,0.8,0.03466,34.660000000000004,0.0
2026-04-12,site A,tecnologia,rodapé fixo,nativo,computador,orgânico,6,6,5,0,0.03433,1,1,1,43.6,79.3,1,1.0,0.0,5.721666666666667,1.0,0.8333333333333334,0.03433,34.33,1.0
2026-04-12,site B,estilo de vida,topo da página,vídeo,tablet,newsletter,2,2,0,0,0.03381,1,1,1,65.2,50.0,0,1.0,0.0,16.905,1.0,0.0,0.03381,33.81,0.0
2026-04-12,site C,finanças,topo da página,nativo,computador,orgânico,5,4,3,0,0.03345,1,1,1,45.3,37.7,1,1.0,0.0,8.3625,0.8,0.75,0.03345,33.45,1.0
2026-04-12,site C,estilo de vida,topo da página,banner,computador,orgânico,5,4,3,0,0.03092,1,1,1,67.1,39.7,1,0.0,0.0,7.7299999999999995,0.8,0.75,0.03092,30.919999999999998,1.0
2026-04-12,site B,finanças,topo da página,vídeo,computador,direto,5,5,5,0,0.03008,1,1,1,145.4,57.4,0,0.0,0.0,6.016,1.0,1.0,0.03008,30.08,0.0
2026-04-12,site A,esportes,meio do artigo,vídeo,computador,referência,3,3,1,0,0.02914,1,1,1,41.9,75.8,0,0.0,0.0,9.713333333333333,1.0,0.3333333333333333,0.02914,29.14,0.0
2026-04-12,site C,finanças,meio do artigo,banner,celular,referência,6,4,3,0,0.02732,1,1,1,76.9,60.4,0,0.0,0.0,6.83,0.6666666666666666,0.75,0.02732,27.32,0.0
2026-04-12,site B,estilo de vida,lateral,vídeo,celular,referência,6,5,3,0,0.02717,1,1,1,131.6,49.9,1,0.0,0.0,5.433999999999999,0.8333333333333334,0.6,0.02717,27.169999999999998,1.0
2026-04-12,site B,notícias,topo da página,vídeo,tablet,referência,4,4,3,0,0.02651,1,1,1,117.5,41.1,1,0.0,0.0,6.6274999999999995,1.0,0.75,0.02651,26.509999999999998,1.0
2026-04-12,site C,entretenimento,lateral,nativo,computador,newsletter,4,4,1,0,0.0259,1,1,1,84.2,52.2,0,1.0,0.0,6.475,1.0,0.25,0.0259,25.9,0.0
2026-04-12,site A,entretenimento,meio do artigo,banner,computador,newsletter,6,6,4,0,0.02347,1,1,1,117.6,34.0,0,0.0,0.0,3.911666666666667,1.0,0.6666666666666666,0.02347,23.470000000000002,0.0
2026-04-12,site A,esportes,meio do artigo,vídeo,computador,orgânico,6,5,5,0,0.02339,1,1,1,18.5,72.8,0,1.0,0.0,4.678,0.8333333333333334,1.0,0.02339,23.39,0.0
2026-04-12,site A,tecnologia,rodapé fixo,banner,computador,referência,5,4,3,0,0.02101,1,1,1,50.7,38.2,0,1.0,0.0,5.2525,0.8,0.75,0.02101,21.01,0.0
2026-04-12,site B,esportes,rodapé fixo,vídeo,computador,orgânico,5,4,3,0,0.02046,1,1,1,79.1,54.9,1,1.0,0.0,5.114999999999999,0.8,0.75,0.02046,20.459999999999997,1.0
2026-04-12,site A,entretenimento,topo da página,mídia rica,computador,orgânico,6,4,4,0,0.02042,1,1,1,40.0,95.1,0,1.0,0.0,5.105,0.6666666666666666,1.0,0.02042,20.42,0.0
2026-04-12,site C,finanças,topo da página,vídeo,tablet,direto,5,2,0,0,0.0203,1,1,1,78.0,100.0,0,0.0,0.0,10.149999999999999,0.4,0.0,0.0203,20.299999999999997,0.0
2026-04-12,site C,notícias,meio do artigo,banner,celular,orgânico,5,4,2,0,0.02029,1,1,1,35.6,69.6,0,1.0,0.0,5.0725,0.8,0.5,0.02029,20.29,0.0
2026-04-12,site A,entretenimento,meio do artigo,vídeo,computador,orgânico,3,3,0,0,0.01944,1,1,1,3.9,53.2,0,1.0,0.0,6.4799999999999995,1.0,0.0,0.01944,19.439999999999998,0.0
2026-04-12,site A,estilo de vida,rodapé fixo,nativo,tablet,orgânico,3,3,1,0,0.01901,1,1,1,20.1,34.7,1,0.0,0.0,6.336666666666666,1.0,0.3333333333333333,0.01901,19.009999999999998,1.0
2026-04-12,site B,entretenimento,topo da página,nativo,celular,orgânico,6,5,4,0,0.01885,1,1,1,17.0,80.9,1,1.0,0.0,3.7699999999999996,0.8333333333333334,0.8,0.01885,18.849999999999998,1.0
2026-04-12,site B,finanças,meio do artigo,vídeo,celular,referência,3,3,2,0,0.01879,1,1,1,43.9,51.0,0,0.0,0.0,6.2633333333333345,1.0,0.6666666666666666,0.01879,18.790000000000003,0.0
2026-04-12,site A,tecnologia,lateral,mídia rica,celular,direto,6,4,4,0,0.01859,1,1,1,47.4,68.9,0,0.0,0.0,4.6475,0.6666666666666666,1.0,0.01859,18.59,0.0
2026-04-12,site A,finanças,lateral,banner,celular,referência,6,4,1,0,0.01805,1,1,1,19.3,74.4,1,1.0,0.0,4.5125,0.6666666666666666,0.25,0.01805,18.05,1.0
2026-04-12,site A,entretenimento,rodapé fixo,banner,computador,redes sociais,4,4,1,0,0.01783,1,1,1,85.6,21.4,0,0.0,0.0,4.4575,1.0,0.25,0.01783,17.83,0.0
2026-04-12,site C,finanças,rodapé fixo,banner,celular,direto,5,4,3,0,0.01762,1,1,1,3.0,88.7,0,1.0,0.0,4.405,0.8,0.75,0.01762,17.62,0.0
2026-04-12,site A,finanças,topo da página,vídeo,computador,referência,2,2,1,0,0.0173,1,1,1,84.2,83.2,0,0.0,0.0,8.65,1.0,0.5,0.0173,17.3,0.0
2026-04-12,site A,esportes,meio do artigo,mídia rica,celular,redes sociais,3,3,2,1,0.01711,1,1,1,27.6,65.9,1,1.0,0.3333333333333333,5.703333333333333,1.0,0.6666666666666666,0.01711,17.11,1.0
2026-04-12,site B,notícias,rodapé fixo,banner,celular,orgânico,6,4,3,0,0.01696,1,1,1,25.3,63.1,1,1.0,0.0,4.24,0.6666666666666666,0.75,0.01696,16.96,1.0
2026-04-12,site B,esportes,meio do artigo,banner,tablet,newsletter,5,4,2,0,0.01667,1,1,1,55.2,57.3,0,0.0,0.0,4.1675,0.8,0.5,0.01667,16.67,0.0
2026-04-12,site C,finanças,intersticial,banner,celular,orgânico,6,4,3,0,0.01658,1,1,1,49.6,91.9,0,1.0,0.0,4.1450000000000005,0.6666666666666666,0.75,0.01658,16.580000000000002,0.0
2026-04-12,site B,tecnologia,lateral,banner,computador,orgânico,3,2,1,0,0.01643,1,1,1,28.6,26.1,0,0.0,0.0,8.215,0.6666666666666666,0.5,0.01643,16.43,0.0
2026-04-12,site B,finanças,meio do artigo,banner,celular,direto,4,4,3,0,0.01616,1,1,1,44.8,80.0,1,0.0,0.0,4.04,1.0,0.75,0.01616,16.16,1.0
2026-04-12,site A,tecnologia,topo da página,nativo,celular,orgânico,2,2,2,0,0.01568,1,1,1,71.3,44.6,0,1.0,0.0,7.84,1.0,1.0,0.01568,15.68,0.0
2026-04-12,site A,tecnologia,rodapé fixo,mídia rica,computador,direto,6,6,6,0,0.01562,1,1,1,81.6,78.2,0,1.0,0.0,2.6033333333333335,1.0,1.0,0.01562,15.620000000000001,0.0
2026-04-12,site B,entretenimento,rodapé fixo,nativo,computador,direto,4,3,3,0,0.01549,1,1,1,32.2,54.9,0,1.0,0.0,5.163333333333333,0.75,1.0,0.01549,15.49,0.0
2026-04-12,site A,tecnologia,topo da página,banner,celular,orgânico,5,5,2,0,0.01535,1,1,1,39.9,26.3,1,1.0,0.0,3.0700000000000003,1.0,0.4,0.01535,15.350000000000001,1.0
2026-04-12,site B,entretenimento,meio do artigo,vídeo,celular,redes sociais,3,3,2,0,0.01473,1,1,1,58.1,15.3,0,1.0,0.0,4.91,1.0,0.6666666666666666,0.01473,14.73,0.0
2026-04-12,site A,estilo de vida,lateral,nativo,celular,orgânico,5,3,1,0,0.01377,1,1,1,17.0,75.6,0,0.0,0.0,4.59,0.6,0.3333333333333333,0.01377,13.77,0.0
2026-04-12,site C,tecnologia,topo da página,nativo,computador,orgânico,3,2,2,0,0.01367,1,1,1,64.2,52.9,0,1.0,0.0,6.835,0.6666666666666666,1.0,0.01367,13.67,0.0
2026-04-12,site A,esportes,meio do artigo,vídeo,celular,orgânico,3,2,2,0,0.01354,1,1,1,47.2,61.7,1,0.0,0.0,6.77,0.6666666666666666,1.0,0.01354,13.54,1.0
2026-04-12,site B,notícias,meio do artigo,nativo,celular,direto,5,4,3,0,0.01307,1,1,1,46.8,37.1,1,1.0,0.0,3.2675,0.8,0.75,0.01307,13.07,1.0
2026-04-12,site A,entretenimento,meio do artigo,banner,celular,direto,5,4,2,0,0.01293,1,1,1,28.7,77.9,0,1.0,0.0,3.2325,0.8,0.5,0.01293,12.93,0.0
2026-04-12,site C,esportes,meio do artigo,banner,computador,orgânico,5,4,1,0,0.01293,1,1,1,45.4,74.3,0,1.0,0.0,3.2325,0.8,0.25,0.01293,12.93,0.0
2026-04-12,site A,estilo de vida,topo da página,banner,celular,newsletter,4,4,2,0,0.01266,1,1,1,99.3,60.3,0,1.0,0.0,3.165,1.0,0.5,0.01266,12.66,0.0
2026-04-12,site A,finanças,rodapé fixo,nativo,computador,redes sociais,4,3,3,0,0.0126,1,1,1,45.2,48.8,1,0.0,0.0,4.2,0.75,1.0,0.0126,12.6,1.0
2026-04-12,site A,entretenimento,lateral,banner,celular,orgânico,5,4,3,0,0.01249,1,1,1,203.0,25.0,0,1.0,0.0,3.1225,0.8,0.75,0.01249,12.49,0.0
2026-04-12,site C,tecnologia,meio do artigo,vídeo,celular,orgânico,3,2,1,0,0.01216,1,1,1,17.9,80.9,1,0.0,0.0,6.08,0.6666666666666666,0.5,0.01216,12.16,1.0
2026-04-12,site A,estilo de vida,topo da página,banner,tablet,referência,3,3,3,0,0.01175,1,1,1,82.9,53.1,0,0.0,0.0,3.9166666666666665,1.0,1.0,0.01175,11.75,0.0
2026-04-12,site A,estilo de vida,rodapé fixo,banner,celular,referência,3,3,3,0,0.01078,1,1,1,32.1,63.9,1,1.0,0.0,3.5933333333333333,1.0,1.0,0.01078,10.78,1.0
2026-04-12,site B,esportes,topo da página,vídeo,celular,orgânico,2,2,2,0,0.01068,1,1,1,37.5,49.3,0,0.0,0.0,5.34,1.0,1.0,0.01068,10.68,0.0
2026-04-12,site A,finanças,rodapé fixo,banner,computador,newsletter,6,3,2,0,0.01031,1,1,1,62.2,40.2,0,0.0,0.0,3.436666666666667,0.5,0.6666666666666666,0.01031,10.31,0.0
2026-04-12,site B,esportes,meio do artigo,nativo,computador,orgânico,3,2,2,0,0.00967,1,1,1,64.0,82.5,1,0.0,0.0,4.835,0.6666666666666666,1.0,0.00967,9.67,1.0
2026-04-12,site A,finanças,rodapé fixo,nativo,computador,orgânico,2,2,2,0,0.00939,1,1,1,27.3,19.8,1,1.0,0.0,4.695,1.0,1.0,0.00939,9.39,1.0
2026-04-12,site C,estilo de vida,rodapé fixo,banner,celular,direto,3,2,2,0,0.00905,1,1,1,109.4,29.2,0,0.0,0.0,4.525,0.6666666666666666,1.0,0.00905,9.05,0.0
2026-04-12,site A,estilo de vida,lateral,banner,celular,orgânico,2,2,2,0,0.00875,1,1,1,35.8,100.0,0,1.0,0.0,4.375,1.0,1.0,0.00875,8.75,0.0
2026-04-12,site A,tecnologia,rodapé fixo,banner,tablet,orgânico,4,2,2,0,0.00873,1,1,1,65.8,51.8,0,0.0,0.0,4.365,0.5,1.0,0.00873,8.73,0.0
2026-04-12,site A,entretenimento,lateral,nativo,celular,orgânico,5,3,2,0,0.00872,1,1,1,71.5,72.4,0,0.0,0.0,2.9066666666666667,0.6,0.6666666666666666,0.00872,8.72,0.0
2026-04-12,site A,estilo de vida,lateral,banner,computador,referência,3,2,1,0,0.00842,1,1,1,133.3,71.7,0,0.0,0.0,4.21,0.6666666666666666,0.5,0.00842,8.42,0.0
2026-04-12,site A,notícias,topo da página,nativo,computador,newsletter,3,2,0,0,0.00789,1,1,1,32.0,51.1,0,1.0,0.0,3.945,0.6666666666666666,0.0,0.00789,7.89,0.0
2026-04-12,site A,tecnologia,intersticial,vídeo,celular,orgânico,5,1,0,0,0.00698,1,1,1,8.9,5.8,0,0.0,0.0,6.98,0.2,0.0,0.00698,6.98,0.0
2026-04-12,site C,notícias,rodapé fixo,banner,celular,referência,3,2,2,0,0.00628,1,1,1,5.9,35.8,1,0.0,0.0,3.14,0.6666666666666666,1.0,0.00628,6.28,1.0
2026-04-12,site C,notícias,meio do artigo,nativo,computador,direto,2,2,2,0,0.00595,1,1,1,21.3,29.1,0,1.0,0.0,2.975,1.0,1.0,0.00595,5.95,0.0
2026-04-12,site B,entretenimento,rodapé fixo,vídeo,computador,redes sociais,3,1,0,0,0.0052,1,1,1,96.0,45.6,1,0.0,0.0,5.2,0.3333333333333333,0.0,0.0052,5.2,1.0
2026-04-12,site A,entretenimento,topo da página,banner,tablet,orgânico,5,4,2,0,0.00519,1,1,1,98.3,82.4,1,0.0,0.0,1.2975,0.8,0.5,0.00519,5.19,1.0
2026-04-12,site A,notícias,meio do artigo,banner,tablet,redes sociais,1,1,1,0,0.00515,1,1,1,38.4,1.0,1,1.0,0.0,5.15,1.0,1.0,0.00515,5.15,1.0
2026-04-12,site C,notícias,topo da página,vídeo,celular,orgânico,2,2,2,0,0.00502,1,1,1,107.3,40.4,0,0.0,0.0,2.5100000000000002,1.0,1.0,0.00502,5.0200000000000005,0.0
2026-04-12,site C,esportes,meio do artigo,banner,celular,direto,4,3,0,0,0.00499,1,1,1,76.8,71.7,0,1.0,0.0,1.663333333333333,0.75,0.0,0.00499,4.989999999999999,0.0
2026-04-12,site A,finanças,intersticial,banner,celular,referência,2,1,1,0,0.00457,1,1,1,33.7,44.3,0,0.0,0.0,4.57,0.5,1.0,0.00457,4.57,0.0
2026-04-12,site A,entretenimento,meio do artigo,nativo,computador,redes sociais,2,2,1,0,0.00316,1,1,1,63.7,49.5,0,1.0,0.0,1.58,1.0,0.5,0.00316,3.16,0.0
2026-04-12,site A,notícias,meio do artigo,banner,celular,orgânico,1,1,1,0,0.00307,1,1,1,34.4,8.1,0,0.0,0.0,3.07,1.0,1.0,0.00307,3.07,0.0
2026-04-12,site C,entretenimento,lateral,banner,celular,orgânico,1,1,1,0,0.00233,1,1,1,14.4,55.1,0,1.0,0.0,2.33,1.0,1.0,0.00233,2.33,0.0
2026-04-12,site A,entretenimento,rodapé fixo,mídia rica,celular,orgânico,1,1,1,0,0.00225,1,1,1,16.0,63.9,0,1.0,0.0,2.25,1.0,1.0,0.00225,2.25,0.0
2026-04-12,site C,esportes,topo da página,banner,celular,orgânico,1,1,0,0,0.00188,1,1,1,76.8,55.9,1,1.0,0.0,1.88,1.0,0.0,0.00188,1.88,1.0
2026-04-12,site B,entretenimento,meio do artigo,banner,celular,orgânico,1,1,0,0,0.00044,1,1,1,64.5,30.4,1,1.0,0.0,0.44,1.0,0.0,0.00044,0.44,1.0
2026-04-12,site A,estilo de vida,meio do artigo,nativo,computador,direto,1,1,1,0,0.00025,1,1,1,13.2,45.7,1,0.0,0.0,0.25,1.0,1.0,0.00025,0.25,1.0
2026-04-12,site A,tecnologia,intersticial,banner,celular,direto,2,1,1,0,0.0002,1,1,1,88.9,37.2,1,1.0,0.0,0.2,0.5,1.0,0.0002,0.2,1.0
2026-04-12,site C,esportes,topo da página,nativo,celular,direto,2,1,1,0,0.0001,1,1,1,40.3,73.4,1,1.0,0.0,0.1,0.5,1.0,0.0001,0.1,1.0
2026-04-12,site A,finanças,topo da página,banner,celular,orgânico,1,0,0,0,0.0,1,1,1,45.7,38.7,1,0.0,0.0,0.0,0.0,0.0,0.0,0.0,1.0
2026-04-12,site B,esportes,rodapé fixo,vídeo,tablet,orgânico,2,1,1,0,0.0,1,1,1,24.8,61.4,0,0.0,0.0,0.0,0.5,1.0,0.0,0.0,0.0
2026-04-12,site C,finanças,lateral,vídeo,celular,redes sociais,2,0,0,0,0.0,1,1,1,159.4,92.2,0,0.0,0.0,0.0,0.0,0.0,0.0,0.0,0.0
2026-04-13,site A,tecnologia,topo da página,nativo,computador,direto,6,6,5,0,0.04806,1,1,1,50.1,32.0,0,0.0,0.0,8.01,1.0,0.8333333333333334,0.04806,48.059999999999995,0.0
2026-04-13,site B,tecnologia,topo da página,banner,computador,orgânico,6,5,1,0,0.04416,1,1,1,66.4,100.0,1,0.0,0.0,8.831999999999999,0.8333333333333334,0.2,0.04416,44.16,1.0
2026-04-13,site A,notícias,topo da página,mídia rica,computador,redes sociais,6,5,5,0,0.03641,1,1,1,37.7,47.9,0,0.0,0.0,7.281999999999999,0.8333333333333334,1.0,0.03641,36.41,0.0
2026-04-13,site B,notícias,topo da página,mídia rica,computador,orgânico,5,4,2,0,0.0351,1,1,1,25.5,44.0,0,0.0,0.0,8.775,0.8,0.5,0.0351,35.1,0.0
2026-04-13,site B,notícias,meio do artigo,vídeo,computador,direto,6,5,4,0,0.03475,1,1,1,27.0,46.2,0,0.0,0.0,6.95,0.8333333333333334,0.8,0.03475,34.75,0.0
2026-04-13,site A,tecnologia,meio do artigo,nativo,celular,redes sociais,6,6,3,0,0.03141,1,1,1,61.9,24.8,1,0.0,0.0,5.235,1.0,0.5,0.03141,31.41,1.0
2026-04-13,site B,estilo de vida,lateral,vídeo,computador,redes sociais,6,5,3,0,0.0278,1,1,1,67.1,42.4,1,0.0,0.0,5.56,0.8333333333333334,0.6,0.0278,27.799999999999997,1.0
2026-04-13,site A,notícias,meio do artigo,banner,computador,orgânico,4,4,0,0,0.02681,1,1,1,72.1,21.6,0,0.0,0.0,6.702500000000001,1.0,0.0,0.02681,26.810000000000002,0.0
2026-04-13,site A,notícias,meio do artigo,banner,computador,referência,7,6,3,1,0.02446,2,2,2,68.65,52.65,1,0.0,0.16666666666666666,4.076666666666667,0.8571428571428571,0.5,0.01223,12.23,0.5
2026-04-13,site A,finanças,topo da página,nativo,celular,orgânico,5,4,2,0,0.02436,1,1,1,15.0,67.0,0,0.0,0.0,6.09,0.8,0.5,0.02436,24.36,0.0
2026-04-13,site A,tecnologia,topo da página,nativo,celular,orgânico,4,4,2,0,0.02422,1,1,1,162.7,44.4,1,0.0,0.0,6.055,1.0,0.5,0.02422,24.22,1.0
2026-04-13,site C,estilo de vida,topo da página,vídeo,celular,direto,6,5,5,0,0.02388,1,1,1,43.3,53.7,0,0.0,0.0,4.776,0.8333333333333334,1.0,0.02388,23.88,0.0
2026-04-13,site B,entretenimento,lateral,vídeo,celular,direto,4,3,2,0,0.02337,1,1,1,36.8,45.8,1,1.0,0.0,7.789999999999999,0.75,0.6666666666666666,0.02337,23.369999999999997,1.0
2026-04-13,site B,estilo de vida,meio do artigo,banner,celular,orgânico,11,7,5,0,0.02299,2,2,2,32.75,71.85,0,0.5,0.0,3.2842857142857143,0.6363636363636364,0.7142857142857143,0.011495,11.495,0.0
2026-04-13,site C,estilo de vida,topo da página,nativo,computador,referência,4,4,2,0,0.02274,1,1,1,8.5,41.6,0,0.0,0.0,5.685,1.0,0.5,0.02274,22.74,0.0
2026-04-13,site B,notícias,lateral,vídeo,celular,redes sociais,3,3,1,1,0.02251,1,1,1,40.9,38.5,0,0.0,0.3333333333333333,7.503333333333333,1.0,0.3333333333333333,0.02251,22.509999999999998,0.0
2026-04-13,site A,esportes,meio do artigo,vídeo,tablet,redes sociais,2,2,2,0,0.02192,1,1,1,47.9,40.0,0,1.0,0.0,10.959999999999999,1.0,1.0,0.02192,21.919999999999998,0.0
2026-04-13,site B,entretenimento,meio do artigo,vídeo,celular,referência,5,5,4,0,0.02187,2,2,2,29.15,57.4,0,0.0,0.0,4.3740000000000006,1.0,0.8,0.010935,10.935,0.0
2026-04-13,site C,esportes,topo da página,nativo,celular,referência,6,6,4,0,0.0205,1,1,1,34.2,43.8,0,0.0,0.0,3.4166666666666665,1.0,0.6666666666666666,0.0205,20.5,0.0
2026-04-13,site A,notícias,rodapé fixo,banner,computador,orgânico,6,5,4,0,0.01996,1,1,1,45.2,79.2,1,0.0,0.0,3.9919999999999995,0.8333333333333334,0.8,0.01996,19.959999999999997,1.0
2026-04-13,site A,tecnologia,rodapé fixo,banner,celular,direto,5,4,3,0,0.01952,1,1,1,63.8,52.6,0,0.0,0.0,4.88,0.8,0.75,0.01952,19.52,0.0
2026-04-13,site B,tecnologia,lateral,vídeo,celular,redes sociais,3,2,1,1,0.0194,1,1,1,114.3,82.8,0,0.0,0.5,9.700000000000001,0.6666666666666666,0.5,0.0194,19.400000000000002,0.0
2026-04-13,site B,tecnologia,meio do artigo,nativo,computador,newsletter,2,2,2,0,0.01872,1,1,1,36.5,64.9,0,0.0,0.0,9.36,1.0,1.0,0.01872,18.72,0.0
2026-04-13,site C,estilo de vida,topo da página,mídia rica,computador,orgânico,4,4,1,0,0.01856,1,1,1,89.3,45.5,0,0.0,0.0,4.64,1.0,0.25,0.01856,18.56,0.0
2026-04-13,site A,estilo de vida,meio do artigo,vídeo,celular,referência,3,3,3,0,0.01832,1,1,1,54.0,76.7,0,0.0,0.0,6.1066666666666665,1.0,1.0,0.01832,18.32,0.0
2026-04-13,site C,finanças,topo da página,mídia rica,computador,orgânico,6,4,3,0,0.01803,1,1,1,92.2,60.2,0,0.0,0.0,4.5075,0.6666666666666666,0.75,0.01803,18.03,0.0
2026-04-13,site A,notícias,topo da página,nativo,celular,orgânico,3,3,3,0,0.01768,1,1,1,52.4,57.9,0,1.0,0.0,5.8933333333333335,1.0,1.0,0.01768,17.68,0.0
2026-04-13,site A,esportes,meio do artigo,vídeo,celular,referência,2,2,2,0,0.01729,1,1,1,74.3,84.0,1,0.0,0.0,8.645,1.0,1.0,0.01729,17.29,1.0
2026-04-13,site B,esportes,intersticial,banner,computador,direto,3,3,1,1,0.01728,1,1,1,7.6,53.0,0,1.0,0.3333333333333333,5.760000000000001,1.0,0.3333333333333333,0.01728,17.28,0.0
2026-04-13,site C,tecnologia,topo da página,vídeo,computador,orgânico,2,1,0,0,0.0161,1,1,1,21.1,50.4,0,1.0,0.0,16.1,0.5,0.0,0.0161,16.1,0.0
2026-04-13,site A,tecnologia,topo da página,banner,celular,redes sociais,4,4,3,0,0.01525,1,1,1,76.4,73.7,1,0.0,0.0,3.8125,1.0,0.75,0.01525,15.25,1.0
2026-04-13,site A,finanças,lateral,banner,celular,redes sociais,3,3,2,0,0.01519,1,1,1,54.4,69.6,0,0.0,0.0,5.0633333333333335,1.0,0.6666666666666666,0.01519,15.19,0.0
2026-04-13,site C,tecnologia,lateral,banner,celular,direto,5,5,4,0,0.01512,2,2,2,77.35,68.3,1,0.0,0.0,3.024,1.0,0.8,0.00756,7.56,0.5
2026-04-13,site B,notícias,rodapé fixo,vídeo,tablet,orgânico,3,3,2,0,0.01509,1,1,1,154.1,39.3,0,0.0,0.0,5.03,1.0,0.6666666666666666,0.01509,15.09,0.0
2026-04-13,site B,entretenimento,meio do artigo,nativo,celular,newsletter,6,3,1,0,0.01466,1,1,1,83.0,43.4,0,0.0,0.0,4.886666666666667,0.5,0.3333333333333333,0.01466,14.66,0.0
2026-04-13,site A,estilo de vida,intersticial,nativo,computador,newsletter,5,3,2,0,0.01458,1,1,1,49.9,37.8,0,0.0,0.0,4.86,0.6,0.6666666666666666,0.01458,14.58,0.0
2026-04-13,site B,tecnologia,rodapé fixo,banner,computador,referência,6,3,3,0,0.01442,1,1,1,142.6,80.4,0,0.0,0.0,4.806666666666667,0.5,1.0,0.01442,14.42,0.0
2026-04-13,site A,estilo de vida,topo da página,vídeo,computador,orgânico,5,3,3,0,0.01425,1,1,1,60.0,50.6,1,1.0,0.0,4.75,0.6,1.0,0.01425,14.25,1.0
2026-04-13,site B,entretenimento,meio do artigo,mídia rica,computador,direto,5,4,3,0,0.014,1,1,1,124.3,53.2,0,1.0,0.0,3.5,0.8,0.75,0.014,14.0,0.0
2026-04-13,site B,tecnologia,meio do artigo,vídeo,computador,orgânico,3,1,1,0,0.01399,1,1,1,57.4,59.6,1,0.0,0.0,13.99,0.3333333333333333,1.0,0.01399,13.99,1.0
2026-04-13,site A,entretenimento,meio do artigo,nativo,computador,orgânico,5,3,0,0,0.0133,1,1,1,16.2,33.5,0,1.0,0.0,4.433333333333333,0.6,0.0,0.0133,13.299999999999999,0.0
2026-04-13,site C,tecnologia,lateral,banner,celular,newsletter,6,4,2,0,0.01288,1,1,1,125.3,46.8,0,0.0,0.0,3.22,0.6666666666666666,0.5,0.01288,12.88,0.0
2026-04-13,site A,entretenimento,topo da página,banner,computador,orgânico,3,3,2,0,0.01284,1,1,1,15.9,58.2,1,0.0,0.0,4.28,1.0,0.6666666666666666,0.01284,12.84,1.0
2026-04-13,site C,entretenimento,topo da página,vídeo,computador,direto,6,4,3,0,0.01249,1,1,1,19.3,67.2,0,1.0,0.0,3.1225,0.6666666666666666,0.75,0.01249,12.49,0.0
2026-04-13,site C,notícias,topo da página,banner,celular,direto,2,2,2,0,0.01243,1,1,1,130.7,79.1,1,0.0,0.0,6.215,1.0,1.0,0.01243,12.43,1.0
2026-04-13,site B,entretenimento,rodapé fixo,vídeo,computador,redes sociais,1,1,1,0,0.01238,1,1,1,64.2,51.2,1,1.0,0.0,12.38,1.0,1.0,0.01238,12.38,1.0
2026-04-13,site A,tecnologia,topo da página,banner,celular,orgânico,4,3,3,0,0.01195,1,1,1,58.6,54.4,0,0.0,0.0,3.983333333333334,0.75,1.0,0.01195,11.950000000000001,0.0
2026-04-13,site C,esportes,lateral,banner,celular,orgânico,4,4,2,0,0.01181,1,1,1,53.4,22.9,1,0.0,0.0,2.9524999999999997,1.0,0.5,0.01181,11.809999999999999,1.0
2026-04-13,site B,estilo de vida,intersticial,banner,tablet,redes sociais,6,5,2,0,0.01176,1,1,1,89.5,76.9,0,0.0,0.0,2.352,0.8333333333333334,0.4,0.01176,11.76,0.0
2026-04-13,site A,esportes,rodapé fixo,banner,computador,direto,4,2,2,0,0.01166,1,1,1,133.6,55.3,0,0.0,0.0,5.83,0.5,1.0,0.01166,11.66,0.0
2026-04-13,site A,finanças,topo da página,banner,celular,orgânico,3,2,2,0,0.01136,1,1,1,85.7,87.2,0,0.0,0.0,5.68,0.6666666666666666,1.0,0.01136,11.36,0.0
2026-04-13,site A,esportes,meio do artigo,nativo,celular,redes sociais,4,3,1,0,0.01091,1,1,1,59.0,48.8,0,0.0,0.0,3.6366666666666667,0.75,0.3333333333333333,0.01091,10.91,0.0
2026-04-13,site B,notícias,topo da página,banner,celular,direto,5,5,2,0,0.01086,1,1,1,48.3,71.3,1,0.0,0.0,2.1719999999999997,1.0,0.4,0.01086,10.86,1.0
2026-04-13,site C,estilo de vida,lateral,nativo,celular,newsletter,2,2,2,0,0.01084,1,1,1,110.7,85.0,1,0.0,0.0,5.42,1.0,1.0,0.01084,10.84,1.0
2026-04-13,site B,finanças,rodapé fixo,nativo,computador,referência,4,3,3,0,0.0108,1,1,1,74.6,58.8,1,0.0,0.0,3.6,0.75,1.0,0.0108,10.8,1.0
2026-04-13,site B,esportes,rodapé fixo,nativo,celular,redes sociais,5,2,2,0,0.0104,1,1,1,98.5,47.4,0,0.0,0.0,5.2,0.4,1.0,0.0104,10.4,0.0
2026-04-13,site B,notícias,lateral,mídia rica,celular,orgânico,4,2,1,0,0.01038,1,1,1,51.8,49.4,1,0.0,0.0,5.19,0.5,0.5,0.01038,10.38,1.0
2026-04-13,site A,tecnologia,meio do artigo,banner,celular,redes sociais,4,3,1,0,0.01027,1,1,1,27.7,53.2,0,1.0,0.0,3.4233333333333333,0.75,0.3333333333333333,0.01027,10.27,0.0
2026-04-13,site B,entretenimento,rodapé fixo,nativo,celular,orgânico,3,2,1,0,0.00969,1,1,1,72.3,100.0,1,1.0,0.0,4.845000000000001,0.6666666666666666,0.5,0.00969,9.690000000000001,1.0
2026-04-13,site B,notícias,rodapé fixo,vídeo,computador,newsletter,3,2,2,0,0.0096,1,1,1,25.9,20.1,0,0.0,0.0,4.8,0.6666666666666666,1.0,0.0096,9.6,0.0
2026-04-13,site B,estilo de vida,meio do artigo,banner,celular,newsletter,6,3,2,0,0.00943,1,1,1,145.8,50.9,1,0.0,0.0,3.143333333333333,0.5,0.6666666666666666,0.00943,9.43,1.0
2026-04-13,site B,finanças,meio do artigo,nativo,celular,orgânico,3,1,1,0,0.00942,1,1,1,53.0,55.8,1,0.0,0.0,9.42,0.3333333333333333,1.0,0.00942,9.42,1.0
2026-04-13,site B,esportes,meio do artigo,banner,celular,direto,3,2,2,0,0.00937,1,1,1,64.6,41.0,1,1.0,0.0,4.685,0.6666666666666666,1.0,0.00937,9.37,1.0
2026-04-13,site A,finanças,intersticial,mídia rica,tablet,redes sociais,1,1,1,0,0.00883,1,1,1,64.1,64.2,0,0.0,0.0,8.83,1.0,1.0,0.00883,8.83,0.0
2026-04-13,site B,notícias,lateral,nativo,celular,redes sociais,2,1,1,0,0.00881,1,1,1,27.0,51.6,0,1.0,0.0,8.81,0.5,1.0,0.00881,8.81,0.0
2026-04-13,site A,entretenimento,lateral,mídia rica,computador,referência,1,1,0,0,0.00838,1,1,1,94.6,47.3,0,0.0,0.0,8.38,1.0,0.0,0.00838,8.38,0.0
2026-04-13,site C,entretenimento,meio do artigo,nativo,celular,orgânico,2,2,1,0,0.00832,1,1,1,80.7,25.7,1,0.0,0.0,4.159999999999999,1.0,0.5,0.00832,8.319999999999999,1.0
2026-04-13,site B,tecnologia,meio do artigo,nativo,celular,referência,3,3,3,0,0.00829,1,1,1,121.6,67.7,1,0.0,0.0,2.7633333333333336,1.0,1.0,0.00829,8.290000000000001,1.0
2026-04-13,site A,esportes,lateral,nativo,celular,referência,1,1,0,0,0.00813,1,1,1,21.8,80.2,0,0.0,0.0,8.13,1.0,0.0,0.00813,8.13,0.0
2026-04-13,site C,finanças,intersticial,nativo,celular,referência,2,1,0,0,0.00811,1,1,1,24.8,44.6,0,1.0,0.0,8.11,0.5,0.0,0.00811,8.11,0.0
2026-04-13,site A,entretenimento,meio do artigo,mídia rica,computador,orgânico,3,2,1,0,0.00791,1,1,1,32.8,20.5,1,0.0,0.0,3.955,0.6666666666666666,0.5,0.00791,7.91,1.0
2026-04-13,site A,esportes,lateral,banner,celular,orgânico,4,3,0,0,0.00722,2,2,2,98.75,82.0,0,0.0,0.0,2.4066666666666667,0.75,0.0,0.00361,3.61,0.0
2026-04-13,site B,tecnologia,meio do artigo,vídeo,computador,redes sociais,1,1,0,0,0.00719,1,1,1,43.5,31.7,0,1.0,0.0,7.19,1.0,0.0,0.00719,7.19,0.0
2026-04-13,site A,notícias,rodapé fixo,vídeo,computador,direto,1,1,1,0,0.00704,1,1,1,112.8,37.6,1,1.0,0.0,7.04,1.0,1.0,0.00704,7.04,1.0
2026-04-13,site A,estilo de vida,rodapé fixo,mídia rica,tablet,direto,3,3,1,0,0.00698,1,1,1,62.2,68.2,0,1.0,0.0,2.3266666666666667,1.0,0.3333333333333333,0.00698,6.98,0.0
2026-04-13,site B,entretenimento,intersticial,banner,tablet,redes sociais,4,1,1,1,0.00658,1,1,1,18.6,43.0,0,0.0,1.0,6.58,0.25,1.0,0.00658,6.58,0.0
2026-04-13,site C,notícias,topo da página,banner,computador,direto,3,2,1,0,0.00582,1,1,1,22.9,10.2,1,1.0,0.0,2.9099999999999997,0.6666666666666666,0.5,0.00582,5.819999999999999,1.0
2026-04-13,site B,estilo de vida,lateral,banner,computador,orgânico,1,1,0,0,0.00542,1,1,1,59.7,44.8,1,0.0,0.0,5.42,1.0,0.0,0.00542,5.42,1.0
2026-04-13,site A,entretenimento,rodapé fixo,mídia rica,computador,orgânico,2,2,2,0,0.0053,1,1,1,15.0,47.4,1,1.0,0.0,2.65,1.0,1.0,0.0053,5.3,1.0
2026-04-13,site B,esportes,meio do artigo,banner,computador,redes sociais,3,1,1,0,0.00527,1,1,1,38.9,41.0,0,0.0,0.0,5.2700000000000005,0.3333333333333333,1.0,0.00527,5.2700000000000005,0.0
2026-04-13,site A,tecnologia,topo da página,banner,computador,redes sociais,3,1,0,0,0.00457,1,1,1,13.7,62.9,0,1.0,0.0,4.57,0.3333333333333333,0.0,0.00457,4.57,0.0
2026-04-13,site A,entretenimento,rodapé fixo,mídia rica,celular,orgânico,1,1,1,0,0.0045,1,1,1,28.9,50.7,1,0.0,0.0,4.5,1.0,1.0,0.0045,4.5,1.0
2026-04-13,site A,esportes,lateral,nativo,celular,newsletter,2,1,0,0,0.00417,1,1,1,49.9,67.6,1,1.0,0.0,4.17,0.5,0.0,0.00417,4.17,1.0
2026-04-13,site C,tecnologia,topo da página,nativo,celular,newsletter,2,2,1,0,0.00413,1,1,1,40.1,52.9,0,0.0,0.0,2.065,1.0,0.5,0.00413,4.13,0.0
2026-04-13,site A,entretenimento,meio do artigo,nativo,celular,direto,1,1,1,0,0.00289,1,1,1,73.9,59.6,0,0.0,0.0,2.89,1.0,1.0,0.00289,2.89,0.0
2026-04-13,site B,estilo de vida,lateral,mídia rica,celular,redes sociais,1,1,0,0,0.00243,1,1,1,50.8,68.6,0,0.0,0.0,2.4299999999999997,1.0,0.0,0.00243,2.4299999999999997,0.0
2026-04-13,site A,tecnologia,rodapé fixo,banner,computador,orgânico,2,1,1,0,0.00235,1,1,1,47.9,51.3,0,0.0,0.0,2.35,0.5,1.0,0.00235,2.35,0.0
2026-04-13,site A,notícias,intersticial,nativo,celular,orgânico,2,1,1,0,0.00154,1,1,1,52.6,80.3,0,0.0,0.0,1.5399999999999998,0.5,1.0,0.00154,1.5399999999999998,0.0
2026-04-13,site A,esportes,rodapé fixo,vídeo,celular,orgânico,1,1,0,0,0.00151,1,1,1,103.4,82.7,1,0.0,0.0,1.51,1.0,0.0,0.00151,1.51,1.0
2026-04-13,site B,tecnologia,lateral,banner,computador,orgânico,1,0,0,0,0.00137,1,1,1,32.5,48.0,1,1.0,0.0,0.0,0.0,0.0,0.00137,1.3699999999999999,1.0
2026-04-13,site A,esportes,intersticial,banner,computador,orgânico,1,0,0,0,0.0,1,1,1,27.7,27.6,1,0.0,0.0,0.0,0.0,0.0,0.0,0.0,1.0
2026-04-13,site A,tecnologia,meio do artigo,banner,celular,direto,1,0,0,0,0.0,1,1,1,44.8,57.5,1,0.0,0.0,0.0,0.0,0.0,0.0,0.0,1.0
2026-04-14,site B,tecnologia,rodapé fixo,mídia rica,computador,orgânico,5,4,2,0,0.06026,1,1,1,17.8,48.0,0,0.0,0.0,15.065,0.8,0.5,0.06026,60.26,0.0
2026-04-14,site A,finanças,topo da página,banner,computador,direto,4,3,1,0,0.05672,1,1,1,33.2,74.6,1,1.0,0.0,18.906666666666666,0.75,0.3333333333333333,0.05672,56.72,1.0
2026-04-14,site B,tecnologia,topo da página,vídeo,celular,newsletter,5,4,3,0,0.05119,1,1,1,40.2,40.0,0,1.0,0.0,12.7975,0.8,0.75,0.05119,51.19,0.0
2026-04-14,site A,esportes,meio do artigo,banner,computador,referência,6,5,1,0,0.0457,1,1,1,115.6,31.8,0,1.0,0.0,9.139999999999999,0.8333333333333334,0.2,0.0457,45.699999999999996,0.0
2026-04-14,site A,tecnologia,topo da página,vídeo,tablet,newsletter,4,4,3,0,0.04474,1,1,1,46.0,69.7,0,0.0,0.0,11.185,1.0,0.75,0.04474,44.74,0.0
2026-04-14,site B,notícias,rodapé fixo,banner,celular,redes sociais,6,5,5,0,0.04376,1,1,1,25.2,87.6,0,0.0,0.0,8.751999999999999,0.8333333333333334,1.0,0.04376,43.76,0.0
2026-04-14,site C,notícias,lateral,nativo,computador,orgânico,6,6,3,0,0.04239,1,1,1,54.8,24.8,0,1.0,0.0,7.065,1.0,0.5,0.04239,42.39,0.0
2026-04-14,site C,esportes,topo da página,nativo,celular,newsletter,5,3,3,0,0.03906,1,1,1,147.9,84.8,1,0.0,0.0,13.019999999999998,0.6,1.0,0.03906,39.059999999999995,1.0
2026-04-14,site C,finanças,rodapé fixo,mídia rica,computador,redes sociais,5,3,1,0,0.03713,1,1,1,43.0,50.1,0,0.0,0.0,12.376666666666667,0.6,0.3333333333333333,0.03713,37.13,0.0
2026-04-14,site A,entretenimento,topo da página,vídeo,celular,redes sociais,5,4,2,0,0.03328,1,1,1,39.9,58.1,0,0.0,0.0,8.319999999999999,0.8,0.5,0.03328,33.279999999999994,0.0
2026-04-14,site A,tecnologia,rodapé fixo,mídia rica,celular,orgânico,2,2,0,0,0.03233,1,1,1,27.7,78.7,1,0.0,0.0,16.165,1.0,0.0,0.03233,32.33,1.0
2026-04-14,site C,notícias,meio do artigo,banner,computador,redes sociais,6,4,3,0,0.03195,1,1,1,137.6,86.6,1,1.0,0.0,7.9875,0.6666666666666666,0.75,0.03195,31.95,1.0
2026-04-14,site B,esportes,lateral,banner,celular,newsletter,6,5,0,0,0.0298,1,1,1,89.5,35.1,0,0.0,0.0,5.96,0.8333333333333334,0.0,0.0298,29.8,0.0
2026-04-14,site B,esportes,topo da página,vídeo,computador,orgânico,5,5,5,0,0.02971,1,1,1,78.0,45.0,1,0.0,0.0,5.942,1.0,1.0,0.02971,29.71,1.0
2026-04-14,site A,tecnologia,lateral,banner,celular,redes sociais,4,3,1,0,0.02941,1,1,1,61.4,58.9,0,0.0,0.0,9.803333333333333,0.75,0.3333333333333333,0.02941,29.41,0.0
2026-04-14,site A,tecnologia,rodapé fixo,nativo,computador,direto,3,3,1,0,0.02921,1,1,1,37.4,55.2,0,0.0,0.0,9.736666666666666,1.0,0.3333333333333333,0.02921,29.21,0.0
2026-04-14,site A,finanças,intersticial,banner,computador,direto,5,4,3,0,0.02915,1,1,1,21.1,81.6,0,1.0,0.0,7.2875,0.8,0.75,0.02915,29.15,0.0
2026-04-14,site A,finanças,topo da página,nativo,computador,orgânico,6,5,1,0,0.02909,1,1,1,133.0,33.1,0,0.0,0.0,5.818,0.8333333333333334,0.2,0.02909,29.09,0.0
2026-04-14,site A,tecnologia,lateral,banner,celular,newsletter,6,6,3,0,0.02814,1,1,1,34.5,44.2,0,0.0,0.0,4.6899999999999995,1.0,0.5,0.02814,28.139999999999997,0.0
2026-04-14,site A,finanças,meio do artigo,nativo,computador,direto,4,4,4,0,0.02613,1,1,1,108.1,51.5,0,0.0,0.0,6.5325,1.0,1.0,0.02613,26.13,0.0
2026-04-14,site A,tecnologia,meio do artigo,vídeo,celular,orgânico,5,4,2,0,0.0258,1,1,1,19.0,67.0,0,0.0,0.0,6.45,0.8,0.5,0.0258,25.8,0.0
2026-04-14,site A,finanças,topo da página,nativo,celular,orgânico,10,8,4,0,0.02556,2,2,2,53.1,50.9,1,0.0,0.0,3.195,0.8,0.5,0.01278,12.78,0.5
2026-04-14,site B,entretenimento,topo da página,nativo,computador,orgânico,5,5,2,1,0.02543,1,1,1,82.4,60.6,1,0.0,0.2,5.086,1.0,0.4,0.02543,25.43,1.0
2026-04-14,site C,notícias,meio do artigo,banner,celular,orgânico,6,6,5,0,0.02527,1,1,1,20.4,74.5,0,0.0,0.0,4.211666666666667,1.0,0.8333333333333334,0.02527,25.27,0.0
2026-04-14,site A,esportes,meio do artigo,vídeo,computador,direto,5,3,2,0,0.0247,1,1,1,22.7,38.1,0,1.0,0.0,8.233333333333333,0.6,0.6666666666666666,0.0247,24.7,0.0
2026-04-14,site B,finanças,meio do artigo,nativo,tablet,orgânico,3,3,3,0,0.0246,1,1,1,30.6,43.7,0,1.0,0.0,8.200000000000001,1.0,1.0,0.0246,24.6,0.0
2026-04-14,site A,entretenimento,lateral,banner,celular,orgânico,6,5,2,0,0.02368,1,1,1,52.9,64.1,0,1.0,0.0,4.736,0.8333333333333334,0.4,0.02368,23.68,0.0
2026-04-14,site B,tecnologia,meio do artigo,nativo,computador,orgânico,6,4,3,0,0.02363,1,1,1,48.8,44.7,0,1.0,0.0,5.907500000000001,0.6666666666666666,0.75,0.02363,23.630000000000003,0.0
2026-04-14,site B,estilo de vida,topo da página,vídeo,tablet,orgânico,4,3,0,0,0.02243,1,1,1,70.4,56.9,1,0.0,0.0,7.476666666666667,0.75,0.0,0.02243,22.43,1.0
2026-04-14,site B,finanças,meio do artigo,nativo,celular,newsletter,6,4,3,0,0.02235,1,1,1,85.0,56.8,0,0.0,0.0,5.5874999999999995,0.6666666666666666,0.75,0.02235,22.349999999999998,0.0
2026-04-14,site A,finanças,meio do artigo,nativo,celular,referência,3,3,1,1,0.02228,1,1,1,17.1,70.9,0,0.0,0.3333333333333333,7.426666666666667,1.0,0.3333333333333333,0.02228,22.28,0.0
2026-04-14,site C,estilo de vida,meio do artigo,vídeo,celular,redes sociais,6,6,2,0,0.02211,1,1,1,62.2,79.3,0,0.0,0.0,3.685,1.0,0.3333333333333333,0.02211,22.11,0.0
2026-04-14,site C,tecnologia,lateral,banner,tablet,orgânico,4,4,2,0,0.02164,1,1,1,73.6,57.2,0,1.0,0.0,5.41,1.0,0.5,0.02164,21.64,0.0
2026-04-14,site A,esportes,rodapé fixo,nativo,celular,orgânico,4,3,3,0,0.02097,1,1,1,48.4,5.9,0,0.0,0.0,6.989999999999999,0.75,1.0,0.02097,20.97,0.0
2026-04-14,site A,tecnologia,lateral,banner,computador,orgânico,3,3,1,0,0.02086,1,1,1,50.1,90.1,0,0.0,0.0,6.953333333333333,1.0,0.3333333333333333,0.02086,20.86,0.0
2026-04-14,site B,notícias,rodapé fixo,nativo,computador,referência,4,2,2,0,0.01913,1,1,1,60.5,36.4,0,0.0,0.0,9.565000000000001,0.5,1.0,0.01913,19.130000000000003,0.0
2026-04-14,site A,finanças,meio do artigo,mídia rica,celular,direto,6,3,2,0,0.01868,1,1,1,73.6,65.0,0,1.0,0.0,6.226666666666667,0.5,0.6666666666666666,0.01868,18.68,0.0
2026-04-14,site B,estilo de vida,topo da página,banner,tablet,orgânico,3,3,1,0,0.01868,1,1,1,84.3,97.0,1,0.0,0.0,6.226666666666667,1.0,0.3333333333333333,0.01868,18.68,1.0
2026-04-14,site B,notícias,topo da página,nativo,computador,orgânico,5,5,2,0,0.01828,1,1,1,15.1,57.8,0,1.0,0.0,3.656,1.0,0.4,0.01828,18.28,0.0
2026-04-14,site A,esportes,meio do artigo,mídia rica,tablet,orgânico,6,5,2,0,0.01813,1,1,1,9.9,33.2,0,0.0,0.0,3.626,0.8333333333333334,0.4,0.01813,18.13,0.0
2026-04-14,site A,tecnologia,topo da página,banner,computador,orgânico,4,3,3,0,0.01796,1,1,1,56.9,72.5,0,0.0,0.0,5.986666666666667,0.75,1.0,0.01796,17.96,0.0
2026-04-14,site C,tecnologia,rodapé fixo,banner,tablet,newsletter,5,3,2,0,0.01773,1,1,1,41.4,63.0,0,0.0,0.0,5.91,0.6,0.6666666666666666,0.01773,17.73,0.0
2026-04-14,site A,entretenimento,meio do artigo,banner,celular,redes sociais,3,3,2,0,0.01674,1,1,1,50.7,47.7,0,1.0,0.0,5.580000000000001,1.0,0.6666666666666666,0.01674,16.740000000000002,0.0
2026-04-14,site C,tecnologia,lateral,banner,tablet,newsletter,4,4,2,0,0.01648,1,1,1,44.2,50.4,0,1.0,0.0,4.12,1.0,0.5,0.01648,16.48,0.0
2026-04-14,site B,notícias,rodapé fixo,nativo,celular,orgânico,3,3,1,0,0.01631,1,1,1,49.2,40.5,1,0.0,0.0,5.436666666666667,1.0,0.3333333333333333,0.01631,16.310000000000002,1.0
2026-04-14,site B,entretenimento,meio do artigo,nativo,tablet,direto,6,5,3,0,0.01582,1,1,1,68.1,100.0,0,0.0,0.0,3.164,0.8333333333333334,0.6,0.01582,15.82,0.0
2026-04-14,site B,esportes,rodapé fixo,vídeo,tablet,direto,2,2,1,0,0.01528,1,1,1,146.9,41.7,0,1.0,0.0,7.64,1.0,0.5,0.01528,15.28,0.0
2026-04-14,site A,notícias,meio do artigo,vídeo,tablet,direto,3,2,0,0,0.01517,1,1,1,97.7,59.4,0,0.0,0.0,7.585,0.6666666666666666,0.0,0.01517,15.17,0.0
2026-04-14,site A,estilo de vida,meio do artigo,vídeo,tablet,redes sociais,4,4,3,0,0.01478,1,1,1,60.3,43.4,1,0.0,0.0,3.695,1.0,0.75,0.01478,14.78,1.0
2026-04-14,site A,finanças,meio do artigo,vídeo,celular,orgânico,2,2,2,0,0.01459,1,1,1,65.5,81.6,0,0.0,0.0,7.295,1.0,1.0,0.01459,14.59,0.0
2026-04-14,site B,finanças,meio do artigo,banner,computador,newsletter,6,4,4,0,0.01419,1,1,1,176.1,65.8,0,1.0,0.0,3.5475,0.6666666666666666,1.0,0.01419,14.19,0.0
2026-04-14,site B,finanças,lateral,vídeo,computador,redes sociais,2,1,0,0,0.01407,1,1,1,82.8,94.9,0,0.0,0.0,14.069999999999999,0.5,0.0,0.01407,14.069999999999999,0.0
2026-04-14,site A,estilo de vida,lateral,vídeo,celular,orgânico,5,3,2,0,0.01404,1,1,1,73.6,65.9,1,0.0,0.0,4.680000000000001,0.6,0.6666666666666666,0.01404,14.040000000000001,1.0
2026-04-14,site B,finanças,topo da página,nativo,computador,redes sociais,1,1,1,0,0.01403,1,1,1,25.6,25.2,1,0.0,0.0,14.030000000000001,1.0,1.0,0.01403,14.030000000000001,1.0
2026-04-14,site A,esportes,topo da página,vídeo,celular,direto,3,2,1,0,0.01348,1,1,1,81.4,47.5,0,1.0,0.0,6.74,0.6666666666666666,0.5,0.01348,13.48,0.0
2026-04-14,site B,entretenimento,rodapé fixo,banner,computador,orgânico,4,3,2,0,0.01337,1,1,1,26.7,57.7,1,1.0,0.0,4.456666666666666,0.75,0.6666666666666666,0.01337,13.37,1.0
2026-04-14,site C,finanças,topo da página,banner,celular,direto,3,3,2,0,0.0133,1,1,1,94.3,69.0,1,1.0,0.0,4.433333333333333,1.0,0.6666666666666666,0.0133,13.299999999999999,1.0
2026-04-14,site A,notícias,topo da página,banner,celular,redes sociais,3,2,2,0,0.01257,1,1,1,63.7,44.3,1,1.0,0.0,6.285,0.6666666666666666,1.0,0.01257,12.57,1.0
2026-04-14,site A,esportes,topo da página,mídia rica,computador,orgânico,1,1,0,0,0.01256,1,1,1,120.7,61.7,1,0.0,0.0,12.56,1.0,0.0,0.01256,12.56,1.0
2026-04-14,site B,esportes,topo da página,vídeo,computador,direto,2,2,2,0,0.01235,1,1,1,50.9,77.9,0,1.0,0.0,6.175,1.0,1.0,0.01235,12.35,0.0
2026-04-14,site B,finanças,rodapé fixo,mídia rica,computador,redes sociais,1,1,1,0,0.01226,1,1,1,34.5,72.5,1,0.0,0.0,12.26,1.0,1.0,0.01226,12.26,1.0
2026-04-14,site A,entretenimento,topo da página,banner,celular,orgânico,4,4,2,0,0.0119,1,1,1,52.3,59.2,1,0.0,0.0,2.975,1.0,0.5,0.0119,11.9,1.0
2026-04-14,site A,esportes,rodapé fixo,nativo,computador,orgânico,4,2,2,0,0.01186,1,1,1,61.1,69.7,1,0.0,0.0,5.930000000000001,0.5,1.0,0.01186,11.860000000000001,1.0
2026-04-14,site C,finanças,topo da página,banner,computador,orgânico,5,3,0,0,0.01169,1,1,1,32.2,76.3,0,0.0,0.0,3.896666666666667,0.6,0.0,0.01169,11.690000000000001,0.0
2026-04-14,site B,entretenimento,topo da página,banner,celular,orgânico,4,3,2,0,0.01067,1,1,1,133.2,59.6,1,0.0,0.0,3.5566666666666666,0.75,0.6666666666666666,0.01067,10.67,1.0
2026-04-14,site B,notícias,rodapé fixo,banner,celular,newsletter,6,5,4,0,0.01056,1,1,1,139.5,38.9,0,0.0,0.0,2.112,0.8333333333333334,0.8,0.01056,10.56,0.0
2026-04-14,site C,esportes,meio do artigo,banner,celular,redes sociais,2,2,1,0,0.01041,1,1,1,11.5,59.6,1,0.0,0.0,5.205,1.0,0.5,0.01041,10.41,1.0
2026-04-14,site B,notícias,rodapé fixo,vídeo,celular,referência,2,2,1,0,0.01036,1,1,1,118.7,44.2,0,1.0,0.0,5.18,1.0,0.5,0.01036,10.36,0.0
2026-04-14,site A,esportes,meio do artigo,banner,computador,orgânico,2,2,2,0,0.00993,1,1,1,10.3,69.4,0,0.0,0.0,4.965,1.0,1.0,0.00993,9.93,0.0
2026-04-14,site C,notícias,meio do artigo,banner,computador,orgânico,4,3,1,0,0.00977,1,1,1,10.7,66.4,0,0.0,0.0,3.2566666666666664,0.75,0.3333333333333333,0.00977,9.77,0.0
2026-04-14,site A,esportes,rodapé fixo,banner,computador,orgânico,2,2,1,0,0.00938,1,1,1,42.0,28.1,1,0.0,0.0,4.6899999999999995,1.0,0.5,0.00938,9.379999999999999,1.0
2026-04-14,site A,entretenimento,meio do artigo,banner,celular,orgânico,3,2,1,0,0.00927,1,1,1,33.6,81.6,0,0.0,0.0,4.635,0.6666666666666666,0.5,0.00927,9.27,0.0
2026-04-14,site B,esportes,lateral,banner,celular,direto,2,2,0,0,0.00896,1,1,1,93.9,58.1,0,0.0,0.0,4.4799999999999995,1.0,0.0,0.00896,8.959999999999999,0.0
2026-04-14,site B,notícias,topo da página,banner,celular,referência,4,2,2,0,0.0089,1,1,1,29.1,81.2,1,0.0,0.0,4.45,0.5,1.0,0.0089,8.9,1.0
2026-04-14,site C,entretenimento,topo da página,mídia rica,celular,newsletter,5,4,3,0,0.00877,1,1,1,69.4,47.3,1,1.0,0.0,2.1925,0.8,0.75,0.00877,8.77,1.0
2026-04-14,site A,tecnologia,lateral,banner,tablet,direto,5,4,2,0,0.00876,1,1,1,98.3,83.3,1,0.0,0.0,2.19,0.8,0.5,0.00876,8.76,1.0
2026-04-14,site A,esportes,lateral,banner,computador,redes sociais,1,1,0,0,0.00867,1,1,1,58.7,38.0,0,0.0,0.0,8.67,1.0,0.0,0.00867,8.67,0.0
2026-04-14,site B,entretenimento,lateral,banner,tablet,orgânico,6,5,4,0,0.00848,1,1,1,71.0,60.8,0,0.0,0.0,1.6960000000000002,0.8333333333333334,0.8,0.00848,8.48,0.0
2026-04-14,site C,estilo de vida,rodapé fixo,banner,computador,direto,3,3,2,0,0.00841,1,1,1,32.4,70.7,0,0.0,0.0,2.8033333333333332,1.0,0.6666666666666666,0.00841,8.41,0.0
2026-04-14,site B,tecnologia,lateral,vídeo,computador,direto,1,1,1,0,0.0084,1,1,1,35.2,61.2,0,0.0,0.0,8.4,1.0,1.0,0.0084,8.4,0.0
2026-04-14,site B,notícias,meio do artigo,nativo,computador,direto,5,4,2,0,0.00838,1,1,1,30.3,22.3,1,0.0,0.0,2.095,0.8,0.5,0.00838,8.38,1.0
2026-04-14,site C,tecnologia,meio do artigo,mídia rica,tablet,orgânico,1,1,0,0,0.00732,1,1,1,63.9,28.7,0,0.0,0.0,7.32,1.0,0.0,0.00732,7.32,0.0
2026-04-14,site B,entretenimento,lateral,vídeo,computador,direto,2,2,1,0,0.00708,1,1,1,40.4,72.1,0,0.0,0.0,3.54,1.0,0.5,0.00708,7.08,0.0
2026-04-14,site C,estilo de vida,intersticial,banner,computador,redes sociais,2,1,1,0,0.00701,1,1,1,53.1,52.4,0,0.0,0.0,7.01,0.5,1.0,0.00701,7.01,0.0
2026-04-14,site C,tecnologia,intersticial,mídia rica,celular,referência,2,1,1,0,0.00697,1,1,1,33.9,85.8,0,0.0,0.0,6.97,0.5,1.0,0.00697,6.97,0.0
2026-04-14,site A,entretenimento,topo da página,vídeo,celular,orgânico,2,1,0,0,0.0065,1,1,1,92.7,28.4,1,0.0,0.0,6.5,0.5,0.0,0.0065,6.5,1.0
2026-04-14,site C,estilo de vida,lateral,mídia rica,celular,referência,2,1,0,0,0.00647,1,1,1,141.8,48.4,1,0.0,0.0,6.47,0.5,0.0,0.00647,6.47,1.0
2026-04-14,site C,esportes,topo da página,banner,celular,orgânico,3,1,1,0,0.00638,1,1,1,17.3,84.3,0,0.0,0.0,6.38,0.3333333333333333,1.0,0.00638,6.38,0.0
2026-04-14,site B,esportes,lateral,banner,tablet,orgânico,1,1,0,0,0.0059,1,1,1,121.3,63.9,1,0.0,0.0,5.8999999999999995,1.0,0.0,0.0059,5.8999999999999995,1.0
2026-04-14,site A,entretenimento,topo da página,banner,computador,direto,1,1,0,0,0.00576,1,1,1,59.6,47.0,1,0.0,0.0,5.760000000000001,1.0,0.0,0.00576,5.760000000000001,1.0
2026-04-14,site A,esportes,rodapé fixo,vídeo,computador,direto,1,1,1,0,0.00556,1,1,1,20.5,63.8,0,0.0,0.0,5.56,1.0,1.0,0.00556,5.56,0.0
2026-04-14,site A,estilo de vida,meio do artigo,mídia rica,celular,direto,1,1,1,0,0.00547,1,1,1,3.0,58.2,1,0.0,0.0,5.47,1.0,1.0,0.00547,5.47,1.0
2026-04-14,site A,notícias,rodapé fixo,banner,celular,redes sociais,3,3,3,0,0.00487,1,1,1,28.4,68.4,1,0.0,0.0,1.6233333333333333,1.0,1.0,0.00487,4.87,1.0
2026-04-14,site C,esportes,lateral,banner,celular,orgânico,3,2,0,0,0.00487,1,1,1,74.1,56.3,1,0.0,0.0,2.435,0.6666666666666666,0.0,0.00487,4.87,1.0
2026-04-14,site A,esportes,lateral,mídia rica,computador,orgânico,1,1,1,0,0.00481,1,1,1,69.6,70.2,0,0.0,0.0,4.81,1.0,1.0,0.00481,4.81,0.0
2026-04-14,site A,notícias,topo da página,nativo,celular,direto,5,2,2,0,0.00473,1,1,1,71.8,51.6,0,0.0,0.0,2.3649999999999998,0.4,1.0,0.00473,4.7299999999999995,0.0
2026-04-14,site A,entretenimento,lateral,mídia rica,celular,redes sociais,6,4,2,0,0.00469,1,1,1,15.1,81.6,1,1.0,0.0,1.1724999999999999,0.6666666666666666,0.5,0.00469,4.6899999999999995,1.0
2026-04-14,site B,entretenimento,rodapé fixo,nativo,computador,orgânico,4,2,1,0,0.00469,1,1,1,12.3,37.1,0,0.0,0.0,2.3449999999999998,0.5,0.5,0.00469,4.6899999999999995,0.0
2026-04-14,site B,estilo de vida,topo da página,nativo,tablet,direto,3,2,2,0,0.00434,1,1,1,65.2,29.6,0,1.0,0.0,2.17,0.6666666666666666,1.0,0.00434,4.34,0.0
2026-04-14,site B,estilo de vida,intersticial,banner,celular,referência,1,1,0,0,0.00402,1,1,1,97.3,42.7,0,0.0,0.0,4.0200000000000005,1.0,0.0,0.00402,4.0200000000000005,0.0
2026-04-14,site B,notícias,lateral,nativo,celular,orgânico,2,2,2,0,0.00386,1,1,1,64.0,44.8,1,0.0,0.0,1.9300000000000002,1.0,1.0,0.00386,3.8600000000000003,1.0
2026-04-14,site B,notícias,meio do artigo,banner,celular,newsletter,2,1,1,0,0.00384,1,1,1,51.6,44.4,1,0.0,0.0,3.8400000000000003,0.5,1.0,0.00384,3.8400000000000003,1.0
2026-04-14,site A,estilo de vida,topo da página,mídia rica,celular,redes sociais,1,1,1,0,0.00371,1,1,1,57.3,66.0,1,1.0,0.0,3.7100000000000004,1.0,1.0,0.00371,3.7100000000000004,1.0
2026-04-14,site C,notícias,meio do artigo,vídeo,celular,newsletter,1,1,1,0,0.00371,1,1,1,109.0,34.9,1,0.0,0.0,3.7100000000000004,1.0,1.0,0.00371,3.7100000000000004,1.0
2026-04-14,site B,finanças,meio do artigo,mídia rica,celular,redes sociais,2,1,0,0,0.00341,1,1,1,37.7,89.9,1,1.0,0.0,3.4099999999999997,0.5,0.0,0.00341,3.4099999999999997,1.0
2026-04-14,site B,tecnologia,topo da página,nativo,celular,referência,4,1,0,0,0.00328,2,2,2,29.6,53.75,2,0.5,0.0,3.28,0.25,0.0,0.00164,1.64,1.0
2026-04-14,site B,entretenimento,intersticial,banner,celular,redes sociais,1,1,1,0,0.00323,1,1,1,72.4,45.1,0,1.0,0.0,3.23,1.0,1.0,0.00323,3.23,0.0
2026-04-14,site C,notícias,meio do artigo,banner,celular,direto,2,2,2,0,0.00284,1,1,1,42.4,77.9,1,0.0,0.0,1.42,1.0,1.0,0.00284,2.84,1.0
2026-04-14,site A,estilo de vida,meio do artigo,mídia rica,tablet,direto,3,1,1,0,0.00211,1,1,1,98.8,64.2,0,1.0,0.0,2.11,0.3333333333333333,1.0,0.00211,2.11,0.0
2026-04-14,site B,estilo de vida,topo da página,banner,celular,orgânico,1,1,0,0,0.002,1,1,1,40.7,73.5,1,0.0,0.0,2.0,1.0,0.0,0.002,2.0,1.0
2026-04-14,site B,esportes,lateral,banner,computador,referência,3,2,0,0,0.00141,1,1,1,23.0,68.0,0,1.0,0.0,0.705,0.6666666666666666,0.0,0.00141,1.41,0.0
2026-04-14,site C,notícias,topo da página,mídia rica,computador,orgânico,1,0,0,0,0.00117,1,1,1,36.0,40.7,0,0.0,0.0,0.0,0.0,0.0,0.00117,1.17,0.0
2026-04-14,site A,estilo de vida,topo da página,banner,celular,referência,1,1,1,0,0.00109,1,1,1,6.2,69.8,1,0.0,0.0,1.09,1.0,1.0,0.00109,1.09,1.0
2026-04-14,site B,esportes,meio do artigo,mídia rica,computador,direto,1,0,0,0,0.0,1,1,1,143.6,57.0,0,0.0,0.0,0.0,0.0,0.0,0.0,0.0,0.0
2026-04-14,site B,estilo de vida,meio do artigo,mídia rica,celular,orgânico,1,0,0,0,0.0,1,1,1,40.4,45.5,1,1.0,0.0,0.0,0.0,0.0,0.0,0.0,1.0
2026-04-14,site C,estilo de vida,lateral,nativo,computador,orgânico,1,0,0,0,0.0,1,1,1,58.1,51.2,1,0.0,0.0,0.0,0.0,0.0,0.0,0.0,1.0
2026-04-14,site C,tecnologia,lateral,banner,celular,newsletter,1,1,1,0,0.0,1,1,1,92.5,45.5,1,1.0,0.0,0.0,1.0,1.0,0.0,0.0,1.0
2026-04-15,site A,notícias,lateral,vídeo,celular,redes sociais,9,7,3,0,0.04736,2,2,2,50.0,76.55,2,0.5,0.0,6.765714285714286,0.7777777777777778,0.42857142857142855,0.02368,23.68,1.0
2026-04-15,site B,finanças,meio do artigo,nativo,celular,direto,6,5,4,0,0.0464,1,1,1,44.7,56.5,0,0.0,0.0,9.28,0.8333333333333334,0.8,0.0464,46.4,0.0
2026-04-15,site C,estilo de vida,lateral,mídia rica,computador,orgânico,4,4,4,0,0.04379,1,1,1,29.8,51.9,0,0.0,0.0,10.9475,1.0,1.0,0.04379,43.79,0.0
2026-04-15,site C,notícias,lateral,vídeo,computador,orgânico,2,2,0,0,0.04277,1,1,1,85.1,58.0,0,1.0,0.0,21.385,1.0,0.0,0.04277,42.77,0.0
2026-04-15,site C,tecnologia,lateral,banner,computador,orgânico,6,5,0,0,0.04167,1,1,1,37.6,30.6,0,1.0,0.0,8.334,0.8333333333333334,0.0,0.04167,41.67,0.0
2026-04-15,site B,esportes,meio do artigo,nativo,computador,direto,9,7,4,1,0.03937,2,2,2,96.85,77.9,1,1.0,0.14285714285714285,5.6242857142857146,0.7777777777777778,0.5714285714285714,0.019685,19.685000000000002,0.5
2026-04-15,site A,esportes,meio do artigo,vídeo,computador,direto,5,5,2,0,0.03789,1,1,1,40.4,54.7,0,1.0,0.0,7.578,1.0,0.4,0.03789,37.89,0.0
2026-04-15,site A,tecnologia,rodapé fixo,vídeo,computador,orgânico,4,3,3,0,0.0377,1,1,1,89.1,61.2,0,0.0,0.0,12.566666666666665,0.75,1.0,0.0377,37.699999999999996,0.0
2026-04-15,site A,notícias,rodapé fixo,vídeo,celular,direto,5,4,3,0,0.03654,1,1,1,30.4,97.8,0,1.0,0.0,9.135000000000002,0.8,0.75,0.03654,36.540000000000006,0.0
2026-04-15,site B,esportes,intersticial,vídeo,celular,orgânico,5,4,3,0,0.03427,1,1,1,90.4,70.7,0,1.0,0.0,8.5675,0.8,0.75,0.03427,34.27,0.0
2026-04-15,site A,tecnologia,meio do artigo,nativo,celular,orgânico,5,5,4,0,0.03341,2,2,2,57.05,49.15,0,0.0,0.0,6.682,1.0,0.8,0.016705,16.705000000000002,0.0
2026-04-15,site B,finanças,topo da página,mídia rica,celular,orgânico,5,4,3,0,0.03036,1,1,1,47.3,77.6,0,1.0,0.0,7.590000000000001,0.8,0.75,0.03036,30.360000000000003,0.0
2026-04-15,site C,notícias,lateral,banner,celular,orgânico,4,4,1,0,0.02914,1,1,1,55.1,53.3,1,0.0,0.0,7.285,1.0,0.25,0.02914,29.14,1.0
2026-04-15,site A,esportes,lateral,banner,computador,redes sociais,6,4,0,0,0.02715,1,1,1,114.8,87.3,1,0.0,0.0,6.7875000000000005,0.6666666666666666,0.0,0.02715,27.150000000000002,1.0
2026-04-15,site B,notícias,lateral,vídeo,celular,referência,3,3,1,0,0.02689,1,1,1,119.6,56.0,0,0.0,0.0,8.963333333333333,1.0,0.3333333333333333,0.02689,26.89,0.0
2026-04-15,site A,finanças,meio do artigo,mídia rica,celular,orgânico,5,5,3,0,0.02363,1,1,1,160.5,69.6,1,0.0,0.0,4.726000000000001,1.0,0.6,0.02363,23.630000000000003,1.0
2026-04-15,site B,esportes,topo da página,mídia rica,computador,orgânico,5,4,2,0,0.02351,1,1,1,46.8,73.5,1,1.0,0.0,5.8774999999999995,0.8,0.5,0.02351,23.509999999999998,1.0
2026-04-15,site C,notícias,meio do artigo,banner,celular,redes sociais,5,5,4,0,0.02262,1,1,1,49.9,73.2,0,1.0,0.0,4.524,1.0,0.8,0.02262,22.62,0.0
2026-04-15,site C,finanças,meio do artigo,banner,celular,orgânico,4,4,3,0,0.02235,1,1,1,116.3,84.7,0,1.0,0.0,5.5874999999999995,1.0,0.75,0.02235,22.349999999999998,0.0
2026-04-15,site C,tecnologia,meio do artigo,mídia rica,computador,orgânico,5,3,3,0,0.02173,1,1,1,57.2,70.4,0,0.0,0.0,7.243333333333333,0.6,1.0,0.02173,21.73,0.0
2026-04-15,site C,notícias,rodapé fixo,nativo,computador,referência,2,2,0,0,0.0216,1,1,1,25.8,54.4,0,0.0,0.0,10.8,1.0,0.0,0.0216,21.6,0.0
2026-04-15,site A,notícias,meio do artigo,vídeo,computador,referência,6,4,2,0,0.02156,1,1,1,28.5,78.8,1,0.0,0.0,5.39,0.6666666666666666,0.5,0.02156,21.56,1.0
2026-04-15,site B,entretenimento,meio do artigo,banner,computador,redes sociais,6,5,3,0,0.02152,1,1,1,29.8,76.3,0,0.0,0.0,4.304,0.8333333333333334,0.6,0.02152,21.52,0.0
2026-04-15,site A,entretenimento,rodapé fixo,banner,computador,orgânico,6,5,2,0,0.02104,1,1,1,18.8,54.6,1,0.0,0.0,4.208,0.8333333333333334,0.4,0.02104,21.04,1.0
2026-04-15,site A,finanças,rodapé fixo,nativo,celular,referência,3,3,3,0,0.02013,1,1,1,32.4,48.8,1,0.0,0.0,6.71,1.0,1.0,0.02013,20.13,1.0
2026-04-15,site A,notícias,meio do artigo,banner,computador,orgânico,5,4,3,0,0.02005,1,1,1,25.5,43.6,1,1.0,0.0,5.012499999999999,0.8,0.75,0.02005,20.049999999999997,1.0
2026-04-15,site B,tecnologia,meio do artigo,mídia rica,celular,orgânico,6,6,5,0,0.01966,1,1,1,26.0,52.5,1,0.0,0.0,3.276666666666667,1.0,0.8333333333333334,0.01966,19.66,1.0
2026-04-15,site B,finanças,lateral,banner,computador,orgânico,5,4,2,0,0.01873,1,1,1,12.5,76.4,1,1.0,0.0,4.6825,0.8,0.5,0.01873,18.73,1.0
2026-04-15,site B,tecnologia,meio do artigo,nativo,computador,orgânico,2,2,2,0,0.01857,1,1,1,21.5,91.8,0,0.0,0.0,9.285,1.0,1.0,0.01857,18.57,0.0
2026-04-15,site B,notícias,rodapé fixo,nativo,celular,orgânico,3,3,2,0,0.01834,1,1,1,75.8,40.7,0,0.0,0.0,6.113333333333333,1.0,0.6666666666666666,0.01834,18.34,0.0
2026-04-15,site B,notícias,lateral,vídeo,celular,orgânico,6,4,2,0,0.01788,1,1,1,152.6,96.5,0,0.0,0.0,4.47,0.6666666666666666,0.5,0.01788,17.88,0.0
2026-04-15,site B,tecnologia,intersticial,banner,tablet,direto,5,4,3,0,0.01783,1,1,1,13.9,57.9,0,1.0,0.0,4.4575,0.8,0.75,0.01783,17.83,0.0
2026-04-15,site B,notícias,topo da página,banner,computador,orgânico,5,3,3,0,0.01775,1,1,1,21.3,49.3,1,0.0,0.0,5.916666666666667,0.6,1.0,0.01775,17.75,1.0
2026-04-15,site B,entretenimento,lateral,banner,computador,orgânico,5,5,3,0,0.01726,1,1,1,37.1,73.8,0,0.0,0.0,3.4520000000000004,1.0,0.6,0.01726,17.26,0.0
2026-04-15,site B,entretenimento,rodapé fixo,banner,tablet,orgânico,4,2,1,1,0.01708,1,1,1,83.7,37.2,1,0.0,0.5,8.540000000000001,0.5,0.5,0.01708,17.080000000000002,1.0
2026-04-15,site A,estilo de vida,meio do artigo,mídia rica,celular,newsletter,4,3,3,0,0.0165,1,1,1,35.7,38.8,1,1.0,0.0,5.5,0.75,1.0,0.0165,16.5,1.0
2026-04-15,site A,finanças,meio do artigo,vídeo,celular,newsletter,1,1,1,0,0.01637,1,1,1,40.0,49.7,1,0.0,0.0,16.369999999999997,1.0,1.0,0.01637,16.369999999999997,1.0
2026-04-15,site A,estilo de vida,lateral,vídeo,computador,direto,4,4,4,0,0.01634,1,1,1,44.1,56.7,1,0.0,0.0,4.085,1.0,1.0,0.01634,16.34,1.0
2026-04-15,site B,tecnologia,rodapé fixo,banner,celular,direto,3,3,2,0,0.01613,1,1,1,88.3,51.6,0,0.0,0.0,5.376666666666666,1.0,0.6666666666666666,0.01613,16.13,0.0
2026-04-15,site B,notícias,intersticial,nativo,celular,direto,5,5,3,0,0.01593,1,1,1,13.0,77.6,1,0.0,0.0,3.186,1.0,0.6,0.01593,15.93,1.0
2026-04-15,site A,esportes,lateral,nativo,celular,newsletter,6,4,1,0,0.0158,1,1,1,81.0,76.3,0,1.0,0.0,3.95,0.6666666666666666,0.25,0.0158,15.8,0.0
2026-04-15,site C,notícias,topo da página,banner,computador,redes sociais,6,3,3,0,0.01568,1,1,1,10.4,63.1,0,1.0,0.0,5.226666666666667,0.5,1.0,0.01568,15.68,0.0
2026-04-15,site A,estilo de vida,meio do artigo,banner,tablet,orgânico,3,3,3,0,0.0153,1,1,1,45.4,42.7,1,1.0,0.0,5.1,1.0,1.0,0.0153,15.299999999999999,1.0
2026-04-15,site B,notícias,intersticial,vídeo,celular,orgânico,4,3,0,0,0.01499,1,1,1,110.2,100.0,1,0.0,0.0,4.996666666666667,0.75,0.0,0.01499,14.99,1.0
2026-04-15,site A,estilo de vida,lateral,nativo,computador,orgânico,4,3,2,0,0.01476,1,1,1,70.1,41.1,0,1.0,0.0,4.92,0.75,0.6666666666666666,0.01476,14.76,0.0
2026-04-15,site C,esportes,lateral,nativo,celular,redes sociais,6,4,1,0,0.01454,1,1,1,87.1,48.0,0,0.0,0.0,3.6350000000000002,0.6666666666666666,0.25,0.01454,14.540000000000001,0.0
2026-04-15,site A,esportes,rodapé fixo,banner,tablet,referência,5,4,3,0,0.01449,1,1,1,66.7,51.9,0,0.0,0.0,3.6225,0.8,0.75,0.01449,14.49,0.0
2026-04-15,site B,finanças,meio do artigo,banner,celular,orgânico,6,4,2,1,0.01441,1,1,1,72.8,40.2,1,0.0,0.25,3.6024999999999996,0.6666666666666666,0.5,0.01441,14.409999999999998,1.0
2026-04-15,site A,finanças,topo da página,mídia rica,celular,orgânico,1,1,1,0,0.01406,1,1,1,41.4,93.8,0,0.0,0.0,14.059999999999999,1.0,1.0,0.01406,14.059999999999999,0.0
2026-04-15,site A,notícias,lateral,nativo,computador,direto,2,2,0,0,0.0138,1,1,1,35.5,38.7,0,0.0,0.0,6.8999999999999995,1.0,0.0,0.0138,13.799999999999999,0.0
2026-04-15,site B,notícias,meio do artigo,banner,celular,newsletter,4,3,2,0,0.01372,1,1,1,108.7,56.5,0,0.0,0.0,4.573333333333333,0.75,0.6666666666666666,0.01372,13.719999999999999,0.0
2026-04-15,site B,esportes,rodapé fixo,nativo,celular,referência,4,3,2,0,0.01369,1,1,1,61.2,65.9,0,0.0,0.0,4.5633333333333335,0.75,0.6666666666666666,0.01369,13.690000000000001,0.0
2026-04-15,site A,entretenimento,topo da página,banner,celular,orgânico,5,4,3,0,0.01357,1,1,1,68.4,80.6,0,1.0,0.0,3.3925,0.8,0.75,0.01357,13.57,0.0
2026-04-15,site B,estilo de vida,lateral,banner,celular,orgânico,4,3,3,0,0.01339,1,1,1,55.9,70.7,1,1.0,0.0,4.463333333333334,0.75,1.0,0.01339,13.39,1.0
2026-04-15,site B,tecnologia,topo da página,banner,tablet,orgânico,5,5,4,0,0.01333,1,1,1,52.9,53.1,1,1.0,0.0,2.666,1.0,0.8,0.01333,13.33,1.0
2026-04-15,site B,esportes,rodapé fixo,banner,celular,orgânico,2,2,2,0,0.01309,1,1,1,56.6,57.6,1,1.0,0.0,6.545,1.0,1.0,0.01309,13.09,1.0
2026-04-15,site B,entretenimento,lateral,banner,celular,direto,6,3,0,0,0.013,1,1,1,79.3,62.9,0,0.0,0.0,4.333333333333333,0.5,0.0,0.013,13.0,0.0
2026-04-15,site C,finanças,lateral,nativo,celular,newsletter,2,2,1,0,0.01284,1,1,1,62.7,100.0,1,1.0,0.0,6.42,1.0,0.5,0.01284,12.84,1.0
2026-04-15,site B,notícias,meio do artigo,banner,tablet,referência,4,3,2,0,0.01268,1,1,1,33.5,98.7,1,1.0,0.0,4.226666666666667,0.75,0.6666666666666666,0.01268,12.68,1.0
2026-04-15,site A,estilo de vida,topo da página,banner,celular,orgânico,8,4,3,0,0.01243,2,2,2,20.45,96.05000000000001,1,0.5,0.0,3.1075,0.5,0.75,0.006215,6.215,0.5
2026-04-15,site B,notícias,meio do artigo,banner,celular,referência,4,4,3,0,0.01243,1,1,1,146.3,52.7,1,0.0,0.0,3.1075,1.0,0.75,0.01243,12.43,1.0
2026-04-15,site C,estilo de vida,rodapé fixo,banner,computador,referência,5,4,3,0,0.01226,1,1,1,17.4,40.3,1,0.0,0.0,3.065,0.8,0.75,0.01226,12.26,1.0
2026-04-15,site A,entretenimento,rodapé fixo,nativo,computador,orgânico,6,4,2,0,0.0117,1,1,1,21.5,39.7,0,1.0,0.0,2.9250000000000003,0.6666666666666666,0.5,0.0117,11.700000000000001,0.0
2026-04-15,site A,esportes,lateral,banner,computador,orgânico,5,4,1,0,0.01164,1,1,1,50.4,31.2,1,1.0,0.0,2.9099999999999997,0.8,0.25,0.01164,11.639999999999999,1.0
2026-04-15,site B,tecnologia,rodapé fixo,nativo,computador,redes sociais,3,2,1,1,0.01124,1,1,1,6.2,29.8,1,0.0,0.5,5.62,0.6666666666666666,0.5,0.01124,11.24,1.0
2026-04-15,site A,entretenimento,topo da página,nativo,tablet,referência,6,5,2,0,0.01118,1,1,1,109.7,36.6,1,0.0,0.0,2.236,0.8333333333333334,0.4,0.01118,11.180000000000001,1.0
2026-04-15,site A,estilo de vida,intersticial,nativo,computador,orgânico,3,2,2,0,0.01099,1,1,1,101.2,35.4,1,0.0,0.0,5.495,0.6666666666666666,1.0,0.01099,10.99,1.0
2026-04-15,site A,esportes,rodapé fixo,vídeo,computador,direto,6,2,1,0,0.01093,1,1,1,48.6,81.5,0,0.0,0.0,5.465,0.3333333333333333,0.5,0.01093,10.93,0.0
2026-04-15,site B,finanças,meio do artigo,vídeo,celular,direto,2,1,1,0,0.01046,1,1,1,119.5,47.8,0,1.0,0.0,10.46,0.5,1.0,0.01046,10.46,0.0
2026-04-15,site A,tecnologia,intersticial,banner,computador,orgânico,4,2,0,0,0.01029,1,1,1,43.3,58.6,0,0.0,0.0,5.1450000000000005,0.5,0.0,0.01029,10.290000000000001,0.0
2026-04-15,site A,finanças,topo da página,vídeo,computador,redes sociais,2,1,1,0,0.00964,1,1,1,22.5,62.9,1,0.0,0.0,9.639999999999999,0.5,1.0,0.00964,9.639999999999999,1.0
2026-04-15,site B,entretenimento,meio do artigo,banner,tablet,orgânico,3,3,1,0,0.00963,1,1,1,35.7,53.5,0,0.0,0.0,3.2099999999999995,1.0,0.3333333333333333,0.00963,9.629999999999999,0.0
2026-04-15,site B,tecnologia,meio do artigo,banner,tablet,redes sociais,5,4,4,0,0.00945,1,1,1,117.1,45.6,0,0.0,0.0,2.3625,0.8,1.0,0.00945,9.45,0.0
2026-04-15,site C,notícias,meio do artigo,nativo,celular,direto,4,4,3,0,0.00916,1,1,1,33.2,58.0,0,0.0,0.0,2.29,1.0,0.75,0.00916,9.16,0.0
2026-04-15,site B,estilo de vida,topo da página,mídia rica,computador,orgânico,2,1,0,0,0.00893,1,1,1,45.0,41.2,0,0.0,0.0,8.93,0.5,0.0,0.00893,8.93,0.0
2026-04-15,site C,entretenimento,meio do artigo,vídeo,computador,orgânico,1,1,1,0,0.00887,1,1,1,184.5,52.8,0,1.0,0.0,8.87,1.0,1.0,0.00887,8.87,0.0
2026-04-15,site C,entretenimento,intersticial,nativo,celular,direto,4,2,0,0,0.00881,1,1,1,26.1,48.1,1,0.0,0.0,4.405,0.5,0.0,0.00881,8.81,1.0
2026-04-15,site A,esportes,rodapé fixo,banner,computador,orgânico,6,4,3,0,0.00871,1,1,1,32.0,47.8,0,1.0,0.0,2.1775,0.6666666666666666,0.75,0.00871,8.71,0.0
2026-04-15,site A,entretenimento,rodapé fixo,banner,celular,orgânico,4,3,2,0,0.00856,1,1,1,124.7,95.7,1,1.0,0.0,2.8533333333333335,0.75,0.6666666666666666,0.00856,8.56,1.0
2026-04-15,site A,entretenimento,rodapé fixo,vídeo,celular,direto,6,3,0,1,0.00846,1,1,1,88.9,87.2,1,0.0,0.3333333333333333,2.8200000000000003,0.5,0.0,0.00846,8.46,1.0
2026-04-15,site A,notícias,rodapé fixo,banner,celular,orgânico,3,3,2,0,0.00775,1,1,1,28.5,68.5,1,0.0,0.0,2.5833333333333335,1.0,0.6666666666666666,0.00775,7.75,1.0
2026-04-15,site B,notícias,rodapé fixo,vídeo,celular,redes sociais,3,2,0,0,0.00758,1,1,1,39.7,49.2,0,0.0,0.0,3.79,0.6666666666666666,0.0,0.00758,7.58,0.0
2026-04-15,site C,estilo de vida,rodapé fixo,banner,tablet,redes sociais,2,2,2,0,0.00684,1,1,1,77.4,21.7,1,1.0,0.0,3.42,1.0,1.0,0.00684,6.84,1.0
2026-04-15,site A,tecnologia,topo da página,nativo,celular,orgânico,3,2,1,0,0.00675,1,1,1,41.5,63.9,0,0.0,0.0,3.375,0.6666666666666666,0.5,0.00675,6.75,0.0
2026-04-15,site C,tecnologia,meio do artigo,banner,computador,orgânico,1,1,1,0,0.00663,1,1,1,13.7,69.6,0,0.0,0.0,6.63,1.0,1.0,0.00663,6.63,0.0
2026-04-15,site B,notícias,lateral,banner,celular,redes sociais,6,6,5,0,0.00655,1,1,1,60.9,58.9,1,1.0,0.0,1.0916666666666668,1.0,0.8333333333333334,0.00655,6.550000000000001,1.0
2026-04-15,site A,estilo de vida,topo da página,banner,celular,direto,4,3,2,0,0.00654,1,1,1,89.9,52.5,1,1.0,0.0,2.18,0.75,0.6666666666666666,0.00654,6.54,1.0
2026-04-15,site A,entretenimento,topo da página,banner,celular,direto,5,3,2,0,0.00643,1,1,1,10.2,45.5,0,1.0,0.0,2.143333333333333,0.6,0.6666666666666666,0.00643,6.43,0.0
2026-04-15,site A,tecnologia,intersticial,mídia rica,celular,orgânico,3,2,1,0,0.00618,1,1,1,43.4,16.5,1,0.0,0.0,3.09,0.6666666666666666,0.5,0.00618,6.18,1.0
2026-04-15,site B,estilo de vida,rodapé fixo,banner,celular,direto,4,2,1,0,0.00574,1,1,1,18.1,64.5,1,1.0,0.0,2.87,0.5,0.5,0.00574,5.74,1.0
2026-04-15,site A,esportes,intersticial,banner,computador,redes sociais,1,1,0,0,0.0053,1,1,1,38.3,40.2,0,0.0,0.0,5.3,1.0,0.0,0.0053,5.3,0.0
2026-04-15,site C,notícias,topo da página,nativo,computador,orgânico,3,1,1,0,0.00487,1,1,1,172.5,50.0,1,0.0,0.0,4.87,0.3333333333333333,1.0,0.00487,4.87,1.0
2026-04-15,site A,entretenimento,topo da página,mídia rica,celular,redes sociais,1,1,1,0,0.00427,1,1,1,8.2,25.6,0,0.0,0.0,4.2700000000000005,1.0,1.0,0.00427,4.2700000000000005,0.0
2026-04-15,site B,entretenimento,topo da página,banner,computador,redes sociais,2,1,0,0,0.0036,1,1,1,23.2,66.6,0,0.0,0.0,3.6,0.5,0.0,0.0036,3.6,0.0
2026-04-15,site A,estilo de vida,topo da página,mídia rica,computador,redes sociais,4,4,0,0,0.00287,1,1,1,11.4,66.5,0,0.0,0.0,0.7175,1.0,0.0,0.00287,2.87,0.0
2026-04-15,site B,finanças,rodapé fixo,banner,celular,direto,2,1,1,0,0.0028,1,1,1,50.7,34.0,0,0.0,0.0,2.8,0.5,1.0,0.0028,2.8,0.0
2026-04-15,site C,notícias,intersticial,banner,celular,orgânico,3,1,0,0,0.00249,1,1,1,27.9,36.6,1,0.0,0.0,2.49,0.3333333333333333,0.0,0.00249,2.49,1.0
2026-04-15,site A,tecnologia,meio do artigo,vídeo,computador,redes sociais,2,0,0,0,0.00182,1,1,1,75.5,92.8,0,0.0,0.0,0.0,0.0,0.0,0.00182,1.82,0.0
2026-04-15,site A,finanças,rodapé fixo,banner,celular,direto,1,1,1,0,0.00154,1,1,1,135.2,76.5,0,0.0,0.0,1.5399999999999998,1.0,1.0,0.00154,1.5399999999999998,0.0
2026-04-15,site B,entretenimento,rodapé fixo,banner,tablet,direto,2,2,2,0,0.00143,1,1,1,80.4,59.3,1,0.0,0.0,0.7150000000000001,1.0,1.0,0.00143,1.4300000000000002,1.0
2026-04-15,site C,esportes,rodapé fixo,vídeo,tablet,orgânico,1,0,0,0,0.00136,1,1,1,98.3,58.8,0,1.0,0.0,0.0,0.0,0.0,0.00136,1.36,0.0
2026-04-15,site B,esportes,lateral,nativo,celular,orgânico,5,2,0,0,0.00124,1,1,1,33.6,71.8,1,0.0,0.0,0.62,0.4,0.0,0.00124,1.24,1.0
2026-04-15,site A,notícias,topo da página,nativo,celular,orgânico,1,1,1,0,0.00119,1,1,1,39.9,84.9,1,0.0,0.0,1.1900000000000002,1.0,1.0,0.00119,1.1900000000000002,1.0
2026-04-15,site A,entretenimento,meio do artigo,banner,computador,orgânico,1,1,1,0,0.00056,1,1,1,11.0,82.8,0,1.0,0.0,0.5599999999999999,1.0,1.0,0.00056,0.5599999999999999,0.0
2026-04-15,site A,notícias,lateral,vídeo,computador,newsletter,1,0,0,0,0.00033,1,1,1,31.2,69.7,0,0.0,0.0,0.0,0.0,0.0,0.00033,0.33,0.0
2026-04-15,site A,finanças,lateral,vídeo,celular,redes sociais,3,0,0,0,0.0,1,1,1,47.7,33.0,0,0.0,0.0,0.0,0.0,0.0,0.0,0.0,0.0
2026-04-15,site A,finanças,meio do artigo,nativo,celular,orgânico,1,0,0,0,0.0,1,1,1,79.3,93.0,0,1.0,0.0,0.0,0.0,0.0,0.0,0.0,0.0
2026-04-15,site A,notícias,topo da página,banner,computador,redes sociais,2,0,0,0,0.0,1,1,1,57.3,37.2,0,0.0,0.0,0.0,0.0,0.0,0.0,0.0,0.0
2026-04-15,site B,entretenimento,intersticial,nativo,computador,redes sociais,2,1,1,0,0.0,1,1,1,43.1,50.7,0,1.0,0.0,0.0,0.5,1.0,0.0,0.0,0.0
2026-04-15,site B,estilo de vida,topo da página,banner,computador,orgânico,2,0,0,0,0.0,1,1,1,111.9,86.9,0,0.0,0.0,0.0,0.0,0.0,0.0,0.0,0.0
2026-04-15,site B,notícias,intersticial,banner,celular,direto,1,0,0,0,0.0,1,1,1,32.7,52.6,1,0.0,0.0,0.0,0.0,0.0,0.0,0.0,1.0
2026-04-15,site B,notícias,topo da página,vídeo,celular,orgânico,1,0,0,0,0.0,1,1,1,35.4,100.0,0,0.0,0.0,0.0,0.0,0.0,0.0,0.0,0.0
2026-04-15,site C,entretenimento,rodapé fixo,banner,computador,orgânico,2,0,0,0,0.0,1,1,1,70.2,100.0,1,0.0,0.0,0.0,0.0,0.0,0.0,0.0,1.0
2026-04-16,site A,tecnologia,rodapé fixo,vídeo,computador,redes sociais,4,4,3,0,0.07476,1,1,1,14.5,32.7,0,0.0,0.0,18.689999999999998,1.0,0.75,0.07476,74.75999999999999,0.0
2026-04-16,site A,tecnologia,meio do artigo,mídia rica,computador,orgânico,5,5,4,0,0.06689,1,1,1,79.2,83.6,1,0.0,0.0,13.378,1.0,0.8,0.06689,66.89,1.0
2026-04-16,site A,estilo de vida,meio do artigo,vídeo,celular,orgânico,12,8,1,0,0.05444,2,2,2,90.5,80.75,2,0.0,0.0,6.805000000000001,0.6666666666666666,0.125,0.02722,27.220000000000002,1.0
2026-04-16,site C,estilo de vida,lateral,vídeo,computador,orgânico,5,4,2,0,0.04354,1,1,1,65.0,28.0,0,0.0,0.0,10.885,0.8,0.5,0.04354,43.54,0.0
2026-04-16,site B,finanças,topo da página,banner,computador,redes sociais,6,6,5,0,0.04144,1,1,1,42.1,26.1,0,1.0,0.0,6.906666666666666,1.0,0.8333333333333334,0.04144,41.44,0.0
2026-04-16,site C,notícias,meio do artigo,vídeo,computador,redes sociais,5,3,3,0,0.0382,1,1,1,58.6,77.6,0,1.0,0.0,12.733333333333333,0.6,1.0,0.0382,38.199999999999996,0.0
2026-04-16,site A,estilo de vida,rodapé fixo,vídeo,computador,orgânico,5,5,2,0,0.03383,1,1,1,38.8,52.6,0,0.0,0.0,6.766,1.0,0.4,0.03383,33.83,0.0
2026-04-16,site A,tecnologia,topo da página,banner,celular,redes sociais,6,6,4,0,0.03191,1,1,1,25.0,72.0,0,0.0,0.0,5.318333333333333,1.0,0.6666666666666666,0.03191,31.91,0.0
2026-04-16,site A,entretenimento,meio do artigo,vídeo,celular,orgânico,4,4,2,0,0.03003,1,1,1,27.0,48.6,1,1.0,0.0,7.5075,1.0,0.5,0.03003,30.03,1.0
2026-04-16,site B,notícias,rodapé fixo,nativo,tablet,orgânico,4,4,4,0,0.02978,1,1,1,48.2,58.1,1,0.0,0.0,7.445,1.0,1.0,0.02978,29.78,1.0
2026-04-16,site B,estilo de vida,lateral,banner,celular,referência,6,5,2,0,0.02925,1,1,1,45.8,72.8,0,0.0,0.0,5.85,0.8333333333333334,0.4,0.02925,29.25,0.0
2026-04-16,site B,entretenimento,meio do artigo,vídeo,computador,referência,6,3,1,0,0.02914,1,1,1,143.2,75.1,0,0.0,0.0,9.713333333333333,0.5,0.3333333333333333,0.02914,29.14,0.0
2026-04-16,site B,finanças,meio do artigo,banner,computador,referência,6,4,3,0,0.02901,1,1,1,71.2,43.5,0,0.0,0.0,7.2525,0.6666666666666666,0.75,0.02901,29.01,0.0
2026-04-16,site C,finanças,meio do artigo,nativo,computador,direto,6,5,4,0,0.0288,1,1,1,36.6,58.6,0,1.0,0.0,5.76,0.8333333333333334,0.8,0.0288,28.8,0.0
2026-04-16,site A,estilo de vida,rodapé fixo,vídeo,tablet,orgânico,6,4,3,0,0.02652,1,1,1,54.6,44.3,1,0.0,0.0,6.63,0.6666666666666666,0.75,0.02652,26.52,1.0
2026-04-16,site A,notícias,meio do artigo,vídeo,computador,referência,3,3,2,0,0.02642,1,1,1,21.8,91.2,1,0.0,0.0,8.806666666666667,1.0,0.6666666666666666,0.02642,26.419999999999998,1.0
2026-04-16,site A,notícias,meio do artigo,mídia rica,celular,direto,4,4,3,0,0.02558,1,1,1,19.1,17.0,0,0.0,0.0,6.395,1.0,0.75,0.02558,25.58,0.0
2026-04-16,site A,finanças,lateral,banner,computador,newsletter,5,3,2,0,0.02528,1,1,1,32.3,34.7,1,1.0,0.0,8.426666666666668,0.6,0.6666666666666666,0.02528,25.28,1.0
2026-04-16,site B,estilo de vida,topo da página,banner,computador,orgânico,4,3,3,0,0.02514,1,1,1,6.1,73.9,0,0.0,0.0,8.38,0.75,1.0,0.02514,25.14,0.0
2026-04-16,site B,tecnologia,topo da página,banner,celular,orgânico,4,4,2,0,0.02495,1,1,1,26.9,22.2,0,0.0,0.0,6.2375,1.0,0.5,0.02495,24.95,0.0
2026-04-16,site B,esportes,lateral,banner,computador,newsletter,5,5,5,0,0.02297,1,1,1,59.7,44.0,0,0.0,0.0,4.594,1.0,1.0,0.02297,22.970000000000002,0.0
2026-04-16,site A,tecnologia,topo da página,mídia rica,celular,orgânico,5,5,2,0,0.02276,1,1,1,70.4,63.0,0,0.0,0.0,4.552,1.0,0.4,0.02276,22.759999999999998,0.0
2026-04-16,site B,finanças,lateral,mídia rica,celular,direto,4,3,2,0,0.0224,1,1,1,22.0,82.5,1,0.0,0.0,7.466666666666666,0.75,0.6666666666666666,0.0224,22.4,1.0
2026-04-16,site B,estilo de vida,lateral,banner,computador,redes sociais,6,4,3,0,0.02225,1,1,1,27.1,33.0,1,1.0,0.0,5.5625,0.6666666666666666,0.75,0.02225,22.25,1.0
2026-04-16,site B,estilo de vida,rodapé fixo,banner,tablet,newsletter,5,4,4,0,0.02162,1,1,1,134.2,56.7,0,0.0,0.0,5.405,0.8,1.0,0.02162,21.62,0.0
2026-04-16,site C,finanças,intersticial,vídeo,celular,orgânico,4,2,1,0,0.02148,1,1,1,27.9,78.6,0,0.0,0.0,10.74,0.5,0.5,0.02148,21.48,0.0
2026-04-16,site A,finanças,rodapé fixo,vídeo,computador,referência,5,3,1,0,0.02141,1,1,1,97.4,85.1,0,1.0,0.0,7.136666666666667,0.6,0.3333333333333333,0.02141,21.41,0.0
2026-04-16,site A,entretenimento,topo da página,nativo,celular,direto,3,3,1,0,0.02134,1,1,1,77.9,61.9,1,1.0,0.0,7.113333333333333,1.0,0.3333333333333333,0.02134,21.34,1.0
2026-04-16,site C,tecnologia,rodapé fixo,vídeo,celular,newsletter,5,2,2,0,0.02016,1,1,1,16.7,67.7,1,0.0,0.0,10.08,0.4,1.0,0.02016,20.16,1.0
2026-04-16,site C,esportes,topo da página,banner,computador,direto,9,6,4,0,0.01973,2,2,2,39.2,52.199999999999996,1,0.0,0.0,3.2883333333333336,0.6666666666666666,0.6666666666666666,0.009865,9.865,0.5
2026-04-16,site C,esportes,lateral,banner,computador,orgânico,6,6,2,0,0.01865,1,1,1,52.1,44.6,0,1.0,0.0,3.108333333333333,1.0,0.3333333333333333,0.01865,18.65,0.0
2026-04-16,site B,notícias,lateral,vídeo,celular,direto,6,2,1,0,0.01837,1,1,1,46.4,77.4,1,0.0,0.0,9.185,0.3333333333333333,0.5,0.01837,18.37,1.0
2026-04-16,site B,esportes,meio do artigo,vídeo,computador,orgânico,2,2,0,0,0.0183,1,1,1,30.1,57.8,0,1.0,0.0,9.15,1.0,0.0,0.0183,18.3,0.0
2026-04-16,site B,finanças,lateral,banner,celular,orgânico,5,5,2,0,0.01819,1,1,1,106.2,64.4,0,0.0,0.0,3.6380000000000003,1.0,0.4,0.01819,18.19,0.0
2026-04-16,site B,notícias,topo da página,banner,celular,direto,4,3,1,0,0.018009999999999998,2,2,2,28.35,64.85,1,0.5,0.0,6.003333333333333,0.75,0.3333333333333333,0.009004999999999999,9.004999999999999,0.5
2026-04-16,site B,esportes,intersticial,vídeo,computador,orgânico,6,4,3,0,0.01789,1,1,1,71.5,41.5,1,0.0,0.0,4.4725,0.6666666666666666,0.75,0.01789,17.89,1.0
2026-04-16,site A,estilo de vida,meio do artigo,vídeo,computador,orgânico,4,3,2,0,0.01744,1,1,1,30.0,50.3,0,0.0,0.0,5.8133333333333335,0.75,0.6666666666666666,0.01744,17.44,0.0
2026-04-16,site C,esportes,rodapé fixo,banner,celular,newsletter,6,3,2,0,0.01743,1,1,1,131.0,34.8,1,0.0,0.0,5.81,0.5,0.6666666666666666,0.01743,17.43,1.0
2026-04-16,site B,entretenimento,topo da página,banner,computador,newsletter,4,4,3,0,0.0168,1,1,1,186.9,61.3,0,0.0,0.0,4.2,1.0,0.75,0.0168,16.8,0.0
2026-04-16,site A,finanças,topo da página,banner,tablet,redes sociais,5,3,2,0,0.01633,1,1,1,37.9,78.0,0,0.0,0.0,5.443333333333334,0.6,0.6666666666666666,0.01633,16.330000000000002,0.0
2026-04-16,site B,notícias,topo da página,banner,celular,orgânico,6,6,4,0,0.01606,1,1,1,83.9,92.7,1,1.0,0.0,2.676666666666667,1.0,0.6666666666666666,0.01606,16.060000000000002,1.0
2026-04-16,site A,tecnologia,meio do artigo,banner,celular,orgânico,5,4,3,0,0.01585,1,1,1,87.3,43.5,0,1.0,0.0,3.9625,0.8,0.75,0.01585,15.85,0.0
2026-04-16,site C,estilo de vida,meio do artigo,vídeo,computador,orgânico,7,2,2,0,0.01439,2,2,2,163.95,42.3,0,0.0,0.0,7.195,0.2857142857142857,1.0,0.007195,7.195,0.0
2026-04-16,site B,notícias,topo da página,nativo,computador,redes sociais,3,2,2,0,0.01388,1,1,1,95.9,84.7,0,0.0,0.0,6.94,0.6666666666666666,1.0,0.01388,13.88,0.0
2026-04-16,site B,finanças,topo da página,banner,celular,orgânico,2,2,1,0,0.01379,1,1,1,87.8,65.9,1,1.0,0.0,6.8950000000000005,1.0,0.5,0.01379,13.790000000000001,1.0
2026-04-16,site B,notícias,meio do artigo,banner,computador,orgânico,4,4,2,0,0.01368,1,1,1,91.0,62.7,0,0.0,0.0,3.42,1.0,0.5,0.01368,13.68,0.0
2026-04-16,site A,notícias,topo da página,nativo,celular,orgânico,5,4,4,0,0.01352,1,1,1,20.9,75.1,1,0.0,0.0,3.3800000000000003,0.8,1.0,0.01352,13.520000000000001,1.0
2026-04-16,site B,esportes,rodapé fixo,banner,tablet,orgânico,2,2,1,0,0.01325,1,1,1,25.4,65.0,1,1.0,0.0,6.625,1.0,0.5,0.01325,13.25,1.0
2026-04-16,site B,notícias,lateral,vídeo,celular,orgânico,4,1,1,0,0.01313,1,1,1,106.0,64.8,1,0.0,0.0,13.129999999999999,0.25,1.0,0.01313,13.129999999999999,1.0
2026-04-16,site A,entretenimento,rodapé fixo,banner,celular,orgânico,4,3,3,0,0.01306,1,1,1,65.9,27.0,1,0.0,0.0,4.3533333333333335,0.75,1.0,0.01306,13.06,1.0
2026-04-16,site A,estilo de vida,topo da página,banner,celular,referência,4,3,2,0,0.01295,1,1,1,157.3,85.6,0,1.0,0.0,4.316666666666666,0.75,0.6666666666666666,0.01295,12.95,0.0
2026-04-16,site C,esportes,rodapé fixo,banner,celular,referência,4,4,1,0,0.01292,1,1,1,116.4,93.2,0,1.0,0.0,3.23,1.0,0.25,0.01292,12.92,0.0
2026-04-16,site A,finanças,topo da página,nativo,celular,redes sociais,2,2,1,0,0.01286,1,1,1,28.1,81.2,1,1.0,0.0,6.43,1.0,0.5,0.01286,12.86,1.0
2026-04-16,site B,tecnologia,topo da página,banner,computador,direto,5,3,2,0,0.01285,1,1,1,86.5,90.8,0,0.0,0.0,4.283333333333333,0.6,0.6666666666666666,0.01285,12.85,0.0
2026-04-16,site B,finanças,rodapé fixo,banner,computador,orgânico,2,2,2,0,0.01257,1,1,1,54.6,87.0,1,1.0,0.0,6.285,1.0,1.0,0.01257,12.57,1.0
2026-04-16,site A,entretenimento,meio do artigo,vídeo,tablet,orgânico,3,2,2,0,0.01162,1,1,1,18.4,63.6,1,0.0,0.0,5.8100000000000005,0.6666666666666666,1.0,0.01162,11.620000000000001,1.0
2026-04-16,site B,tecnologia,topo da página,vídeo,computador,orgânico,1,1,1,0,0.01162,1,1,1,13.7,84.3,0,0.0,0.0,11.620000000000001,1.0,1.0,0.01162,11.620000000000001,0.0
2026-04-16,site A,notícias,rodapé fixo,nativo,celular,redes sociais,6,4,2,0,0.01101,1,1,1,37.7,90.8,0,1.0,0.0,2.7525000000000004,0.6666666666666666,0.5,0.01101,11.010000000000002,0.0
2026-04-16,site A,tecnologia,topo da página,nativo,celular,direto,2,2,0,1,0.01055,1,1,1,58.3,74.4,1,1.0,0.5,5.275,1.0,0.0,0.01055,10.55,1.0
2026-04-16,site A,finanças,topo da página,mídia rica,tablet,referência,2,2,1,0,0.01027,1,1,1,72.9,68.9,0,0.0,0.0,5.135,1.0,0.5,0.01027,10.27,0.0
2026-04-16,site A,notícias,meio do artigo,banner,computador,referência,3,2,2,0,0.01003,1,1,1,29.6,57.8,0,1.0,0.0,5.015000000000001,0.6666666666666666,1.0,0.01003,10.030000000000001,0.0
2026-04-16,site A,notícias,topo da página,banner,computador,orgânico,3,2,1,0,0.0098,1,1,1,25.0,76.5,1,1.0,0.0,4.8999999999999995,0.6666666666666666,0.5,0.0098,9.799999999999999,1.0
2026-04-16,site A,finanças,meio do artigo,banner,computador,redes sociais,1,1,0,0,0.00912,1,1,1,50.5,84.3,0,0.0,0.0,9.12,1.0,0.0,0.00912,9.12,0.0
2026-04-16,site B,notícias,meio do artigo,mídia rica,computador,referência,2,1,0,0,0.00912,1,1,1,27.2,59.0,0,0.0,0.0,9.12,0.5,0.0,0.00912,9.12,0.0
2026-04-16,site A,estilo de vida,topo da página,nativo,celular,redes sociais,3,1,0,0,0.00881,1,1,1,47.3,36.7,1,0.0,0.0,8.81,0.3333333333333333,0.0,0.00881,8.81,1.0
2026-04-16,site B,tecnologia,intersticial,banner,computador,redes sociais,2,2,0,0,0.00835,1,1,1,31.6,54.3,0,0.0,0.0,4.175,1.0,0.0,0.00835,8.35,0.0
2026-04-16,site A,tecnologia,topo da página,banner,celular,direto,3,2,2,0,0.00803,2,2,2,25.8,76.65,0,0.5,0.0,4.015000000000001,0.6666666666666666,1.0,0.004015,4.015000000000001,0.0
2026-04-16,site A,notícias,intersticial,banner,computador,newsletter,2,2,0,0,0.00768,1,1,1,153.6,52.2,0,0.0,0.0,3.8400000000000003,1.0,0.0,0.00768,7.680000000000001,0.0
2026-04-16,site A,estilo de vida,lateral,nativo,tablet,redes sociais,1,1,1,0,0.00747,1,1,1,179.5,98.3,1,1.0,0.0,7.47,1.0,1.0,0.00747,7.47,1.0
2026-04-16,site B,esportes,meio do artigo,mídia rica,celular,referência,3,2,2,0,0.00721,1,1,1,95.2,66.9,1,0.0,0.0,3.605,0.6666666666666666,1.0,0.00721,7.21,1.0
2026-04-16,site B,tecnologia,lateral,banner,celular,orgânico,4,2,1,0,0.00698,1,1,1,33.7,70.4,1,1.0,0.0,3.49,0.5,0.5,0.00698,6.98,1.0
2026-04-16,site A,entretenimento,lateral,mídia rica,computador,direto,4,3,1,0,0.00688,1,1,1,26.9,50.9,0,0.0,0.0,2.2933333333333334,0.75,0.3333333333333333,0.00688,6.88,0.0
2026-04-16,site C,finanças,meio do artigo,banner,celular,redes sociais,1,1,1,0,0.0066,1,1,1,69.1,66.8,1,1.0,0.0,6.6,1.0,1.0,0.0066,6.6,1.0
2026-04-16,site A,esportes,meio do artigo,banner,computador,referência,3,2,1,0,0.00647,1,1,1,4.3,77.2,1,0.0,0.0,3.235,0.6666666666666666,0.5,0.00647,6.47,1.0
2026-04-16,site A,esportes,meio do artigo,vídeo,celular,orgânico,1,1,1,0,0.00625,1,1,1,87.2,49.6,0,0.0,0.0,6.25,1.0,1.0,0.00625,6.25,0.0
2026-04-16,site C,esportes,intersticial,banner,celular,newsletter,6,4,2,0,0.00597,1,1,1,37.3,33.8,0,1.0,0.0,1.4925,0.6666666666666666,0.5,0.00597,5.97,0.0
2026-04-16,site A,tecnologia,rodapé fixo,vídeo,celular,redes sociais,1,1,0,0,0.00578,1,1,1,117.0,51.6,0,1.0,0.0,5.78,1.0,0.0,0.00578,5.78,0.0
2026-04-16,site B,entretenimento,rodapé fixo,banner,celular,referência,3,2,1,0,0.0056,1,1,1,95.7,59.5,0,0.0,0.0,2.8,0.6666666666666666,0.5,0.0056,5.6,0.0
2026-04-16,site B,esportes,meio do artigo,banner,celular,orgânico,1,1,1,0,0.0055,1,1,1,40.9,55.8,0,0.0,0.0,5.5,1.0,1.0,0.0055,5.5,0.0
2026-04-16,site C,notícias,rodapé fixo,mídia rica,celular,redes sociais,1,1,1,0,0.00524,1,1,1,61.5,67.8,0,0.0,0.0,5.24,1.0,1.0,0.00524,5.24,0.0
2026-04-16,site B,estilo de vida,meio do artigo,nativo,celular,referência,1,1,1,0,0.00512,1,1,1,176.6,67.3,1,1.0,0.0,5.12,1.0,1.0,0.00512,5.12,1.0
2026-04-16,site C,finanças,lateral,banner,computador,orgânico,3,3,2,0,0.00485,1,1,1,104.2,84.5,0,0.0,0.0,1.616666666666667,1.0,0.6666666666666666,0.00485,4.8500000000000005,0.0
2026-04-16,site A,estilo de vida,lateral,banner,tablet,orgânico,1,1,1,0,0.00461,1,1,1,62.1,92.2,0,0.0,0.0,4.61,1.0,1.0,0.00461,4.61,0.0
2026-04-16,site A,entretenimento,lateral,nativo,celular,orgânico,2,1,0,0,0.0044,1,1,1,28.0,47.8,0,0.0,0.0,4.4,0.5,0.0,0.0044,4.4,0.0
2026-04-16,site B,notícias,rodapé fixo,nativo,celular,orgânico,3,2,2,1,0.00414,1,1,1,43.1,68.2,1,0.0,0.5,2.07,0.6666666666666666,1.0,0.00414,4.14,1.0
2026-04-16,site B,notícias,topo da página,banner,celular,referência,4,2,2,0,0.00349,1,1,1,51.4,65.8,0,1.0,0.0,1.745,0.5,1.0,0.00349,3.49,0.0
2026-04-16,site B,entretenimento,meio do artigo,banner,computador,newsletter,3,2,2,0,0.00331,1,1,1,20.8,67.8,0,1.0,0.0,1.655,0.6666666666666666,1.0,0.00331,3.31,0.0
2026-04-16,site A,notícias,meio do artigo,nativo,computador,orgânico,1,1,1,0,0.00328,1,1,1,75.2,54.8,0,0.0,0.0,3.28,1.0,1.0,0.00328,3.28,0.0
2026-04-16,site A,estilo de vida,intersticial,banner,celular,orgânico,2,1,1,0,0.00315,1,1,1,21.2,50.4,0,1.0,0.0,3.15,0.5,1.0,0.00315,3.15,0.0
2026-04-16,site B,estilo de vida,meio do artigo,banner,computador,newsletter,1,1,1,0,0.0029,1,1,1,32.7,100.0,1,1.0,0.0,2.9,1.0,1.0,0.0029,2.9,1.0
2026-04-16,site A,notícias,topo da página,vídeo,celular,newsletter,2,1,1,0,0.0027,1,1,1,233.1,64.8,0,1.0,0.0,2.7,0.5,1.0,0.0027,2.7,0.0
2026-04-16,site A,finanças,lateral,banner,celular,redes sociais,1,1,1,0,0.00267,1,1,1,84.2,21.1,0,0.0,0.0,2.67,1.0,1.0,0.00267,2.67,0.0
2026-04-16,site A,entretenimento,topo da página,banner,celular,redes sociais,2,1,1,0,0.00265,1,1,1,14.0,73.3,0,1.0,0.0,2.65,0.5,1.0,0.00265,2.65,0.0
2026-04-16,site C,esportes,lateral,vídeo,computador,orgânico,1,1,1,0,0.00256,1,1,1,33.3,51.6,0,0.0,0.0,2.56,1.0,1.0,0.00256,2.56,0.0
2026-04-16,site C,notícias,lateral,vídeo,celular,direto,1,1,1,0,0.00212,1,1,1,46.8,37.3,0,1.0,0.0,2.12,1.0,1.0,0.00212,2.12,0.0
2026-04-16,site A,esportes,lateral,banner,celular,redes sociais,4,4,2,0,0.00134,1,1,1,48.8,40.6,1,0.0,0.0,0.335,1.0,0.5,0.00134,1.34,1.0
2026-04-16,site A,esportes,rodapé fixo,banner,computador,redes sociais,2,1,1,0,0.0,1,1,1,118.0,67.5,1,1.0,0.0,0.0,0.5,1.0,0.0,0.0,1.0
2026-04-16,site A,estilo de vida,meio do artigo,banner,tablet,direto,1,0,0,0,0.0,1,1,1,183.3,72.7,0,1.0,0.0,0.0,0.0,0.0,0.0,0.0,0.0
2026-04-16,site A,finanças,topo da página,banner,celular,referência,1,0,0,0,0.0,1,1,1,31.1,74.8,0,1.0,0.0,0.0,0.0,0.0,0.0,0.0,0.0
2026-04-16,site C,esportes,lateral,banner,computador,redes sociais,1,0,0,0,0.0,1,1,1,64.6,73.6,0,0.0,0.0,0.0,0.0,0.0,0.0,0.0,0.0
2026-04-17,site A,finanças,rodapé fixo,mídia rica,computador,orgânico,3,3,2,0,0.05767,1,1,1,128.4,66.4,1,0.0,0.0,19.223333333333333,1.0,0.6666666666666666,0.05767,57.67,1.0
2026-04-17,site A,tecnologia,meio do artigo,banner,computador,redes sociais,5,5,4,0,0.05005,1,1,1,135.2,46.6,1,1.0,0.0,10.01,1.0,0.8,0.05005,50.05,1.0
2026-04-17,site C,estilo de vida,topo da página,banner,computador,direto,5,4,2,0,0.03586,1,1,1,65.7,60.6,0,0.0,0.0,8.965,0.8,0.5,0.03586,35.86,0.0
2026-04-17,site C,estilo de vida,meio do artigo,vídeo,computador,orgânico,4,4,2,0,0.0351,1,1,1,29.5,46.4,0,0.0,0.0,8.775,1.0,0.5,0.0351,35.1,0.0
2026-04-17,site A,esportes,lateral,mídia rica,computador,redes sociais,6,4,3,1,0.03155,1,1,1,44.6,77.7,0,0.0,0.25,7.8875,0.6666666666666666,0.75,0.03155,31.55,0.0
2026-04-17,site B,tecnologia,lateral,vídeo,computador,orgânico,5,5,2,0,0.03012,1,1,1,69.5,70.1,0,0.0,0.0,6.024,1.0,0.4,0.03012,30.12,0.0
2026-04-17,site B,notícias,rodapé fixo,nativo,computador,newsletter,6,5,4,0,0.02943,1,1,1,9.8,100.0,1,0.0,0.0,5.886,0.8333333333333334,0.8,0.02943,29.43,1.0
2026-04-17,site A,esportes,meio do artigo,banner,celular,direto,5,4,4,0,0.02897,1,1,1,63.1,44.5,0,0.0,0.0,7.2425,0.8,1.0,0.02897,28.97,0.0
2026-04-17,site A,notícias,meio do artigo,vídeo,computador,redes sociais,6,3,3,0,0.02872,1,1,1,23.7,50.3,1,0.0,0.0,9.573333333333332,0.5,1.0,0.02872,28.72,1.0
2026-04-17,site B,esportes,lateral,nativo,computador,direto,5,4,3,0,0.02818,1,1,1,99.2,61.3,1,0.0,0.0,7.045,0.8,0.75,0.02818,28.18,1.0
2026-04-17,site C,tecnologia,meio do artigo,nativo,computador,orgânico,6,5,2,0,0.02776,1,1,1,26.2,59.1,0,0.0,0.0,5.5520000000000005,0.8333333333333334,0.4,0.02776,27.76,0.0
2026-04-17,site B,tecnologia,meio do artigo,nativo,celular,orgânico,6,5,3,0,0.02703,1,1,1,56.2,56.8,0,0.0,0.0,5.406,0.8333333333333334,0.6,0.02703,27.029999999999998,0.0
2026-04-17,site C,estilo de vida,meio do artigo,nativo,computador,redes sociais,6,6,2,0,0.02618,1,1,1,65.4,43.4,0,1.0,0.0,4.363333333333333,1.0,0.3333333333333333,0.02618,26.18,0.0
2026-04-17,site C,notícias,topo da página,banner,tablet,orgânico,6,6,4,0,0.02618,1,1,1,111.7,44.7,0,0.0,0.0,4.363333333333333,1.0,0.6666666666666666,0.02618,26.18,0.0
2026-04-17,site B,tecnologia,rodapé fixo,mídia rica,celular,redes sociais,3,3,1,0,0.02552,1,1,1,21.3,34.4,0,1.0,0.0,8.506666666666666,1.0,0.3333333333333333,0.02552,25.52,0.0
2026-04-17,site B,entretenimento,lateral,banner,celular,redes sociais,5,5,2,0,0.02528,1,1,1,20.4,48.0,1,1.0,0.0,5.056,1.0,0.4,0.02528,25.28,1.0
2026-04-17,site A,entretenimento,meio do artigo,banner,computador,orgânico,3,2,0,0,0.02501,1,1,1,52.7,78.9,0,0.0,0.0,12.505,0.6666666666666666,0.0,0.02501,25.01,0.0
2026-04-17,site C,notícias,rodapé fixo,banner,celular,direto,5,5,3,0,0.02379,1,1,1,28.5,90.3,1,0.0,0.0,4.758,1.0,0.6,0.02379,23.79,1.0
2026-04-17,site A,notícias,topo da página,vídeo,computador,orgânico,2,2,1,0,0.02375,1,1,1,20.1,61.5,1,0.0,0.0,11.875,1.0,0.5,0.02375,23.75,1.0
2026-04-17,site A,tecnologia,topo da página,banner,computador,orgânico,6,5,3,0,0.0229,1,1,1,82.3,53.2,0,1.0,0.0,4.58,0.8333333333333334,0.6,0.0229,22.9,0.0
2026-04-17,site A,entretenimento,meio do artigo,nativo,computador,redes sociais,4,3,1,0,0.02232,1,1,1,40.8,53.2,0,1.0,0.0,7.44,0.75,0.3333333333333333,0.02232,22.32,0.0
2026-04-17,site B,estilo de vida,intersticial,banner,computador,orgânico,4,3,3,0,0.02228,1,1,1,82.8,58.0,0,0.0,0.0,7.426666666666667,0.75,1.0,0.02228,22.28,0.0
2026-04-17,site C,estilo de vida,topo da página,banner,celular,newsletter,5,5,3,0,0.02146,1,1,1,25.2,40.7,0,0.0,0.0,4.292,1.0,0.6,0.02146,21.46,0.0
2026-04-17,site A,finanças,meio do artigo,nativo,celular,direto,4,4,2,0,0.02116,1,1,1,105.5,41.2,1,0.0,0.0,5.29,1.0,0.5,0.02116,21.16,1.0
2026-04-17,site C,estilo de vida,topo da página,mídia rica,computador,orgânico,5,4,2,0,0.02115,1,1,1,45.3,51.4,0,0.0,0.0,5.2875,0.8,0.5,0.02115,21.15,0.0
2026-04-17,site A,notícias,meio do artigo,nativo,computador,redes sociais,3,3,2,0,0.02041,1,1,1,57.2,45.9,1,0.0,0.0,6.803333333333334,1.0,0.6666666666666666,0.02041,20.41,1.0
2026-04-17,site A,estilo de vida,lateral,banner,tablet,orgânico,4,4,1,0,0.02038,1,1,1,8.6,49.0,1,0.0,0.0,5.095,1.0,0.25,0.02038,20.38,1.0
2026-04-17,site A,notícias,rodapé fixo,banner,celular,orgânico,4,4,2,0,0.02022,1,1,1,162.0,58.2,1,1.0,0.0,5.055,1.0,0.5,0.02022,20.22,1.0
2026-04-17,site A,estilo de vida,meio do artigo,nativo,computador,newsletter,5,5,5,0,0.01971,1,1,1,10.3,93.0,1,0.0,0.0,3.9419999999999993,1.0,1.0,0.01971,19.709999999999997,1.0
2026-04-17,site B,estilo de vida,lateral,banner,computador,orgânico,6,4,2,0,0.01884,1,1,1,38.1,26.6,0,0.0,0.0,4.71,0.6666666666666666,0.5,0.01884,18.84,0.0
2026-04-17,site A,finanças,lateral,mídia rica,computador,orgânico,2,2,1,1,0.01855,1,1,1,37.5,48.7,0,0.0,0.5,9.275,1.0,0.5,0.01855,18.55,0.0
2026-04-17,site B,tecnologia,topo da página,nativo,computador,redes sociais,4,3,2,0,0.01817,1,1,1,64.6,84.0,1,0.0,0.0,6.056666666666666,0.75,0.6666666666666666,0.01817,18.169999999999998,1.0
2026-04-17,site B,notícias,topo da página,banner,celular,referência,4,4,2,0,0.01814,1,1,1,7.4,98.2,1,1.0,0.0,4.535,1.0,0.5,0.01814,18.14,1.0
2026-04-17,site C,entretenimento,meio do artigo,vídeo,computador,orgânico,5,4,4,0,0.0177,1,1,1,31.7,35.4,0,1.0,0.0,4.425,0.8,1.0,0.0177,17.7,0.0
2026-04-17,site A,entretenimento,rodapé fixo,banner,celular,orgânico,5,5,2,0,0.01735,1,1,1,85.1,65.7,0,0.0,0.0,3.47,1.0,0.4,0.01735,17.35,0.0
2026-04-17,site C,estilo de vida,topo da página,mídia rica,celular,direto,2,2,0,0,0.01719,1,1,1,18.1,37.8,0,0.0,0.0,8.595,1.0,0.0,0.01719,17.19,0.0
2026-04-17,site A,finanças,lateral,banner,computador,referência,3,3,2,0,0.017,1,1,1,120.1,55.2,1,1.0,0.0,5.666666666666667,1.0,0.6666666666666666,0.017,17.0,1.0
2026-04-17,site B,entretenimento,topo da página,vídeo,computador,orgânico,5,3,2,0,0.01687,1,1,1,11.4,59.7,0,1.0,0.0,5.623333333333334,0.6,0.6666666666666666,0.01687,16.87,0.0
2026-04-17,site A,notícias,lateral,nativo,celular,direto,6,5,2,0,0.01679,1,1,1,161.1,51.9,1,0.0,0.0,3.3579999999999997,0.8333333333333334,0.4,0.01679,16.79,1.0
2026-04-17,site B,esportes,rodapé fixo,banner,computador,redes sociais,5,4,2,0,0.01653,1,1,1,84.2,60.7,0,1.0,0.0,4.1325,0.8,0.5,0.01653,16.53,0.0
2026-04-17,site B,entretenimento,lateral,nativo,computador,direto,3,3,1,0,0.01594,1,1,1,124.2,10.6,1,1.0,0.0,5.3133333333333335,1.0,0.3333333333333333,0.01594,15.94,1.0
2026-04-17,site B,esportes,rodapé fixo,nativo,celular,redes sociais,6,3,2,0,0.01564,1,1,1,78.1,61.0,0,1.0,0.0,5.213333333333334,0.5,0.6666666666666666,0.01564,15.64,0.0
2026-04-17,site B,entretenimento,topo da página,banner,computador,newsletter,6,3,1,0,0.01557,1,1,1,60.0,59.9,1,1.0,0.0,5.19,0.5,0.3333333333333333,0.01557,15.57,1.0
2026-04-17,site B,estilo de vida,topo da página,nativo,computador,orgânico,5,3,1,0,0.01537,1,1,1,53.4,81.1,0,1.0,0.0,5.123333333333333,0.6,0.3333333333333333,0.01537,15.37,0.0
2026-04-17,site A,notícias,topo da página,vídeo,tablet,direto,4,3,2,0,0.01515,1,1,1,40.3,66.5,0,0.0,0.0,5.05,0.75,0.6666666666666666,0.01515,15.15,0.0
2026-04-17,site B,entretenimento,rodapé fixo,mídia rica,celular,orgânico,4,3,2,0,0.01483,1,1,1,63.9,80.5,0,1.0,0.0,4.943333333333333,0.75,0.6666666666666666,0.01483,14.83,0.0
2026-04-17,site B,tecnologia,meio do artigo,banner,celular,direto,3,2,1,0,0.01465,1,1,1,6.4,26.5,0,0.0,0.0,7.325,0.6666666666666666,0.5,0.01465,14.65,0.0
2026-04-17,site B,entretenimento,meio do artigo,mídia rica,celular,redes sociais,5,5,3,0,0.01441,1,1,1,40.9,51.8,1,1.0,0.0,2.8819999999999997,1.0,0.6,0.01441,14.409999999999998,1.0
2026-04-17,site B,esportes,meio do artigo,vídeo,celular,orgânico,4,3,3,0,0.01437,1,1,1,25.9,16.4,1,1.0,0.0,4.79,0.75,1.0,0.01437,14.370000000000001,1.0
2026-04-17,site C,finanças,topo da página,banner,computador,newsletter,2,2,2,0,0.01399,1,1,1,47.3,58.7,0,0.0,0.0,6.995,1.0,1.0,0.01399,13.99,0.0
2026-04-17,site B,finanças,rodapé fixo,nativo,celular,direto,5,3,2,0,0.01392,1,1,1,49.3,59.7,0,0.0,0.0,4.64,0.6,0.6666666666666666,0.01392,13.92,0.0
2026-04-17,site B,estilo de vida,topo da página,nativo,computador,redes sociais,2,2,1,0,0.0138,1,1,1,109.4,18.4,1,0.0,0.0,6.8999999999999995,1.0,0.5,0.0138,13.799999999999999,1.0
2026-04-17,site A,entretenimento,lateral,nativo,tablet,redes sociais,5,3,0,0,0.01364,1,1,1,69.6,65.1,0,1.0,0.0,4.546666666666666,0.6,0.0,0.01364,13.639999999999999,0.0
2026-04-17,site B,esportes,rodapé fixo,nativo,computador,direto,4,4,3,0,0.0135,1,1,1,98.2,41.5,0,1.0,0.0,3.375,1.0,0.75,0.0135,13.5,0.0
2026-04-17,site A,esportes,rodapé fixo,vídeo,celular,referência,3,2,2,0,0.01327,1,1,1,150.6,52.6,0,0.0,0.0,6.635000000000001,0.6666666666666666,1.0,0.01327,13.270000000000001,0.0
2026-04-17,site A,finanças,lateral,nativo,celular,orgânico,3,3,2,0,0.01245,1,1,1,50.1,69.2,1,0.0,0.0,4.1499999999999995,1.0,0.6666666666666666,0.01245,12.45,1.0
2026-04-17,site B,tecnologia,rodapé fixo,vídeo,tablet,redes sociais,1,1,1,0,0.01227,1,1,1,23.5,46.4,0,1.0,0.0,12.27,1.0,1.0,0.01227,12.27,0.0
2026-04-17,site A,notícias,topo da página,banner,computador,direto,3,3,1,0,0.01212,1,1,1,143.4,94.9,0,0.0,0.0,4.04,1.0,0.3333333333333333,0.01212,12.120000000000001,0.0
2026-04-17,site B,estilo de vida,lateral,banner,computador,redes sociais,1,1,0,0,0.01169,1,1,1,34.6,80.4,0,1.0,0.0,11.690000000000001,1.0,0.0,0.01169,11.690000000000001,0.0
2026-04-17,site A,esportes,meio do artigo,vídeo,computador,orgânico,1,1,0,0,0.01154,1,1,1,115.6,11.2,0,1.0,0.0,11.54,1.0,0.0,0.01154,11.54,0.0
2026-04-17,site A,notícias,meio do artigo,banner,celular,referência,6,5,3,0,0.01153,1,1,1,75.4,69.0,1,1.0,0.0,2.306,0.8333333333333334,0.6,0.01153,11.530000000000001,1.0
2026-04-17,site A,estilo de vida,meio do artigo,banner,celular,orgânico,6,4,3,0,0.01148,1,1,1,65.5,29.2,0,0.0,0.0,2.87,0.6666666666666666,0.75,0.01148,11.48,0.0
2026-04-17,site C,notícias,intersticial,nativo,celular,redes sociais,6,3,1,0,0.01105,1,1,1,47.8,36.3,0,0.0,0.0,3.6833333333333336,0.5,0.3333333333333333,0.01105,11.05,0.0
2026-04-17,site A,estilo de vida,topo da página,vídeo,celular,direto,6,3,2,0,0.01017,1,1,1,42.6,39.8,1,0.0,0.0,3.39,0.5,0.6666666666666666,0.01017,10.17,1.0
2026-04-17,site B,notícias,meio do artigo,mídia rica,computador,orgânico,1,1,0,0,0.00951,1,1,1,70.6,32.4,0,0.0,0.0,9.51,1.0,0.0,0.00951,9.51,0.0
2026-04-17,site C,entretenimento,rodapé fixo,banner,computador,orgânico,4,3,2,0,0.00924,1,1,1,33.1,68.9,0,0.0,0.0,3.08,0.75,0.6666666666666666,0.00924,9.24,0.0
2026-04-17,site B,tecnologia,meio do artigo,banner,computador,orgânico,2,2,1,0,0.00884,1,1,1,63.3,78.6,0,0.0,0.0,4.42,1.0,0.5,0.00884,8.84,0.0
2026-04-17,site C,notícias,lateral,nativo,celular,redes sociais,4,2,1,0,0.00877,1,1,1,40.2,42.3,0,1.0,0.0,4.385,0.5,0.5,0.00877,8.77,0.0
2026-04-17,site A,notícias,rodapé fixo,nativo,celular,orgânico,6,4,3,0,0.00873,1,1,1,39.6,52.5,0,0.0,0.0,2.1825,0.6666666666666666,0.75,0.00873,8.73,0.0
2026-04-17,site A,tecnologia,rodapé fixo,nativo,celular,referência,5,2,2,0,0.00869,1,1,1,17.2,84.3,0,0.0,0.0,4.345,0.4,1.0,0.00869,8.69,0.0
2026-04-17,site B,entretenimento,lateral,vídeo,computador,direto,2,2,1,0,0.008,1,1,1,44.1,79.6,0,1.0,0.0,4.0,1.0,0.5,0.008,8.0,0.0
2026-04-17,site A,tecnologia,topo da página,banner,tablet,orgânico,2,2,1,0,0.00792,1,1,1,48.9,14.1,1,1.0,0.0,3.96,1.0,0.5,0.00792,7.92,1.0
2026-04-17,site C,esportes,rodapé fixo,banner,tablet,referência,2,1,0,0,0.00781,1,1,1,13.0,55.9,0,0.0,0.0,7.8100000000000005,0.5,0.0,0.00781,7.8100000000000005,0.0
2026-04-17,site A,estilo de vida,meio do artigo,banner,computador,redes sociais,3,2,1,0,0.00759,1,1,1,55.8,43.6,0,0.0,0.0,3.7950000000000004,0.6666666666666666,0.5,0.00759,7.590000000000001,0.0
2026-04-17,site A,finanças,meio do artigo,nativo,computador,redes sociais,2,2,0,0,0.00745,1,1,1,33.9,80.6,1,1.0,0.0,3.725,1.0,0.0,0.00745,7.45,1.0
2026-04-17,site B,esportes,lateral,nativo,celular,orgânico,3,2,1,0,0.00742,1,1,1,79.0,46.8,1,1.0,0.0,3.7100000000000004,0.6666666666666666,0.5,0.00742,7.420000000000001,1.0
2026-04-17,site C,finanças,topo da página,mídia rica,tablet,orgânico,2,1,1,0,0.00738,1,1,1,104.4,66.3,0,1.0,0.0,7.38,0.5,1.0,0.00738,7.38,0.0
2026-04-17,site A,entretenimento,rodapé fixo,banner,celular,direto,2,1,1,0,0.00658,1,1,1,108.5,74.4,1,1.0,0.0,6.58,0.5,1.0,0.00658,6.58,1.0
2026-04-17,site B,estilo de vida,rodapé fixo,banner,celular,orgânico,1,1,1,0,0.00622,1,1,1,37.6,52.7,0,1.0,0.0,6.22,1.0,1.0,0.00622,6.22,0.0
2026-04-17,site C,finanças,rodapé fixo,nativo,computador,referência,2,1,1,0,0.00572,1,1,1,33.2,72.0,1,1.0,0.0,5.720000000000001,0.5,1.0,0.00572,5.720000000000001,1.0
2026-04-17,site A,esportes,rodapé fixo,nativo,celular,direto,1,1,1,0,0.00565,1,1,1,8.9,64.6,0,0.0,0.0,5.6499999999999995,1.0,1.0,0.00565,5.6499999999999995,0.0
2026-04-17,site A,finanças,meio do artigo,mídia rica,computador,referência,1,1,1,0,0.00521,1,1,1,23.7,47.1,1,0.0,0.0,5.21,1.0,1.0,0.00521,5.21,1.0
2026-04-17,site A,tecnologia,topo da página,banner,computador,redes sociais,1,1,0,0,0.00503,1,1,1,85.7,33.2,0,0.0,0.0,5.029999999999999,1.0,0.0,0.00503,5.029999999999999,0.0
2026-04-17,site C,estilo de vida,meio do artigo,banner,celular,orgânico,1,1,0,0,0.00501,1,1,1,40.5,35.4,1,0.0,0.0,5.01,1.0,0.0,0.00501,5.01,1.0
2026-04-17,site C,finanças,topo da página,banner,celular,redes sociais,5,2,1,0,0.00468,1,1,1,38.7,92.7,0,0.0,0.0,2.34,0.4,0.5,0.00468,4.68,0.0
2026-04-17,site A,entretenimento,meio do artigo,nativo,computador,referência,4,1,1,0,0.00426,1,1,1,4.7,75.9,0,0.0,0.0,4.26,0.25,1.0,0.00426,4.26,0.0
2026-04-17,site A,entretenimento,lateral,banner,computador,orgânico,1,1,0,0,0.00424,1,1,1,99.5,70.2,1,1.0,0.0,4.24,1.0,0.0,0.00424,4.24,1.0
2026-04-17,site A,notícias,rodapé fixo,vídeo,computador,orgânico,1,1,1,0,0.00414,1,1,1,76.7,52.7,1,0.0,0.0,4.14,1.0,1.0,0.00414,4.14,1.0
2026-04-17,site B,finanças,topo da página,banner,celular,orgânico,2,2,2,0,0.0041,1,1,1,25.1,90.1,0,1.0,0.0,2.0500000000000003,1.0,1.0,0.0041,4.1000000000000005,0.0
2026-04-17,site A,notícias,meio do artigo,banner,celular,direto,2,2,2,0,0.004,1,1,1,56.7,9.0,0,0.0,0.0,2.0,1.0,1.0,0.004,4.0,0.0
2026-04-17,site A,notícias,meio do artigo,banner,computador,newsletter,3,2,1,0,0.00383,1,1,1,22.1,35.0,0,0.0,0.0,1.915,0.6666666666666666,0.5,0.00383,3.83,0.0
2026-04-17,site A,estilo de vida,topo da página,nativo,celular,redes sociais,1,1,0,0,0.00375,1,1,1,33.5,40.5,1,1.0,0.0,3.75,1.0,0.0,0.00375,3.75,1.0
2026-04-17,site A,notícias,meio do artigo,nativo,computador,orgânico,3,1,1,0,0.00319,1,1,1,55.9,47.4,1,0.0,0.0,3.19,0.3333333333333333,1.0,0.00319,3.19,1.0
2026-04-17,site B,entretenimento,topo da página,banner,celular,redes sociais,2,2,0,0,0.00282,1,1,1,73.7,90.3,0,0.0,0.0,1.41,1.0,0.0,0.00282,2.82,0.0
2026-04-17,site A,notícias,meio do artigo,banner,celular,newsletter,3,1,1,0,0.00132,1,1,1,13.4,55.2,0,0.0,0.0,1.32,0.3333333333333333,1.0,0.00132,1.32,0.0
2026-04-17,site C,entretenimento,meio do artigo,banner,celular,redes sociais,2,2,1,0,0.00085,1,1,1,49.1,33.2,1,1.0,0.0,0.425,1.0,0.5,0.00085,0.85,1.0
2026-04-18,site C,finanças,meio do artigo,vídeo,computador,redes sociais,5,4,2,0,0.07159,1,1,1,4.6,65.7,0,1.0,0.0,17.8975,0.8,0.5,0.07159,71.59,0.0
2026-04-18,site A,tecnologia,meio do artigo,nativo,computador,redes sociais,5,5,2,0,0.05674,1,1,1,76.5,24.7,0,0.0,0.0,11.348,1.0,0.4,0.05674,56.74,0.0
2026-04-18,site B,tecnologia,topo da página,banner,tablet,direto,4,4,2,0,0.0397,1,1,1,52.8,46.8,0,0.0,0.0,9.924999999999999,1.0,0.5,0.0397,39.699999999999996,0.0
2026-04-18,site B,entretenimento,rodapé fixo,nativo,tablet,orgânico,6,6,4,0,0.0331,1,1,1,105.6,57.5,0,1.0,0.0,5.516666666666666,1.0,0.6666666666666666,0.0331,33.099999999999994,0.0
2026-04-18,site A,esportes,topo da página,mídia rica,computador,orgânico,5,4,3,0,0.03265,1,1,1,118.9,46.4,0,1.0,0.0,8.1625,0.8,0.75,0.03265,32.65,0.0
2026-04-18,site B,finanças,topo da página,vídeo,celular,newsletter,3,3,2,0,0.03172,1,1,1,76.3,79.2,0,1.0,0.0,10.573333333333332,1.0,0.6666666666666666,0.03172,31.72,0.0
2026-04-18,site A,entretenimento,topo da página,vídeo,computador,redes sociais,3,2,0,0,0.03124,1,1,1,157.1,73.1,0,1.0,0.0,15.620000000000001,0.6666666666666666,0.0,0.03124,31.240000000000002,0.0
2026-04-18,site C,entretenimento,topo da página,nativo,celular,orgânico,5,5,3,0,0.0286,1,1,1,105.3,44.2,0,1.0,0.0,5.720000000000001,1.0,0.6,0.0286,28.6,0.0
2026-04-18,site C,tecnologia,meio do artigo,vídeo,computador,redes sociais,3,2,0,0,0.02847,1,1,1,24.6,47.0,0,1.0,0.0,14.235,0.6666666666666666,0.0,0.02847,28.47,0.0
2026-04-18,site A,notícias,topo da página,banner,computador,redes sociais,6,5,3,0,0.02769,1,1,1,21.5,58.2,0,0.0,0.0,5.537999999999999,0.8333333333333334,0.6,0.02769,27.689999999999998,0.0
2026-04-18,site B,estilo de vida,meio do artigo,vídeo,celular,orgânico,5,4,1,0,0.02693,1,1,1,30.5,20.3,1,0.0,0.0,6.7325,0.8,0.25,0.02693,26.93,1.0
2026-04-18,site B,notícias,meio do artigo,banner,computador,orgânico,6,6,3,0,0.0266,1,1,1,10.4,28.4,1,0.0,0.0,4.433333333333333,1.0,0.5,0.0266,26.599999999999998,1.0
2026-04-18,site A,notícias,meio do artigo,banner,celular,orgânico,4,4,2,0,0.025640000000000003,2,2,2,51.45,70.69999999999999,2,0.0,0.0,6.410000000000001,1.0,0.5,0.012820000000000002,12.820000000000002,1.0
2026-04-18,site B,estilo de vida,meio do artigo,banner,tablet,direto,6,4,3,0,0.02501,1,1,1,15.6,30.2,1,0.0,0.0,6.2525,0.6666666666666666,0.75,0.02501,25.01,1.0
2026-04-18,site A,tecnologia,topo da página,nativo,computador,orgânico,4,4,2,0,0.02454,1,1,1,16.4,91.4,0,1.0,0.0,6.135,1.0,0.5,0.02454,24.54,0.0
2026-04-18,site C,tecnologia,topo da página,vídeo,tablet,orgânico,6,5,1,0,0.02332,1,1,1,20.5,93.9,1,0.0,0.0,4.664,0.8333333333333334,0.2,0.02332,23.32,1.0
2026-04-18,site A,finanças,topo da página,mídia rica,celular,newsletter,5,3,0,0,0.02262,1,1,1,61.7,52.7,0,0.0,0.0,7.54,0.6,0.0,0.02262,22.62,0.0
2026-04-18,site B,finanças,topo da página,nativo,computador,redes sociais,5,4,4,0,0.02236,1,1,1,53.3,29.6,0,1.0,0.0,5.590000000000001,0.8,1.0,0.02236,22.360000000000003,0.0
2026-04-18,site C,notícias,topo da página,banner,computador,orgânico,6,5,3,0,0.02213,1,1,1,70.1,48.1,0,1.0,0.0,4.426,0.8333333333333334,0.6,0.02213,22.13,0.0
2026-04-18,site B,finanças,topo da página,mídia rica,computador,redes sociais,5,3,2,0,0.02198,1,1,1,28.2,14.9,1,0.0,0.0,7.326666666666667,0.6,0.6666666666666666,0.02198,21.98,1.0
2026-04-18,site B,finanças,lateral,vídeo,celular,orgânico,3,3,3,0,0.02077,1,1,1,178.4,100.0,0,1.0,0.0,6.923333333333333,1.0,1.0,0.02077,20.77,0.0
2026-04-18,site A,esportes,meio do artigo,banner,tablet,orgânico,6,4,3,0,0.02058,1,1,1,54.0,45.3,0,1.0,0.0,5.1450000000000005,0.6666666666666666,0.75,0.02058,20.580000000000002,0.0
2026-04-18,site C,entretenimento,meio do artigo,mídia rica,celular,orgânico,6,5,3,0,0.02006,1,1,1,35.3,32.4,1,1.0,0.0,4.0120000000000005,0.8333333333333334,0.6,0.02006,20.060000000000002,1.0
2026-04-18,site C,estilo de vida,topo da página,nativo,celular,orgânico,5,4,1,0,0.01932,1,1,1,19.0,56.5,1,0.0,0.0,4.83,0.8,0.25,0.01932,19.32,1.0
2026-04-18,site A,finanças,meio do artigo,vídeo,celular,orgânico,3,2,1,0,0.01877,1,1,1,32.1,57.3,0,1.0,0.0,9.385,0.6666666666666666,0.5,0.01877,18.77,0.0
2026-04-18,site A,notícias,topo da página,vídeo,computador,referência,3,2,1,0,0.01759,1,1,1,36.8,44.8,0,0.0,0.0,8.795,0.6666666666666666,0.5,0.01759,17.59,0.0
2026-04-18,site B,entretenimento,rodapé fixo,nativo,computador,direto,5,3,2,0,0.01739,1,1,1,123.7,36.0,0,1.0,0.0,5.796666666666667,0.6,0.6666666666666666,0.01739,17.39,0.0
2026-04-18,site A,finanças,topo da página,vídeo,celular,orgânico,3,2,0,0,0.01718,1,1,1,74.1,62.8,1,1.0,0.0,8.59,0.6666666666666666,0.0,0.01718,17.18,1.0
2026-04-18,site C,tecnologia,lateral,banner,computador,direto,6,4,1,0,0.0169,1,1,1,42.3,43.3,0,0.0,0.0,4.225,0.6666666666666666,0.25,0.0169,16.9,0.0
2026-04-18,site C,tecnologia,rodapé fixo,banner,celular,orgânico,4,3,2,0,0.01637,1,1,1,25.9,23.0,0,0.0,0.0,5.456666666666666,0.75,0.6666666666666666,0.01637,16.369999999999997,0.0
2026-04-18,site A,tecnologia,topo da página,banner,celular,direto,3,3,1,0,0.01615,1,1,1,65.8,49.0,0,0.0,0.0,5.383333333333334,1.0,0.3333333333333333,0.01615,16.150000000000002,0.0
2026-04-18,site A,estilo de vida,topo da página,mídia rica,computador,direto,5,4,3,0,0.01488,1,1,1,20.2,54.9,0,0.0,0.0,3.72,0.8,0.75,0.01488,14.88,0.0
2026-04-18,site C,estilo de vida,meio do artigo,nativo,computador,orgânico,3,3,1,0,0.01462,1,1,1,17.1,83.9,0,0.0,0.0,4.873333333333333,1.0,0.3333333333333333,0.01462,14.62,0.0
2026-04-18,site B,finanças,meio do artigo,vídeo,computador,orgânico,4,2,2,0,0.0146,1,1,1,68.8,89.5,0,0.0,0.0,7.3,0.5,1.0,0.0146,14.6,0.0
2026-04-18,site B,estilo de vida,rodapé fixo,nativo,celular,orgânico,4,3,2,0,0.01382,1,1,1,83.7,59.1,1,0.0,0.0,4.6066666666666665,0.75,0.6666666666666666,0.01382,13.82,1.0
2026-04-18,site C,tecnologia,lateral,nativo,celular,redes sociais,5,3,1,0,0.01381,1,1,1,32.4,61.5,1,1.0,0.0,4.603333333333333,0.6,0.3333333333333333,0.01381,13.809999999999999,1.0
2026-04-18,site C,esportes,topo da página,banner,computador,orgânico,3,3,0,0,0.01379,1,1,1,112.1,100.0,1,0.0,0.0,4.596666666666667,1.0,0.0,0.01379,13.790000000000001,1.0
2026-04-18,site A,entretenimento,meio do artigo,vídeo,computador,orgânico,7,4,2,0,0.01373,2,2,2,112.3,51.900000000000006,0,0.5,0.0,3.4324999999999997,0.5714285714285714,0.5,0.006865,6.864999999999999,0.0
2026-04-18,site A,entretenimento,topo da página,mídia rica,celular,orgânico,5,5,3,0,0.01367,1,1,1,13.8,20.4,0,0.0,0.0,2.734,1.0,0.6,0.01367,13.67,0.0
2026-04-18,site C,notícias,rodapé fixo,mídia rica,celular,redes sociais,5,4,3,0,0.01334,1,1,1,84.6,36.0,0,1.0,0.0,3.335,0.8,0.75,0.01334,13.34,0.0
2026-04-18,site A,entretenimento,topo da página,mídia rica,celular,direto,4,4,2,0,0.01321,1,1,1,43.2,30.5,0,0.0,0.0,3.3024999999999998,1.0,0.5,0.01321,13.209999999999999,0.0
2026-04-18,site A,finanças,meio do artigo,banner,celular,direto,5,5,2,0,0.01275,1,1,1,45.1,88.1,0,0.0,0.0,2.55,1.0,0.4,0.01275,12.75,0.0
2026-04-18,site A,esportes,rodapé fixo,nativo,celular,orgânico,4,2,1,0,0.01224,1,1,1,72.3,85.3,1,1.0,0.0,6.119999999999999,0.5,0.5,0.01224,12.239999999999998,1.0
2026-04-18,site A,notícias,intersticial,nativo,celular,newsletter,2,2,1,0,0.01201,1,1,1,36.9,69.3,0,0.0,0.0,6.005,1.0,0.5,0.01201,12.01,0.0
2026-04-18,site A,esportes,meio do artigo,banner,computador,orgânico,3,3,1,0,0.01169,1,1,1,69.6,41.1,0,0.0,0.0,3.896666666666667,1.0,0.3333333333333333,0.01169,11.690000000000001,0.0
2026-04-18,site A,entretenimento,rodapé fixo,banner,computador,referência,2,2,2,0,0.01153,1,1,1,73.8,47.1,1,0.0,0.0,5.765000000000001,1.0,1.0,0.01153,11.530000000000001,1.0
2026-04-18,site B,finanças,rodapé fixo,banner,computador,newsletter,5,3,3,0,0.01143,1,1,1,92.8,61.1,1,0.0,0.0,3.81,0.6,1.0,0.01143,11.43,1.0
2026-04-18,site B,esportes,lateral,mídia rica,celular,orgânico,3,2,1,0,0.01121,1,1,1,18.3,100.0,0,1.0,0.0,5.6049999999999995,0.6666666666666666,0.5,0.01121,11.209999999999999,0.0
2026-04-18,site A,esportes,meio do artigo,banner,celular,orgânico,3,2,2,0,0.0111,1,1,1,98.8,40.9,1,0.0,0.0,5.55,0.6666666666666666,1.0,0.0111,11.1,1.0
2026-04-18,site B,estilo de vida,topo da página,vídeo,celular,direto,4,3,3,0,0.01075,1,1,1,79.6,45.0,0,1.0,0.0,3.5833333333333335,0.75,1.0,0.01075,10.75,0.0
2026-04-18,site A,tecnologia,lateral,banner,celular,referência,2,2,0,0,0.0105,1,1,1,76.1,41.0,0,0.0,0.0,5.25,1.0,0.0,0.0105,10.5,0.0
2026-04-18,site A,entretenimento,meio do artigo,nativo,computador,orgânico,5,4,2,0,0.01031,1,1,1,64.9,54.2,1,0.0,0.0,2.5775,0.8,0.5,0.01031,10.31,1.0
2026-04-18,site B,finanças,meio do artigo,banner,computador,newsletter,2,2,2,0,0.01009,1,1,1,108.8,53.6,0,1.0,0.0,5.045,1.0,1.0,0.01009,10.09,0.0
2026-04-18,site B,entretenimento,intersticial,vídeo,celular,orgânico,4,3,1,0,0.01008,1,1,1,15.5,66.2,1,1.0,0.0,3.36,0.75,0.3333333333333333,0.01008,10.08,1.0
2026-04-18,site C,entretenimento,meio do artigo,banner,celular,orgânico,4,3,3,0,0.00954,1,1,1,203.1,67.5,1,1.0,0.0,3.1799999999999997,0.75,1.0,0.00954,9.54,1.0
2026-04-18,site C,finanças,meio do artigo,banner,computador,direto,3,2,2,0,0.00919,1,1,1,24.2,49.0,1,1.0,0.0,4.595,0.6666666666666666,1.0,0.00919,9.19,1.0
2026-04-18,site A,esportes,meio do artigo,nativo,computador,referência,3,2,1,0,0.0091,1,1,1,177.8,71.7,0,0.0,0.0,4.55,0.6666666666666666,0.5,0.0091,9.1,0.0
2026-04-18,site A,entretenimento,lateral,vídeo,celular,redes sociais,1,1,0,0,0.00797,1,1,1,21.0,56.2,1,1.0,0.0,7.97,1.0,0.0,0.00797,7.97,1.0
2026-04-18,site B,tecnologia,meio do artigo,banner,celular,direto,2,2,1,0,0.00782,1,1,1,78.5,72.4,1,0.0,0.0,3.91,1.0,0.5,0.00782,7.82,1.0
2026-04-18,site C,esportes,meio do artigo,banner,computador,direto,3,2,1,0,0.00771,1,1,1,70.1,35.4,1,0.0,0.0,3.855,0.6666666666666666,0.5,0.00771,7.71,1.0
2026-04-18,site A,tecnologia,meio do artigo,vídeo,celular,orgânico,1,1,0,0,0.00756,1,1,1,38.5,31.3,0,0.0,0.0,7.56,1.0,0.0,0.00756,7.56,0.0
2026-04-18,site B,finanças,rodapé fixo,nativo,computador,orgânico,1,1,0,0,0.00748,1,1,1,99.1,68.3,0,0.0,0.0,7.4799999999999995,1.0,0.0,0.00748,7.4799999999999995,0.0
2026-04-18,site A,entretenimento,topo da página,banner,celular,orgânico,4,3,2,0,0.00731,1,1,1,82.5,86.1,0,1.0,0.0,2.4366666666666665,0.75,0.6666666666666666,0.00731,7.31,0.0
2026-04-18,site A,estilo de vida,meio do artigo,banner,tablet,direto,2,2,2,0,0.00725,1,1,1,28.9,100.0,1,1.0,0.0,3.625,1.0,1.0,0.00725,7.25,1.0
2026-04-18,site B,estilo de vida,topo da página,mídia rica,celular,orgânico,4,2,2,0,0.00721,1,1,1,42.1,58.2,0,1.0,0.0,3.605,0.5,1.0,0.00721,7.21,0.0
2026-04-18,site B,entretenimento,meio do artigo,nativo,computador,direto,2,2,1,0,0.00717,1,1,1,58.4,65.6,1,1.0,0.0,3.585,1.0,0.5,0.00717,7.17,1.0
2026-04-18,site B,notícias,rodapé fixo,vídeo,celular,redes sociais,1,1,1,0,0.00707,1,1,1,90.5,50.6,0,0.0,0.0,7.07,1.0,1.0,0.00707,7.07,0.0
2026-04-18,site A,tecnologia,rodapé fixo,mídia rica,celular,direto,2,2,2,0,0.00705,1,1,1,117.2,48.3,1,0.0,0.0,3.525,1.0,1.0,0.00705,7.05,1.0
2026-04-18,site B,finanças,meio do artigo,nativo,celular,redes sociais,1,1,1,0,0.0069,1,1,1,31.6,60.6,0,1.0,0.0,6.8999999999999995,1.0,1.0,0.0069,6.8999999999999995,0.0
2026-04-18,site B,entretenimento,rodapé fixo,mídia rica,celular,redes sociais,2,2,1,0,0.00679,1,1,1,35.9,33.6,1,0.0,0.0,3.395,1.0,0.5,0.00679,6.79,1.0
2026-04-18,site B,finanças,rodapé fixo,banner,celular,orgânico,5,4,4,0,0.00676,1,1,1,28.3,81.5,0,1.0,0.0,1.6900000000000002,0.8,1.0,0.00676,6.760000000000001,0.0
2026-04-18,site A,notícias,meio do artigo,vídeo,celular,redes sociais,1,1,1,0,0.00663,1,1,1,142.8,49.8,0,0.0,0.0,6.63,1.0,1.0,0.00663,6.63,0.0
2026-04-18,site B,finanças,meio do artigo,banner,computador,orgânico,4,2,2,0,0.00646,1,1,1,66.2,57.5,1,1.0,0.0,3.23,0.5,1.0,0.00646,6.46,1.0
2026-04-18,site B,finanças,rodapé fixo,nativo,tablet,orgânico,2,2,2,0,0.00614,1,1,1,21.3,52.6,0,1.0,0.0,3.07,1.0,1.0,0.00614,6.14,0.0
2026-04-18,site C,notícias,topo da página,banner,celular,referência,3,2,2,0,0.00526,1,1,1,83.5,66.9,0,1.0,0.0,2.63,0.6666666666666666,1.0,0.00526,5.26,0.0
2026-04-18,site C,entretenimento,lateral,banner,computador,newsletter,4,1,0,0,0.00499,1,1,1,10.3,59.2,0,0.0,0.0,4.989999999999999,0.25,0.0,0.00499,4.989999999999999,0.0
2026-04-18,site B,esportes,topo da página,nativo,computador,redes sociais,1,1,1,0,0.00459,1,1,1,45.7,56.5,0,1.0,0.0,4.590000000000001,1.0,1.0,0.00459,4.590000000000001,0.0
2026-04-18,site B,estilo de vida,rodapé fixo,nativo,celular,direto,2,1,1,0,0.0038,1,1,1,41.5,35.3,1,1.0,0.0,3.8,0.5,1.0,0.0038,3.8,1.0
2026-04-18,site B,estilo de vida,topo da página,banner,celular,referência,2,2,0,0,0.00333,1,1,1,98.1,72.2,1,0.0,0.0,1.665,1.0,0.0,0.00333,3.33,1.0
2026-04-18,site B,esportes,topo da página,nativo,computador,direto,1,0,0,0,0.00243,1,1,1,44.6,52.1,0,0.0,0.0,0.0,0.0,0.0,0.00243,2.4299999999999997,0.0
2026-04-18,site B,entretenimento,rodapé fixo,banner,computador,orgânico,1,0,0,0,0.00227,1,1,1,22.4,56.5,1,1.0,0.0,0.0,0.0,0.0,0.00227,2.27,1.0
2026-04-18,site A,notícias,lateral,nativo,celular,referência,1,0,0,0,0.00221,1,1,1,82.1,81.4,1,1.0,0.0,0.0,0.0,0.0,0.00221,2.21,1.0
2026-04-18,site B,estilo de vida,intersticial,vídeo,celular,redes sociais,3,0,0,0,0.00187,1,1,1,58.7,61.9,1,1.0,0.0,0.0,0.0,0.0,0.00187,1.8699999999999999,1.0
2026-04-18,site A,esportes,intersticial,banner,celular,redes sociais,1,1,0,0,0.0016,1,1,1,27.4,86.3,0,0.0,0.0,1.6,1.0,0.0,0.0016,1.6,0.0
2026-04-18,site C,esportes,topo da página,banner,computador,newsletter,1,1,0,0,0.00109,1,1,1,3.0,66.9,0,0.0,0.0,1.09,1.0,0.0,0.00109,1.09,0.0
2026-04-18,site C,estilo de vida,meio do artigo,banner,computador,orgânico,1,0,0,0,0.0004,1,1,1,38.8,53.3,0,0.0,0.0,0.0,0.0,0.0,0.0004,0.4,0.0
2026-04-18,site B,notícias,rodapé fixo,vídeo,tablet,orgânico,1,1,1,0,0.00034,1,1,1,23.5,81.6,1,0.0,0.0,0.34,1.0,1.0,0.00034,0.34,1.0
2026-04-18,site A,entretenimento,rodapé fixo,banner,celular,referência,2,1,0,0,0.0,1,1,1,47.9,43.2,0,1.0,0.0,0.0,0.5,0.0,0.0,0.0,0.0
2026-04-18,site A,finanças,meio do artigo,banner,celular,orgânico,1,1,1,0,0.0,1,1,1,18.5,61.1,1,0.0,0.0,0.0,1.0,1.0,0.0,0.0,1.0
2026-04-19,site A,finanças,rodapé fixo,mídia rica,computador,direto,6,5,4,0,0.08205,1,1,1,41.9,100.0,0,0.0,0.0,16.41,0.8333333333333334,0.8,0.08205,82.05,0.0
2026-04-19,site A,finanças,rodapé fixo,vídeo,tablet,direto,6,5,4,0,0.05699,1,1,1,153.0,69.1,1,1.0,0.0,11.398,0.8333333333333334,0.8,0.05699,56.99,1.0
2026-04-19,site B,finanças,topo da página,banner,tablet,orgânico,6,6,4,0,0.04951,1,1,1,49.2,57.0,0,1.0,0.0,8.251666666666667,1.0,0.6666666666666666,0.04951,49.51,0.0
2026-04-19,site A,esportes,rodapé fixo,vídeo,computador,orgânico,6,5,4,0,0.04944,1,1,1,62.4,32.4,0,0.0,0.0,9.888,0.8333333333333334,0.8,0.04944,49.44,0.0
2026-04-19,site A,finanças,lateral,vídeo,celular,orgânico,4,4,2,0,0.04641,1,1,1,12.2,63.2,1,0.0,0.0,11.6025,1.0,0.5,0.04641,46.41,1.0
2026-04-19,site B,esportes,topo da página,vídeo,computador,newsletter,5,5,2,0,0.04512,1,1,1,63.3,67.8,0,0.0,0.0,9.024,1.0,0.4,0.04512,45.12,0.0
2026-04-19,site B,estilo de vida,meio do artigo,vídeo,computador,orgânico,5,4,4,1,0.04071,1,1,1,25.9,99.7,0,0.0,0.25,10.1775,0.8,1.0,0.04071,40.71,0.0
2026-04-19,site B,notícias,topo da página,mídia rica,computador,referência,6,5,4,0,0.03621,1,1,1,100.3,56.0,0,0.0,0.0,7.242,0.8333333333333334,0.8,0.03621,36.21,0.0
2026-04-19,site A,finanças,topo da página,banner,celular,redes sociais,4,4,3,0,0.03284,1,1,1,91.3,69.6,0,0.0,0.0,8.21,1.0,0.75,0.03284,32.84,0.0
2026-04-19,site C,notícias,lateral,vídeo,celular,orgânico,6,4,1,0,0.03071,1,1,1,50.4,82.8,1,0.0,0.0,7.6775,0.6666666666666666,0.25,0.03071,30.71,1.0
2026-04-19,site C,finanças,intersticial,banner,computador,redes sociais,2,2,1,0,0.02692,1,1,1,75.2,54.4,1,1.0,0.0,13.459999999999999,1.0,0.5,0.02692,26.919999999999998,1.0
2026-04-19,site A,tecnologia,topo da página,banner,celular,orgânico,4,4,2,0,0.02642,1,1,1,24.9,64.3,0,0.0,0.0,6.6049999999999995,1.0,0.5,0.02642,26.419999999999998,0.0
2026-04-19,site A,esportes,rodapé fixo,mídia rica,celular,direto,6,4,4,0,0.02612,1,1,1,17.7,52.5,0,1.0,0.0,6.53,0.6666666666666666,1.0,0.02612,26.12,0.0
2026-04-19,site A,estilo de vida,lateral,banner,celular,redes sociais,5,5,4,0,0.02579,1,1,1,98.8,54.4,1,0.0,0.0,5.1579999999999995,1.0,0.8,0.02579,25.79,1.0
2026-04-19,site A,notícias,meio do artigo,nativo,computador,newsletter,5,4,4,0,0.02447,1,1,1,33.6,69.9,1,1.0,0.0,6.1175,0.8,1.0,0.02447,24.47,1.0
2026-04-19,site A,tecnologia,topo da página,mídia rica,celular,newsletter,6,6,5,0,0.02421,1,1,1,34.0,48.1,1,1.0,0.0,4.034999999999999,1.0,0.8333333333333334,0.02421,24.209999999999997,1.0
2026-04-19,site C,notícias,meio do artigo,vídeo,computador,orgânico,5,4,2,1,0.02414,1,1,1,77.3,74.4,0,1.0,0.25,6.035,0.8,0.5,0.02414,24.14,0.0
2026-04-19,site B,tecnologia,meio do artigo,nativo,tablet,redes sociais,6,4,2,0,0.02367,1,1,1,33.1,59.0,0,0.0,0.0,5.9175,0.6666666666666666,0.5,0.02367,23.67,0.0
2026-04-19,site C,finanças,meio do artigo,banner,computador,orgânico,5,5,5,0,0.02363,1,1,1,43.5,86.1,0,1.0,0.0,4.726000000000001,1.0,1.0,0.02363,23.630000000000003,0.0
2026-04-19,site A,esportes,topo da página,vídeo,computador,direto,5,4,4,0,0.02304,1,1,1,128.8,64.3,0,0.0,0.0,5.760000000000001,0.8,1.0,0.02304,23.040000000000003,0.0
2026-04-19,site A,esportes,meio do artigo,nativo,computador,redes sociais,6,3,3,0,0.02245,1,1,1,39.9,55.6,0,1.0,0.0,7.483333333333334,0.5,1.0,0.02245,22.450000000000003,0.0
2026-04-19,site B,notícias,lateral,vídeo,celular,orgânico,2,2,2,0,0.02245,1,1,1,93.3,100.0,0,1.0,0.0,11.225000000000001,1.0,1.0,0.02245,22.450000000000003,0.0
2026-04-19,site A,tecnologia,rodapé fixo,banner,celular,orgânico,6,5,2,0,0.02225,1,1,1,41.3,60.4,1,0.0,0.0,4.45,0.8333333333333334,0.4,0.02225,22.25,1.0
2026-04-19,site C,estilo de vida,meio do artigo,vídeo,celular,direto,6,5,1,1,0.02218,1,1,1,12.2,63.6,1,1.0,0.2,4.436,0.8333333333333334,0.2,0.02218,22.18,1.0
2026-04-19,site A,esportes,topo da página,vídeo,celular,direto,5,3,1,0,0.02109,1,1,1,47.9,61.5,0,0.0,0.0,7.03,0.6,0.3333333333333333,0.02109,21.09,0.0
2026-04-19,site C,notícias,rodapé fixo,vídeo,computador,direto,5,3,2,0,0.02055,1,1,1,38.7,23.2,0,0.0,0.0,6.849999999999999,0.6,0.6666666666666666,0.02055,20.549999999999997,0.0
2026-04-19,site A,estilo de vida,topo da página,nativo,tablet,orgânico,6,6,4,0,0.01993,1,1,1,112.3,92.7,1,0.0,0.0,3.3216666666666668,1.0,0.6666666666666666,0.01993,19.93,1.0
2026-04-19,site C,notícias,meio do artigo,banner,celular,direto,5,5,1,0,0.01983,1,1,1,23.2,62.7,1,0.0,0.0,3.966,1.0,0.2,0.01983,19.830000000000002,1.0
2026-04-19,site B,entretenimento,meio do artigo,mídia rica,computador,redes sociais,5,5,3,0,0.01848,1,1,1,38.1,53.2,0,1.0,0.0,3.696,1.0,0.6,0.01848,18.48,0.0
2026-04-19,site A,notícias,rodapé fixo,mídia rica,computador,redes sociais,6,2,0,0,0.01818,1,1,1,40.8,100.0,0,1.0,0.0,9.090000000000002,0.3333333333333333,0.0,0.01818,18.180000000000003,0.0
2026-04-19,site B,finanças,meio do artigo,banner,computador,orgânico,4,2,1,0,0.01808,1,1,1,36.9,41.6,0,0.0,0.0,9.04,0.5,0.5,0.01808,18.08,0.0
2026-04-19,site A,entretenimento,rodapé fixo,banner,computador,redes sociais,6,5,3,0,0.01776,1,1,1,34.8,48.3,1,0.0,0.0,3.5520000000000005,0.8333333333333334,0.6,0.01776,17.76,1.0
2026-04-19,site B,finanças,meio do artigo,vídeo,celular,redes sociais,5,3,2,0,0.0173,1,1,1,29.6,87.2,1,0.0,0.0,5.766666666666667,0.6,0.6666666666666666,0.0173,17.3,1.0
2026-04-19,site B,estilo de vida,topo da página,vídeo,celular,redes sociais,4,2,0,0,0.01693,1,1,1,26.6,23.4,1,0.0,0.0,8.465,0.5,0.0,0.01693,16.93,1.0
2026-04-19,site A,notícias,lateral,vídeo,computador,redes sociais,3,1,1,0,0.01666,1,1,1,58.9,59.9,0,0.0,0.0,16.66,0.3333333333333333,1.0,0.01666,16.66,0.0
2026-04-19,site A,entretenimento,meio do artigo,nativo,celular,orgânico,6,5,4,0,0.01646,1,1,1,57.6,62.2,0,1.0,0.0,3.2919999999999994,0.8333333333333334,0.8,0.01646,16.459999999999997,0.0
2026-04-19,site A,estilo de vida,meio do artigo,banner,computador,redes sociais,5,4,3,0,0.01637,1,1,1,97.5,37.9,1,1.0,0.0,4.092499999999999,0.8,0.75,0.01637,16.369999999999997,1.0
2026-04-19,site A,notícias,lateral,banner,celular,newsletter,6,6,4,0,0.01637,1,1,1,9.7,68.3,1,1.0,0.0,2.728333333333333,1.0,0.6666666666666666,0.01637,16.369999999999997,1.0
2026-04-19,site B,notícias,topo da página,vídeo,celular,direto,6,5,5,0,0.01608,1,1,1,31.6,95.9,1,1.0,0.0,3.216,0.8333333333333334,1.0,0.01608,16.080000000000002,1.0
2026-04-19,site A,finanças,topo da página,mídia rica,celular,orgânico,5,3,2,0,0.01602,1,1,1,28.1,57.6,0,0.0,0.0,5.34,0.6,0.6666666666666666,0.01602,16.02,0.0
2026-04-19,site A,finanças,rodapé fixo,vídeo,celular,referência,2,2,2,0,0.01598,1,1,1,3.0,100.0,1,0.0,0.0,7.99,1.0,1.0,0.01598,15.98,1.0
2026-04-19,site C,entretenimento,topo da página,banner,computador,orgânico,5,4,3,0,0.01533,1,1,1,139.7,67.6,0,1.0,0.0,3.8325,0.8,0.75,0.01533,15.33,0.0
2026-04-19,site A,notícias,topo da página,banner,computador,direto,5,4,2,0,0.01499,1,1,1,36.4,63.1,1,0.0,0.0,3.7475,0.8,0.5,0.01499,14.99,1.0
2026-04-19,site A,finanças,rodapé fixo,vídeo,celular,orgânico,4,3,3,0,0.01415,1,1,1,35.9,64.0,1,0.0,0.0,4.716666666666666,0.75,1.0,0.01415,14.149999999999999,1.0
2026-04-19,site A,entretenimento,meio do artigo,vídeo,computador,direto,3,3,1,0,0.01391,1,1,1,20.0,48.9,0,0.0,0.0,4.636666666666667,1.0,0.3333333333333333,0.01391,13.91,0.0
2026-04-19,site A,tecnologia,lateral,vídeo,tablet,redes sociais,2,2,1,0,0.01381,1,1,1,60.6,72.6,1,1.0,0.0,6.904999999999999,1.0,0.5,0.01381,13.809999999999999,1.0
2026-04-19,site A,estilo de vida,lateral,banner,computador,orgânico,3,3,2,0,0.01362,1,1,1,12.4,40.1,1,0.0,0.0,4.54,1.0,0.6666666666666666,0.01362,13.620000000000001,1.0
2026-04-19,site A,esportes,topo da página,banner,computador,direto,4,3,1,0,0.01308,1,1,1,19.0,83.0,0,0.0,0.0,4.36,0.75,0.3333333333333333,0.01308,13.08,0.0
2026-04-19,site A,tecnologia,meio do artigo,banner,celular,newsletter,3,3,3,0,0.01276,1,1,1,121.4,47.9,0,0.0,0.0,4.253333333333333,1.0,1.0,0.01276,12.76,0.0
2026-04-19,site C,notícias,meio do artigo,vídeo,computador,direto,2,2,1,0,0.01249,1,1,1,25.9,76.5,0,0.0,0.0,6.245,1.0,0.5,0.01249,12.49,0.0
2026-04-19,site B,estilo de vida,meio do artigo,banner,celular,direto,2,2,2,0,0.01201,1,1,1,51.9,45.6,1,0.0,0.0,6.005,1.0,1.0,0.01201,12.01,1.0
2026-04-19,site A,estilo de vida,rodapé fixo,banner,tablet,orgânico,3,3,2,0,0.0119,1,1,1,150.7,64.0,0,0.0,0.0,3.966666666666667,1.0,0.6666666666666666,0.0119,11.9,0.0
2026-04-19,site C,finanças,lateral,nativo,celular,referência,3,3,1,0,0.01147,1,1,1,99.5,71.5,1,0.0,0.0,3.823333333333333,1.0,0.3333333333333333,0.01147,11.469999999999999,1.0
2026-04-19,site B,tecnologia,meio do artigo,banner,celular,orgânico,2,2,1,0,0.01124,1,1,1,89.6,92.0,1,0.0,0.0,5.62,1.0,0.5,0.01124,11.24,1.0
2026-04-19,site A,tecnologia,topo da página,banner,celular,referência,4,3,1,0,0.01096,1,1,1,93.6,47.1,1,0.0,0.0,3.653333333333333,0.75,0.3333333333333333,0.01096,10.959999999999999,1.0
2026-04-19,site B,entretenimento,topo da página,banner,celular,referência,6,5,2,0,0.01046,1,1,1,155.5,71.8,1,0.0,0.0,2.092,0.8333333333333334,0.4,0.01046,10.46,1.0
2026-04-19,site B,estilo de vida,meio do artigo,banner,tablet,orgânico,3,2,1,0,0.01015,1,1,1,56.8,59.9,0,0.0,0.0,5.074999999999999,0.6666666666666666,0.5,0.01015,10.149999999999999,0.0
2026-04-19,site B,notícias,rodapé fixo,mídia rica,computador,direto,3,1,1,0,0.01012,1,1,1,101.4,84.6,1,1.0,0.0,10.120000000000001,0.3333333333333333,1.0,0.01012,10.120000000000001,1.0
2026-04-19,site B,estilo de vida,topo da página,nativo,celular,direto,3,3,2,0,0.01001,1,1,1,56.7,48.3,1,1.0,0.0,3.3366666666666664,1.0,0.6666666666666666,0.01001,10.01,1.0
2026-04-19,site B,notícias,meio do artigo,mídia rica,computador,redes sociais,2,2,1,0,0.00968,1,1,1,102.3,54.8,0,1.0,0.0,4.84,1.0,0.5,0.00968,9.68,0.0
2026-04-19,site B,notícias,topo da página,nativo,tablet,direto,2,2,1,0,0.0095,1,1,1,84.9,34.7,0,0.0,0.0,4.75,1.0,0.5,0.0095,9.5,0.0
2026-04-19,site A,estilo de vida,topo da página,banner,computador,direto,3,2,1,0,0.00929,1,1,1,79.7,62.2,0,1.0,0.0,4.645,0.6666666666666666,0.5,0.00929,9.29,0.0
2026-04-19,site C,finanças,lateral,banner,celular,redes sociais,5,5,3,0,0.00929,1,1,1,48.8,45.9,0,1.0,0.0,1.8579999999999999,1.0,0.6,0.00929,9.29,0.0
2026-04-19,site A,estilo de vida,topo da página,banner,celular,orgânico,5,4,2,0,0.00927,1,1,1,30.8,64.1,0,0.0,0.0,2.3175,0.8,0.5,0.00927,9.27,0.0
2026-04-19,site B,estilo de vida,lateral,banner,tablet,referência,4,2,2,0,0.00927,1,1,1,59.5,36.4,1,1.0,0.0,4.635,0.5,1.0,0.00927,9.27,1.0
2026-04-19,site C,finanças,lateral,banner,celular,orgânico,2,2,1,0,0.0091,1,1,1,20.0,57.5,0,0.0,0.0,4.55,1.0,0.5,0.0091,9.1,0.0
2026-04-19,site C,finanças,topo da página,banner,celular,direto,2,2,1,0,0.00896,1,1,1,19.4,72.6,0,1.0,0.0,4.4799999999999995,1.0,0.5,0.00896,8.959999999999999,0.0
2026-04-19,site A,finanças,topo da página,banner,computador,direto,2,2,1,0,0.00825,1,1,1,69.4,73.7,0,0.0,0.0,4.125,1.0,0.5,0.00825,8.25,0.0
2026-04-19,site B,estilo de vida,lateral,vídeo,computador,redes sociais,1,1,1,0,0.008,1,1,1,26.3,61.1,0,1.0,0.0,8.0,1.0,1.0,0.008,8.0,0.0
2026-04-19,site B,tecnologia,meio do artigo,banner,celular,direto,3,2,1,0,0.00781,1,1,1,39.1,59.7,0,0.0,0.0,3.9050000000000002,0.6666666666666666,0.5,0.00781,7.8100000000000005,0.0
2026-04-19,site B,esportes,meio do artigo,banner,computador,orgânico,2,2,2,0,0.00748,1,1,1,21.1,57.4,0,1.0,0.0,3.7399999999999998,1.0,1.0,0.00748,7.4799999999999995,0.0
2026-04-19,site B,finanças,lateral,mídia rica,celular,orgânico,5,1,1,0,0.00743,1,1,1,73.4,82.0,1,1.0,0.0,7.43,0.2,1.0,0.00743,7.43,1.0
2026-04-19,site A,notícias,meio do artigo,nativo,celular,direto,2,1,0,0,0.00736,1,1,1,85.9,48.6,0,0.0,0.0,7.36,0.5,0.0,0.00736,7.36,0.0
2026-04-19,site A,notícias,rodapé fixo,mídia rica,celular,newsletter,2,2,1,0,0.00714,1,1,1,76.3,42.7,1,0.0,0.0,3.57,1.0,0.5,0.00714,7.14,1.0
2026-04-19,site C,estilo de vida,meio do artigo,nativo,celular,newsletter,1,1,1,0,0.00711,1,1,1,87.4,31.1,0,1.0,0.0,7.11,1.0,1.0,0.00711,7.11,0.0
2026-04-19,site B,esportes,meio do artigo,banner,computador,direto,1,1,0,0,0.00675,1,1,1,61.4,63.1,1,1.0,0.0,6.75,1.0,0.0,0.00675,6.75,1.0
2026-04-19,site B,estilo de vida,meio do artigo,banner,computador,redes sociais,1,1,0,0,0.00668,1,1,1,77.5,36.7,0,0.0,0.0,6.680000000000001,1.0,0.0,0.00668,6.680000000000001,0.0
2026-04-19,site A,esportes,rodapé fixo,banner,computador,orgânico,2,2,0,0,0.00667,1,1,1,7.7,90.8,1,0.0,0.0,3.335,1.0,0.0,0.00667,6.67,1.0
2026-04-19,site A,notícias,meio do artigo,vídeo,celular,redes sociais,1,1,1,0,0.00653,1,1,1,82.4,62.2,1,0.0,0.0,6.53,1.0,1.0,0.00653,6.53,1.0
2026-04-19,site C,tecnologia,rodapé fixo,vídeo,celular,orgânico,2,1,1,0,0.00649,1,1,1,33.1,65.6,0,0.0,0.0,6.49,0.5,1.0,0.00649,6.49,0.0
2026-04-19,site B,esportes,topo da página,mídia rica,celular,orgânico,2,1,1,0,0.00627,1,1,1,31.3,62.0,0,1.0,0.0,6.2700000000000005,0.5,1.0,0.00627,6.2700000000000005,0.0
2026-04-19,site A,entretenimento,topo da página,banner,computador,direto,3,3,2,0,0.00606,1,1,1,30.0,47.9,0,0.0,0.0,2.02,1.0,0.6666666666666666,0.00606,6.0600000000000005,0.0
2026-04-19,site C,finanças,rodapé fixo,nativo,celular,newsletter,2,1,1,0,0.00561,1,1,1,38.9,86.3,0,0.0,0.0,5.61,0.5,1.0,0.00561,5.61,0.0
2026-04-19,site B,entretenimento,rodapé fixo,nativo,computador,redes sociais,3,2,2,0,0.00532,1,1,1,42.8,55.4,1,0.0,0.0,2.66,0.6666666666666666,1.0,0.00532,5.32,1.0
2026-04-19,site B,entretenimento,topo da página,banner,computador,redes sociais,2,2,2,0,0.00341,1,1,1,33.1,85.6,0,1.0,0.0,1.7049999999999998,1.0,1.0,0.00341,3.4099999999999997,0.0
2026-04-19,site A,entretenimento,meio do artigo,mídia rica,tablet,redes sociais,2,1,1,0,0.00332,1,1,1,66.9,100.0,0,1.0,0.0,3.32,0.5,1.0,0.00332,3.32,0.0
2026-04-19,site B,entretenimento,rodapé fixo,mídia rica,tablet,referência,1,1,1,0,0.00277,1,1,1,75.0,86.7,0,0.0,0.0,2.77,1.0,1.0,0.00277,2.77,0.0
2026-04-19,site B,tecnologia,lateral,banner,celular,redes sociais,2,1,1,0,0.00242,1,1,1,82.8,52.1,0,1.0,0.0,2.42,0.5,1.0,0.00242,2.42,0.0
2026-04-19,site A,finanças,rodapé fixo,mídia rica,celular,orgânico,1,0,0,0,0.00174,1,1,1,63.3,74.3,1,0.0,0.0,0.0,0.0,0.0,0.00174,1.74,1.0
2026-04-19,site C,estilo de vida,meio do artigo,vídeo,tablet,orgânico,3,1,0,1,0.00174,1,1,1,98.0,91.7,1,0.0,1.0,1.74,0.3333333333333333,0.0,0.00174,1.74,1.0
2026-04-19,site B,esportes,rodapé fixo,banner,tablet,redes sociais,2,1,0,0,0.00159,1,1,1,33.2,49.5,1,0.0,0.0,1.59,0.5,0.0,0.00159,1.59,1.0
2026-04-19,site A,notícias,intersticial,banner,celular,redes sociais,1,0,0,0,0.0,1,1,1,35.2,51.3,0,1.0,0.0,0.0,0.0,0.0,0.0,0.0,0.0
2026-04-19,site A,tecnologia,lateral,mídia rica,celular,orgânico,1,0,0,0,0.0,1,1,1,46.8,47.2,1,0.0,0.0,0.0,0.0,0.0,0.0,0.0,1.0
2026-04-19,site A,tecnologia,rodapé fixo,vídeo,celular,orgânico,1,0,0,0,0.0,1,1,1,71.4,63.3,1,1.0,0.0,0.0,0.0,0.0,0.0,0.0,1.0
2026-04-19,site B,entretenimento,topo da página,vídeo,computador,referência,1,0,0,0,0.0,1,1,1,51.4,37.9,0,1.0,0.0,0.0,0.0,0.0,0.0,0.0,0.0
2026-04-19,site B,finanças,lateral,banner,celular,referência,1,0,0,0,0.0,1,1,1,29.8,87.5,1,0.0,0.0,0.0,0.0,0.0,0.0,0.0,1.0
2026-04-19,site C,finanças,topo da página,vídeo,computador,redes sociais,1,0,0,0,0.0,1,1,1,92.1,68.3,1,1.0,0.0,0.0,0.0,0.0,0.0,0.0,1.0
2026-04-20,site A,tecnologia,meio do artigo,vídeo,celular,orgânico,6,5,5,0,0.0649,1,1,1,65.5,30.8,0,1.0,0.0,12.98,0.8333333333333334,1.0,0.0649,64.9,0.0
2026-04-20,site A,finanças,lateral,vídeo,computador,orgânico,5,4,3,0,0.05485,1,1,1,107.6,52.4,0,0.0,0.0,13.7125,0.8,0.75,0.05485,54.85,0.0
2026-04-20,site A,notícias,rodapé fixo,vídeo,celular,newsletter,5,4,3,0,0.04047,1,1,1,72.9,96.0,1,0.0,0.0,10.1175,0.8,0.75,0.04047,40.47,1.0
2026-04-20,site B,tecnologia,meio do artigo,vídeo,computador,redes sociais,4,3,2,0,0.04026,1,1,1,125.5,63.7,0,0.0,0.0,13.42,0.75,0.6666666666666666,0.04026,40.26,0.0
2026-04-20,site B,finanças,rodapé fixo,nativo,computador,orgânico,4,3,2,1,0.03998,1,1,1,25.0,69.3,1,0.0,0.3333333333333333,13.326666666666668,0.75,0.6666666666666666,0.03998,39.980000000000004,1.0
2026-04-20,site C,entretenimento,lateral,nativo,computador,orgânico,3,3,2,0,0.03785,1,1,1,40.7,68.7,1,1.0,0.0,12.616666666666667,1.0,0.6666666666666666,0.03785,37.85,1.0
2026-04-20,site B,esportes,meio do artigo,nativo,tablet,direto,6,6,5,0,0.03664,1,1,1,63.0,78.5,0,1.0,0.0,6.1066666666666665,1.0,0.8333333333333334,0.03664,36.64,0.0
2026-04-20,site C,tecnologia,rodapé fixo,vídeo,celular,referência,4,4,2,0,0.0356,1,1,1,29.9,96.4,1,1.0,0.0,8.9,1.0,0.5,0.0356,35.6,1.0
2026-04-20,site A,estilo de vida,meio do artigo,mídia rica,computador,direto,5,3,3,0,0.03543,1,1,1,70.7,56.9,0,0.0,0.0,11.81,0.6,1.0,0.03543,35.43,0.0
2026-04-20,site A,finanças,meio do artigo,nativo,computador,newsletter,5,5,5,1,0.03532,1,1,1,11.3,49.6,0,0.0,0.2,7.064,1.0,1.0,0.03532,35.32,0.0
2026-04-20,site B,tecnologia,lateral,vídeo,celular,direto,5,5,2,0,0.03509,1,1,1,129.9,47.4,0,0.0,0.0,7.018000000000001,1.0,0.4,0.03509,35.09,0.0
2026-04-20,site B,esportes,rodapé fixo,nativo,celular,referência,6,4,3,0,0.03427,1,1,1,40.1,52.2,1,0.0,0.0,8.5675,0.6666666666666666,0.75,0.03427,34.27,1.0
2026-04-20,site A,notícias,topo da página,vídeo,computador,direto,6,5,3,0,0.03255,1,1,1,41.4,76.8,0,1.0,0.0,6.510000000000001,0.8333333333333334,0.6,0.03255,32.550000000000004,0.0
2026-04-20,site B,tecnologia,lateral,nativo,celular,direto,6,4,0,0,0.02853,1,1,1,28.7,66.8,0,0.0,0.0,7.1325,0.6666666666666666,0.0,0.02853,28.53,0.0
2026-04-20,site A,estilo de vida,topo da página,vídeo,computador,redes sociais,6,4,1,0,0.02808,1,1,1,40.3,55.7,1,0.0,0.0,7.0200000000000005,0.6666666666666666,0.25,0.02808,28.080000000000002,1.0
2026-04-20,site A,esportes,meio do artigo,vídeo,celular,orgânico,5,4,4,0,0.02761,1,1,1,88.2,63.4,1,0.0,0.0,6.9025,0.8,1.0,0.02761,27.61,1.0
2026-04-20,site B,entretenimento,topo da página,vídeo,computador,redes sociais,4,4,4,0,0.02724,1,1,1,101.8,18.5,0,0.0,0.0,6.8100000000000005,1.0,1.0,0.02724,27.240000000000002,0.0
2026-04-20,site A,esportes,rodapé fixo,mídia rica,celular,redes sociais,6,4,3,0,0.02678,1,1,1,47.3,41.5,0,1.0,0.0,6.695,0.6666666666666666,0.75,0.02678,26.78,0.0
2026-04-20,site A,notícias,topo da página,vídeo,celular,referência,4,3,2,0,0.02618,1,1,1,186.9,54.5,1,0.0,0.0,8.726666666666667,0.75,0.6666666666666666,0.02618,26.18,1.0
2026-04-20,site C,notícias,topo da página,vídeo,celular,orgânico,6,5,3,1,0.02566,1,1,1,61.1,61.0,1,0.0,0.2,5.132,0.8333333333333334,0.6,0.02566,25.66,1.0
2026-04-20,site A,tecnologia,meio do artigo,vídeo,computador,redes sociais,6,4,2,1,0.02423,1,1,1,142.5,58.0,1,0.0,0.25,6.0575,0.6666666666666666,0.5,0.02423,24.23,1.0
2026-04-20,site A,tecnologia,rodapé fixo,banner,computador,orgânico,4,3,2,0,0.02418,1,1,1,73.6,80.8,1,1.0,0.0,8.06,0.75,0.6666666666666666,0.02418,24.18,1.0
2026-04-20,site A,finanças,topo da página,banner,computador,redes sociais,7,5,2,0,0.02291,2,2,2,92.05,54.05,0,0.5,0.0,4.582,0.7142857142857143,0.4,0.011455,11.455,0.0
2026-04-20,site C,finanças,intersticial,banner,computador,redes sociais,3,2,2,0,0.02183,1,1,1,48.8,63.4,1,1.0,0.0,10.915,0.6666666666666666,1.0,0.02183,21.83,1.0
2026-04-20,site C,tecnologia,meio do artigo,banner,celular,orgânico,6,4,2,0,0.02158,1,1,1,69.1,63.8,1,0.0,0.0,5.395,0.6666666666666666,0.5,0.02158,21.58,1.0
2026-04-20,site A,esportes,topo da página,mídia rica,celular,orgânico,4,4,2,0,0.02141,1,1,1,130.0,51.8,1,1.0,0.0,5.3525,1.0,0.5,0.02141,21.41,1.0
2026-04-20,site B,estilo de vida,topo da página,nativo,computador,direto,6,4,3,0,0.02049,1,1,1,40.8,53.6,0,0.0,0.0,5.1225000000000005,0.6666666666666666,0.75,0.02049,20.490000000000002,0.0
2026-04-20,site A,tecnologia,rodapé fixo,vídeo,computador,orgânico,2,2,2,0,0.01927,1,1,1,78.3,44.1,0,0.0,0.0,9.635,1.0,1.0,0.01927,19.27,0.0
2026-04-20,site A,tecnologia,topo da página,banner,computador,redes sociais,5,4,3,0,0.01866,1,1,1,18.2,32.5,0,0.0,0.0,4.665,0.8,0.75,0.01866,18.66,0.0
2026-04-20,site A,finanças,meio do artigo,banner,celular,redes sociais,6,6,2,0,0.01799,1,1,1,27.0,67.1,0,0.0,0.0,2.998333333333333,1.0,0.3333333333333333,0.01799,17.99,0.0
2026-04-20,site A,estilo de vida,meio do artigo,banner,computador,orgânico,5,5,3,0,0.01734,1,1,1,17.9,63.4,0,0.0,0.0,3.468,1.0,0.6,0.01734,17.34,0.0
2026-04-20,site B,tecnologia,rodapé fixo,banner,computador,redes sociais,4,4,3,0,0.01729,1,1,1,86.0,59.5,0,0.0,0.0,4.3225,1.0,0.75,0.01729,17.29,0.0
2026-04-20,site A,finanças,lateral,nativo,celular,direto,6,4,1,0,0.0172,1,1,1,119.9,53.2,1,0.0,0.0,4.3,0.6666666666666666,0.25,0.0172,17.2,1.0
2026-04-20,site A,finanças,meio do artigo,banner,computador,redes sociais,5,4,1,0,0.01682,1,1,1,74.5,76.2,0,0.0,0.0,4.205,0.8,0.25,0.01682,16.82,0.0
2026-04-20,site B,notícias,topo da página,nativo,celular,referência,3,3,2,0,0.01659,1,1,1,71.0,37.5,0,0.0,0.0,5.53,1.0,0.6666666666666666,0.01659,16.59,0.0
2026-04-20,site B,estilo de vida,lateral,banner,celular,orgânico,3,3,2,0,0.0163,1,1,1,100.9,66.0,0,1.0,0.0,5.433333333333333,1.0,0.6666666666666666,0.0163,16.299999999999997,0.0
2026-04-20,site B,esportes,meio do artigo,banner,computador,orgânico,4,3,3,0,0.01622,1,1,1,34.6,78.0,1,0.0,0.0,5.406666666666666,0.75,1.0,0.01622,16.22,1.0
2026-04-20,site B,finanças,lateral,banner,computador,orgânico,6,4,4,0,0.01604,1,1,1,35.6,56.7,1,1.0,0.0,4.01,0.6666666666666666,1.0,0.01604,16.04,1.0
2026-04-20,site C,entretenimento,meio do artigo,nativo,tablet,orgânico,5,3,2,0,0.01568,1,1,1,115.9,52.7,1,1.0,0.0,5.226666666666667,0.6,0.6666666666666666,0.01568,15.68,1.0
2026-04-20,site B,notícias,meio do artigo,nativo,computador,referência,4,3,2,0,0.01487,1,1,1,90.9,74.6,0,0.0,0.0,4.956666666666666,0.75,0.6666666666666666,0.01487,14.87,0.0
2026-04-20,site B,entretenimento,meio do artigo,banner,computador,direto,3,3,2,0,0.0145,1,1,1,67.2,88.7,0,1.0,0.0,4.833333333333333,1.0,0.6666666666666666,0.0145,14.5,0.0
2026-04-20,site A,tecnologia,intersticial,banner,tablet,direto,3,2,1,0,0.0144,1,1,1,61.9,39.1,1,1.0,0.0,7.2,0.6666666666666666,0.5,0.0144,14.4,1.0
2026-04-20,site C,estilo de vida,meio do artigo,banner,celular,direto,6,6,5,0,0.01417,1,1,1,23.2,68.7,0,0.0,0.0,2.361666666666667,1.0,0.8333333333333334,0.01417,14.17,0.0
2026-04-20,site C,esportes,lateral,nativo,computador,orgânico,5,5,2,0,0.013399999999999999,2,2,2,56.0,38.650000000000006,1,0.5,0.0,2.6799999999999997,1.0,0.4,0.006699999999999999,6.699999999999999,0.5
2026-04-20,site B,tecnologia,topo da página,banner,celular,orgânico,5,5,4,0,0.01316,1,1,1,11.6,56.0,1,0.0,0.0,2.632,1.0,0.8,0.01316,13.16,1.0
2026-04-20,site A,finanças,meio do artigo,banner,tablet,orgânico,5,3,3,0,0.01313,1,1,1,28.4,42.2,0,0.0,0.0,4.376666666666666,0.6,1.0,0.01313,13.129999999999999,0.0
2026-04-20,site B,finanças,lateral,vídeo,celular,newsletter,4,2,1,0,0.01307,1,1,1,15.5,68.2,1,1.0,0.0,6.535,0.5,0.5,0.01307,13.07,1.0
2026-04-20,site C,tecnologia,meio do artigo,vídeo,computador,redes sociais,5,4,3,0,0.01299,1,1,1,4.3,46.1,0,0.0,0.0,3.2475,0.8,0.75,0.01299,12.99,0.0
2026-04-20,site B,tecnologia,lateral,nativo,computador,direto,3,3,2,0,0.01272,1,1,1,59.1,72.7,0,0.0,0.0,4.24,1.0,0.6666666666666666,0.01272,12.72,0.0
2026-04-20,site A,estilo de vida,meio do artigo,banner,computador,direto,4,2,2,0,0.0127,1,1,1,71.7,82.9,1,0.0,0.0,6.35,0.5,1.0,0.0127,12.7,1.0
2026-04-20,site C,estilo de vida,topo da página,nativo,celular,orgânico,4,4,1,0,0.01269,1,1,1,23.7,51.4,0,1.0,0.0,3.1725,1.0,0.25,0.01269,12.69,0.0
2026-04-20,site B,notícias,meio do artigo,vídeo,computador,direto,4,2,1,0,0.01237,1,1,1,30.3,61.2,0,1.0,0.0,6.1850000000000005,0.5,0.5,0.01237,12.370000000000001,0.0
2026-04-20,site B,estilo de vida,meio do artigo,nativo,celular,orgânico,3,3,2,0,0.01232,1,1,1,52.4,30.5,0,0.0,0.0,4.1066666666666665,1.0,0.6666666666666666,0.01232,12.319999999999999,0.0
2026-04-20,site A,estilo de vida,topo da página,nativo,celular,redes sociais,3,2,2,0,0.01208,1,1,1,50.8,68.2,0,0.0,0.0,6.04,0.6666666666666666,1.0,0.01208,12.08,0.0
2026-04-20,site A,tecnologia,lateral,nativo,celular,orgânico,1,1,1,0,0.01203,1,1,1,69.7,79.1,0,0.0,0.0,12.030000000000001,1.0,1.0,0.01203,12.030000000000001,0.0
2026-04-20,site B,tecnologia,rodapé fixo,banner,tablet,direto,2,2,2,0,0.01199,1,1,1,107.1,72.6,1,0.0,0.0,5.995,1.0,1.0,0.01199,11.99,1.0
2026-04-20,site C,notícias,meio do artigo,vídeo,computador,redes sociais,3,2,1,0,0.01193,1,1,1,45.5,78.0,0,0.0,0.0,5.965,0.6666666666666666,0.5,0.01193,11.93,0.0
2026-04-20,site B,entretenimento,lateral,banner,celular,redes sociais,5,3,0,0,0.01172,1,1,1,49.8,82.6,1,0.0,0.0,3.9066666666666663,0.6,0.0,0.01172,11.719999999999999,1.0
2026-04-20,site A,notícias,lateral,nativo,computador,direto,5,2,0,0,0.01165,1,1,1,161.3,40.0,1,1.0,0.0,5.825,0.4,0.0,0.01165,11.65,1.0
2026-04-20,site C,notícias,meio do artigo,banner,celular,orgânico,2,2,1,0,0.01153,1,1,1,71.9,88.8,1,0.0,0.0,5.765000000000001,1.0,0.5,0.01153,11.530000000000001,1.0
2026-04-20,site C,estilo de vida,lateral,banner,celular,orgânico,5,4,2,0,0.01138,1,1,1,49.8,85.0,1,1.0,0.0,2.8449999999999998,0.8,0.5,0.01138,11.379999999999999,1.0
2026-04-20,site B,notícias,rodapé fixo,mídia rica,celular,referência,2,2,1,0,0.01074,1,1,1,40.4,32.6,0,0.0,0.0,5.37,1.0,0.5,0.01074,10.74,0.0
2026-04-20,site A,estilo de vida,lateral,vídeo,computador,redes sociais,1,1,1,0,0.01026,1,1,1,38.0,75.7,1,1.0,0.0,10.26,1.0,1.0,0.01026,10.26,1.0
2026-04-20,site B,entretenimento,topo da página,mídia rica,computador,redes sociais,2,2,1,0,0.01014,1,1,1,148.1,61.5,1,0.0,0.0,5.07,1.0,0.5,0.01014,10.14,1.0
2026-04-20,site B,estilo de vida,rodapé fixo,nativo,celular,redes sociais,1,1,1,0,0.00996,1,1,1,40.6,82.0,0,1.0,0.0,9.96,1.0,1.0,0.00996,9.96,0.0
2026-04-20,site B,tecnologia,lateral,mídia rica,celular,direto,3,3,2,0,0.00969,1,1,1,64.8,65.7,1,0.0,0.0,3.2300000000000004,1.0,0.6666666666666666,0.00969,9.690000000000001,1.0
2026-04-20,site C,tecnologia,lateral,banner,celular,redes sociais,2,2,2,0,0.00955,1,1,1,54.3,57.8,0,0.0,0.0,4.7749999999999995,1.0,1.0,0.00955,9.549999999999999,0.0
2026-04-20,site B,estilo de vida,intersticial,mídia rica,celular,newsletter,4,2,2,0,0.00953,1,1,1,23.8,68.6,1,0.0,0.0,4.765000000000001,0.5,1.0,0.00953,9.530000000000001,1.0
2026-04-20,site B,estilo de vida,rodapé fixo,banner,celular,orgânico,4,4,2,0,0.00942,1,1,1,50.7,93.6,1,0.0,0.0,2.355,1.0,0.5,0.00942,9.42,1.0
2026-04-20,site B,entretenimento,lateral,banner,computador,referência,4,2,1,0,0.0094,1,1,1,23.8,61.3,0,1.0,0.0,4.7,0.5,0.5,0.0094,9.4,0.0
2026-04-20,site C,notícias,lateral,nativo,computador,newsletter,4,2,0,0,0.00939,1,1,1,93.9,76.1,0,0.0,0.0,4.695,0.5,0.0,0.00939,9.39,0.0
2026-04-20,site B,esportes,rodapé fixo,mídia rica,celular,orgânico,2,2,2,0,0.0091,1,1,1,17.5,68.2,1,0.0,0.0,4.55,1.0,1.0,0.0091,9.1,1.0
2026-04-20,site A,notícias,meio do artigo,vídeo,celular,referência,1,1,0,0,0.00902,1,1,1,71.2,51.7,1,0.0,0.0,9.02,1.0,0.0,0.00902,9.02,1.0
2026-04-20,site B,notícias,meio do artigo,vídeo,computador,orgânico,1,1,1,0,0.00893,1,1,1,52.8,67.4,0,0.0,0.0,8.93,1.0,1.0,0.00893,8.93,0.0
2026-04-20,site A,notícias,meio do artigo,nativo,celular,orgânico,4,3,2,0,0.00883,1,1,1,168.7,65.2,1,0.0,0.0,2.9433333333333334,0.75,0.6666666666666666,0.00883,8.83,1.0
2026-04-20,site A,esportes,rodapé fixo,banner,computador,redes sociais,3,3,1,0,0.00819,1,1,1,94.6,30.8,0,0.0,0.0,2.73,1.0,0.3333333333333333,0.00819,8.19,0.0
2026-04-20,site A,notícias,meio do artigo,nativo,celular,referência,6,3,2,0,0.00798,1,1,1,56.1,53.9,0,0.0,0.0,2.6599999999999997,0.5,0.6666666666666666,0.00798,7.9799999999999995,0.0
2026-04-20,site A,entretenimento,rodapé fixo,banner,celular,direto,2,2,1,0,0.00795,1,1,1,20.6,74.3,1,0.0,0.0,3.975,1.0,0.5,0.00795,7.95,1.0
2026-04-20,site B,estilo de vida,topo da página,banner,computador,newsletter,3,2,2,0,0.00776,1,1,1,69.9,37.8,0,0.0,0.0,3.8800000000000003,0.6666666666666666,1.0,0.00776,7.760000000000001,0.0
2026-04-20,site C,esportes,rodapé fixo,nativo,computador,orgânico,1,1,0,0,0.00721,1,1,1,112.0,74.1,1,1.0,0.0,7.21,1.0,0.0,0.00721,7.21,1.0
2026-04-20,site C,entretenimento,topo da página,banner,celular,direto,1,1,1,0,0.00714,1,1,1,90.7,59.7,0,1.0,0.0,7.14,1.0,1.0,0.00714,7.14,0.0
2026-04-20,site C,esportes,lateral,banner,celular,direto,1,1,1,0,0.007,1,1,1,21.1,40.8,0,0.0,0.0,7.0,1.0,1.0,0.007,7.0,0.0
2026-04-20,site C,estilo de vida,meio do artigo,nativo,celular,orgânico,6,3,3,0,0.0067,1,1,1,117.4,45.1,1,1.0,0.0,2.2333333333333334,0.5,1.0,0.0067,6.7,1.0
2026-04-20,site B,entretenimento,meio do artigo,banner,computador,orgânico,3,3,0,0,0.00634,1,1,1,20.8,45.2,0,0.0,0.0,2.1133333333333333,1.0,0.0,0.00634,6.34,0.0
2026-04-20,site A,estilo de vida,meio do artigo,vídeo,computador,newsletter,4,2,2,0,0.00633,1,1,1,50.6,53.5,0,0.0,0.0,3.165,0.5,1.0,0.00633,6.33,0.0
2026-04-20,site B,esportes,lateral,banner,computador,redes sociais,1,0,0,0,0.00617,1,1,1,69.2,88.1,0,0.0,0.0,0.0,0.0,0.0,0.00617,6.17,0.0
2026-04-20,site B,entretenimento,lateral,nativo,celular,orgânico,1,1,0,0,0.00599,1,1,1,52.7,51.7,0,0.0,0.0,5.989999999999999,1.0,0.0,0.00599,5.989999999999999,0.0
2026-04-20,site A,notícias,meio do artigo,banner,tablet,orgânico,4,4,3,0,0.00597,1,1,1,35.2,57.6,1,0.0,0.0,1.4925,1.0,0.75,0.00597,5.97,1.0
2026-04-20,site C,finanças,meio do artigo,banner,celular,redes sociais,2,2,1,0,0.00593,1,1,1,17.6,81.8,1,0.0,0.0,2.9650000000000003,1.0,0.5,0.00593,5.930000000000001,1.0
2026-04-20,site C,notícias,rodapé fixo,banner,celular,orgânico,4,2,1,0,0.00542,1,1,1,30.5,83.2,0,0.0,0.0,2.71,0.5,0.5,0.00542,5.42,0.0
2026-04-20,site C,esportes,meio do artigo,vídeo,celular,orgânico,1,1,1,0,0.00526,1,1,1,61.2,37.3,1,0.0,0.0,5.26,1.0,1.0,0.00526,5.26,1.0
2026-04-20,site B,tecnologia,meio do artigo,banner,celular,redes sociais,1,1,1,0,0.00524,1,1,1,27.6,42.6,0,0.0,0.0,5.24,1.0,1.0,0.00524,5.24,0.0
2026-04-20,site B,entretenimento,lateral,banner,celular,direto,1,1,0,0,0.00408,1,1,1,39.7,96.1,0,1.0,0.0,4.08,1.0,0.0,0.00408,4.08,0.0
2026-04-20,site B,notícias,rodapé fixo,banner,computador,newsletter,2,1,1,0,0.00402,1,1,1,32.7,59.5,0,0.0,0.0,4.0200000000000005,0.5,1.0,0.00402,4.0200000000000005,0.0
2026-04-20,site B,estilo de vida,topo da página,nativo,celular,redes sociais,5,4,1,0,0.004,1,1,1,12.7,87.4,1,1.0,0.0,1.0,0.8,0.25,0.004,4.0,1.0
2026-04-20,site A,estilo de vida,meio do artigo,banner,computador,referência,1,1,0,0,0.00364,1,1,1,43.5,62.7,0,1.0,0.0,3.64,1.0,0.0,0.00364,3.64,0.0
2026-04-20,site A,estilo de vida,meio do artigo,banner,celular,redes sociais,2,1,1,1,0.00329,1,1,1,78.4,40.3,1,0.0,1.0,3.29,0.5,1.0,0.00329,3.29,1.0
2026-04-20,site B,esportes,topo da página,nativo,celular,orgânico,3,1,0,0,0.00286,1,1,1,61.0,25.9,0,0.0,0.0,2.8600000000000003,0.3333333333333333,0.0,0.00286,2.8600000000000003,0.0
2026-04-20,site B,notícias,lateral,nativo,computador,orgânico,1,1,0,0,0.00272,1,1,1,55.0,41.1,1,0.0,0.0,2.72,1.0,0.0,0.00272,2.72,1.0
2026-04-20,site A,notícias,topo da página,banner,computador,redes sociais,1,1,0,0,0.00256,1,1,1,50.0,25.6,1,0.0,0.0,2.56,1.0,0.0,0.00256,2.56,1.0
2026-04-20,site B,estilo de vida,meio do artigo,banner,celular,orgânico,1,1,1,0,0.00249,1,1,1,34.2,42.9,0,0.0,0.0,2.49,1.0,1.0,0.00249,2.49,0.0
2026-04-20,site B,notícias,intersticial,mídia rica,celular,direto,2,2,1,0,0.00219,1,1,1,94.0,48.8,1,0.0,0.0,1.095,1.0,0.5,0.00219,2.19,1.0
2026-04-20,site A,esportes,rodapé fixo,banner,celular,orgânico,1,1,1,0,0.00069,1,1,1,89.2,39.2,1,1.0,0.0,0.69,1.0,1.0,0.00069,0.69,1.0
2026-04-20,site B,esportes,topo da página,banner,celular,orgânico,4,2,1,0,0.00038,1,1,1,72.8,54.0,0,0.0,0.0,0.19,0.5,0.5,0.00038,0.38,0.0
2026-04-20,site B,entretenimento,lateral,banner,tablet,referência,1,0,0,0,0.00015,1,1,1,131.9,44.7,0,0.0,0.0,0.0,0.0,0.0,0.00015,0.15,0.0
2026-04-20,site A,esportes,topo da página,banner,celular,orgânico,1,1,1,0,0.0,1,1,1,63.2,99.9,1,0.0,0.0,0.0,1.0,1.0,0.0,0.0,1.0
2026-04-20,site C,notícias,lateral,nativo,computador,orgânico,1,0,0,0,0.0,1,1,1,26.3,40.6,0,1.0,0.0,0.0,0.0,0.0,0.0,0.0,0.0
2026-04-21,site B,tecnologia,rodapé fixo,vídeo,computador,direto,4,4,4,0,0.09009,1,1,1,70.9,31.9,0,0.0,0.0,22.5225,1.0,1.0,0.09009,90.09,0.0
2026-04-21,site C,entretenimento,meio do artigo,vídeo,computador,orgânico,11,9,6,0,0.07084,2,2,2,81.80000000000001,38.5,0,0.5,0.0,7.871111111111111,0.8181818181818182,0.6666666666666666,0.03542,35.42,0.0
2026-04-21,site C,finanças,intersticial,vídeo,celular,direto,4,4,2,0,0.05855,1,1,1,46.4,61.3,1,0.0,0.0,14.6375,1.0,0.5,0.05855,58.55,1.0
2026-04-21,site A,finanças,rodapé fixo,mídia rica,computador,referência,5,5,3,0,0.05263,1,1,1,20.4,45.9,1,0.0,0.0,10.526,1.0,0.6,0.05263,52.63,1.0
2026-04-21,site B,tecnologia,topo da página,mídia rica,celular,orgânico,6,4,2,0,0.04416,1,1,1,35.9,44.7,1,1.0,0.0,11.04,0.6666666666666666,0.5,0.04416,44.16,1.0
2026-04-21,site B,finanças,meio do artigo,vídeo,computador,orgânico,4,3,2,0,0.03891,1,1,1,52.6,49.8,0,1.0,0.0,12.969999999999999,0.75,0.6666666666666666,0.03891,38.91,0.0
2026-04-21,site A,esportes,topo da página,banner,computador,direto,6,5,3,0,0.03539,1,1,1,63.7,50.8,0,1.0,0.0,7.078,0.8333333333333334,0.6,0.03539,35.39,0.0
2026-04-21,site A,notícias,rodapé fixo,nativo,computador,direto,4,4,3,0,0.03491,1,1,1,45.6,100.0,1,0.0,0.0,8.7275,1.0,0.75,0.03491,34.91,1.0
2026-04-21,site B,finanças,lateral,mídia rica,computador,orgânico,4,4,2,0,0.03124,1,1,1,153.9,87.3,0,0.0,0.0,7.8100000000000005,1.0,0.5,0.03124,31.240000000000002,0.0
2026-04-21,site A,esportes,topo da página,banner,celular,redes sociais,6,4,3,0,0.03044,1,1,1,77.3,56.0,0,0.0,0.0,7.609999999999999,0.6666666666666666,0.75,0.03044,30.439999999999998,0.0
2026-04-21,site A,estilo de vida,rodapé fixo,nativo,computador,orgânico,6,6,5,0,0.02845,1,1,1,25.2,57.1,0,0.0,0.0,4.741666666666666,1.0,0.8333333333333334,0.02845,28.45,0.0
2026-04-21,site B,tecnologia,rodapé fixo,banner,tablet,redes sociais,6,6,5,0,0.02738,1,1,1,19.9,28.3,0,0.0,0.0,4.5633333333333335,1.0,0.8333333333333334,0.02738,27.380000000000003,0.0
2026-04-21,site B,esportes,topo da página,nativo,computador,redes sociais,3,3,2,0,0.02443,1,1,1,18.6,42.9,0,1.0,0.0,8.143333333333333,1.0,0.6666666666666666,0.02443,24.43,0.0
2026-04-21,site A,tecnologia,topo da página,nativo,computador,orgânico,3,3,3,0,0.02414,1,1,1,108.2,82.2,1,0.0,0.0,8.046666666666667,1.0,1.0,0.02414,24.14,1.0
2026-04-21,site B,notícias,topo da página,banner,computador,referência,5,4,2,0,0.02335,1,1,1,40.6,84.0,0,0.0,0.0,5.8374999999999995,0.8,0.5,0.02335,23.349999999999998,0.0
2026-04-21,site A,estilo de vida,rodapé fixo,mídia rica,computador,redes sociais,6,5,5,0,0.0232,1,1,1,133.1,52.6,0,0.0,0.0,4.64,0.8333333333333334,1.0,0.0232,23.2,0.0
2026-04-21,site A,estilo de vida,topo da página,banner,computador,orgânico,6,5,4,0,0.02302,1,1,1,27.0,58.7,0,0.0,0.0,4.604,0.8333333333333334,0.8,0.02302,23.02,0.0
2026-04-21,site C,tecnologia,topo da página,nativo,celular,direto,4,3,2,0,0.02277,1,1,1,27.0,41.2,1,0.0,0.0,7.59,0.75,0.6666666666666666,0.02277,22.77,1.0
2026-04-21,site A,tecnologia,meio do artigo,banner,computador,redes sociais,5,4,1,0,0.02275,1,1,1,24.7,33.3,0,0.0,0.0,5.6875,0.8,0.25,0.02275,22.75,0.0
2026-04-21,site A,esportes,meio do artigo,vídeo,computador,orgânico,6,4,2,0,0.0227,1,1,1,42.0,85.9,0,0.0,0.0,5.675000000000001,0.6666666666666666,0.5,0.0227,22.700000000000003,0.0
2026-04-21,site A,esportes,topo da página,banner,computador,referência,4,3,1,0,0.0227,1,1,1,23.4,46.2,0,0.0,0.0,7.566666666666667,0.75,0.3333333333333333,0.0227,22.700000000000003,0.0
2026-04-21,site A,estilo de vida,intersticial,vídeo,celular,redes sociais,6,6,3,0,0.02217,1,1,1,54.0,52.9,1,0.0,0.0,3.695,1.0,0.5,0.02217,22.169999999999998,1.0
2026-04-21,site A,notícias,rodapé fixo,mídia rica,celular,orgânico,4,4,4,0,0.02158,1,1,1,4.3,58.6,1,0.0,0.0,5.395,1.0,1.0,0.02158,21.58,1.0
2026-04-21,site B,esportes,topo da página,banner,computador,referência,2,2,2,0,0.02127,1,1,1,48.4,48.5,1,0.0,0.0,10.635,1.0,1.0,0.02127,21.27,1.0
2026-04-21,site A,notícias,topo da página,nativo,computador,newsletter,5,4,4,0,0.02056,1,1,1,64.1,23.0,0,0.0,0.0,5.14,0.8,1.0,0.02056,20.56,0.0
2026-04-21,site A,finanças,topo da página,banner,celular,orgânico,6,4,0,0,0.02007,1,1,1,12.5,94.0,1,0.0,0.0,5.0175,0.6666666666666666,0.0,0.02007,20.07,1.0
2026-04-21,site C,finanças,meio do artigo,vídeo,celular,orgânico,4,3,2,0,0.0199,1,1,1,119.8,75.5,0,0.0,0.0,6.633333333333334,0.75,0.6666666666666666,0.0199,19.900000000000002,0.0
2026-04-21,site A,finanças,meio do artigo,banner,computador,referência,4,3,2,0,0.01985,1,1,1,94.6,69.0,1,0.0,0.0,6.616666666666666,0.75,0.6666666666666666,0.01985,19.849999999999998,1.0
2026-04-21,site A,tecnologia,meio do artigo,nativo,computador,redes sociais,2,2,1,0,0.01976,1,1,1,21.1,33.3,0,0.0,0.0,9.879999999999999,1.0,0.5,0.01976,19.759999999999998,0.0
2026-04-21,site B,estilo de vida,topo da página,banner,celular,orgânico,8,5,4,0,0.01934,2,2,2,68.3,56.8,1,0.0,0.0,3.868,0.625,0.8,0.00967,9.67,0.5
2026-04-21,site B,esportes,meio do artigo,banner,celular,direto,7,3,2,0,0.0187,2,2,2,99.45,61.449999999999996,0,0.5,0.0,6.233333333333334,0.42857142857142855,0.6666666666666666,0.00935,9.350000000000001,0.0
2026-04-21,site C,esportes,rodapé fixo,banner,computador,direto,5,5,3,0,0.01864,1,1,1,87.8,40.1,1,0.0,0.0,3.728,1.0,0.6,0.01864,18.64,1.0
2026-04-21,site C,esportes,meio do artigo,banner,celular,orgânico,4,4,3,0,0.01823,1,1,1,5.4,93.0,1,0.0,0.0,4.5575,1.0,0.75,0.01823,18.23,1.0
2026-04-21,site C,tecnologia,topo da página,banner,celular,orgânico,6,3,2,1,0.01727,1,1,1,13.7,62.1,1,0.0,0.3333333333333333,5.756666666666667,0.5,0.6666666666666666,0.01727,17.27,1.0
2026-04-21,site B,finanças,rodapé fixo,vídeo,celular,orgânico,2,2,2,0,0.01699,1,1,1,27.8,47.5,0,1.0,0.0,8.495000000000001,1.0,1.0,0.01699,16.990000000000002,0.0
2026-04-21,site B,entretenimento,topo da página,vídeo,celular,redes sociais,4,4,3,0,0.01691,1,1,1,27.8,76.1,1,0.0,0.0,4.2275,1.0,0.75,0.01691,16.91,1.0
2026-04-21,site C,estilo de vida,meio do artigo,banner,computador,redes sociais,3,3,1,0,0.0169,2,2,2,65.25,36.45,0,1.0,0.0,5.633333333333333,1.0,0.3333333333333333,0.00845,8.45,0.0
2026-04-21,site B,tecnologia,intersticial,nativo,computador,orgânico,1,1,0,0,0.01679,1,1,1,96.4,65.6,0,0.0,0.0,16.79,1.0,0.0,0.01679,16.79,0.0
2026-04-21,site A,finanças,meio do artigo,mídia rica,computador,referência,3,3,1,0,0.01635,1,1,1,100.6,60.1,1,1.0,0.0,5.45,1.0,0.3333333333333333,0.01635,16.35,1.0
2026-04-21,site A,estilo de vida,topo da página,banner,computador,referência,3,3,2,0,0.0161,1,1,1,23.4,78.2,1,0.0,0.0,5.366666666666667,1.0,0.6666666666666666,0.0161,16.1,1.0
2026-04-21,site B,notícias,lateral,banner,celular,orgânico,5,4,3,0,0.01573,1,1,1,34.4,51.8,0,1.0,0.0,3.9325,0.8,0.75,0.01573,15.73,0.0
2026-04-21,site A,tecnologia,topo da página,mídia rica,computador,newsletter,3,2,1,0,0.0157,1,1,1,82.0,55.4,0,0.0,0.0,7.85,0.6666666666666666,0.5,0.0157,15.7,0.0
2026-04-21,site C,tecnologia,topo da página,banner,computador,orgânico,3,3,2,0,0.01535,1,1,1,40.7,97.6,0,1.0,0.0,5.116666666666667,1.0,0.6666666666666666,0.01535,15.350000000000001,0.0
2026-04-21,site B,finanças,topo da página,vídeo,celular,redes sociais,4,3,3,0,0.01516,1,1,1,15.3,100.0,1,0.0,0.0,5.053333333333334,0.75,1.0,0.01516,15.16,1.0
2026-04-21,site A,notícias,meio do artigo,vídeo,computador,orgânico,2,2,1,0,0.01409,1,1,1,9.4,67.4,0,0.0,0.0,7.045,1.0,0.5,0.01409,14.09,0.0
2026-04-21,site B,entretenimento,rodapé fixo,vídeo,celular,redes sociais,6,5,4,0,0.01404,1,1,1,68.0,32.9,1,0.0,0.0,2.8080000000000003,0.8333333333333334,0.8,0.01404,14.040000000000001,1.0
2026-04-21,site B,estilo de vida,lateral,banner,tablet,orgânico,3,3,2,0,0.01384,1,1,1,32.0,69.4,1,1.0,0.0,4.613333333333333,1.0,0.6666666666666666,0.01384,13.84,1.0
2026-04-21,site B,estilo de vida,lateral,banner,celular,orgânico,6,5,2,0,0.01319,1,1,1,36.3,51.4,1,0.0,0.0,2.638,0.8333333333333334,0.4,0.01319,13.19,1.0
2026-04-21,site A,entretenimento,meio do artigo,nativo,celular,newsletter,4,3,3,0,0.01315,1,1,1,77.1,38.3,1,1.0,0.0,4.383333333333334,0.75,1.0,0.01315,13.15,1.0
2026-04-21,site C,estilo de vida,meio do artigo,banner,computador,newsletter,4,4,2,0,0.0131,1,1,1,52.3,54.0,0,0.0,0.0,3.2750000000000004,1.0,0.5,0.0131,13.100000000000001,0.0
2026-04-21,site B,esportes,meio do artigo,vídeo,celular,referência,2,2,2,0,0.01237,1,1,1,73.3,84.6,0,0.0,0.0,6.1850000000000005,1.0,1.0,0.01237,12.370000000000001,0.0
2026-04-21,site A,estilo de vida,meio do artigo,nativo,computador,orgânico,4,3,2,0,0.01145,1,1,1,106.6,47.6,0,1.0,0.0,3.8166666666666664,0.75,0.6666666666666666,0.01145,11.45,0.0
2026-04-21,site A,estilo de vida,lateral,nativo,computador,orgânico,4,2,0,0,0.01134,1,1,1,33.7,59.6,0,0.0,0.0,5.67,0.5,0.0,0.01134,11.34,0.0
2026-04-21,site B,entretenimento,meio do artigo,banner,tablet,direto,5,3,1,0,0.01122,1,1,1,23.6,61.9,1,1.0,0.0,3.74,0.6,0.3333333333333333,0.01122,11.22,1.0
2026-04-21,site A,notícias,lateral,banner,celular,redes sociais,6,5,4,1,0.01113,1,1,1,160.0,49.4,1,0.0,0.2,2.226,0.8333333333333334,0.8,0.01113,11.129999999999999,1.0
2026-04-21,site C,entretenimento,rodapé fixo,nativo,tablet,referência,4,3,3,0,0.01104,1,1,1,47.8,72.7,0,0.0,0.0,3.6799999999999997,0.75,1.0,0.01104,11.04,0.0
2026-04-21,site A,entretenimento,topo da página,banner,celular,newsletter,5,5,4,0,0.01099,1,1,1,55.1,61.1,0,0.0,0.0,2.198,1.0,0.8,0.01099,10.99,0.0
2026-04-21,site B,notícias,topo da página,banner,computador,direto,4,4,3,0,0.01084,1,1,1,24.0,39.2,1,1.0,0.0,2.71,1.0,0.75,0.01084,10.84,1.0
2026-04-21,site B,tecnologia,meio do artigo,banner,celular,direto,6,6,4,0,0.01082,1,1,1,74.7,50.3,1,0.0,0.0,1.8033333333333335,1.0,0.6666666666666666,0.01082,10.82,1.0
2026-04-21,site A,notícias,topo da página,banner,celular,orgânico,3,2,1,0,0.01068,1,1,1,88.0,27.3,1,0.0,0.0,5.34,0.6666666666666666,0.5,0.01068,10.68,1.0
2026-04-21,site A,esportes,rodapé fixo,vídeo,celular,redes sociais,4,2,1,0,0.0106,1,1,1,41.5,69.9,0,0.0,0.0,5.3,0.5,0.5,0.0106,10.6,0.0
2026-04-21,site B,estilo de vida,topo da página,nativo,tablet,orgânico,3,3,2,0,0.0103,1,1,1,52.1,73.2,0,0.0,0.0,3.4333333333333336,1.0,0.6666666666666666,0.0103,10.3,0.0
2026-04-21,site B,tecnologia,lateral,nativo,celular,orgânico,3,2,0,0,0.00991,1,1,1,89.8,76.5,0,0.0,0.0,4.955,0.6666666666666666,0.0,0.00991,9.91,0.0
2026-04-21,site A,notícias,topo da página,nativo,celular,referência,2,2,0,0,0.00959,1,1,1,13.9,32.4,0,1.0,0.0,4.795,1.0,0.0,0.00959,9.59,0.0
2026-04-21,site B,tecnologia,lateral,mídia rica,computador,orgânico,2,1,1,0,0.0095,1,1,1,30.1,49.1,1,1.0,0.0,9.5,0.5,1.0,0.0095,9.5,1.0
2026-04-21,site A,estilo de vida,topo da página,mídia rica,celular,redes sociais,3,3,2,0,0.00912,1,1,1,107.0,85.0,0,0.0,0.0,3.0399999999999996,1.0,0.6666666666666666,0.00912,9.12,0.0
2026-04-21,site B,esportes,topo da página,vídeo,tablet,orgânico,3,2,1,0,0.00881,1,1,1,5.7,14.8,0,0.0,0.0,4.405,0.6666666666666666,0.5,0.00881,8.81,0.0
2026-04-21,site A,tecnologia,intersticial,mídia rica,celular,direto,2,1,1,0,0.00865,1,1,1,43.9,33.4,0,0.0,0.0,8.65,0.5,1.0,0.00865,8.65,0.0
2026-04-21,site A,estilo de vida,meio do artigo,vídeo,computador,redes sociais,1,1,1,0,0.00835,1,1,1,14.5,78.8,0,0.0,0.0,8.35,1.0,1.0,0.00835,8.35,0.0
2026-04-21,site A,notícias,rodapé fixo,vídeo,celular,redes sociais,2,1,1,0,0.0082,1,1,1,83.9,63.5,1,1.0,0.0,8.200000000000001,0.5,1.0,0.0082,8.200000000000001,1.0
2026-04-21,site A,entretenimento,meio do artigo,nativo,celular,orgânico,2,2,1,0,0.00817,1,1,1,81.2,50.2,0,0.0,0.0,4.085,1.0,0.5,0.00817,8.17,0.0
2026-04-21,site C,tecnologia,intersticial,vídeo,computador,orgânico,3,1,0,0,0.00795,1,1,1,39.4,71.2,1,1.0,0.0,7.95,0.3333333333333333,0.0,0.00795,7.95,1.0
2026-04-21,site A,entretenimento,meio do artigo,vídeo,celular,direto,1,1,0,0,0.0079,1,1,1,19.2,77.8,1,0.0,0.0,7.9,1.0,0.0,0.0079,7.9,1.0
2026-04-21,site A,tecnologia,topo da página,vídeo,celular,orgânico,1,1,1,0,0.00782,1,1,1,96.9,79.3,1,0.0,0.0,7.82,1.0,1.0,0.00782,7.82,1.0
2026-04-21,site B,esportes,topo da página,vídeo,computador,referência,1,1,1,0,0.007,1,1,1,55.6,34.1,1,0.0,0.0,7.0,1.0,1.0,0.007,7.0,1.0
2026-04-21,site B,notícias,meio do artigo,banner,computador,newsletter,2,2,2,0,0.00694,1,1,1,25.7,37.0,0,0.0,0.0,3.47,1.0,1.0,0.00694,6.94,0.0
2026-04-21,site A,esportes,meio do artigo,nativo,celular,orgânico,1,1,1,0,0.00644,1,1,1,168.4,78.0,1,0.0,0.0,6.44,1.0,1.0,0.00644,6.44,1.0
2026-04-21,site C,tecnologia,meio do artigo,banner,computador,orgânico,1,1,0,0,0.00629,1,1,1,28.9,66.2,0,0.0,0.0,6.289999999999999,1.0,0.0,0.00629,6.289999999999999,0.0
2026-04-21,site B,esportes,intersticial,nativo,celular,redes sociais,2,2,1,0,0.006,1,1,1,15.7,67.0,1,1.0,0.0,3.0,1.0,0.5,0.006,6.0,1.0
2026-04-21,site B,estilo de vida,rodapé fixo,banner,celular,direto,3,1,1,0,0.00591,1,1,1,65.1,63.5,0,0.0,0.0,5.91,0.3333333333333333,1.0,0.00591,5.91,0.0
2026-04-21,site A,esportes,rodapé fixo,banner,celular,orgânico,1,1,1,0,0.00572,1,1,1,82.8,62.9,1,0.0,0.0,5.720000000000001,1.0,1.0,0.00572,5.720000000000001,1.0
2026-04-21,site B,tecnologia,topo da página,banner,computador,orgânico,1,1,1,0,0.00557,1,1,1,70.2,96.3,1,1.0,0.0,5.57,1.0,1.0,0.00557,5.57,1.0
2026-04-21,site B,entretenimento,intersticial,nativo,celular,referência,6,3,2,0,0.00551,1,1,1,55.0,62.7,0,0.0,0.0,1.8366666666666667,0.5,0.6666666666666666,0.00551,5.51,0.0
2026-04-21,site B,estilo de vida,rodapé fixo,banner,celular,redes sociais,2,2,2,0,0.0054,1,1,1,30.8,65.0,1,0.0,0.0,2.7,1.0,1.0,0.0054,5.4,1.0
2026-04-21,site A,notícias,intersticial,banner,celular,orgânico,4,2,2,0,0.00532,1,1,1,89.7,27.2,0,1.0,0.0,2.66,0.5,1.0,0.00532,5.32,0.0
2026-04-21,site C,esportes,topo da página,banner,tablet,referência,5,3,3,0,0.0052,1,1,1,48.8,27.6,0,1.0,0.0,1.7333333333333334,0.6,1.0,0.0052,5.2,0.0
2026-04-21,site C,finanças,topo da página,nativo,computador,orgânico,1,1,1,0,0.00474,1,1,1,28.1,40.8,0,0.0,0.0,4.74,1.0,1.0,0.00474,4.74,0.0
2026-04-21,site B,notícias,meio do artigo,vídeo,celular,orgânico,1,1,0,0,0.00472,1,1,1,61.7,64.9,1,0.0,0.0,4.720000000000001,1.0,0.0,0.00472,4.720000000000001,1.0
2026-04-21,site A,tecnologia,topo da página,banner,celular,direto,2,1,1,0,0.00443,1,1,1,18.3,45.6,1,1.0,0.0,4.43,0.5,1.0,0.00443,4.43,1.0
2026-04-21,site A,notícias,meio do artigo,mídia rica,computador,redes sociais,1,1,1,0,0.00439,1,1,1,88.9,45.7,0,0.0,0.0,4.39,1.0,1.0,0.00439,4.39,0.0
2026-04-21,site A,esportes,meio do artigo,mídia rica,celular,direto,1,0,0,0,0.00414,1,1,1,3.2,100.0,0,1.0,0.0,0.0,0.0,0.0,0.00414,4.14,0.0
2026-04-21,site A,tecnologia,topo da página,nativo,computador,redes sociais,2,1,1,0,0.00414,1,1,1,3.0,48.9,0,0.0,0.0,4.14,0.5,1.0,0.00414,4.14,0.0
2026-04-21,site B,tecnologia,topo da página,nativo,computador,newsletter,1,1,0,0,0.00412,1,1,1,148.5,59.5,0,0.0,0.0,4.12,1.0,0.0,0.00412,4.12,0.0
2026-04-21,site B,estilo de vida,intersticial,nativo,celular,newsletter,3,1,0,0,0.00401,1,1,1,34.1,59.6,0,1.0,0.0,4.01,0.3333333333333333,0.0,0.00401,4.01,0.0
2026-04-21,site C,entretenimento,rodapé fixo,banner,celular,orgânico,3,2,1,0,0.00386,1,1,1,55.6,72.4,0,1.0,0.0,1.9300000000000002,0.6666666666666666,0.5,0.00386,3.8600000000000003,0.0
2026-04-21,site A,esportes,topo da página,banner,celular,newsletter,1,1,0,0,0.00317,1,1,1,123.3,41.9,0,0.0,0.0,3.17,1.0,0.0,0.00317,3.17,0.0
2026-04-21,site B,estilo de vida,meio do artigo,banner,celular,referência,5,2,1,0,0.00285,1,1,1,44.5,63.2,1,0.0,0.0,1.425,0.4,0.5,0.00285,2.85,1.0
2026-04-21,site A,estilo de vida,topo da página,mídia rica,celular,direto,2,1,1,0,0.0023,1,1,1,27.7,48.0,0,0.0,0.0,2.3,0.5,1.0,0.0023,2.3,0.0
2026-04-21,site A,estilo de vida,lateral,banner,celular,orgânico,3,2,1,0,0.0021,1,1,1,50.6,52.0,0,1.0,0.0,1.05,0.6666666666666666,0.5,0.0021,2.1,0.0
2026-04-21,site A,esportes,meio do artigo,banner,celular,direto,2,1,0,0,0.00187,1,1,1,112.9,49.3,1,0.0,0.0,1.8699999999999999,0.5,0.0,0.00187,1.8699999999999999,1.0
2026-04-21,site B,estilo de vida,rodapé fixo,mídia rica,computador,referência,1,1,1,0,0.00182,1,1,1,28.2,27.6,0,1.0,0.0,1.82,1.0,1.0,0.00182,1.82,0.0
2026-04-21,site A,notícias,meio do artigo,banner,computador,redes sociais,1,0,0,0,0.00042,1,1,1,21.7,54.0,0,0.0,0.0,0.0,0.0,0.0,0.00042,0.42000000000000004,0.0
2026-04-21,site A,entretenimento,meio do artigo,banner,celular,newsletter,1,0,0,0,0.0,1,1,1,24.4,73.9,1,0.0,0.0,0.0,0.0,0.0,0.0,0.0,1.0
2026-04-21,site C,notícias,meio do artigo,banner,celular,direto,2,0,0,0,0.0,1,1,1,22.7,46.8,1,1.0,0.0,0.0,0.0,0.0,0.0,0.0,1.0
2026-04-22,site C,estilo de vida,rodapé fixo,mídia rica,computador,orgânico,5,5,3,2,0.04007,1,1,1,7.9,71.7,1,0.0,0.4,8.014,1.0,0.6,0.04007,40.07,1.0
2026-04-22,site B,finanças,lateral,vídeo,celular,redes sociais,5,4,3,0,0.03972,1,1,1,65.9,84.9,1,0.0,0.0,9.93,0.8,0.75,0.03972,39.72,1.0
2026-04-22,site A,notícias,topo da página,vídeo,celular,direto,5,5,4,0,0.03866,1,1,1,131.5,57.3,1,1.0,0.0,7.731999999999999,1.0,0.8,0.03866,38.66,1.0
2026-04-22,site B,estilo de vida,lateral,vídeo,celular,orgânico,6,5,4,0,0.03768,1,1,1,38.7,45.1,1,0.0,0.0,7.536,0.8333333333333334,0.8,0.03768,37.68,1.0
2026-04-22,site A,finanças,topo da página,vídeo,celular,referência,5,5,4,0,0.03671,1,1,1,39.2,100.0,0,1.0,0.0,7.3420000000000005,1.0,0.8,0.03671,36.71,0.0
2026-04-22,site A,tecnologia,meio do artigo,banner,computador,orgânico,7,6,5,0,0.0367,2,2,2,52.5,67.85,0,0.5,0.0,6.116666666666667,0.8571428571428571,0.8333333333333334,0.01835,18.35,0.0
2026-04-22,site A,tecnologia,topo da página,vídeo,celular,orgânico,6,5,5,0,0.03632,1,1,1,56.9,68.5,1,0.0,0.0,7.264,0.8333333333333334,1.0,0.03632,36.32,1.0
2026-04-22,site A,notícias,topo da página,banner,tablet,orgânico,5,5,1,0,0.03627,1,1,1,49.5,86.7,0,1.0,0.0,7.254,1.0,0.2,0.03627,36.269999999999996,0.0
2026-04-22,site B,finanças,rodapé fixo,banner,computador,direto,4,3,2,0,0.03568,1,1,1,13.1,58.7,0,1.0,0.0,11.893333333333336,0.75,0.6666666666666666,0.03568,35.68000000000001,0.0
2026-04-22,site A,notícias,meio do artigo,vídeo,celular,redes sociais,5,3,2,0,0.03391,1,1,1,31.7,65.4,1,0.0,0.0,11.303333333333335,0.6,0.6666666666666666,0.03391,33.910000000000004,1.0
2026-04-22,site B,estilo de vida,topo da página,banner,tablet,newsletter,5,4,1,0,0.0313,1,1,1,37.9,38.0,1,0.0,0.0,7.825,0.8,0.25,0.0313,31.3,1.0
2026-04-22,site A,tecnologia,meio do artigo,banner,tablet,orgânico,5,3,2,0,0.02964,1,1,1,65.0,72.0,1,0.0,0.0,9.88,0.6,0.6666666666666666,0.02964,29.64,1.0
2026-04-22,site C,tecnologia,rodapé fixo,banner,celular,orgânico,6,5,4,0,0.02921,1,1,1,37.2,87.6,1,0.0,0.0,5.8420000000000005,0.8333333333333334,0.8,0.02921,29.21,1.0
2026-04-22,site C,tecnologia,topo da página,banner,computador,orgânico,6,6,5,0,0.02846,1,1,1,44.0,65.4,1,0.0,0.0,4.743333333333333,1.0,0.8333333333333334,0.02846,28.46,1.0
2026-04-22,site B,notícias,topo da página,mídia rica,computador,referência,4,4,3,0,0.02817,1,1,1,62.6,100.0,0,0.0,0.0,7.0425,1.0,0.75,0.02817,28.17,0.0
2026-04-22,site A,tecnologia,rodapé fixo,nativo,computador,redes sociais,5,5,3,0,0.0255,1,1,1,54.5,67.0,1,0.0,0.0,5.1,1.0,0.6,0.0255,25.5,1.0
2026-04-22,site B,esportes,lateral,banner,tablet,direto,4,4,1,0,0.02432,1,1,1,115.5,15.3,0,0.0,0.0,6.08,1.0,0.25,0.02432,24.32,0.0
2026-04-22,site A,entretenimento,topo da página,mídia rica,computador,redes sociais,4,4,2,0,0.02426,1,1,1,66.4,70.5,1,0.0,0.0,6.065,1.0,0.5,0.02426,24.26,1.0
2026-04-22,site A,estilo de vida,topo da página,vídeo,celular,redes sociais,6,5,4,2,0.02408,1,1,1,76.2,77.6,0,0.0,0.4,4.816000000000001,0.8333333333333334,0.8,0.02408,24.080000000000002,0.0
2026-04-22,site A,finanças,intersticial,mídia rica,celular,redes sociais,3,2,2,0,0.02321,1,1,1,18.5,70.0,0,0.0,0.0,11.605,0.6666666666666666,1.0,0.02321,23.21,0.0
2026-04-22,site A,tecnologia,rodapé fixo,vídeo,computador,referência,6,4,3,0,0.02312,1,1,1,35.2,52.0,0,0.0,0.0,5.78,0.6666666666666666,0.75,0.02312,23.12,0.0
2026-04-22,site A,entretenimento,meio do artigo,banner,computador,orgânico,5,5,2,0,0.02257,1,1,1,20.6,66.4,0,0.0,0.0,4.514,1.0,0.4,0.02257,22.57,0.0
2026-04-22,site A,estilo de vida,meio do artigo,banner,celular,redes sociais,4,4,4,0,0.02257,1,1,1,51.0,88.8,0,1.0,0.0,5.6425,1.0,1.0,0.02257,22.57,0.0
2026-04-22,site A,esportes,topo da página,mídia rica,celular,orgânico,6,4,3,0,0.02235,1,1,1,63.2,79.8,0,1.0,0.0,5.5874999999999995,0.6666666666666666,0.75,0.02235,22.349999999999998,0.0
2026-04-22,site B,entretenimento,meio do artigo,nativo,celular,orgânico,6,6,4,0,0.02213,1,1,1,96.2,52.6,1,1.0,0.0,3.688333333333333,1.0,0.6666666666666666,0.02213,22.13,1.0
2026-04-22,site C,notícias,rodapé fixo,nativo,computador,orgânico,6,5,5,0,0.02181,1,1,1,82.6,29.8,0,1.0,0.0,4.362,0.8333333333333334,1.0,0.02181,21.81,0.0
2026-04-22,site A,esportes,meio do artigo,nativo,celular,orgânico,6,5,3,0,0.02166,1,1,1,101.4,83.7,1,1.0,0.0,4.332,0.8333333333333334,0.6,0.02166,21.66,1.0
2026-04-22,site C,esportes,topo da página,banner,celular,direto,5,4,3,0,0.02131,1,1,1,15.4,70.1,0,0.0,0.0,5.3275,0.8,0.75,0.02131,21.31,0.0
2026-04-22,site A,tecnologia,rodapé fixo,banner,celular,orgânico,4,4,4,0,0.0208,1,1,1,52.1,61.4,0,0.0,0.0,5.2,1.0,1.0,0.0208,20.8,0.0
2026-04-22,site B,estilo de vida,topo da página,vídeo,computador,redes sociais,3,3,2,0,0.02073,1,1,1,132.6,59.9,0,1.0,0.0,6.909999999999999,1.0,0.6666666666666666,0.02073,20.729999999999997,0.0
2026-04-22,site B,estilo de vida,meio do artigo,banner,computador,direto,5,4,3,0,0.0201,1,1,1,29.1,40.2,1,0.0,0.0,5.025,0.8,0.75,0.0201,20.1,1.0
2026-04-22,site B,esportes,topo da página,nativo,celular,orgânico,5,4,3,0,0.01891,1,1,1,131.6,94.7,1,0.0,0.0,4.7275,0.8,0.75,0.01891,18.91,1.0
2026-04-22,site B,estilo de vida,lateral,nativo,celular,redes sociais,5,5,5,0,0.01759,1,1,1,55.9,57.4,1,0.0,0.0,3.518,1.0,1.0,0.01759,17.59,1.0
2026-04-22,site B,notícias,meio do artigo,vídeo,celular,orgânico,4,2,1,0,0.01667,2,2,2,69.2,44.5,2,0.5,0.0,8.335,0.5,0.5,0.008335,8.335,1.0
2026-04-22,site C,tecnologia,meio do artigo,banner,computador,orgânico,5,4,3,0,0.01599,1,1,1,22.6,72.4,0,1.0,0.0,3.9975,0.8,0.75,0.01599,15.99,0.0
2026-04-22,site C,tecnologia,rodapé fixo,nativo,computador,orgânico,3,2,2,0,0.01587,1,1,1,93.9,6.4,1,1.0,0.0,7.935,0.6666666666666666,1.0,0.01587,15.87,1.0
2026-04-22,site A,finanças,rodapé fixo,vídeo,tablet,redes sociais,1,1,1,0,0.01563,1,1,1,33.5,35.8,0,0.0,0.0,15.63,1.0,1.0,0.01563,15.63,0.0
2026-04-22,site C,notícias,rodapé fixo,banner,celular,referência,5,3,2,1,0.01525,1,1,1,66.6,70.5,1,1.0,0.3333333333333333,5.083333333333333,0.6,0.6666666666666666,0.01525,15.25,1.0
2026-04-22,site B,finanças,intersticial,vídeo,celular,redes sociais,1,1,0,0,0.01444,1,1,1,73.5,41.5,1,0.0,0.0,14.44,1.0,0.0,0.01444,14.44,1.0
2026-04-22,site A,finanças,lateral,banner,celular,orgânico,5,4,2,0,0.01421,1,1,1,115.2,57.9,1,1.0,0.0,3.5525,0.8,0.5,0.01421,14.21,1.0
2026-04-22,site B,notícias,intersticial,nativo,computador,orgânico,4,3,2,0,0.01402,1,1,1,37.3,36.1,1,0.0,0.0,4.673333333333333,0.75,0.6666666666666666,0.01402,14.02,1.0
2026-04-22,site B,estilo de vida,lateral,nativo,computador,redes sociais,3,3,2,0,0.01298,1,1,1,82.9,37.8,1,1.0,0.0,4.326666666666667,1.0,0.6666666666666666,0.01298,12.98,1.0
2026-04-22,site B,notícias,topo da página,banner,celular,redes sociais,5,4,3,1,0.0129,1,1,1,29.4,54.6,1,0.0,0.25,3.225,0.8,0.75,0.0129,12.9,1.0
2026-04-22,site B,tecnologia,meio do artigo,banner,computador,redes sociais,5,3,0,0,0.01255,1,1,1,72.8,51.0,1,0.0,0.0,4.183333333333334,0.6,0.0,0.01255,12.55,1.0
2026-04-22,site B,entretenimento,intersticial,banner,computador,redes sociais,4,3,2,0,0.01248,1,1,1,41.5,100.0,0,1.0,0.0,4.16,0.75,0.6666666666666666,0.01248,12.48,0.0
2026-04-22,site B,estilo de vida,topo da página,mídia rica,computador,orgânico,2,2,1,0,0.0123,1,1,1,45.8,55.0,1,0.0,0.0,6.15,1.0,0.5,0.0123,12.3,1.0
2026-04-22,site A,esportes,topo da página,nativo,computador,orgânico,3,2,1,0,0.01165,1,1,1,39.8,50.8,0,0.0,0.0,5.825,0.6666666666666666,0.5,0.01165,11.65,0.0
2026-04-22,site A,entretenimento,topo da página,vídeo,celular,orgânico,4,3,3,0,0.01164,1,1,1,70.4,86.7,1,0.0,0.0,3.8799999999999994,0.75,1.0,0.01164,11.639999999999999,1.0
2026-04-22,site A,finanças,rodapé fixo,banner,celular,orgânico,4,2,1,0,0.01122,1,1,1,121.2,39.0,0,0.0,0.0,5.61,0.5,0.5,0.01122,11.22,0.0
2026-04-22,site C,entretenimento,topo da página,mídia rica,computador,orgânico,4,4,1,0,0.01057,1,1,1,52.6,70.3,1,1.0,0.0,2.6425,1.0,0.25,0.01057,10.57,1.0
2026-04-22,site B,estilo de vida,rodapé fixo,nativo,celular,orgânico,2,2,0,0,0.01055,1,1,1,72.0,100.0,0,1.0,0.0,5.275,1.0,0.0,0.01055,10.55,0.0
2026-04-22,site A,notícias,topo da página,banner,celular,newsletter,3,3,3,0,0.01037,1,1,1,112.5,53.3,0,0.0,0.0,3.456666666666667,1.0,1.0,0.01037,10.370000000000001,0.0
2026-04-22,site B,esportes,rodapé fixo,nativo,tablet,newsletter,4,3,2,0,0.01036,1,1,1,66.4,48.4,1,1.0,0.0,3.453333333333333,0.75,0.6666666666666666,0.01036,10.36,1.0
2026-04-22,site A,notícias,meio do artigo,nativo,celular,orgânico,4,4,1,0,0.01006,1,1,1,191.3,67.1,0,0.0,0.0,2.5149999999999997,1.0,0.25,0.01006,10.059999999999999,0.0
2026-04-22,site C,estilo de vida,meio do artigo,banner,celular,orgânico,3,3,1,0,0.00981,1,1,1,66.8,100.0,0,0.0,0.0,3.2699999999999996,1.0,0.3333333333333333,0.00981,9.809999999999999,0.0
2026-04-22,site C,entretenimento,meio do artigo,vídeo,celular,orgânico,1,1,1,0,0.00962,1,1,1,34.3,19.3,1,1.0,0.0,9.62,1.0,1.0,0.00962,9.62,1.0
2026-04-22,site A,notícias,lateral,banner,celular,direto,2,2,2,0,0.00961,1,1,1,127.6,42.3,0,0.0,0.0,4.805000000000001,1.0,1.0,0.00961,9.610000000000001,0.0
2026-04-22,site C,finanças,intersticial,nativo,celular,direto,3,3,1,0,0.00954,1,1,1,14.0,74.6,0,0.0,0.0,3.1799999999999997,1.0,0.3333333333333333,0.00954,9.54,0.0
2026-04-22,site A,entretenimento,lateral,nativo,celular,redes sociais,1,1,0,0,0.00898,1,1,1,55.9,53.4,1,1.0,0.0,8.98,1.0,0.0,0.00898,8.98,1.0
2026-04-22,site B,entretenimento,rodapé fixo,vídeo,computador,orgânico,4,2,2,0,0.00868,1,1,1,29.5,51.5,0,1.0,0.0,4.34,0.5,1.0,0.00868,8.68,0.0
2026-04-22,site C,tecnologia,topo da página,nativo,celular,newsletter,2,1,1,0,0.00802,1,1,1,24.3,80.7,0,0.0,0.0,8.02,0.5,1.0,0.00802,8.02,0.0
2026-04-22,site C,notícias,meio do artigo,banner,computador,direto,3,3,2,0,0.00769,1,1,1,27.4,36.2,1,0.0,0.0,2.563333333333333,1.0,0.6666666666666666,0.00769,7.6899999999999995,1.0
2026-04-22,site A,tecnologia,meio do artigo,vídeo,celular,referência,3,1,0,0,0.00743,1,1,1,54.4,47.9,1,0.0,0.0,7.43,0.3333333333333333,0.0,0.00743,7.43,1.0
2026-04-22,site A,notícias,intersticial,vídeo,celular,redes sociais,5,1,1,0,0.0071,1,1,1,49.2,72.2,0,1.0,0.0,7.1000000000000005,0.2,1.0,0.0071,7.1000000000000005,0.0
2026-04-22,site B,notícias,topo da página,banner,computador,direto,1,1,1,0,0.0069,1,1,1,138.6,47.3,0,1.0,0.0,6.8999999999999995,1.0,1.0,0.0069,6.8999999999999995,0.0
2026-04-22,site B,notícias,rodapé fixo,banner,computador,direto,2,1,1,0,0.00682,1,1,1,48.4,4.5,1,0.0,0.0,6.819999999999999,0.5,1.0,0.00682,6.819999999999999,1.0
2026-04-22,site A,notícias,intersticial,banner,celular,redes sociais,3,2,2,0,0.00652,1,1,1,41.8,83.2,1,1.0,0.0,3.26,0.6666666666666666,1.0,0.00652,6.52,1.0
2026-04-22,site A,notícias,meio do artigo,nativo,computador,direto,1,1,0,0,0.00617,1,1,1,105.9,52.5,0,0.0,0.0,6.17,1.0,0.0,0.00617,6.17,0.0
2026-04-22,site A,estilo de vida,rodapé fixo,banner,computador,newsletter,3,1,1,0,0.00581,1,1,1,127.8,75.1,0,1.0,0.0,5.8100000000000005,0.3333333333333333,1.0,0.00581,5.8100000000000005,0.0
2026-04-22,site C,esportes,meio do artigo,vídeo,tablet,direto,5,4,3,0,0.00581,1,1,1,33.9,93.8,1,0.0,0.0,1.4525000000000001,0.8,0.75,0.00581,5.8100000000000005,1.0
2026-04-22,site A,esportes,meio do artigo,vídeo,computador,redes sociais,1,1,0,0,0.00563,1,1,1,50.6,80.1,1,0.0,0.0,5.63,1.0,0.0,0.00563,5.63,1.0
2026-04-22,site A,esportes,rodapé fixo,nativo,celular,orgânico,1,1,1,1,0.00497,1,1,1,135.5,32.3,0,0.0,1.0,4.97,1.0,1.0,0.00497,4.97,0.0
2026-04-22,site B,estilo de vida,rodapé fixo,banner,computador,direto,2,1,1,0,0.00466,1,1,1,21.2,83.9,0,1.0,0.0,4.66,0.5,1.0,0.00466,4.66,0.0
2026-04-22,site B,finanças,meio do artigo,banner,celular,orgânico,1,1,1,0,0.00464,1,1,1,11.5,43.0,1,1.0,0.0,4.64,1.0,1.0,0.00464,4.64,1.0
2026-04-22,site C,notícias,meio do artigo,banner,celular,direto,2,1,0,0,0.00427,1,1,1,28.7,46.6,0,0.0,0.0,4.2700000000000005,0.5,0.0,0.00427,4.2700000000000005,0.0
2026-04-22,site B,esportes,rodapé fixo,vídeo,celular,orgânico,2,1,1,0,0.00417,1,1,1,39.3,35.7,1,1.0,0.0,4.17,0.5,1.0,0.00417,4.17,1.0
2026-04-22,site A,estilo de vida,rodapé fixo,nativo,computador,redes sociais,2,1,0,0,0.00392,1,1,1,56.0,85.1,0,0.0,0.0,3.92,0.5,0.0,0.00392,3.92,0.0
2026-04-22,site B,notícias,topo da página,nativo,celular,referência,1,1,1,0,0.00302,1,1,1,53.3,33.7,0,1.0,0.0,3.02,1.0,1.0,0.00302,3.02,0.0
2026-04-22,site A,notícias,lateral,nativo,computador,orgânico,4,2,1,0,0.00255,1,1,1,17.2,55.2,0,0.0,0.0,1.2750000000000001,0.5,0.5,0.00255,2.5500000000000003,0.0
2026-04-22,site B,esportes,lateral,mídia rica,celular,orgânico,1,1,0,0,0.00247,1,1,1,8.0,74.9,1,0.0,0.0,2.4699999999999998,1.0,0.0,0.00247,2.4699999999999998,1.0
2026-04-22,site B,notícias,topo da página,banner,computador,orgânico,1,1,1,0,0.00233,1,1,1,8.2,88.3,1,0.0,0.0,2.33,1.0,1.0,0.00233,2.33,1.0
2026-04-22,site A,estilo de vida,intersticial,nativo,computador,direto,4,1,0,0,0.00161,1,1,1,71.3,37.1,0,1.0,0.0,1.61,0.25,0.0,0.00161,1.61,0.0
2026-04-22,site C,entretenimento,rodapé fixo,banner,celular,referência,1,1,1,0,0.00149,1,1,1,106.0,70.2,1,0.0,0.0,1.49,1.0,1.0,0.00149,1.49,1.0
2026-04-22,site A,tecnologia,meio do artigo,vídeo,computador,orgânico,1,0,0,0,0.00024,1,1,1,11.8,91.5,1,1.0,0.0,0.0,0.0,0.0,0.00024,0.24000000000000002,1.0
2026-04-22,site A,estilo de vida,rodapé fixo,banner,celular,orgânico,2,1,0,0,0.0,1,1,1,96.5,53.2,0,1.0,0.0,0.0,0.5,0.0,0.0,0.0,0.0
2026-04-22,site C,entretenimento,rodapé fixo,banner,celular,redes sociais,1,0,0,0,0.0,1,1,1,56.5,38.9,1,0.0,0.0,0.0,0.0,0.0,0.0,0.0,1.0
2026-04-23,site B,tecnologia,topo da página,nativo,computador,orgânico,6,5,3,0,0.0752,1,1,1,61.6,43.5,0,0.0,0.0,15.040000000000001,0.8333333333333334,0.6,0.0752,75.2,0.0
2026-04-23,site A,finanças,topo da página,vídeo,computador,direto,6,6,3,0,0.0698,1,1,1,28.4,33.6,0,1.0,0.0,11.633333333333333,1.0,0.5,0.0698,69.8,0.0
2026-04-23,site C,esportes,topo da página,vídeo,celular,referência,5,4,3,0,0.04109,1,1,1,58.2,53.7,0,0.0,0.0,10.2725,0.8,0.75,0.04109,41.09,0.0
2026-04-23,site C,finanças,lateral,nativo,celular,redes sociais,5,5,2,0,0.04091,1,1,1,36.2,100.0,0,0.0,0.0,8.182,1.0,0.4,0.04091,40.910000000000004,0.0
2026-04-23,site A,tecnologia,rodapé fixo,banner,tablet,direto,6,5,4,0,0.03532,1,1,1,197.6,42.3,0,0.0,0.0,7.064,0.8333333333333334,0.8,0.03532,35.32,0.0
2026-04-23,site A,notícias,lateral,vídeo,computador,newsletter,5,5,4,0,0.03204,1,1,1,81.3,58.7,0,1.0,0.0,6.4079999999999995,1.0,0.8,0.03204,32.04,0.0
2026-04-23,site A,finanças,meio do artigo,vídeo,celular,newsletter,6,5,4,0,0.02964,1,1,1,45.6,78.2,0,0.0,0.0,5.928,0.8333333333333334,0.8,0.02964,29.64,0.0
2026-04-23,site B,tecnologia,lateral,mídia rica,computador,orgânico,4,4,2,0,0.02866,1,1,1,98.8,72.0,1,1.0,0.0,7.165,1.0,0.5,0.02866,28.66,1.0
2026-04-23,site A,esportes,meio do artigo,mídia rica,computador,orgânico,2,2,2,0,0.02818,1,1,1,84.7,74.7,1,1.0,0.0,14.09,1.0,1.0,0.02818,28.18,1.0
2026-04-23,site C,tecnologia,rodapé fixo,mídia rica,computador,direto,4,4,3,0,0.02756,1,1,1,55.0,54.7,0,1.0,0.0,6.890000000000001,1.0,0.75,0.02756,27.560000000000002,0.0
2026-04-23,site B,notícias,lateral,nativo,celular,orgânico,4,4,3,1,0.02691,1,1,1,11.7,75.5,1,0.0,0.25,6.7275,1.0,0.75,0.02691,26.91,1.0
2026-04-23,site C,tecnologia,lateral,nativo,tablet,direto,5,5,1,0,0.02686,1,1,1,65.9,74.1,0,0.0,0.0,5.372,1.0,0.2,0.02686,26.86,0.0
2026-04-23,site C,tecnologia,rodapé fixo,banner,computador,orgânico,4,4,4,0,0.0251,1,1,1,16.6,83.0,0,1.0,0.0,6.275,1.0,1.0,0.0251,25.1,0.0
2026-04-23,site A,entretenimento,topo da página,mídia rica,computador,orgânico,6,5,2,0,0.02434,1,1,1,27.2,52.8,0,0.0,0.0,4.868,0.8333333333333334,0.4,0.02434,24.34,0.0
2026-04-23,site A,esportes,lateral,nativo,celular,orgânico,5,4,1,0,0.02397,1,1,1,94.0,61.2,1,1.0,0.0,5.992500000000001,0.8,0.25,0.02397,23.970000000000002,1.0
2026-04-23,site B,tecnologia,meio do artigo,banner,computador,newsletter,3,3,3,0,0.02181,1,1,1,67.4,35.0,0,1.0,0.0,7.27,1.0,1.0,0.02181,21.81,0.0
2026-04-23,site B,finanças,lateral,banner,celular,orgânico,5,5,2,0,0.02079,1,1,1,39.0,47.9,0,1.0,0.0,4.1579999999999995,1.0,0.4,0.02079,20.79,0.0
2026-04-23,site B,esportes,lateral,nativo,computador,referência,6,5,1,0,0.02026,1,1,1,125.4,37.1,0,0.0,0.0,4.0520000000000005,0.8333333333333334,0.2,0.02026,20.26,0.0
2026-04-23,site B,esportes,meio do artigo,banner,computador,orgânico,6,5,3,0,0.01971,1,1,1,23.7,53.1,0,0.0,0.0,3.9419999999999993,0.8333333333333334,0.6,0.01971,19.709999999999997,0.0
2026-04-23,site C,estilo de vida,topo da página,banner,computador,orgânico,5,5,5,0,0.01953,1,1,1,44.3,48.8,0,1.0,0.0,3.9059999999999997,1.0,1.0,0.01953,19.529999999999998,0.0
2026-04-23,site A,esportes,topo da página,banner,computador,referência,5,3,2,0,0.01889,1,1,1,51.2,43.1,0,0.0,0.0,6.296666666666667,0.6,0.6666666666666666,0.01889,18.89,0.0
2026-04-23,site A,tecnologia,topo da página,mídia rica,computador,direto,3,2,1,0,0.01817,1,1,1,71.6,36.3,0,1.0,0.0,9.084999999999999,0.6666666666666666,0.5,0.01817,18.169999999999998,0.0
2026-04-23,site B,notícias,meio do artigo,mídia rica,computador,direto,4,2,0,0,0.01792,1,1,1,56.3,64.0,0,0.0,0.0,8.959999999999999,0.5,0.0,0.01792,17.919999999999998,0.0
2026-04-23,site A,estilo de vida,lateral,nativo,computador,orgânico,6,4,3,0,0.0179,1,1,1,23.8,48.1,0,1.0,0.0,4.475,0.6666666666666666,0.75,0.0179,17.9,0.0
2026-04-23,site B,notícias,rodapé fixo,vídeo,computador,direto,2,2,2,0,0.01681,1,1,1,48.0,58.2,1,1.0,0.0,8.405,1.0,1.0,0.01681,16.81,1.0
2026-04-23,site A,esportes,meio do artigo,banner,celular,redes sociais,4,4,1,0,0.01628,1,1,1,14.7,78.6,0,0.0,0.0,4.069999999999999,1.0,0.25,0.01628,16.279999999999998,0.0
2026-04-23,site A,tecnologia,meio do artigo,mídia rica,celular,direto,4,2,2,0,0.01626,1,1,1,49.9,52.0,1,0.0,0.0,8.13,0.5,1.0,0.01626,16.26,1.0
2026-04-23,site B,esportes,topo da página,banner,computador,referência,2,2,0,0,0.01609,1,1,1,14.4,36.6,0,0.0,0.0,8.045,1.0,0.0,0.01609,16.09,0.0
2026-04-23,site B,estilo de vida,meio do artigo,mídia rica,tablet,direto,3,2,1,0,0.01583,1,1,1,34.0,65.0,0,0.0,0.0,7.915,0.6666666666666666,0.5,0.01583,15.83,0.0
2026-04-23,site B,notícias,rodapé fixo,banner,computador,newsletter,6,4,3,0,0.01575,1,1,1,50.3,54.0,0,0.0,0.0,3.9375,0.6666666666666666,0.75,0.01575,15.75,0.0
2026-04-23,site C,notícias,lateral,nativo,celular,newsletter,4,3,0,0,0.01535,1,1,1,253.3,88.8,1,0.0,0.0,5.116666666666667,0.75,0.0,0.01535,15.350000000000001,1.0
2026-04-23,site B,esportes,topo da página,nativo,tablet,referência,5,5,1,0,0.01513,1,1,1,41.1,54.1,1,0.0,0.0,3.026,1.0,0.2,0.01513,15.129999999999999,1.0
2026-04-23,site C,esportes,topo da página,vídeo,celular,redes sociais,4,4,3,0,0.01477,1,1,1,32.4,32.8,1,1.0,0.0,3.6925,1.0,0.75,0.01477,14.77,1.0
2026-04-23,site A,notícias,meio do artigo,vídeo,celular,referência,4,2,2,0,0.01428,1,1,1,88.2,52.9,1,0.0,0.0,7.14,0.5,1.0,0.01428,14.28,1.0
2026-04-23,site C,notícias,topo da página,mídia rica,celular,redes sociais,3,2,1,0,0.01382,1,1,1,16.2,13.2,0,0.0,0.0,6.91,0.6666666666666666,0.5,0.01382,13.82,0.0
2026-04-23,site A,finanças,topo da página,vídeo,tablet,orgânico,2,2,1,0,0.01373,1,1,1,96.0,58.3,1,0.0,0.0,6.864999999999999,1.0,0.5,0.01373,13.729999999999999,1.0
2026-04-23,site B,tecnologia,topo da página,vídeo,celular,redes sociais,6,5,4,0,0.01358,1,1,1,30.7,82.3,1,0.0,0.0,2.716,0.8333333333333334,0.8,0.01358,13.58,1.0
2026-04-23,site A,esportes,lateral,nativo,computador,referência,2,2,1,0,0.01341,1,1,1,11.1,84.6,1,0.0,0.0,6.705,1.0,0.5,0.01341,13.41,1.0
2026-04-23,site A,esportes,topo da página,banner,computador,redes sociais,4,4,2,0,0.01283,1,1,1,111.1,53.5,0,1.0,0.0,3.2075,1.0,0.5,0.01283,12.83,0.0
2026-04-23,site B,estilo de vida,rodapé fixo,banner,celular,direto,5,2,2,0,0.0121,1,1,1,134.6,51.5,0,0.0,0.0,6.05,0.4,1.0,0.0121,12.1,0.0
2026-04-23,site A,tecnologia,rodapé fixo,banner,celular,newsletter,2,2,1,0,0.01194,1,1,1,51.6,64.5,0,0.0,0.0,5.97,1.0,0.5,0.01194,11.94,0.0
2026-04-23,site B,estilo de vida,meio do artigo,vídeo,celular,direto,4,4,2,0,0.0119,1,1,1,53.6,61.1,0,0.0,0.0,2.975,1.0,0.5,0.0119,11.9,0.0
2026-04-23,site B,entretenimento,topo da página,nativo,computador,orgânico,5,3,2,0,0.01127,1,1,1,29.2,48.1,0,1.0,0.0,3.7566666666666673,0.6,0.6666666666666666,0.01127,11.270000000000001,0.0
2026-04-23,site C,esportes,intersticial,vídeo,computador,direto,3,2,2,0,0.01086,1,1,1,39.6,74.5,0,0.0,0.0,5.43,0.6666666666666666,1.0,0.01086,10.86,0.0
2026-04-23,site A,notícias,meio do artigo,banner,celular,direto,6,5,4,0,0.0108,1,1,1,11.0,67.0,1,0.0,0.0,2.16,0.8333333333333334,0.8,0.0108,10.8,1.0
2026-04-23,site B,notícias,lateral,nativo,computador,orgânico,1,1,0,0,0.01052,1,1,1,36.4,85.0,0,0.0,0.0,10.52,1.0,0.0,0.01052,10.52,0.0
2026-04-23,site C,esportes,topo da página,banner,celular,redes sociais,3,3,2,0,0.01001,1,1,1,28.8,74.9,1,0.0,0.0,3.3366666666666664,1.0,0.6666666666666666,0.01001,10.01,1.0
2026-04-23,site C,notícias,meio do artigo,vídeo,computador,referência,5,4,1,0,0.00949,1,1,1,53.6,93.9,0,1.0,0.0,2.3725,0.8,0.25,0.00949,9.49,0.0
2026-04-23,site A,esportes,topo da página,mídia rica,celular,redes sociais,5,3,3,0,0.00917,1,1,1,39.8,23.8,1,0.0,0.0,3.0566666666666666,0.6,1.0,0.00917,9.17,1.0
2026-04-23,site A,tecnologia,topo da página,banner,celular,orgânico,2,2,0,0,0.00899,1,1,1,79.4,22.7,1,0.0,0.0,4.495,1.0,0.0,0.00899,8.99,1.0
2026-04-23,site A,entretenimento,topo da página,banner,tablet,direto,3,2,1,0,0.00843,1,1,1,12.8,59.7,0,0.0,0.0,4.215,0.6666666666666666,0.5,0.00843,8.43,0.0
2026-04-23,site B,esportes,intersticial,mídia rica,celular,redes sociais,3,2,2,0,0.00824,1,1,1,4.0,71.6,0,0.0,0.0,4.12,0.6666666666666666,1.0,0.00824,8.24,0.0
2026-04-23,site B,tecnologia,rodapé fixo,nativo,celular,newsletter,2,2,2,0,0.00824,1,1,1,8.0,77.5,0,1.0,0.0,4.12,1.0,1.0,0.00824,8.24,0.0
2026-04-23,site A,notícias,topo da página,banner,celular,orgânico,2,2,1,0,0.00812,1,1,1,65.0,81.9,1,0.0,0.0,4.0600000000000005,1.0,0.5,0.00812,8.120000000000001,1.0
2026-04-23,site A,estilo de vida,lateral,vídeo,tablet,newsletter,2,2,2,0,0.00807,1,1,1,54.6,35.0,0,1.0,0.0,4.035,1.0,1.0,0.00807,8.07,0.0
2026-04-23,site B,finanças,topo da página,nativo,celular,direto,2,2,2,0,0.00796,1,1,1,76.9,33.2,0,0.0,0.0,3.98,1.0,1.0,0.00796,7.96,0.0
2026-04-23,site C,finanças,topo da página,nativo,tablet,redes sociais,1,1,0,0,0.00748,1,1,1,50.5,51.0,0,1.0,0.0,7.4799999999999995,1.0,0.0,0.00748,7.4799999999999995,0.0
2026-04-23,site B,finanças,rodapé fixo,nativo,computador,newsletter,1,1,1,0,0.00705,1,1,1,73.6,55.3,0,1.0,0.0,7.05,1.0,1.0,0.00705,7.05,0.0
2026-04-23,site B,finanças,meio do artigo,banner,celular,orgânico,1,1,1,0,0.0062,1,1,1,74.7,88.7,1,0.0,0.0,6.2,1.0,1.0,0.0062,6.2,1.0
2026-04-23,site B,finanças,meio do artigo,banner,celular,redes sociais,4,2,0,0,0.00584,1,1,1,86.4,69.9,0,0.0,0.0,2.92,0.5,0.0,0.00584,5.84,0.0
2026-04-23,site A,esportes,meio do artigo,banner,tablet,orgânico,4,2,1,0,0.00571,1,1,1,220.2,64.6,1,0.0,0.0,2.855,0.5,0.5,0.00571,5.71,1.0
2026-04-23,site A,notícias,meio do artigo,banner,computador,direto,1,1,0,0,0.00549,1,1,1,53.0,34.2,1,0.0,0.0,5.49,1.0,0.0,0.00549,5.49,1.0
2026-04-23,site B,entretenimento,meio do artigo,nativo,computador,orgânico,2,0,0,0,0.0054,1,1,1,155.6,62.8,0,1.0,0.0,0.0,0.0,0.0,0.0054,5.4,0.0
2026-04-23,site A,esportes,topo da página,banner,tablet,orgânico,1,1,1,0,0.00531,1,1,1,48.9,53.2,1,0.0,0.0,5.31,1.0,1.0,0.00531,5.31,1.0
2026-04-23,site C,entretenimento,topo da página,banner,celular,orgânico,2,1,0,0,0.00478,1,1,1,35.9,35.8,0,1.0,0.0,4.78,0.5,0.0,0.00478,4.78,0.0
2026-04-23,site B,tecnologia,rodapé fixo,banner,tablet,orgânico,6,2,2,0,0.00466,1,1,1,91.6,54.5,1,0.0,0.0,2.33,0.3333333333333333,1.0,0.00466,4.66,1.0
2026-04-23,site A,esportes,topo da página,nativo,tablet,orgânico,1,1,0,0,0.00454,1,1,1,150.1,64.1,0,0.0,0.0,4.54,1.0,0.0,0.00454,4.54,0.0
2026-04-23,site A,tecnologia,topo da página,vídeo,celular,newsletter,1,1,1,0,0.00409,1,1,1,94.2,60.3,0,1.0,0.0,4.09,1.0,1.0,0.00409,4.09,0.0
2026-04-23,site A,notícias,topo da página,vídeo,celular,direto,3,1,0,0,0.00388,1,1,1,18.6,62.7,0,0.0,0.0,3.8800000000000003,0.3333333333333333,0.0,0.00388,3.8800000000000003,0.0
2026-04-23,site A,estilo de vida,rodapé fixo,banner,computador,orgânico,1,0,0,0,0.00382,1,1,1,38.6,88.7,0,1.0,0.0,0.0,0.0,0.0,0.00382,3.82,0.0
2026-04-23,site A,estilo de vida,meio do artigo,nativo,celular,orgânico,4,1,1,0,0.00342,1,1,1,9.5,42.6,0,1.0,0.0,3.42,0.25,1.0,0.00342,3.42,0.0
2026-04-23,site C,finanças,lateral,banner,celular,orgânico,1,1,1,0,0.00342,1,1,1,49.5,73.4,0,1.0,0.0,3.42,1.0,1.0,0.00342,3.42,0.0
2026-04-23,site A,notícias,rodapé fixo,banner,computador,redes sociais,1,1,1,0,0.00263,1,1,1,139.0,28.8,0,0.0,0.0,2.63,1.0,1.0,0.00263,2.63,0.0
2026-04-23,site B,esportes,rodapé fixo,banner,celular,redes sociais,1,0,0,0,0.00251,1,1,1,58.6,80.0,1,0.0,0.0,0.0,0.0,0.0,0.00251,2.5100000000000002,1.0
2026-04-23,site A,esportes,rodapé fixo,nativo,celular,orgânico,1,1,1,0,0.00204,1,1,1,63.3,54.3,1,0.0,0.0,2.04,1.0,1.0,0.00204,2.04,1.0
2026-04-23,site B,entretenimento,rodapé fixo,vídeo,celular,orgânico,1,0,0,0,0.002,1,1,1,27.8,50.3,0,0.0,0.0,0.0,0.0,0.0,0.002,2.0,0.0
2026-04-23,site A,finanças,lateral,banner,celular,orgânico,4,2,2,0,0.00176,1,1,1,44.5,40.4,0,1.0,0.0,0.88,0.5,1.0,0.00176,1.76,0.0
2026-04-23,site A,entretenimento,rodapé fixo,nativo,celular,orgânico,2,1,0,0,0.00146,1,1,1,103.1,61.5,0,0.0,0.0,1.46,0.5,0.0,0.00146,1.46,0.0
2026-04-23,site B,estilo de vida,topo da página,nativo,celular,referência,2,1,1,0,0.00106,1,1,1,126.5,45.3,0,0.0,0.0,1.06,0.5,1.0,0.00106,1.06,0.0
2026-04-23,site A,esportes,meio do artigo,banner,computador,redes sociais,1,0,0,0,0.0,1,1,1,143.9,84.7,0,1.0,0.0,0.0,0.0,0.0,0.0,0.0,0.0
2026-04-23,site A,notícias,rodapé fixo,mídia rica,celular,redes sociais,1,0,0,0,0.0,1,1,1,101.8,63.4,0,1.0,0.0,0.0,0.0,0.0,0.0,0.0,0.0
2026-04-23,site B,entretenimento,topo da página,banner,computador,newsletter,1,1,1,0,0.0,1,1,1,10.8,53.3,1,0.0,0.0,0.0,1.0,1.0,0.0,0.0,1.0
2026-04-24,site A,finanças,rodapé fixo,banner,tablet,direto,6,6,4,0,0.04147,1,1,1,30.5,61.8,0,0.0,0.0,6.911666666666666,1.0,0.6666666666666666,0.04147,41.47,0.0
2026-04-24,site B,notícias,topo da página,vídeo,computador,redes sociais,7,5,3,0,0.03783,2,2,2,18.4,51.3,0,0.0,0.0,7.566000000000001,0.7142857142857143,0.6,0.018915,18.915000000000003,0.0
2026-04-24,site B,notícias,meio do artigo,nativo,celular,referência,6,6,3,0,0.03695,1,1,1,104.2,33.8,1,0.0,0.0,6.158333333333332,1.0,0.5,0.03695,36.949999999999996,1.0
2026-04-24,site C,tecnologia,rodapé fixo,vídeo,celular,referência,3,3,2,0,0.03603,1,1,1,30.2,56.4,1,1.0,0.0,12.01,1.0,0.6666666666666666,0.03603,36.03,1.0
2026-04-24,site A,entretenimento,rodapé fixo,banner,computador,referência,6,4,4,0,0.03383,1,1,1,163.7,42.5,0,1.0,0.0,8.4575,0.6666666666666666,1.0,0.03383,33.83,0.0
2026-04-24,site A,tecnologia,rodapé fixo,nativo,celular,direto,5,4,4,0,0.03336,1,1,1,52.2,64.2,0,1.0,0.0,8.34,0.8,1.0,0.03336,33.36,0.0
2026-04-24,site A,entretenimento,rodapé fixo,mídia rica,computador,orgânico,9,9,7,0,0.031869999999999996,2,2,2,137.8,61.7,0,0.5,0.0,3.5411111111111104,1.0,0.7777777777777778,0.015934999999999998,15.934999999999997,0.0
2026-04-24,site C,entretenimento,rodapé fixo,nativo,computador,orgânico,6,6,4,0,0.03162,1,1,1,61.7,67.9,0,1.0,0.0,5.2700000000000005,1.0,0.6666666666666666,0.03162,31.62,0.0
2026-04-24,site A,finanças,meio do artigo,nativo,celular,newsletter,4,4,3,0,0.03157,1,1,1,46.2,82.8,0,1.0,0.0,7.8925,1.0,0.75,0.03157,31.57,0.0
2026-04-24,site A,notícias,meio do artigo,nativo,computador,orgânico,6,5,2,0,0.03059,1,1,1,16.1,49.4,0,0.0,0.0,6.118,0.8333333333333334,0.4,0.03059,30.59,0.0
2026-04-24,site C,notícias,meio do artigo,nativo,computador,direto,5,4,1,0,0.02985,1,1,1,8.3,15.8,0,0.0,0.0,7.4625,0.8,0.25,0.02985,29.85,0.0
2026-04-24,site B,finanças,topo da página,banner,celular,orgânico,3,3,2,0,0.02921,1,1,1,53.6,31.6,1,1.0,0.0,9.736666666666666,1.0,0.6666666666666666,0.02921,29.21,1.0
2026-04-24,site A,entretenimento,topo da página,banner,computador,orgânico,4,4,3,0,0.02871,1,1,1,45.3,42.9,1,0.0,0.0,7.1775,1.0,0.75,0.02871,28.71,1.0
2026-04-24,site A,notícias,meio do artigo,vídeo,computador,orgânico,4,4,4,0,0.0285,1,1,1,40.1,51.2,1,1.0,0.0,7.125,1.0,1.0,0.0285,28.5,1.0
2026-04-24,site B,esportes,topo da página,mídia rica,computador,orgânico,6,4,1,0,0.02749,1,1,1,57.8,87.2,0,1.0,0.0,6.8725000000000005,0.6666666666666666,0.25,0.02749,27.490000000000002,0.0
2026-04-24,site B,esportes,intersticial,nativo,computador,orgânico,5,4,2,0,0.02568,1,1,1,60.2,44.2,0,0.0,0.0,6.42,0.8,0.5,0.02568,25.68,0.0
2026-04-24,site B,estilo de vida,meio do artigo,nativo,computador,orgânico,6,4,2,0,0.02494,1,1,1,40.6,39.2,0,0.0,0.0,6.235,0.6666666666666666,0.5,0.02494,24.94,0.0
2026-04-24,site A,notícias,meio do artigo,banner,computador,redes sociais,6,6,3,0,0.02377,1,1,1,103.9,52.3,1,0.0,0.0,3.9616666666666664,1.0,0.5,0.02377,23.77,1.0
2026-04-24,site B,esportes,rodapé fixo,banner,celular,redes sociais,5,3,2,0,0.02354,1,1,1,25.3,82.5,0,1.0,0.0,7.846666666666667,0.6,0.6666666666666666,0.02354,23.54,0.0
2026-04-24,site A,estilo de vida,meio do artigo,nativo,computador,orgânico,3,2,1,0,0.02266,1,1,1,91.0,32.7,0,1.0,0.0,11.33,0.6666666666666666,0.5,0.02266,22.66,0.0
2026-04-24,site A,tecnologia,rodapé fixo,banner,computador,redes sociais,6,5,2,0,0.02249,1,1,1,24.5,67.0,0,0.0,0.0,4.497999999999999,0.8333333333333334,0.4,0.02249,22.49,0.0
2026-04-24,site B,esportes,meio do artigo,nativo,computador,direto,5,4,1,0,0.02249,1,1,1,67.1,75.2,0,0.0,0.0,5.6225,0.8,0.25,0.02249,22.49,0.0
2026-04-24,site A,finanças,topo da página,vídeo,celular,orgânico,4,3,1,0,0.02235,1,1,1,56.5,57.5,1,0.0,0.0,7.449999999999999,0.75,0.3333333333333333,0.02235,22.349999999999998,1.0
2026-04-24,site B,entretenimento,lateral,nativo,computador,orgânico,6,6,4,0,0.02222,1,1,1,201.8,30.0,0,0.0,0.0,3.703333333333333,1.0,0.6666666666666666,0.02222,22.22,0.0
2026-04-24,site A,tecnologia,meio do artigo,vídeo,tablet,orgânico,6,5,3,1,0.02208,1,1,1,40.8,85.0,0,0.0,0.2,4.4159999999999995,0.8333333333333334,0.6,0.02208,22.08,0.0
2026-04-24,site C,finanças,meio do artigo,banner,celular,direto,4,4,3,0,0.02159,1,1,1,179.9,100.0,1,1.0,0.0,5.3975,1.0,0.75,0.02159,21.59,1.0
2026-04-24,site A,estilo de vida,meio do artigo,vídeo,computador,orgânico,3,3,1,0,0.0211,1,1,1,87.5,48.8,0,0.0,0.0,7.033333333333334,1.0,0.3333333333333333,0.0211,21.1,0.0
2026-04-24,site C,esportes,topo da página,vídeo,celular,newsletter,4,3,1,0,0.02058,1,1,1,15.4,55.7,0,0.0,0.0,6.86,0.75,0.3333333333333333,0.02058,20.580000000000002,0.0
2026-04-24,site C,finanças,intersticial,banner,computador,redes sociais,2,2,2,1,0.02024,1,1,1,79.9,93.1,0,1.0,0.5,10.120000000000001,1.0,1.0,0.02024,20.240000000000002,0.0
2026-04-24,site C,tecnologia,meio do artigo,nativo,celular,orgânico,5,3,2,0,0.01999,1,1,1,84.3,37.0,0,0.0,0.0,6.663333333333334,0.6,0.6666666666666666,0.01999,19.990000000000002,0.0
2026-04-24,site B,tecnologia,meio do artigo,banner,celular,orgânico,5,5,4,0,0.01998,1,1,1,96.6,57.0,0,1.0,0.0,3.996,1.0,0.8,0.01998,19.98,0.0
2026-04-24,site B,notícias,lateral,banner,celular,orgânico,6,5,3,0,0.01876,1,1,1,99.7,94.6,0,0.0,0.0,3.752,0.8333333333333334,0.6,0.01876,18.759999999999998,0.0
2026-04-24,site A,esportes,topo da página,banner,computador,direto,6,6,3,0,0.01865,1,1,1,9.3,41.4,0,0.0,0.0,3.108333333333333,1.0,0.5,0.01865,18.65,0.0
2026-04-24,site B,esportes,rodapé fixo,mídia rica,computador,orgânico,3,2,1,0,0.01851,1,1,1,120.5,71.9,0,0.0,0.0,9.254999999999999,0.6666666666666666,0.5,0.01851,18.509999999999998,0.0
2026-04-24,site B,tecnologia,topo da página,nativo,celular,direto,4,3,2,0,0.01816,1,1,1,261.2,82.9,0,1.0,0.0,6.053333333333334,0.75,0.6666666666666666,0.01816,18.16,0.0
2026-04-24,site C,esportes,rodapé fixo,banner,computador,referência,3,3,3,0,0.01804,1,1,1,27.7,63.8,0,1.0,0.0,6.013333333333333,1.0,1.0,0.01804,18.04,0.0
2026-04-24,site B,finanças,rodapé fixo,nativo,celular,direto,4,4,4,0,0.01704,1,1,1,10.3,51.3,0,0.0,0.0,4.26,1.0,1.0,0.01704,17.04,0.0
2026-04-24,site A,estilo de vida,topo da página,vídeo,celular,referência,3,3,2,0,0.01698,1,1,1,84.0,65.6,0,0.0,0.0,5.659999999999999,1.0,0.6666666666666666,0.01698,16.979999999999997,0.0
2026-04-24,site B,estilo de vida,intersticial,banner,celular,orgânico,4,3,1,0,0.01582,1,1,1,34.4,78.0,0,0.0,0.0,5.273333333333333,0.75,0.3333333333333333,0.01582,15.82,0.0
2026-04-24,site C,esportes,intersticial,vídeo,computador,redes sociais,4,2,1,0,0.01577,1,1,1,117.7,59.2,0,1.0,0.0,7.885,0.5,0.5,0.01577,15.77,0.0
2026-04-24,site B,tecnologia,rodapé fixo,banner,computador,redes sociais,6,2,1,1,0.01573,1,1,1,139.5,46.8,0,0.0,0.5,7.865,0.3333333333333333,0.5,0.01573,15.73,0.0
2026-04-24,site B,notícias,rodapé fixo,nativo,celular,orgânico,6,3,2,0,0.01551,1,1,1,65.0,59.5,0,0.0,0.0,5.17,0.5,0.6666666666666666,0.01551,15.51,0.0
2026-04-24,site A,estilo de vida,lateral,vídeo,celular,direto,4,2,2,0,0.01521,1,1,1,51.9,43.0,1,1.0,0.0,7.6049999999999995,0.5,1.0,0.01521,15.209999999999999,1.0
2026-04-24,site B,finanças,topo da página,vídeo,computador,orgânico,2,2,1,0,0.0144,1,1,1,12.8,71.1,1,1.0,0.0,7.2,1.0,0.5,0.0144,14.4,1.0
2026-04-24,site B,entretenimento,meio do artigo,banner,celular,orgânico,4,4,2,0,0.01407,1,1,1,14.3,55.5,0,0.0,0.0,3.5174999999999996,1.0,0.5,0.01407,14.069999999999999,0.0
2026-04-24,site A,esportes,intersticial,banner,tablet,orgânico,3,2,1,0,0.01368,1,1,1,49.5,48.6,0,0.0,0.0,6.84,0.6666666666666666,0.5,0.01368,13.68,0.0
2026-04-24,site C,finanças,rodapé fixo,banner,computador,direto,2,1,0,0,0.01355,1,1,1,54.1,94.4,0,0.0,0.0,13.549999999999999,0.5,0.0,0.01355,13.549999999999999,0.0
2026-04-24,site B,finanças,meio do artigo,nativo,celular,direto,2,2,2,0,0.01346,1,1,1,41.6,20.8,0,0.0,0.0,6.7299999999999995,1.0,1.0,0.01346,13.459999999999999,0.0
2026-04-24,site B,esportes,meio do artigo,mídia rica,tablet,orgânico,2,2,0,0,0.01337,1,1,1,35.8,49.2,1,1.0,0.0,6.685,1.0,0.0,0.01337,13.37,1.0
2026-04-24,site B,notícias,topo da página,banner,computador,direto,2,2,2,0,0.01262,1,1,1,26.5,59.1,1,1.0,0.0,6.31,1.0,1.0,0.01262,12.62,1.0
2026-04-24,site B,entretenimento,topo da página,vídeo,celular,referência,5,4,2,0,0.01238,1,1,1,56.5,56.2,0,0.0,0.0,3.095,0.8,0.5,0.01238,12.38,0.0
2026-04-24,site B,esportes,intersticial,banner,computador,redes sociais,5,5,4,0,0.01088,1,1,1,36.2,56.6,0,0.0,0.0,2.176,1.0,0.8,0.01088,10.88,0.0
2026-04-24,site C,entretenimento,topo da página,nativo,tablet,orgânico,3,2,0,0,0.01072,1,1,1,112.8,1.0,1,1.0,0.0,5.36,0.6666666666666666,0.0,0.01072,10.72,1.0
2026-04-24,site B,esportes,intersticial,vídeo,computador,orgânico,4,3,3,0,0.01051,1,1,1,56.3,60.8,0,0.0,0.0,3.5033333333333334,0.75,1.0,0.01051,10.51,0.0
2026-04-24,site A,tecnologia,lateral,banner,computador,orgânico,4,3,2,0,0.00992,1,1,1,70.4,28.3,1,0.0,0.0,3.3066666666666666,0.75,0.6666666666666666,0.00992,9.92,1.0
2026-04-24,site A,tecnologia,meio do artigo,banner,celular,direto,5,4,1,0,0.0096,1,1,1,42.8,100.0,0,0.0,0.0,2.4,0.8,0.25,0.0096,9.6,0.0
2026-04-24,site C,tecnologia,meio do artigo,mídia rica,computador,orgânico,4,2,1,0,0.00932,1,1,1,50.1,30.2,0,1.0,0.0,4.66,0.5,0.5,0.00932,9.32,0.0
2026-04-24,site A,esportes,rodapé fixo,banner,computador,referência,5,4,2,0,0.00928,1,1,1,93.2,62.0,0,1.0,0.0,2.32,0.8,0.5,0.00928,9.28,0.0
2026-04-24,site C,notícias,topo da página,nativo,computador,orgânico,6,6,4,0,0.00914,1,1,1,63.5,26.1,0,1.0,0.0,1.5233333333333334,1.0,0.6666666666666666,0.00914,9.14,0.0
2026-04-24,site A,entretenimento,meio do artigo,vídeo,computador,referência,5,3,2,0,0.00895,1,1,1,120.5,79.5,0,1.0,0.0,2.983333333333333,0.6,0.6666666666666666,0.00895,8.95,0.0
2026-04-24,site B,esportes,intersticial,nativo,celular,newsletter,3,2,2,0,0.00855,1,1,1,25.8,84.2,0,0.0,0.0,4.275,0.6666666666666666,1.0,0.00855,8.55,0.0
2026-04-24,site A,estilo de vida,lateral,banner,computador,direto,3,3,1,0,0.0085,1,1,1,4.7,46.8,0,1.0,0.0,2.8333333333333335,1.0,0.3333333333333333,0.0085,8.5,0.0
2026-04-24,site B,tecnologia,topo da página,vídeo,celular,redes sociais,1,1,1,0,0.0083,1,1,1,47.8,53.3,0,0.0,0.0,8.3,1.0,1.0,0.0083,8.3,0.0
2026-04-24,site B,entretenimento,rodapé fixo,vídeo,celular,redes sociais,2,2,1,0,0.00795,1,1,1,13.0,31.9,1,0.0,0.0,3.975,1.0,0.5,0.00795,7.95,1.0
2026-04-24,site A,notícias,topo da página,vídeo,celular,direto,2,1,0,0,0.00793,1,1,1,91.2,74.6,1,1.0,0.0,7.93,0.5,0.0,0.00793,7.93,1.0
2026-04-24,site A,tecnologia,rodapé fixo,banner,computador,orgânico,1,1,1,0,0.00775,1,1,1,50.2,42.1,1,0.0,0.0,7.75,1.0,1.0,0.00775,7.75,1.0
2026-04-24,site A,estilo de vida,topo da página,banner,computador,orgânico,3,1,0,0,0.00772,1,1,1,15.0,64.4,0,0.0,0.0,7.720000000000001,0.3333333333333333,0.0,0.00772,7.720000000000001,0.0
2026-04-24,site C,notícias,topo da página,banner,computador,newsletter,1,1,0,0,0.00585,1,1,1,31.6,67.9,0,1.0,0.0,5.8500000000000005,1.0,0.0,0.00585,5.8500000000000005,0.0
2026-04-24,site A,entretenimento,rodapé fixo,banner,celular,direto,2,2,2,0,0.00503,1,1,1,15.9,23.2,1,1.0,0.0,2.5149999999999997,1.0,1.0,0.00503,5.029999999999999,1.0
2026-04-24,site B,notícias,meio do artigo,nativo,computador,orgânico,3,2,2,0,0.00488,1,1,1,91.9,76.9,0,0.0,0.0,2.44,0.6666666666666666,1.0,0.00488,4.88,0.0
2026-04-24,site C,estilo de vida,topo da página,nativo,computador,direto,1,1,1,0,0.00455,1,1,1,46.9,75.4,0,1.0,0.0,4.55,1.0,1.0,0.00455,4.55,0.0
2026-04-24,site C,estilo de vida,meio do artigo,nativo,celular,orgânico,1,1,1,0,0.00414,1,1,1,33.9,21.5,0,0.0,0.0,4.14,1.0,1.0,0.00414,4.14,0.0
2026-04-24,site B,estilo de vida,intersticial,banner,computador,direto,3,1,1,0,0.00411,1,1,1,44.4,56.3,0,1.0,0.0,4.11,0.3333333333333333,1.0,0.00411,4.11,0.0
2026-04-24,site B,notícias,rodapé fixo,nativo,celular,direto,1,1,0,0,0.00408,1,1,1,45.6,51.3,0,0.0,0.0,4.08,1.0,0.0,0.00408,4.08,0.0
2026-04-24,site B,tecnologia,meio do artigo,nativo,celular,direto,1,1,0,0,0.00351,1,1,1,82.6,45.7,0,1.0,0.0,3.5100000000000002,1.0,0.0,0.00351,3.5100000000000002,0.0
2026-04-24,site B,tecnologia,lateral,vídeo,celular,direto,1,1,0,0,0.00291,1,1,1,65.7,41.1,0,1.0,0.0,2.9099999999999997,1.0,0.0,0.00291,2.9099999999999997,0.0
2026-04-24,site C,entretenimento,meio do artigo,banner,computador,orgânico,3,2,1,0,0.00247,1,1,1,145.7,41.0,1,0.0,0.0,1.2349999999999999,0.6666666666666666,0.5,0.00247,2.4699999999999998,1.0
2026-04-24,site C,entretenimento,rodapé fixo,banner,computador,direto,2,1,1,0,0.00219,1,1,1,16.2,94.3,0,1.0,0.0,2.19,0.5,1.0,0.00219,2.19,0.0
2026-04-24,site B,finanças,rodapé fixo,nativo,celular,orgânico,1,0,0,0,0.00167,1,1,1,43.4,81.3,0,0.0,0.0,0.0,0.0,0.0,0.00167,1.6700000000000002,0.0
2026-04-24,site A,notícias,meio do artigo,nativo,celular,orgânico,3,2,0,0,0.00161,1,1,1,14.5,54.8,0,0.0,0.0,0.805,0.6666666666666666,0.0,0.00161,1.61,0.0
2026-04-24,site C,estilo de vida,meio do artigo,banner,computador,referência,2,1,1,0,0.00041,1,1,1,128.0,11.8,0,1.0,0.0,0.41,0.5,1.0,0.00041,0.41,0.0
2026-04-24,site A,notícias,lateral,banner,computador,orgânico,1,1,0,0,0.0,1,1,1,75.6,88.4,1,0.0,0.0,0.0,1.0,0.0,0.0,0.0,1.0
2026-04-24,site B,estilo de vida,topo da página,banner,celular,redes sociais,1,0,0,0,0.0,1,1,1,25.0,14.8,0,0.0,0.0,0.0,0.0,0.0,0.0,0.0,0.0
2026-04-25,site A,tecnologia,lateral,vídeo,celular,direto,4,4,2,0,0.06549,1,1,1,9.9,87.9,0,0.0,0.0,16.372500000000002,1.0,0.5,0.06549,65.49000000000001,0.0
2026-04-25,site C,tecnologia,topo da página,banner,computador,direto,6,6,5,0,0.05559,2,2,2,56.1,58.15,1,0.5,0.0,9.265,1.0,0.8333333333333334,0.027795,27.795,0.5
2026-04-25,site C,finanças,meio do artigo,banner,tablet,orgânico,6,5,2,0,0.04765,1,1,1,9.5,64.4,1,1.0,0.0,9.53,0.8333333333333334,0.4,0.04765,47.65,1.0
2026-04-25,site A,notícias,meio do artigo,nativo,computador,orgânico,6,6,4,0,0.04646,1,1,1,54.5,76.6,0,1.0,0.0,7.743333333333333,1.0,0.6666666666666666,0.04646,46.46,0.0
2026-04-25,site A,finanças,meio do artigo,nativo,celular,redes sociais,7,6,0,1,0.0448,2,2,2,42.650000000000006,64.15,1,1.0,0.16666666666666666,7.466666666666666,0.8571428571428571,0.0,0.0224,22.4,0.5
2026-04-25,site B,esportes,topo da página,vídeo,computador,redes sociais,4,4,2,0,0.04269,1,1,1,27.5,100.0,1,0.0,0.0,10.6725,1.0,0.5,0.04269,42.69,1.0
2026-04-25,site C,esportes,intersticial,vídeo,celular,redes sociais,6,4,3,0,0.0417,1,1,1,63.6,78.9,0,0.0,0.0,10.425,0.6666666666666666,0.75,0.0417,41.7,0.0
2026-04-25,site B,notícias,topo da página,vídeo,celular,orgânico,3,3,3,0,0.03681,1,1,1,108.8,48.7,1,0.0,0.0,12.270000000000001,1.0,1.0,0.03681,36.81,1.0
2026-04-25,site B,esportes,meio do artigo,nativo,computador,newsletter,6,4,2,0,0.03473,1,1,1,20.6,2.4,0,1.0,0.0,8.6825,0.6666666666666666,0.5,0.03473,34.73,0.0
2026-04-25,site C,notícias,topo da página,banner,computador,newsletter,6,6,3,0,0.03416,1,1,1,117.5,64.7,0,1.0,0.0,5.693333333333334,1.0,0.5,0.03416,34.160000000000004,0.0
2026-04-25,site B,notícias,lateral,nativo,computador,redes sociais,5,3,0,0,0.03308,1,1,1,134.2,50.2,0,0.0,0.0,11.026666666666666,0.6,0.0,0.03308,33.08,0.0
2026-04-25,site B,esportes,intersticial,banner,computador,orgânico,6,4,1,0,0.03279,1,1,1,138.1,33.5,1,0.0,0.0,8.1975,0.6666666666666666,0.25,0.03279,32.79,1.0
2026-04-25,site B,entretenimento,topo da página,vídeo,computador,referência,6,6,2,0,0.03038,1,1,1,243.0,83.0,1,0.0,0.0,5.0633333333333335,1.0,0.3333333333333333,0.03038,30.38,1.0
2026-04-25,site B,tecnologia,meio do artigo,banner,celular,newsletter,6,6,3,0,0.02942,1,1,1,101.5,100.0,0,0.0,0.0,4.903333333333333,1.0,0.5,0.02942,29.42,0.0
2026-04-25,site A,notícias,topo da página,vídeo,computador,newsletter,2,2,1,0,0.02912,1,1,1,12.1,13.5,1,0.0,0.0,14.56,1.0,0.5,0.02912,29.12,1.0
2026-04-25,site B,tecnologia,meio do artigo,banner,celular,direto,5,4,1,0,0.02909,1,1,1,76.4,44.8,0,1.0,0.0,7.2725,0.8,0.25,0.02909,29.09,0.0
2026-04-25,site B,tecnologia,meio do artigo,nativo,computador,redes sociais,5,4,2,0,0.02692,1,1,1,90.6,21.9,0,0.0,0.0,6.7299999999999995,0.8,0.5,0.02692,26.919999999999998,0.0
2026-04-25,site B,notícias,topo da página,mídia rica,computador,orgânico,4,4,3,0,0.02676,1,1,1,58.9,51.5,0,0.0,0.0,6.6899999999999995,1.0,0.75,0.02676,26.759999999999998,0.0
2026-04-25,site C,tecnologia,topo da página,banner,celular,redes sociais,5,4,3,0,0.02587,1,1,1,37.8,76.6,0,1.0,0.0,6.4675,0.8,0.75,0.02587,25.87,0.0
2026-04-25,site B,estilo de vida,meio do artigo,vídeo,computador,referência,4,3,2,1,0.02551,1,1,1,68.7,53.3,1,1.0,0.3333333333333333,8.503333333333334,0.75,0.6666666666666666,0.02551,25.51,1.0
2026-04-25,site B,esportes,meio do artigo,vídeo,celular,orgânico,3,3,2,0,0.0245,1,1,1,74.3,56.0,0,0.0,0.0,8.166666666666666,1.0,0.6666666666666666,0.0245,24.5,0.0
2026-04-25,site C,notícias,topo da página,vídeo,celular,redes sociais,4,4,3,0,0.02441,1,1,1,198.1,69.2,0,1.0,0.0,6.1025,1.0,0.75,0.02441,24.41,0.0
2026-04-25,site A,notícias,rodapé fixo,nativo,computador,redes sociais,6,5,4,0,0.02367,1,1,1,64.1,86.8,1,0.0,0.0,4.734,0.8333333333333334,0.8,0.02367,23.67,1.0
2026-04-25,site A,notícias,topo da página,vídeo,celular,redes sociais,5,5,2,1,0.02354,1,1,1,29.7,70.2,1,1.0,0.2,4.708,1.0,0.4,0.02354,23.54,1.0
2026-04-25,site C,estilo de vida,meio do artigo,banner,computador,newsletter,5,4,2,0,0.02349,1,1,1,79.1,27.7,0,0.0,0.0,5.8725000000000005,0.8,0.5,0.02349,23.490000000000002,0.0
2026-04-25,site A,finanças,topo da página,vídeo,computador,direto,4,4,3,0,0.02339,1,1,1,61.1,75.2,0,0.0,0.0,5.8475,1.0,0.75,0.02339,23.39,0.0
2026-04-25,site C,estilo de vida,topo da página,mídia rica,tablet,direto,6,2,1,0,0.02335,1,1,1,17.1,27.3,0,1.0,0.0,11.674999999999999,0.3333333333333333,0.5,0.02335,23.349999999999998,0.0
2026-04-25,site C,tecnologia,topo da página,banner,computador,redes sociais,5,3,0,0,0.02334,1,1,1,31.4,23.2,1,0.0,0.0,7.78,0.6,0.0,0.02334,23.34,1.0
2026-04-25,site C,entretenimento,rodapé fixo,vídeo,tablet,orgânico,5,3,2,0,0.02332,1,1,1,106.6,70.3,1,1.0,0.0,7.773333333333333,0.6,0.6666666666666666,0.02332,23.32,1.0
2026-04-25,site C,notícias,meio do artigo,nativo,tablet,orgânico,6,5,2,0,0.02331,1,1,1,93.4,63.6,0,0.0,0.0,4.662000000000001,0.8333333333333334,0.4,0.02331,23.310000000000002,0.0
2026-04-25,site B,tecnologia,topo da página,vídeo,computador,redes sociais,4,4,0,0,0.02317,1,1,1,11.2,58.1,1,0.0,0.0,5.7924999999999995,1.0,0.0,0.02317,23.169999999999998,1.0
2026-04-25,site A,finanças,topo da página,nativo,computador,direto,2,2,2,0,0.02314,1,1,1,92.4,80.8,1,1.0,0.0,11.57,1.0,1.0,0.02314,23.14,1.0
2026-04-25,site A,entretenimento,rodapé fixo,nativo,computador,direto,5,5,3,0,0.02269,1,1,1,43.0,70.3,0,0.0,0.0,4.537999999999999,1.0,0.6,0.02269,22.689999999999998,0.0
2026-04-25,site B,entretenimento,meio do artigo,vídeo,celular,orgânico,2,2,1,0,0.02252,1,1,1,24.5,48.8,0,0.0,0.0,11.26,1.0,0.5,0.02252,22.52,0.0
2026-04-25,site C,esportes,meio do artigo,mídia rica,celular,redes sociais,5,3,2,0,0.02073,1,1,1,65.1,51.7,0,0.0,0.0,6.909999999999999,0.6,0.6666666666666666,0.02073,20.729999999999997,0.0
2026-04-25,site A,finanças,meio do artigo,vídeo,celular,referência,2,2,1,0,0.02042,1,1,1,89.3,66.4,0,0.0,0.0,10.21,1.0,0.5,0.02042,20.42,0.0
2026-04-25,site B,esportes,meio do artigo,nativo,celular,orgânico,6,5,3,0,0.02036,1,1,1,77.6,62.2,0,0.0,0.0,4.072,0.8333333333333334,0.6,0.02036,20.36,0.0
2026-04-25,site B,entretenimento,meio do artigo,banner,computador,newsletter,6,5,2,0,0.02008,1,1,1,86.9,54.5,1,0.0,0.0,4.016,0.8333333333333334,0.4,0.02008,20.080000000000002,1.0
2026-04-25,site B,entretenimento,topo da página,nativo,tablet,orgânico,6,5,1,0,0.01985,1,1,1,65.2,83.0,0,1.0,0.0,3.9699999999999998,0.8333333333333334,0.2,0.01985,19.849999999999998,0.0
2026-04-25,site A,tecnologia,intersticial,banner,computador,redes sociais,3,3,2,0,0.01962,1,1,1,51.5,60.4,0,1.0,0.0,6.539999999999999,1.0,0.6666666666666666,0.01962,19.619999999999997,0.0
2026-04-25,site B,finanças,topo da página,banner,computador,direto,4,4,4,0,0.01942,1,1,1,61.7,97.9,1,1.0,0.0,4.8549999999999995,1.0,1.0,0.01942,19.419999999999998,1.0
2026-04-25,site A,tecnologia,rodapé fixo,mídia rica,computador,direto,3,3,3,0,0.01917,1,1,1,42.2,63.5,1,0.0,0.0,6.39,1.0,1.0,0.01917,19.169999999999998,1.0
2026-04-25,site B,estilo de vida,meio do artigo,nativo,computador,redes sociais,2,2,1,0,0.01914,1,1,1,35.6,53.4,0,1.0,0.0,9.57,1.0,0.5,0.01914,19.14,0.0
2026-04-25,site B,notícias,meio do artigo,banner,celular,orgânico,6,3,2,0,0.01821,1,1,1,53.1,2.3,1,0.0,0.0,6.07,0.5,0.6666666666666666,0.01821,18.21,1.0
2026-04-25,site B,esportes,topo da página,banner,computador,direto,5,4,2,0,0.01812,1,1,1,93.2,42.9,1,1.0,0.0,4.53,0.8,0.5,0.01812,18.12,1.0
2026-04-25,site A,finanças,meio do artigo,nativo,computador,direto,2,2,1,0,0.0176,1,1,1,97.9,60.9,0,0.0,0.0,8.8,1.0,0.5,0.0176,17.6,0.0
2026-04-25,site C,tecnologia,lateral,nativo,computador,orgânico,3,3,2,0,0.01757,1,1,1,23.0,80.9,1,1.0,0.0,5.8566666666666665,1.0,0.6666666666666666,0.01757,17.57,1.0
2026-04-25,site B,estilo de vida,topo da página,nativo,tablet,referência,6,6,4,0,0.01691,1,1,1,101.5,48.7,1,0.0,0.0,2.8183333333333334,1.0,0.6666666666666666,0.01691,16.91,1.0
2026-04-25,site B,finanças,meio do artigo,nativo,computador,orgânico,3,3,3,0,0.01681,1,1,1,55.7,64.1,0,0.0,0.0,5.603333333333333,1.0,1.0,0.01681,16.81,0.0
2026-04-25,site A,entretenimento,topo da página,mídia rica,celular,redes sociais,6,6,4,0,0.01624,1,1,1,13.7,64.3,0,1.0,0.0,2.706666666666667,1.0,0.6666666666666666,0.01624,16.240000000000002,0.0
2026-04-25,site B,estilo de vida,topo da página,banner,celular,referência,4,4,3,0,0.01623,1,1,1,164.7,31.5,0,1.0,0.0,4.0575,1.0,0.75,0.01623,16.23,0.0
2026-04-25,site C,esportes,topo da página,vídeo,celular,redes sociais,3,2,1,0,0.01609,1,1,1,73.2,70.5,1,1.0,0.0,8.045,0.6666666666666666,0.5,0.01609,16.09,1.0
2026-04-25,site A,estilo de vida,meio do artigo,vídeo,celular,orgânico,4,4,3,0,0.01601,1,1,1,55.5,60.6,0,0.0,0.0,4.0025,1.0,0.75,0.01601,16.01,0.0
2026-04-25,site C,estilo de vida,lateral,mídia rica,tablet,direto,3,3,2,0,0.01579,1,1,1,72.5,65.4,0,1.0,0.0,5.263333333333333,1.0,0.6666666666666666,0.01579,15.79,0.0
2026-04-25,site A,esportes,meio do artigo,banner,tablet,orgânico,3,2,2,0,0.01512,1,1,1,81.2,59.2,1,1.0,0.0,7.56,0.6666666666666666,1.0,0.01512,15.12,1.0
2026-04-25,site B,finanças,topo da página,vídeo,tablet,direto,1,1,0,0,0.01479,1,1,1,60.0,30.4,0,1.0,0.0,14.79,1.0,0.0,0.01479,14.79,0.0
2026-04-25,site A,notícias,lateral,banner,celular,orgânico,6,4,2,0,0.01468,1,1,1,17.7,74.3,1,1.0,0.0,3.67,0.6666666666666666,0.5,0.01468,14.68,1.0
2026-04-25,site A,finanças,lateral,nativo,celular,redes sociais,4,3,1,0,0.01466,1,1,1,70.0,59.4,0,1.0,0.0,4.886666666666667,0.75,0.3333333333333333,0.01466,14.66,0.0
2026-04-25,site A,tecnologia,meio do artigo,banner,computador,direto,3,3,1,0,0.01401,1,1,1,23.6,40.6,1,1.0,0.0,4.67,1.0,0.3333333333333333,0.01401,14.01,1.0
2026-04-25,site A,tecnologia,topo da página,banner,celular,newsletter,4,4,3,0,0.01359,1,1,1,117.7,72.3,0,0.0,0.0,3.3975,1.0,0.75,0.01359,13.59,0.0
2026-04-25,site B,estilo de vida,rodapé fixo,vídeo,celular,orgânico,2,2,2,0,0.01335,1,1,1,33.5,53.7,0,0.0,0.0,6.675000000000001,1.0,1.0,0.01335,13.350000000000001,0.0
2026-04-25,site B,tecnologia,rodapé fixo,nativo,computador,redes sociais,3,2,2,0,0.01326,1,1,1,99.2,55.0,0,1.0,0.0,6.63,0.6666666666666666,1.0,0.01326,13.26,0.0
2026-04-25,site A,esportes,topo da página,banner,celular,orgânico,5,5,4,0,0.01315,1,1,1,62.2,76.9,0,0.0,0.0,2.63,1.0,0.8,0.01315,13.15,0.0
2026-04-25,site B,tecnologia,rodapé fixo,nativo,computador,direto,3,3,2,0,0.01309,1,1,1,200.3,55.0,0,0.0,0.0,4.363333333333333,1.0,0.6666666666666666,0.01309,13.09,0.0
2026-04-25,site B,notícias,meio do artigo,banner,celular,redes sociais,6,3,3,0,0.01305,1,1,1,49.4,37.3,1,0.0,0.0,4.3500000000000005,0.5,1.0,0.01305,13.05,1.0
2026-04-25,site C,tecnologia,meio do artigo,nativo,celular,direto,3,3,3,0,0.01304,1,1,1,85.1,67.7,0,1.0,0.0,4.346666666666667,1.0,1.0,0.01304,13.04,0.0
2026-04-25,site C,esportes,meio do artigo,banner,computador,referência,6,4,3,0,0.01194,1,1,1,79.5,48.2,0,0.0,0.0,2.985,0.6666666666666666,0.75,0.01194,11.94,0.0
2026-04-25,site B,finanças,lateral,banner,computador,newsletter,3,2,0,0,0.01141,1,1,1,21.5,71.2,0,1.0,0.0,5.705,0.6666666666666666,0.0,0.01141,11.41,0.0
2026-04-25,site A,tecnologia,intersticial,banner,celular,referência,2,2,1,0,0.01138,1,1,1,44.7,21.6,1,0.0,0.0,5.6899999999999995,1.0,0.5,0.01138,11.379999999999999,1.0
2026-04-25,site A,estilo de vida,rodapé fixo,banner,tablet,orgânico,3,3,3,0,0.01106,1,1,1,106.8,51.0,0,1.0,0.0,3.686666666666667,1.0,1.0,0.01106,11.06,0.0
2026-04-25,site A,finanças,topo da página,vídeo,celular,referência,2,2,1,0,0.01079,1,1,1,25.7,95.9,0,1.0,0.0,5.395,1.0,0.5,0.01079,10.79,0.0
2026-04-25,site A,notícias,topo da página,banner,celular,orgânico,5,5,4,0,0.01054,1,1,1,167.9,45.1,0,0.0,0.0,2.108,1.0,0.8,0.01054,10.540000000000001,0.0
2026-04-25,site A,entretenimento,lateral,nativo,celular,orgânico,4,3,0,0,0.01053,1,1,1,83.2,61.2,0,1.0,0.0,3.51,0.75,0.0,0.01053,10.53,0.0
2026-04-25,site A,tecnologia,topo da página,banner,celular,referência,3,2,0,0,0.01034,1,1,1,58.3,37.7,0,1.0,0.0,5.17,0.6666666666666666,0.0,0.01034,10.34,0.0
2026-04-25,site A,notícias,topo da página,banner,computador,orgânico,4,3,3,0,0.00995,1,1,1,62.6,82.2,0,0.0,0.0,3.316666666666667,0.75,1.0,0.00995,9.950000000000001,0.0
2026-04-25,site B,notícias,topo da página,nativo,computador,redes sociais,3,2,1,0,0.00986,1,1,1,52.5,40.8,1,0.0,0.0,4.930000000000001,0.6666666666666666,0.5,0.00986,9.860000000000001,1.0
2026-04-25,site C,estilo de vida,rodapé fixo,banner,celular,orgânico,3,2,0,0,0.00869,1,1,1,40.8,23.0,0,1.0,0.0,4.345,0.6666666666666666,0.0,0.00869,8.69,0.0
2026-04-25,site A,notícias,rodapé fixo,banner,celular,orgânico,2,2,2,0,0.00867,1,1,1,32.6,49.9,0,1.0,0.0,4.335,1.0,1.0,0.00867,8.67,0.0
2026-04-25,site A,esportes,meio do artigo,nativo,computador,orgânico,3,3,3,0,0.0084,1,1,1,12.9,48.1,0,1.0,0.0,2.8000000000000003,1.0,1.0,0.0084,8.4,0.0
2026-04-25,site A,esportes,topo da página,vídeo,celular,redes sociais,1,1,1,0,0.00826,1,1,1,137.9,89.6,1,1.0,0.0,8.26,1.0,1.0,0.00826,8.26,1.0
2026-04-25,site C,esportes,meio do artigo,banner,celular,newsletter,2,2,1,0,0.0082,1,1,1,90.2,73.5,0,0.0,0.0,4.1000000000000005,1.0,0.5,0.0082,8.200000000000001,0.0
2026-04-25,site C,esportes,rodapé fixo,vídeo,celular,referência,2,1,1,0,0.00814,1,1,1,112.8,74.5,0,1.0,0.0,8.139999999999999,0.5,1.0,0.00814,8.139999999999999,0.0
2026-04-25,site C,finanças,rodapé fixo,banner,celular,orgânico,3,2,2,0,0.00801,1,1,1,63.9,56.0,1,0.0,0.0,4.005,0.6666666666666666,1.0,0.00801,8.01,1.0
2026-04-25,site A,notícias,meio do artigo,banner,celular,orgânico,2,2,2,0,0.00791,1,1,1,43.7,39.8,0,1.0,0.0,3.955,1.0,1.0,0.00791,7.91,0.0
2026-04-25,site A,tecnologia,rodapé fixo,mídia rica,celular,direto,2,1,0,0,0.00782,1,1,1,30.3,61.8,1,0.0,0.0,7.82,0.5,0.0,0.00782,7.82,1.0
2026-04-25,site C,estilo de vida,intersticial,banner,celular,referência,6,4,2,0,0.00718,1,1,1,49.3,77.9,0,0.0,0.0,1.795,0.6666666666666666,0.5,0.00718,7.18,0.0
2026-04-25,site A,notícias,rodapé fixo,banner,computador,newsletter,1,1,0,0,0.00716,1,1,1,48.2,59.0,0,0.0,0.0,7.16,1.0,0.0,0.00716,7.16,0.0
2026-04-25,site A,estilo de vida,lateral,banner,computador,newsletter,1,1,1,0,0.00713,1,1,1,69.9,9.7,0,1.0,0.0,7.13,1.0,1.0,0.00713,7.13,0.0
2026-04-25,site A,notícias,topo da página,vídeo,computador,direto,2,2,1,0,0.00668,1,1,1,58.7,67.2,0,1.0,0.0,3.3400000000000003,1.0,0.5,0.00668,6.680000000000001,0.0
2026-04-25,site B,esportes,lateral,banner,celular,direto,4,2,2,0,0.00665,1,1,1,64.5,43.0,0,1.0,0.0,3.3249999999999997,0.5,1.0,0.00665,6.6499999999999995,0.0
2026-04-25,site A,notícias,meio do artigo,banner,tablet,direto,2,2,0,0,0.00653,1,1,1,35.1,37.1,1,0.0,0.0,3.265,1.0,0.0,0.00653,6.53,1.0
2026-04-25,site B,entretenimento,topo da página,vídeo,celular,orgânico,1,1,1,0,0.00627,1,1,1,64.6,17.3,1,0.0,0.0,6.2700000000000005,1.0,1.0,0.00627,6.2700000000000005,1.0
2026-04-25,site A,entretenimento,topo da página,nativo,computador,redes sociais,3,2,0,0,0.00616,1,1,1,256.1,60.5,0,0.0,0.0,3.0799999999999996,0.6666666666666666,0.0,0.00616,6.159999999999999,0.0
2026-04-25,site B,esportes,topo da página,nativo,celular,orgânico,3,2,2,0,0.00595,1,1,1,34.8,36.6,1,1.0,0.0,2.975,0.6666666666666666,1.0,0.00595,5.95,1.0
2026-04-25,site A,finanças,topo da página,nativo,celular,newsletter,2,1,0,0,0.00546,1,1,1,20.5,82.6,0,1.0,0.0,5.46,0.5,0.0,0.00546,5.46,0.0
2026-04-25,site A,estilo de vida,topo da página,banner,computador,newsletter,1,1,1,0,0.00536,1,1,1,48.4,55.2,0,0.0,0.0,5.36,1.0,1.0,0.00536,5.36,0.0
2026-04-25,site C,notícias,topo da página,nativo,computador,redes sociais,2,2,0,0,0.00526,1,1,1,104.9,63.6,1,1.0,0.0,2.63,1.0,0.0,0.00526,5.26,1.0
2026-04-25,site A,entretenimento,topo da página,banner,celular,referência,1,1,1,0,0.00517,1,1,1,27.2,23.2,0,0.0,0.0,5.17,1.0,1.0,0.00517,5.17,0.0
2026-04-25,site A,notícias,topo da página,nativo,celular,orgânico,3,2,2,0,0.00505,1,1,1,75.4,51.8,0,0.0,0.0,2.525,0.6666666666666666,1.0,0.00505,5.05,0.0
2026-04-25,site A,estilo de vida,lateral,banner,celular,orgânico,1,1,0,0,0.00499,1,1,1,75.9,46.2,0,0.0,0.0,4.989999999999999,1.0,0.0,0.00499,4.989999999999999,0.0
2026-04-25,site A,estilo de vida,topo da página,banner,computador,redes sociais,2,2,2,0,0.00484,1,1,1,75.8,66.2,0,0.0,0.0,2.42,1.0,1.0,0.00484,4.84,0.0
2026-04-25,site B,notícias,rodapé fixo,banner,computador,orgânico,2,1,0,0,0.00452,1,1,1,26.7,69.5,0,1.0,0.0,4.52,0.5,0.0,0.00452,4.52,0.0
2026-04-25,site A,notícias,lateral,banner,celular,redes sociais,1,1,1,0,0.00445,1,1,1,75.0,36.2,1,1.0,0.0,4.45,1.0,1.0,0.00445,4.45,1.0
2026-04-25,site C,tecnologia,topo da página,nativo,celular,redes sociais,1,0,0,0,0.00444,1,1,1,123.9,71.2,0,0.0,0.0,0.0,0.0,0.0,0.00444,4.44,0.0
2026-04-25,site C,esportes,topo da página,banner,tablet,redes sociais,3,2,2,0,0.00428,1,1,1,47.4,40.3,0,1.0,0.0,2.14,0.6666666666666666,1.0,0.00428,4.28,0.0
2026-04-25,site C,finanças,lateral,banner,celular,newsletter,3,1,1,0,0.00424,1,1,1,111.7,37.5,1,1.0,0.0,4.24,0.3333333333333333,1.0,0.00424,4.24,1.0
2026-04-25,site A,notícias,meio do artigo,vídeo,tablet,direto,3,1,1,0,0.00408,1,1,1,88.5,48.9,0,0.0,0.0,4.08,0.3333333333333333,1.0,0.00408,4.08,0.0
2026-04-25,site A,estilo de vida,intersticial,nativo,celular,orgânico,2,1,0,0,0.00404,1,1,1,124.2,61.1,0,1.0,0.0,4.04,0.5,0.0,0.00404,4.04,0.0
2026-04-25,site C,esportes,lateral,nativo,computador,orgânico,1,1,1,0,0.004,1,1,1,63.2,47.6,0,0.0,0.0,4.0,1.0,1.0,0.004,4.0,0.0
2026-04-25,site A,finanças,lateral,nativo,computador,redes sociais,3,2,1,0,0.00378,1,1,1,18.4,50.4,0,0.0,0.0,1.89,0.6666666666666666,0.5,0.00378,3.78,0.0
2026-04-25,site A,entretenimento,topo da página,nativo,celular,redes sociais,2,2,1,0,0.00371,1,1,1,102.4,61.7,1,0.0,0.0,1.8550000000000002,1.0,0.5,0.00371,3.7100000000000004,1.0
2026-04-25,site A,notícias,intersticial,banner,tablet,orgânico,1,1,1,0,0.00367,1,1,1,25.5,69.5,0,1.0,0.0,3.67,1.0,1.0,0.00367,3.67,0.0
2026-04-25,site A,entretenimento,rodapé fixo,nativo,tablet,direto,1,1,0,0,0.00344,1,1,1,75.5,52.1,1,0.0,0.0,3.44,1.0,0.0,0.00344,3.44,1.0
2026-04-25,site B,entretenimento,topo da página,nativo,celular,redes sociais,1,1,1,0,0.00327,1,1,1,10.0,57.4,0,0.0,0.0,3.27,1.0,1.0,0.00327,3.27,0.0
2026-04-25,site B,estilo de vida,meio do artigo,banner,computador,direto,2,2,0,0,0.00318,1,1,1,25.1,74.7,1,0.0,0.0,1.59,1.0,0.0,0.00318,3.18,1.0
2026-04-25,site A,esportes,topo da página,mídia rica,computador,orgânico,2,1,0,0,0.00307,1,1,1,76.7,64.1,1,0.0,0.0,3.07,0.5,0.0,0.00307,3.07,1.0
2026-04-25,site A,esportes,intersticial,nativo,tablet,direto,4,2,2,0,0.00286,1,1,1,80.6,100.0,0,1.0,0.0,1.4300000000000002,0.5,1.0,0.00286,2.8600000000000003,0.0
2026-04-25,site A,entretenimento,topo da página,banner,celular,redes sociais,1,1,1,0,0.00269,1,1,1,21.8,26.6,1,0.0,0.0,2.69,1.0,1.0,0.00269,2.69,1.0
2026-04-25,site A,entretenimento,topo da página,vídeo,celular,redes sociais,2,0,0,0,0.00253,1,1,1,56.4,32.6,0,0.0,0.0,0.0,0.0,0.0,0.00253,2.5300000000000002,0.0
2026-04-25,site C,entretenimento,meio do artigo,banner,celular,referência,3,2,1,0,0.00237,1,1,1,22.0,49.6,1,0.0,0.0,1.185,0.6666666666666666,0.5,0.00237,2.37,1.0
2026-04-25,site A,estilo de vida,topo da página,banner,tablet,direto,1,1,0,0,0.00136,1,1,1,167.2,65.2,0,0.0,0.0,1.36,1.0,0.0,0.00136,1.36,0.0
2026-04-25,site B,esportes,topo da página,nativo,celular,newsletter,1,0,0,0,0.00092,1,1,1,47.1,53.8,0,1.0,0.0,0.0,0.0,0.0,0.00092,0.92,0.0
2026-04-25,site B,notícias,meio do artigo,banner,tablet,direto,1,1,0,0,0.00052,1,1,1,30.9,50.5,0,0.0,0.0,0.5199999999999999,1.0,0.0,0.00052,0.5199999999999999,0.0
2026-04-25,site C,esportes,rodapé fixo,vídeo,celular,redes sociais,1,0,0,0,0.00041,1,1,1,128.2,72.4,1,1.0,0.0,0.0,0.0,0.0,0.00041,0.41,1.0
2026-04-25,site A,esportes,rodapé fixo,mídia rica,celular,orgânico,1,0,0,0,0.0,1,1,1,159.3,53.7,1,1.0,0.0,0.0,0.0,0.0,0.0,0.0,1.0
2026-04-25,site A,esportes,rodapé fixo,vídeo,celular,redes sociais,1,0,0,0,0.0,1,1,1,91.9,52.7,1,1.0,0.0,0.0,0.0,0.0,0.0,0.0,1.0
2026-04-25,site A,notícias,lateral,banner,computador,newsletter,1,0,0,0,0.0,1,1,1,40.3,17.0,0,0.0,0.0,0.0,0.0,0.0,0.0,0.0,0.0
2026-04-25,site B,entretenimento,intersticial,nativo,computador,redes sociais,1,1,0,0,0.0,1,1,1,25.4,62.3,0,1.0,0.0,0.0,1.0,0.0,0.0,0.0,0.0
2026-04-26,site B,finanças,topo da página,nativo,computador,orgânico,6,6,6,0,0.05552,1,1,1,82.9,74.3,0,0.0,0.0,9.253333333333334,1.0,1.0,0.05552,55.52,0.0
2026-04-26,site B,finanças,topo da página,vídeo,computador,orgânico,3,3,1,0,0.05207,1,1,1,33.3,71.3,1,0.0,0.0,17.356666666666666,1.0,0.3333333333333333,0.05207,52.07,1.0
2026-04-26,site A,finanças,rodapé fixo,vídeo,computador,orgânico,4,4,4,0,0.04635,1,1,1,82.3,67.2,0,0.0,0.0,11.5875,1.0,1.0,0.04635,46.35,0.0
2026-04-26,site A,tecnologia,rodapé fixo,vídeo,computador,orgânico,5,4,3,0,0.03215,1,1,1,61.7,67.4,1,0.0,0.0,8.0375,0.8,0.75,0.03215,32.15,1.0
2026-04-26,site A,finanças,rodapé fixo,mídia rica,celular,redes sociais,6,5,5,0,0.03106,1,1,1,31.8,28.5,0,0.0,0.0,6.212000000000001,0.8333333333333334,1.0,0.03106,31.060000000000002,0.0
2026-04-26,site B,tecnologia,meio do artigo,nativo,celular,direto,4,4,1,0,0.03095,1,1,1,92.8,38.2,0,1.0,0.0,7.7375,1.0,0.25,0.03095,30.95,0.0
2026-04-26,site C,finanças,lateral,banner,tablet,redes sociais,6,5,0,0,0.03038,1,1,1,31.6,60.9,0,0.0,0.0,6.076,0.8333333333333334,0.0,0.03038,30.38,0.0
2026-04-26,site A,esportes,meio do artigo,vídeo,celular,orgânico,6,4,1,0,0.0303,1,1,1,79.6,40.6,1,0.0,0.0,7.575,0.6666666666666666,0.25,0.0303,30.3,1.0
2026-04-26,site A,finanças,meio do artigo,mídia rica,celular,referência,3,3,3,0,0.02476,1,1,1,5.6,98.1,0,0.0,0.0,8.253333333333334,1.0,1.0,0.02476,24.76,0.0
2026-04-26,site B,esportes,rodapé fixo,vídeo,computador,redes sociais,3,2,1,0,0.02459,1,1,1,37.1,33.1,0,1.0,0.0,12.295,0.6666666666666666,0.5,0.02459,24.59,0.0
2026-04-26,site B,notícias,rodapé fixo,vídeo,celular,orgânico,6,4,3,0,0.02285,1,1,1,120.2,39.9,0,0.0,0.0,5.7124999999999995,0.6666666666666666,0.75,0.02285,22.849999999999998,0.0
2026-04-26,site A,tecnologia,meio do artigo,vídeo,computador,direto,6,5,4,0,0.02271,1,1,1,85.2,75.1,0,0.0,0.0,4.542,0.8333333333333334,0.8,0.02271,22.71,0.0
2026-04-26,site A,entretenimento,rodapé fixo,nativo,celular,orgânico,6,6,2,0,0.02225,1,1,1,96.3,37.6,0,0.0,0.0,3.7083333333333335,1.0,0.3333333333333333,0.02225,22.25,0.0
2026-04-26,site A,tecnologia,topo da página,mídia rica,celular,direto,4,2,1,0,0.0215,1,1,1,29.5,52.2,1,0.0,0.0,10.75,0.5,0.5,0.0215,21.5,1.0
2026-04-26,site B,entretenimento,lateral,nativo,celular,orgânico,6,4,2,0,0.02077,1,1,1,30.3,19.6,0,1.0,0.0,5.1925,0.6666666666666666,0.5,0.02077,20.77,0.0
2026-04-26,site C,notícias,intersticial,banner,celular,orgânico,6,5,2,0,0.02013,1,1,1,33.6,63.5,0,1.0,0.0,4.026,0.8333333333333334,0.4,0.02013,20.13,0.0
2026-04-26,site A,estilo de vida,rodapé fixo,banner,celular,newsletter,6,4,4,0,0.02001,1,1,1,9.6,47.7,1,0.0,0.0,5.0025,0.6666666666666666,1.0,0.02001,20.01,1.0
2026-04-26,site A,tecnologia,rodapé fixo,banner,computador,orgânico,6,4,3,0,0.01957,1,1,1,44.1,52.3,0,0.0,0.0,4.8925,0.6666666666666666,0.75,0.01957,19.57,0.0
2026-04-26,site A,esportes,topo da página,nativo,computador,newsletter,3,3,2,1,0.01922,1,1,1,70.2,76.3,0,0.0,0.3333333333333333,6.406666666666667,1.0,0.6666666666666666,0.01922,19.220000000000002,0.0
2026-04-26,site B,entretenimento,rodapé fixo,banner,tablet,redes sociais,6,5,2,0,0.01904,1,1,1,47.6,84.3,0,0.0,0.0,3.8080000000000007,0.8333333333333334,0.4,0.01904,19.040000000000003,0.0
2026-04-26,site A,tecnologia,topo da página,banner,computador,orgânico,6,4,4,0,0.01773,1,1,1,57.2,59.0,0,0.0,0.0,4.4325,0.6666666666666666,1.0,0.01773,17.73,0.0
2026-04-26,site A,tecnologia,topo da página,banner,computador,direto,4,3,2,0,0.01739,1,1,1,18.3,65.4,0,0.0,0.0,5.796666666666667,0.75,0.6666666666666666,0.01739,17.39,0.0
2026-04-26,site C,finanças,intersticial,banner,computador,redes sociais,4,3,2,0,0.01716,1,1,1,57.8,23.5,0,0.0,0.0,5.72,0.75,0.6666666666666666,0.01716,17.16,0.0
2026-04-26,site A,entretenimento,meio do artigo,nativo,computador,redes sociais,3,3,3,0,0.01703,1,1,1,119.6,51.0,0,0.0,0.0,5.676666666666667,1.0,1.0,0.01703,17.03,0.0
2026-04-26,site A,entretenimento,lateral,mídia rica,computador,referência,6,4,1,0,0.01701,1,1,1,10.9,41.6,0,1.0,0.0,4.2525,0.6666666666666666,0.25,0.01701,17.01,0.0
2026-04-26,site A,finanças,rodapé fixo,banner,celular,redes sociais,5,5,4,0,0.01665,1,1,1,91.8,84.1,0,1.0,0.0,3.3300000000000005,1.0,0.8,0.01665,16.650000000000002,0.0
2026-04-26,site B,estilo de vida,meio do artigo,banner,tablet,orgânico,5,4,0,0,0.0166,1,1,1,26.1,80.3,0,0.0,0.0,4.15,0.8,0.0,0.0166,16.6,0.0
2026-04-26,site B,esportes,topo da página,vídeo,celular,orgânico,2,2,0,0,0.01569,1,1,1,94.8,60.0,0,0.0,0.0,7.845,1.0,0.0,0.01569,15.69,0.0
2026-04-26,site C,tecnologia,rodapé fixo,banner,celular,referência,6,4,3,0,0.01549,1,1,1,86.8,54.9,0,0.0,0.0,3.8725,0.6666666666666666,0.75,0.01549,15.49,0.0
2026-04-26,site A,esportes,meio do artigo,nativo,celular,orgânico,5,3,3,0,0.01502,1,1,1,175.1,70.1,0,0.0,0.0,5.006666666666667,0.6,1.0,0.01502,15.02,0.0
2026-04-26,site C,tecnologia,rodapé fixo,banner,computador,direto,2,2,2,0,0.01501,1,1,1,51.1,65.9,0,1.0,0.0,7.505000000000001,1.0,1.0,0.01501,15.010000000000002,0.0
2026-04-26,site B,tecnologia,intersticial,nativo,computador,orgânico,4,3,2,0,0.01457,1,1,1,19.5,35.2,0,0.0,0.0,4.8566666666666665,0.75,0.6666666666666666,0.01457,14.57,0.0
2026-04-26,site B,esportes,topo da página,banner,tablet,redes sociais,5,5,1,0,0.01448,1,1,1,75.5,65.0,0,0.0,0.0,2.896,1.0,0.2,0.01448,14.48,0.0
2026-04-26,site A,estilo de vida,topo da página,vídeo,computador,direto,3,2,0,0,0.01426,1,1,1,76.0,57.7,1,1.0,0.0,7.13,0.6666666666666666,0.0,0.01426,14.26,1.0
2026-04-26,site A,notícias,meio do artigo,mídia rica,computador,orgânico,3,2,2,0,0.01424,1,1,1,21.6,35.7,0,0.0,0.0,7.119999999999999,0.6666666666666666,1.0,0.01424,14.239999999999998,0.0
2026-04-26,site A,tecnologia,lateral,nativo,celular,referência,3,2,0,0,0.01423,1,1,1,75.9,50.4,0,0.0,0.0,7.115,0.6666666666666666,0.0,0.01423,14.23,0.0
2026-04-26,site B,tecnologia,meio do artigo,banner,celular,orgânico,5,5,3,0,0.01315,1,1,1,129.4,18.3,0,1.0,0.0,2.63,1.0,0.6,0.01315,13.15,0.0
2026-04-26,site B,tecnologia,meio do artigo,mídia rica,computador,orgânico,2,1,1,0,0.01294,1,1,1,17.1,40.4,0,1.0,0.0,12.94,0.5,1.0,0.01294,12.94,0.0
2026-04-26,site A,finanças,meio do artigo,mídia rica,tablet,newsletter,6,4,4,0,0.01293,1,1,1,86.9,93.9,0,1.0,0.0,3.2325,0.6666666666666666,1.0,0.01293,12.93,0.0
2026-04-26,site B,entretenimento,lateral,banner,computador,redes sociais,3,3,2,0,0.01281,1,1,1,11.7,67.7,0,1.0,0.0,4.2700000000000005,1.0,0.6666666666666666,0.01281,12.81,0.0
2026-04-26,site A,notícias,topo da página,vídeo,celular,direto,3,2,1,0,0.01239,1,1,1,98.0,22.9,1,0.0,0.0,6.195,0.6666666666666666,0.5,0.01239,12.39,1.0
2026-04-26,site B,esportes,topo da página,banner,computador,orgânico,2,2,0,0,0.01218,1,1,1,27.8,28.1,0,0.0,0.0,6.09,1.0,0.0,0.01218,12.18,0.0
2026-04-26,site B,estilo de vida,rodapé fixo,nativo,celular,orgânico,5,3,1,0,0.01211,1,1,1,56.9,46.9,0,0.0,0.0,4.036666666666666,0.6,0.3333333333333333,0.01211,12.11,0.0
2026-04-26,site A,tecnologia,topo da página,banner,tablet,newsletter,4,3,2,0,0.01198,1,1,1,43.3,70.9,0,1.0,0.0,3.9933333333333327,0.75,0.6666666666666666,0.01198,11.979999999999999,0.0
2026-04-26,site A,notícias,lateral,banner,celular,redes sociais,4,4,2,0,0.0118,1,1,1,27.5,75.2,0,1.0,0.0,2.9499999999999997,1.0,0.5,0.0118,11.799999999999999,0.0
2026-04-26,site B,esportes,intersticial,nativo,tablet,orgânico,4,3,0,0,0.01172,1,1,1,61.5,84.5,0,0.0,0.0,3.9066666666666663,0.75,0.0,0.01172,11.719999999999999,0.0
2026-04-26,site A,finanças,topo da página,banner,celular,orgânico,3,2,0,0,0.01157,1,1,1,167.2,76.3,0,0.0,0.0,5.785,0.6666666666666666,0.0,0.01157,11.57,0.0
2026-04-26,site C,entretenimento,meio do artigo,mídia rica,computador,orgânico,1,1,0,0,0.01153,1,1,1,61.2,58.5,0,0.0,0.0,11.530000000000001,1.0,0.0,0.01153,11.530000000000001,0.0
2026-04-26,site C,entretenimento,rodapé fixo,banner,celular,redes sociais,6,3,2,0,0.01135,1,1,1,213.4,58.6,0,0.0,0.0,3.7833333333333337,0.5,0.6666666666666666,0.01135,11.350000000000001,0.0
2026-04-26,site B,estilo de vida,rodapé fixo,banner,celular,direto,4,2,1,0,0.01089,1,1,1,125.8,29.8,1,0.0,0.0,5.445,0.5,0.5,0.01089,10.89,1.0
2026-04-26,site B,esportes,intersticial,banner,computador,redes sociais,4,3,1,0,0.01067,1,1,1,33.3,58.9,0,1.0,0.0,3.5566666666666666,0.75,0.3333333333333333,0.01067,10.67,0.0
2026-04-26,site B,esportes,intersticial,nativo,celular,redes sociais,5,4,2,0,0.01066,1,1,1,138.7,100.0,0,1.0,0.0,2.665,0.8,0.5,0.01066,10.66,0.0
2026-04-26,site A,notícias,intersticial,banner,computador,orgânico,4,3,2,0,0.01057,1,1,1,84.0,35.8,1,0.0,0.0,3.5233333333333334,0.75,0.6666666666666666,0.01057,10.57,1.0
2026-04-26,site A,finanças,rodapé fixo,banner,computador,direto,1,1,1,0,0.01044,1,1,1,48.1,50.2,0,0.0,0.0,10.44,1.0,1.0,0.01044,10.44,0.0
2026-04-26,site A,estilo de vida,topo da página,nativo,celular,orgânico,2,2,2,0,0.0104,1,1,1,18.7,77.6,1,1.0,0.0,5.2,1.0,1.0,0.0104,10.4,1.0
2026-04-26,site C,esportes,lateral,banner,celular,direto,6,5,2,0,0.01005,1,1,1,72.3,54.4,0,0.0,0.0,2.0100000000000002,0.8333333333333334,0.4,0.01005,10.05,0.0
2026-04-26,site B,finanças,lateral,nativo,celular,redes sociais,3,2,2,0,0.01004,1,1,1,7.7,71.1,1,0.0,0.0,5.0200000000000005,0.6666666666666666,1.0,0.01004,10.040000000000001,1.0
2026-04-26,site B,entretenimento,meio do artigo,nativo,celular,orgânico,5,4,1,0,0.00961,1,1,1,17.9,64.6,1,0.0,0.0,2.4025000000000003,0.8,0.25,0.00961,9.610000000000001,1.0
2026-04-26,site A,entretenimento,topo da página,banner,celular,newsletter,5,3,2,0,0.00946,1,1,1,47.8,59.7,0,1.0,0.0,3.153333333333333,0.6,0.6666666666666666,0.00946,9.459999999999999,0.0
2026-04-26,site A,estilo de vida,topo da página,mídia rica,celular,direto,4,3,2,0,0.00932,1,1,1,8.7,49.7,1,1.0,0.0,3.106666666666667,0.75,0.6666666666666666,0.00932,9.32,1.0
2026-04-26,site B,notícias,topo da página,banner,celular,orgânico,3,2,1,0,0.00924,1,1,1,30.5,41.6,0,0.0,0.0,4.62,0.6666666666666666,0.5,0.00924,9.24,0.0
2026-04-26,site A,estilo de vida,meio do artigo,banner,computador,orgânico,3,2,2,0,0.00914,1,1,1,111.4,71.3,0,0.0,0.0,4.57,0.6666666666666666,1.0,0.00914,9.14,0.0
2026-04-26,site A,entretenimento,topo da página,nativo,celular,orgânico,4,4,3,0,0.00902,1,1,1,98.8,57.7,0,1.0,0.0,2.255,1.0,0.75,0.00902,9.02,0.0
2026-04-26,site C,entretenimento,rodapé fixo,banner,computador,orgânico,2,2,1,0,0.00871,1,1,1,22.0,88.5,0,0.0,0.0,4.355,1.0,0.5,0.00871,8.71,0.0
2026-04-26,site B,esportes,rodapé fixo,nativo,tablet,orgânico,2,2,0,0,0.00841,1,1,1,12.8,73.3,0,0.0,0.0,4.205,1.0,0.0,0.00841,8.41,0.0
2026-04-26,site B,estilo de vida,meio do artigo,mídia rica,celular,direto,1,1,1,0,0.00826,1,1,1,38.8,63.3,0,0.0,0.0,8.26,1.0,1.0,0.00826,8.26,0.0
2026-04-26,site C,estilo de vida,topo da página,vídeo,computador,orgânico,1,1,0,0,0.00825,1,1,1,61.0,63.7,0,0.0,0.0,8.25,1.0,0.0,0.00825,8.25,0.0
2026-04-26,site A,notícias,rodapé fixo,vídeo,tablet,referência,1,1,1,0,0.00821,1,1,1,83.8,62.5,0,1.0,0.0,8.21,1.0,1.0,0.00821,8.21,0.0
2026-04-26,site A,estilo de vida,lateral,vídeo,tablet,referência,4,3,3,0,0.00807,1,1,1,170.0,44.2,0,1.0,0.0,2.69,0.75,1.0,0.00807,8.07,0.0
2026-04-26,site A,esportes,meio do artigo,vídeo,computador,redes sociais,4,3,0,0,0.00789,1,1,1,57.3,48.7,0,0.0,0.0,2.63,0.75,0.0,0.00789,7.89,0.0
2026-04-26,site A,notícias,meio do artigo,nativo,computador,orgânico,1,1,0,0,0.00726,1,1,1,63.9,56.5,0,0.0,0.0,7.26,1.0,0.0,0.00726,7.26,0.0
2026-04-26,site C,esportes,meio do artigo,banner,computador,redes sociais,2,2,2,1,0.00724,1,1,1,65.4,33.5,0,1.0,0.5,3.62,1.0,1.0,0.00724,7.24,0.0
2026-04-26,site C,finanças,lateral,banner,celular,newsletter,6,4,1,0,0.0071,1,1,1,131.4,54.5,0,0.0,0.0,1.7750000000000001,0.6666666666666666,0.25,0.0071,7.1000000000000005,0.0
2026-04-26,site A,tecnologia,intersticial,nativo,celular,direto,4,2,2,0,0.00666,1,1,1,43.2,19.4,1,0.0,0.0,3.33,0.5,1.0,0.00666,6.66,1.0
2026-04-26,site A,finanças,topo da página,nativo,computador,orgânico,2,1,0,1,0.00637,1,1,1,48.5,100.0,0,0.0,1.0,6.37,0.5,0.0,0.00637,6.37,0.0
2026-04-26,site B,entretenimento,lateral,banner,computador,orgânico,1,1,0,0,0.00631,1,1,1,37.3,75.6,0,0.0,0.0,6.31,1.0,0.0,0.00631,6.31,0.0
2026-04-26,site C,notícias,meio do artigo,banner,tablet,orgânico,3,3,3,0,0.00599,1,1,1,100.9,41.0,0,0.0,0.0,1.9966666666666664,1.0,1.0,0.00599,5.989999999999999,0.0
2026-04-26,site A,notícias,lateral,nativo,celular,redes sociais,1,1,0,0,0.00555,1,1,1,51.6,79.6,1,1.0,0.0,5.55,1.0,0.0,0.00555,5.55,1.0
2026-04-26,site C,notícias,rodapé fixo,banner,computador,redes sociais,1,1,1,0,0.00448,1,1,1,103.6,86.3,1,1.0,0.0,4.4799999999999995,1.0,1.0,0.00448,4.4799999999999995,1.0
2026-04-26,site C,estilo de vida,meio do artigo,nativo,computador,direto,3,1,0,0,0.00424,1,1,1,116.6,54.0,0,1.0,0.0,4.24,0.3333333333333333,0.0,0.00424,4.24,0.0
2026-04-26,site B,esportes,meio do artigo,banner,celular,direto,2,2,1,0,0.00417,1,1,1,59.3,56.1,1,1.0,0.0,2.085,1.0,0.5,0.00417,4.17,1.0
2026-04-26,site C,estilo de vida,rodapé fixo,nativo,celular,orgânico,2,1,1,0,0.00411,1,1,1,67.6,86.6,1,0.0,0.0,4.11,0.5,1.0,0.00411,4.11,1.0
2026-04-26,site C,esportes,lateral,banner,computador,orgânico,1,1,0,0,0.00379,1,1,1,45.8,56.8,1,0.0,0.0,3.79,1.0,0.0,0.00379,3.79,1.0
2026-04-26,site A,estilo de vida,rodapé fixo,vídeo,celular,redes sociais,1,1,1,0,0.00378,1,1,1,25.7,77.1,0,1.0,0.0,3.78,1.0,1.0,0.00378,3.78,0.0
2026-04-26,site A,esportes,meio do artigo,vídeo,celular,direto,1,1,1,0,0.00356,1,1,1,91.7,64.5,0,0.0,0.0,3.5599999999999996,1.0,1.0,0.00356,3.5599999999999996,0.0
2026-04-26,site A,entretenimento,meio do artigo,banner,celular,orgânico,4,2,1,0,0.0035,1,1,1,60.9,70.6,0,1.0,0.0,1.75,0.5,0.5,0.0035,3.5,0.0
2026-04-26,site A,esportes,meio do artigo,banner,celular,direto,1,1,0,0,0.00342,1,1,1,16.7,16.2,1,0.0,0.0,3.42,1.0,0.0,0.00342,3.42,1.0
2026-04-26,site A,esportes,intersticial,banner,computador,orgânico,1,1,0,0,0.00328,1,1,1,69.8,66.9,0,0.0,0.0,3.28,1.0,0.0,0.00328,3.28,0.0
2026-04-26,site A,tecnologia,lateral,nativo,computador,redes sociais,1,1,1,0,0.00307,1,1,1,36.7,62.8,0,0.0,0.0,3.07,1.0,1.0,0.00307,3.07,0.0
2026-04-26,site C,estilo de vida,lateral,banner,celular,redes sociais,2,2,1,0,0.00247,1,1,1,66.4,63.5,0,0.0,0.0,1.2349999999999999,1.0,0.5,0.00247,2.4699999999999998,0.0
2026-04-26,site B,entretenimento,topo da página,nativo,computador,direto,1,1,0,0,0.0022,1,1,1,105.8,56.4,0,1.0,0.0,2.2,1.0,0.0,0.0022,2.2,0.0
2026-04-26,site B,esportes,topo da página,banner,computador,redes sociais,1,0,0,0,0.00182,1,1,1,90.1,68.3,0,0.0,0.0,0.0,0.0,0.0,0.00182,1.82,0.0
2026-04-26,site A,estilo de vida,meio do artigo,banner,celular,orgânico,1,1,1,0,0.00171,1,1,1,22.4,13.6,0,0.0,0.0,1.71,1.0,1.0,0.00171,1.71,0.0
2026-04-26,site C,estilo de vida,meio do artigo,nativo,tablet,redes sociais,2,0,0,0,0.00025,1,1,1,104.9,37.7,0,1.0,0.0,0.0,0.0,0.0,0.00025,0.25,0.0
2026-04-26,site A,notícias,meio do artigo,banner,computador,referência,1,0,0,0,0.0,1,1,1,102.9,16.8,0,0.0,0.0,0.0,0.0,0.0,0.0,0.0,0.0
2026-04-26,site B,notícias,meio do artigo,nativo,celular,redes sociais,2,0,0,0,0.0,1,1,1,128.0,71.2,0,1.0,0.0,0.0,0.0,0.0,0.0,0.0,0.0
2026-04-26,site B,tecnologia,rodapé fixo,nativo,celular,direto,1,1,1,0,0.0,1,1,1,75.8,49.5,0,1.0,0.0,0.0,1.0,1.0,0.0,0.0,0.0
2026-04-26,site C,esportes,meio do artigo,banner,celular,orgânico,1,1,0,0,0.0,1,1,1,31.9,36.6,0,1.0,0.0,0.0,1.0,0.0,0.0,0.0,0.0
2026-04-27,site B,notícias,meio do artigo,nativo,celular,orgânico,5,5,5,0,0.06273,1,1,1,22.6,56.3,1,0.0,0.0,12.546,1.0,1.0,0.06273,62.73,1.0
2026-04-27,site C,notícias,topo da página,vídeo,computador,redes sociais,6,4,4,0,0.04586,1,1,1,24.0,54.8,0,0.0,0.0,11.465,0.6666666666666666,1.0,0.04586,45.86,0.0
2026-04-27,site A,notícias,lateral,mídia rica,tablet,referência,5,3,2,0,0.04362,1,1,1,42.9,54.7,1,0.0,0.0,14.54,0.6,0.6666666666666666,0.04362,43.62,1.0
2026-04-27,site B,tecnologia,topo da página,nativo,celular,orgânico,4,4,3,0,0.04125,1,1,1,33.1,58.4,1,0.0,0.0,10.3125,1.0,0.75,0.04125,41.25,1.0
2026-04-27,site B,estilo de vida,lateral,banner,computador,newsletter,6,5,2,0,0.04018,1,1,1,146.3,90.5,0,0.0,0.0,8.036,0.8333333333333334,0.4,0.04018,40.18,0.0
2026-04-27,site B,esportes,meio do artigo,banner,computador,orgânico,5,5,4,0,0.03597,1,1,1,40.0,55.6,0,0.0,0.0,7.194,1.0,0.8,0.03597,35.97,0.0
2026-04-27,site B,entretenimento,meio do artigo,mídia rica,computador,orgânico,4,3,0,0,0.03554,1,1,1,188.8,54.8,0,0.0,0.0,11.846666666666666,0.75,0.0,0.03554,35.54,0.0
2026-04-27,site A,tecnologia,meio do artigo,vídeo,celular,orgânico,6,4,2,0,0.03508,1,1,1,48.5,16.8,1,0.0,0.0,8.77,0.6666666666666666,0.5,0.03508,35.08,1.0
2026-04-27,site B,finanças,rodapé fixo,banner,computador,orgânico,3,3,2,0,0.03455,1,1,1,111.6,31.1,0,0.0,0.0,11.516666666666666,1.0,0.6666666666666666,0.03455,34.55,0.0
2026-04-27,site B,notícias,topo da página,nativo,celular,direto,4,4,4,0,0.03158,1,1,1,51.1,40.1,0,0.0,0.0,7.895,1.0,1.0,0.03158,31.58,0.0
2026-04-27,site C,notícias,intersticial,banner,celular,orgânico,6,4,4,0,0.031,1,1,1,23.0,28.9,0,1.0,0.0,7.75,0.6666666666666666,1.0,0.031,31.0,0.0
2026-04-27,site C,estilo de vida,lateral,mídia rica,tablet,newsletter,6,5,4,0,0.03045,1,1,1,16.5,80.2,1,1.0,0.0,6.090000000000001,0.8333333333333334,0.8,0.03045,30.450000000000003,1.0
2026-04-27,site B,finanças,meio do artigo,vídeo,celular,redes sociais,5,3,1,0,0.02994,1,1,1,28.5,72.5,1,1.0,0.0,9.98,0.6,0.3333333333333333,0.02994,29.94,1.0
2026-04-27,site A,esportes,lateral,vídeo,celular,newsletter,4,3,3,0,0.02736,1,1,1,39.2,81.9,0,1.0,0.0,9.12,0.75,1.0,0.02736,27.36,0.0
2026-04-27,site B,finanças,lateral,nativo,computador,referência,5,4,2,0,0.02599,1,1,1,42.1,75.2,0,0.0,0.0,6.4975,0.8,0.5,0.02599,25.99,0.0
2026-04-27,site B,entretenimento,meio do artigo,nativo,tablet,orgânico,4,3,1,0,0.02513,1,1,1,169.6,59.1,0,0.0,0.0,8.376666666666667,0.75,0.3333333333333333,0.02513,25.13,0.0
2026-04-27,site B,notícias,topo da página,banner,computador,direto,6,5,4,0,0.025,1,1,1,12.4,82.1,0,0.0,0.0,5.0,0.8333333333333334,0.8,0.025,25.0,0.0
2026-04-27,site A,esportes,meio do artigo,banner,celular,referência,5,4,2,0,0.02438,1,1,1,109.1,42.7,0,1.0,0.0,6.095,0.8,0.5,0.02438,24.38,0.0
2026-04-27,site A,notícias,rodapé fixo,nativo,celular,redes sociais,4,4,3,0,0.02438,1,1,1,76.2,63.3,0,0.0,0.0,6.095,1.0,0.75,0.02438,24.38,0.0
2026-04-27,site B,notícias,rodapé fixo,mídia rica,celular,orgânico,5,4,4,0,0.02384,1,1,1,104.8,27.7,1,0.0,0.0,5.96,0.8,1.0,0.02384,23.84,1.0
2026-04-27,site C,estilo de vida,topo da página,nativo,computador,orgânico,5,4,3,0,0.02356,1,1,1,24.9,49.4,1,1.0,0.0,5.890000000000001,0.8,0.75,0.02356,23.560000000000002,1.0
2026-04-27,site B,finanças,topo da página,mídia rica,celular,orgânico,3,2,1,0,0.0227,1,1,1,60.5,66.0,1,1.0,0.0,11.350000000000001,0.6666666666666666,0.5,0.0227,22.700000000000003,1.0
2026-04-27,site A,esportes,meio do artigo,banner,computador,referência,5,5,1,0,0.02206,1,1,1,76.8,56.0,1,0.0,0.0,4.412,1.0,0.2,0.02206,22.06,1.0
2026-04-27,site C,notícias,topo da página,vídeo,computador,direto,3,3,1,0,0.02178,1,1,1,65.5,48.0,0,0.0,0.0,7.260000000000001,1.0,0.3333333333333333,0.02178,21.78,0.0
2026-04-27,site C,tecnologia,meio do artigo,vídeo,celular,orgânico,3,3,2,0,0.02175,1,1,1,38.8,63.2,1,0.0,0.0,7.25,1.0,0.6666666666666666,0.02175,21.75,1.0
2026-04-27,site A,notícias,meio do artigo,banner,celular,referência,3,3,2,0,0.02113,1,1,1,44.0,29.6,1,0.0,0.0,7.043333333333333,1.0,0.6666666666666666,0.02113,21.13,1.0
2026-04-27,site B,entretenimento,rodapé fixo,nativo,celular,direto,5,4,3,0,0.02086,1,1,1,74.8,76.8,1,0.0,0.0,5.215,0.8,0.75,0.02086,20.86,1.0
2026-04-27,site A,finanças,rodapé fixo,banner,celular,redes sociais,5,3,2,0,0.02035,1,1,1,43.1,63.2,1,1.0,0.0,6.783333333333334,0.6,0.6666666666666666,0.02035,20.35,1.0
2026-04-27,site A,tecnologia,meio do artigo,nativo,celular,orgânico,4,2,2,0,0.02026,1,1,1,37.3,24.0,1,0.0,0.0,10.13,0.5,1.0,0.02026,20.26,1.0
2026-04-27,site A,estilo de vida,topo da página,mídia rica,celular,orgânico,6,4,3,0,0.02013,1,1,1,21.1,18.5,0,0.0,0.0,5.0325,0.6666666666666666,0.75,0.02013,20.13,0.0
2026-04-27,site B,notícias,topo da página,banner,celular,orgânico,6,4,2,0,0.01987,1,1,1,107.2,50.3,0,1.0,0.0,4.967499999999999,0.6666666666666666,0.5,0.01987,19.869999999999997,0.0
2026-04-27,site B,entretenimento,topo da página,vídeo,computador,direto,3,3,2,0,0.01893,1,1,1,16.7,82.9,0,0.0,0.0,6.31,1.0,0.6666666666666666,0.01893,18.93,0.0
2026-04-27,site A,estilo de vida,meio do artigo,mídia rica,computador,direto,4,3,2,0,0.01878,1,1,1,80.4,100.0,1,0.0,0.0,6.260000000000001,0.75,0.6666666666666666,0.01878,18.78,1.0
2026-04-27,site A,esportes,meio do artigo,banner,computador,orgânico,3,3,1,0,0.01823,1,1,1,16.3,45.1,0,1.0,0.0,6.076666666666667,1.0,0.3333333333333333,0.01823,18.23,0.0
2026-04-27,site B,esportes,rodapé fixo,banner,computador,redes sociais,4,4,4,1,0.01785,1,1,1,52.0,37.5,0,1.0,0.25,4.4625,1.0,1.0,0.01785,17.85,0.0
2026-04-27,site A,entretenimento,meio do artigo,mídia rica,celular,direto,4,3,1,0,0.01696,1,1,1,37.4,66.6,1,1.0,0.0,5.653333333333333,0.75,0.3333333333333333,0.01696,16.96,1.0
2026-04-27,site A,notícias,topo da página,banner,celular,orgânico,6,6,6,1,0.01632,2,2,2,63.3,72.9,2,0.5,0.16666666666666666,2.72,1.0,1.0,0.00816,8.16,1.0
2026-04-27,site A,estilo de vida,topo da página,vídeo,computador,newsletter,3,3,1,0,0.01631,1,1,1,20.3,24.1,0,0.0,0.0,5.436666666666667,1.0,0.3333333333333333,0.01631,16.310000000000002,0.0
2026-04-27,site B,estilo de vida,meio do artigo,vídeo,computador,orgânico,2,2,1,1,0.01589,1,1,1,75.5,52.9,0,0.0,0.5,7.945,1.0,0.5,0.01589,15.89,0.0
2026-04-27,site B,notícias,rodapé fixo,mídia rica,celular,direto,3,3,3,0,0.01549,1,1,1,24.4,67.6,0,0.0,0.0,5.163333333333333,1.0,1.0,0.01549,15.49,0.0
2026-04-27,site A,esportes,rodapé fixo,vídeo,celular,orgânico,6,2,1,0,0.01544,1,1,1,3.6,83.7,1,1.0,0.0,7.720000000000001,0.3333333333333333,0.5,0.01544,15.440000000000001,1.0
2026-04-27,site A,estilo de vida,meio do artigo,nativo,celular,referência,6,6,3,0,0.01427,1,1,1,33.4,77.9,0,0.0,0.0,2.3783333333333334,1.0,0.5,0.01427,14.27,0.0
2026-04-27,site A,tecnologia,topo da página,nativo,computador,orgânico,3,3,0,0,0.01328,1,1,1,91.6,43.1,0,0.0,0.0,4.426666666666667,1.0,0.0,0.01328,13.28,0.0
2026-04-27,site B,notícias,lateral,nativo,celular,direto,3,2,1,0,0.01319,1,1,1,34.1,63.6,1,0.0,0.0,6.595,0.6666666666666666,0.5,0.01319,13.19,1.0
2026-04-27,site A,estilo de vida,meio do artigo,nativo,computador,orgânico,3,2,2,0,0.01288,1,1,1,38.6,68.0,0,0.0,0.0,6.44,0.6666666666666666,1.0,0.01288,12.88,0.0
2026-04-27,site B,tecnologia,rodapé fixo,banner,celular,referência,2,2,1,0,0.01283,1,1,1,62.9,100.0,1,0.0,0.0,6.415,1.0,0.5,0.01283,12.83,1.0
2026-04-27,site A,notícias,rodapé fixo,nativo,computador,orgânico,1,1,1,0,0.01269,1,1,1,69.1,18.0,1,1.0,0.0,12.69,1.0,1.0,0.01269,12.69,1.0
2026-04-27,site B,tecnologia,topo da página,banner,celular,referência,6,5,3,0,0.01212,1,1,1,56.9,62.2,1,0.0,0.0,2.4240000000000004,0.8333333333333334,0.6,0.01212,12.120000000000001,1.0
2026-04-27,site B,entretenimento,topo da página,banner,computador,redes sociais,4,4,1,0,0.01208,1,1,1,92.9,28.5,0,0.0,0.0,3.02,1.0,0.25,0.01208,12.08,0.0
2026-04-27,site B,entretenimento,topo da página,vídeo,computador,orgânico,2,2,1,0,0.01182,1,1,1,20.3,80.6,0,0.0,0.0,5.91,1.0,0.5,0.01182,11.82,0.0
2026-04-27,site A,tecnologia,rodapé fixo,banner,celular,orgânico,4,3,3,0,0.01132,1,1,1,160.9,38.9,0,0.0,0.0,3.7733333333333334,0.75,1.0,0.01132,11.32,0.0
2026-04-27,site B,notícias,meio do artigo,banner,tablet,direto,2,2,1,0,0.01106,1,1,1,68.5,94.1,1,0.0,0.0,5.53,1.0,0.5,0.01106,11.06,1.0
2026-04-27,site B,notícias,meio do artigo,banner,tablet,orgânico,3,2,2,0,0.01102,1,1,1,43.8,64.9,0,0.0,0.0,5.51,0.6666666666666666,1.0,0.01102,11.02,0.0
2026-04-27,site B,estilo de vida,meio do artigo,nativo,computador,orgânico,2,2,1,0,0.01101,1,1,1,17.5,56.3,0,1.0,0.0,5.505000000000001,1.0,0.5,0.01101,11.010000000000002,0.0
2026-04-27,site A,entretenimento,lateral,banner,computador,redes sociais,4,2,2,0,0.01084,1,1,1,54.9,39.8,0,0.0,0.0,5.42,0.5,1.0,0.01084,10.84,0.0
2026-04-27,site A,esportes,rodapé fixo,mídia rica,celular,direto,5,3,3,0,0.01037,1,1,1,122.8,71.2,1,0.0,0.0,3.456666666666667,0.6,1.0,0.01037,10.370000000000001,1.0
2026-04-27,site B,estilo de vida,meio do artigo,banner,celular,direto,2,2,0,0,0.00944,1,1,1,29.9,44.2,1,0.0,0.0,4.720000000000001,1.0,0.0,0.00944,9.440000000000001,1.0
2026-04-27,site C,tecnologia,meio do artigo,banner,tablet,redes sociais,6,4,2,1,0.009,1,1,1,142.3,55.3,1,0.0,0.25,2.25,0.6666666666666666,0.5,0.009,9.0,1.0
2026-04-27,site B,finanças,lateral,mídia rica,celular,orgânico,3,1,1,0,0.00883,1,1,1,126.1,76.4,1,0.0,0.0,8.83,0.3333333333333333,1.0,0.00883,8.83,1.0
2026-04-27,site B,estilo de vida,rodapé fixo,banner,tablet,referência,3,3,2,0,0.00872,1,1,1,109.1,68.8,0,1.0,0.0,2.9066666666666667,1.0,0.6666666666666666,0.00872,8.72,0.0
2026-04-27,site A,notícias,meio do artigo,banner,computador,direto,4,2,2,0,0.00861,1,1,1,135.4,62.0,0,0.0,0.0,4.305,0.5,1.0,0.00861,8.61,0.0
2026-04-27,site C,estilo de vida,topo da página,mídia rica,computador,orgânico,1,1,1,0,0.00842,1,1,1,16.3,43.9,0,0.0,0.0,8.42,1.0,1.0,0.00842,8.42,0.0
2026-04-27,site A,tecnologia,meio do artigo,nativo,computador,orgânico,3,2,1,0,0.00838,1,1,1,58.9,86.2,0,1.0,0.0,4.19,0.6666666666666666,0.5,0.00838,8.38,0.0
2026-04-27,site A,esportes,topo da página,nativo,computador,referência,2,2,2,0,0.00803,1,1,1,60.1,50.8,0,0.0,0.0,4.015000000000001,1.0,1.0,0.00803,8.030000000000001,0.0
2026-04-27,site C,notícias,rodapé fixo,banner,celular,referência,4,3,3,0,0.00777,1,1,1,146.6,28.3,0,1.0,0.0,2.59,0.75,1.0,0.00777,7.77,0.0
2026-04-27,site B,tecnologia,topo da página,banner,computador,direto,1,1,1,0,0.00743,1,1,1,80.8,61.4,0,0.0,0.0,7.43,1.0,1.0,0.00743,7.43,0.0
2026-04-27,site B,notícias,lateral,banner,celular,referência,2,2,1,0,0.00657,1,1,1,136.7,46.5,0,0.0,0.0,3.285,1.0,0.5,0.00657,6.57,0.0
2026-04-27,site B,notícias,meio do artigo,banner,computador,redes sociais,4,2,2,0,0.00632,1,1,1,39.9,58.5,0,1.0,0.0,3.16,0.5,1.0,0.00632,6.32,0.0
2026-04-27,site B,estilo de vida,meio do artigo,nativo,celular,redes sociais,2,2,0,0,0.00629,1,1,1,16.7,82.4,1,0.0,0.0,3.1449999999999996,1.0,0.0,0.00629,6.289999999999999,1.0
2026-04-27,site A,tecnologia,topo da página,banner,tablet,orgânico,2,1,1,0,0.0061,1,1,1,62.2,40.4,0,0.0,0.0,6.1000000000000005,0.5,1.0,0.0061,6.1000000000000005,0.0
2026-04-27,site A,estilo de vida,lateral,banner,computador,orgânico,4,2,2,0,0.00605,1,1,1,53.7,26.3,0,0.0,0.0,3.025,0.5,1.0,0.00605,6.05,0.0
2026-04-27,site C,esportes,topo da página,mídia rica,celular,newsletter,2,1,0,0,0.0058,1,1,1,48.5,56.4,1,1.0,0.0,5.8,0.5,0.0,0.0058,5.8,1.0
2026-04-27,site B,notícias,lateral,nativo,celular,orgânico,2,2,0,0,0.0056,1,1,1,82.3,25.1,0,0.0,0.0,2.8,1.0,0.0,0.0056,5.6,0.0
2026-04-27,site A,esportes,rodapé fixo,vídeo,celular,direto,4,1,1,0,0.0054,1,1,1,156.0,77.5,0,0.0,0.0,5.4,0.25,1.0,0.0054,5.4,0.0
2026-04-27,site B,estilo de vida,topo da página,vídeo,computador,referência,1,1,1,0,0.00531,1,1,1,6.1,88.2,0,0.0,0.0,5.31,1.0,1.0,0.00531,5.31,0.0
2026-04-27,site A,estilo de vida,lateral,nativo,computador,redes sociais,1,1,1,0,0.00525,1,1,1,104.6,32.2,0,0.0,0.0,5.25,1.0,1.0,0.00525,5.25,0.0
2026-04-27,site B,entretenimento,meio do artigo,nativo,computador,direto,1,1,1,0,0.00522,1,1,1,57.9,46.5,1,0.0,0.0,5.22,1.0,1.0,0.00522,5.22,1.0
2026-04-27,site C,notícias,meio do artigo,banner,celular,orgânico,2,2,2,0,0.00475,1,1,1,31.3,60.9,1,1.0,0.0,2.375,1.0,1.0,0.00475,4.75,1.0
2026-04-27,site C,estilo de vida,meio do artigo,vídeo,celular,redes sociais,1,1,1,0,0.00444,1,1,1,155.7,72.8,0,0.0,0.0,4.44,1.0,1.0,0.00444,4.44,0.0
2026-04-27,site A,entretenimento,rodapé fixo,banner,celular,orgânico,1,0,0,0,0.0044,1,1,1,38.6,74.9,0,0.0,0.0,0.0,0.0,0.0,0.0044,4.4,0.0
2026-04-27,site B,esportes,lateral,mídia rica,celular,redes sociais,1,1,1,0,0.00437,1,1,1,73.7,81.3,0,0.0,0.0,4.37,1.0,1.0,0.00437,4.37,0.0
2026-04-27,site B,finanças,meio do artigo,banner,celular,orgânico,2,1,0,0,0.00422,1,1,1,37.4,69.4,1,0.0,0.0,4.22,0.5,0.0,0.00422,4.22,1.0
2026-04-27,site B,tecnologia,rodapé fixo,mídia rica,celular,newsletter,1,1,1,0,0.00304,1,1,1,96.8,56.3,0,0.0,0.0,3.04,1.0,1.0,0.00304,3.04,0.0
2026-04-27,site B,entretenimento,meio do artigo,vídeo,celular,referência,1,1,1,0,0.00275,1,1,1,16.9,21.7,1,0.0,0.0,2.75,1.0,1.0,0.00275,2.75,1.0
2026-04-27,site C,tecnologia,topo da página,nativo,computador,redes sociais,1,1,1,0,0.00273,1,1,1,33.1,66.6,0,0.0,0.0,2.73,1.0,1.0,0.00273,2.73,0.0
2026-04-27,site A,estilo de vida,rodapé fixo,banner,tablet,direto,1,1,1,0,0.00266,1,1,1,60.9,81.0,0,0.0,0.0,2.66,1.0,1.0,0.00266,2.66,0.0
2026-04-27,site A,notícias,lateral,banner,tablet,orgânico,2,2,1,0,0.00257,1,1,1,36.8,60.8,0,0.0,0.0,1.285,1.0,0.5,0.00257,2.57,0.0
2026-04-27,site C,entretenimento,meio do artigo,nativo,celular,orgânico,4,2,1,0,0.00189,1,1,1,39.5,40.6,1,1.0,0.0,0.945,0.5,0.5,0.00189,1.89,1.0
2026-04-27,site A,esportes,rodapé fixo,vídeo,computador,redes sociais,1,0,0,0,0.00152,1,1,1,52.2,77.0,0,0.0,0.0,0.0,0.0,0.0,0.00152,1.52,0.0
2026-04-27,site B,notícias,meio do artigo,banner,celular,orgânico,1,1,1,0,0.00151,1,1,1,22.2,33.9,0,1.0,0.0,1.51,1.0,1.0,0.00151,1.51,0.0
2026-04-27,site A,esportes,meio do artigo,banner,computador,redes sociais,1,0,0,0,0.00086,1,1,1,89.0,53.7,0,1.0,0.0,0.0,0.0,0.0,0.00086,0.86,0.0
2026-04-27,site B,notícias,intersticial,banner,celular,orgânico,1,0,0,0,0.0,1,1,1,145.9,71.0,0,0.0,0.0,0.0,0.0,0.0,0.0,0.0,0.0
2026-04-28,site A,finanças,topo da página,vídeo,computador,direto,5,4,3,0,0.05023,1,1,1,73.7,84.7,0,0.0,0.0,12.5575,0.8,0.75,0.05023,50.23,0.0
2026-04-28,site B,finanças,meio do artigo,banner,tablet,newsletter,5,5,2,0,0.04526,1,1,1,35.7,45.0,0,0.0,0.0,9.052000000000001,1.0,0.4,0.04526,45.260000000000005,0.0
2026-04-28,site A,finanças,topo da página,banner,tablet,orgânico,6,6,4,0,0.04506,1,1,1,4.7,31.5,0,0.0,0.0,7.510000000000001,1.0,0.6666666666666666,0.04506,45.06,0.0
2026-04-28,site A,finanças,topo da página,mídia rica,computador,referência,6,5,3,0,0.03917,1,1,1,27.0,100.0,1,1.0,0.0,7.8340000000000005,0.8333333333333334,0.6,0.03917,39.17,1.0
2026-04-28,site A,tecnologia,rodapé fixo,mídia rica,celular,orgânico,6,6,5,0,0.03609,1,1,1,29.2,77.8,1,0.0,0.0,6.015,1.0,0.8333333333333334,0.03609,36.089999999999996,1.0
2026-04-28,site B,esportes,topo da página,vídeo,computador,orgânico,6,6,4,0,0.0318,1,1,1,64.4,64.1,0,1.0,0.0,5.3,1.0,0.6666666666666666,0.0318,31.8,0.0
2026-04-28,site B,finanças,meio do artigo,vídeo,computador,orgânico,3,2,1,0,0.02972,1,1,1,38.4,59.9,0,1.0,0.0,14.86,0.6666666666666666,0.5,0.02972,29.72,0.0
2026-04-28,site C,tecnologia,meio do artigo,mídia rica,celular,direto,3,2,2,0,0.02864,1,1,1,8.1,39.3,1,0.0,0.0,14.32,0.6666666666666666,1.0,0.02864,28.64,1.0
2026-04-28,site B,finanças,rodapé fixo,banner,tablet,orgânico,5,4,3,0,0.02799,1,1,1,44.5,56.0,0,1.0,0.0,6.9975000000000005,0.8,0.75,0.02799,27.990000000000002,0.0
2026-04-28,site A,entretenimento,topo da página,mídia rica,computador,referência,5,4,3,0,0.02739,1,1,1,16.0,16.5,1,0.0,0.0,6.8475,0.8,0.75,0.02739,27.39,1.0
2026-04-28,site A,esportes,rodapé fixo,banner,computador,orgânico,5,5,5,0,0.02729,1,1,1,117.7,77.9,1,1.0,0.0,5.458,1.0,1.0,0.02729,27.29,1.0
2026-04-28,site B,notícias,lateral,banner,computador,direto,6,4,4,0,0.0268,1,1,1,51.8,38.5,1,1.0,0.0,6.7,0.6666666666666666,1.0,0.0268,26.8,1.0
2026-04-28,site B,notícias,meio do artigo,nativo,computador,direto,3,3,1,0,0.02676,1,1,1,20.2,45.2,1,0.0,0.0,8.92,1.0,0.3333333333333333,0.02676,26.759999999999998,1.0
2026-04-28,site B,notícias,topo da página,mídia rica,computador,orgânico,6,5,5,0,0.02516,1,1,1,48.9,61.9,0,1.0,0.0,5.031999999999999,0.8333333333333334,1.0,0.02516,25.159999999999997,0.0
2026-04-28,site C,estilo de vida,meio do artigo,banner,computador,referência,6,4,3,1,0.02318,1,1,1,31.5,52.4,0,0.0,0.25,5.795,0.6666666666666666,0.75,0.02318,23.18,0.0
2026-04-28,site C,tecnologia,topo da página,banner,tablet,newsletter,3,3,1,0,0.02311,1,1,1,196.7,48.6,0,0.0,0.0,7.703333333333333,1.0,0.3333333333333333,0.02311,23.11,0.0
2026-04-28,site A,esportes,topo da página,nativo,celular,redes sociais,5,5,4,1,0.02284,1,1,1,60.5,44.0,0,0.0,0.2,4.568,1.0,0.8,0.02284,22.84,0.0
2026-04-28,site C,tecnologia,rodapé fixo,nativo,celular,newsletter,6,4,3,0,0.02195,1,1,1,37.7,38.4,0,0.0,0.0,5.4875,0.6666666666666666,0.75,0.02195,21.95,0.0
2026-04-28,site B,tecnologia,rodapé fixo,banner,celular,direto,6,4,2,0,0.02129,2,2,2,27.6,59.849999999999994,0,0.5,0.0,5.3225,0.6666666666666666,0.5,0.010645,10.645,0.0
2026-04-28,site A,entretenimento,topo da página,mídia rica,celular,orgânico,5,5,4,0,0.02119,1,1,1,19.3,67.4,0,0.0,0.0,4.238,1.0,0.8,0.02119,21.19,0.0
2026-04-28,site B,entretenimento,intersticial,nativo,celular,orgânico,6,5,3,0,0.02088,1,1,1,143.9,46.0,1,1.0,0.0,4.176,0.8333333333333334,0.6,0.02088,20.88,1.0
2026-04-28,site A,estilo de vida,topo da página,banner,celular,redes sociais,5,4,2,0,0.0199,1,1,1,34.6,57.3,0,0.0,0.0,4.9750000000000005,0.8,0.5,0.0199,19.900000000000002,0.0
2026-04-28,site C,entretenimento,topo da página,banner,celular,direto,5,5,2,0,0.01889,1,1,1,87.3,92.8,1,0.0,0.0,3.778,1.0,0.4,0.01889,18.89,1.0
2026-04-28,site C,finanças,topo da página,banner,computador,redes sociais,4,3,2,0,0.01875,1,1,1,90.3,31.9,1,0.0,0.0,6.25,0.75,0.6666666666666666,0.01875,18.75,1.0
2026-04-28,site C,entretenimento,lateral,nativo,celular,orgânico,6,6,5,1,0.01868,1,1,1,33.3,45.5,0,1.0,0.16666666666666666,3.1133333333333333,1.0,0.8333333333333334,0.01868,18.68,0.0
2026-04-28,site B,entretenimento,topo da página,vídeo,celular,referência,4,3,2,0,0.01827,1,1,1,114.9,57.0,0,1.0,0.0,6.090000000000001,0.75,0.6666666666666666,0.01827,18.270000000000003,0.0
2026-04-28,site C,tecnologia,lateral,banner,celular,orgânico,4,4,2,0,0.01768,1,1,1,132.7,44.3,1,0.0,0.0,4.42,1.0,0.5,0.01768,17.68,1.0
2026-04-28,site A,tecnologia,topo da página,banner,computador,redes sociais,3,3,2,0,0.01739,1,1,1,89.6,52.2,1,0.0,0.0,5.796666666666667,1.0,0.6666666666666666,0.01739,17.39,1.0
2026-04-28,site A,entretenimento,lateral,nativo,celular,orgânico,6,5,1,1,0.01721,1,1,1,18.3,67.0,0,0.0,0.2,3.442,0.8333333333333334,0.2,0.01721,17.21,0.0
2026-04-28,site B,finanças,topo da página,nativo,computador,referência,1,1,0,0,0.01644,1,1,1,48.4,64.2,0,0.0,0.0,16.44,1.0,0.0,0.01644,16.44,0.0
2026-04-28,site A,tecnologia,lateral,nativo,computador,redes sociais,4,2,1,0,0.01633,1,1,1,9.8,58.5,0,0.0,0.0,8.165000000000001,0.5,0.5,0.01633,16.330000000000002,0.0
2026-04-28,site B,notícias,meio do artigo,mídia rica,celular,referência,3,2,2,0,0.01589,1,1,1,52.9,46.1,1,0.0,0.0,7.945,0.6666666666666666,1.0,0.01589,15.89,1.0
2026-04-28,site B,esportes,meio do artigo,nativo,celular,redes sociais,4,4,4,0,0.01501,1,1,1,47.8,56.4,0,0.0,0.0,3.7525000000000004,1.0,1.0,0.01501,15.010000000000002,0.0
2026-04-28,site A,entretenimento,rodapé fixo,nativo,computador,orgânico,5,5,4,0,0.01482,1,1,1,135.4,25.3,0,1.0,0.0,2.964,1.0,0.8,0.01482,14.82,0.0
2026-04-28,site A,notícias,lateral,vídeo,computador,orgânico,2,2,2,0,0.01469,1,1,1,39.1,68.8,0,1.0,0.0,7.345,1.0,1.0,0.01469,14.69,0.0
2026-04-28,site A,esportes,topo da página,nativo,celular,direto,5,3,2,0,0.01466,1,1,1,54.7,74.5,0,0.0,0.0,4.886666666666667,0.6,0.6666666666666666,0.01466,14.66,0.0
2026-04-28,site B,entretenimento,meio do artigo,vídeo,tablet,referência,4,3,1,0,0.01457,1,1,1,41.3,42.0,0,0.0,0.0,4.8566666666666665,0.75,0.3333333333333333,0.01457,14.57,0.0
2026-04-28,site C,notícias,topo da página,banner,computador,redes sociais,2,2,0,0,0.01432,1,1,1,55.4,55.0,1,0.0,0.0,7.16,1.0,0.0,0.01432,14.32,1.0
2026-04-28,site A,esportes,rodapé fixo,nativo,celular,redes sociais,5,4,3,0,0.01414,1,1,1,111.3,31.1,1,1.0,0.0,3.535,0.8,0.75,0.01414,14.14,1.0
2026-04-28,site C,notícias,lateral,banner,celular,referência,3,3,1,0,0.01346,1,1,1,92.5,66.7,0,0.0,0.0,4.486666666666666,1.0,0.3333333333333333,0.01346,13.459999999999999,0.0
2026-04-28,site A,notícias,lateral,banner,computador,direto,4,4,3,0,0.01334,1,1,1,108.2,69.9,1,0.0,0.0,3.335,1.0,0.75,0.01334,13.34,1.0
2026-04-28,site A,tecnologia,lateral,banner,computador,orgânico,4,4,2,0,0.01296,1,1,1,34.2,55.1,0,0.0,0.0,3.2399999999999998,1.0,0.5,0.01296,12.959999999999999,0.0
2026-04-28,site B,notícias,lateral,vídeo,celular,orgânico,2,2,2,0,0.01276,1,1,1,63.8,62.4,0,1.0,0.0,6.38,1.0,1.0,0.01276,12.76,0.0
2026-04-28,site A,estilo de vida,topo da página,banner,computador,newsletter,2,2,1,0,0.01248,1,1,1,67.7,72.5,1,0.0,0.0,6.24,1.0,0.5,0.01248,12.48,1.0
2026-04-28,site B,notícias,meio do artigo,banner,computador,newsletter,3,2,2,0,0.01232,1,1,1,17.1,43.1,0,1.0,0.0,6.159999999999999,0.6666666666666666,1.0,0.01232,12.319999999999999,0.0
2026-04-28,site B,notícias,lateral,nativo,celular,direto,5,3,2,0,0.01209,1,1,1,94.4,27.5,1,0.0,0.0,4.03,0.6,0.6666666666666666,0.01209,12.09,1.0
2026-04-28,site B,esportes,meio do artigo,banner,computador,orgânico,4,3,3,0,0.01184,1,1,1,112.4,36.4,0,1.0,0.0,3.9466666666666668,0.75,1.0,0.01184,11.84,0.0
2026-04-28,site B,tecnologia,meio do artigo,vídeo,tablet,orgânico,3,1,1,0,0.01148,1,1,1,22.2,45.0,1,0.0,0.0,11.48,0.3333333333333333,1.0,0.01148,11.48,1.0
2026-04-28,site A,estilo de vida,topo da página,banner,computador,redes sociais,2,2,1,0,0.0112,1,1,1,23.3,100.0,0,1.0,0.0,5.6,1.0,0.5,0.0112,11.2,0.0
2026-04-28,site C,notícias,intersticial,banner,celular,orgânico,3,2,2,0,0.01097,1,1,1,85.7,68.3,0,0.0,0.0,5.485,0.6666666666666666,1.0,0.01097,10.97,0.0
2026-04-28,site A,esportes,meio do artigo,banner,computador,orgânico,3,1,1,0,0.01026,1,1,1,14.7,75.7,0,0.0,0.0,10.26,0.3333333333333333,1.0,0.01026,10.26,0.0
2026-04-28,site C,tecnologia,topo da página,mídia rica,computador,referência,5,5,3,0,0.0102,1,1,1,31.9,35.3,0,1.0,0.0,2.04,1.0,0.6,0.0102,10.200000000000001,0.0
2026-04-28,site A,entretenimento,meio do artigo,banner,celular,redes sociais,3,3,1,0,0.00983,1,1,1,30.6,34.7,0,1.0,0.0,3.276666666666667,1.0,0.3333333333333333,0.00983,9.83,0.0
2026-04-28,site A,entretenimento,intersticial,nativo,computador,orgânico,3,2,1,0,0.0095,1,1,1,25.9,69.5,0,0.0,0.0,4.75,0.6666666666666666,0.5,0.0095,9.5,0.0
2026-04-28,site B,tecnologia,topo da página,banner,celular,orgânico,3,2,1,0,0.00948,1,1,1,12.9,76.5,0,0.0,0.0,4.74,0.6666666666666666,0.5,0.00948,9.48,0.0
2026-04-28,site A,finanças,lateral,banner,computador,orgânico,6,3,2,0,0.00935,1,1,1,29.7,39.9,1,0.0,0.0,3.116666666666667,0.5,0.6666666666666666,0.00935,9.350000000000001,1.0
2026-04-28,site A,estilo de vida,lateral,vídeo,computador,direto,1,1,0,0,0.00921,1,1,1,98.1,71.9,0,0.0,0.0,9.209999999999999,1.0,0.0,0.00921,9.209999999999999,0.0
2026-04-28,site C,estilo de vida,meio do artigo,nativo,celular,orgânico,1,1,1,0,0.00878,1,1,1,66.8,48.9,1,0.0,0.0,8.78,1.0,1.0,0.00878,8.78,1.0
2026-04-28,site A,entretenimento,lateral,vídeo,computador,redes sociais,4,2,0,0,0.00833,1,1,1,15.9,33.0,0,0.0,0.0,4.165,0.5,0.0,0.00833,8.33,0.0
2026-04-28,site A,entretenimento,rodapé fixo,nativo,celular,redes sociais,4,3,2,0,0.00827,1,1,1,45.6,74.6,1,0.0,0.0,2.7566666666666664,0.75,0.6666666666666666,0.00827,8.27,1.0
2026-04-28,site A,tecnologia,topo da página,banner,celular,orgânico,1,1,0,0,0.00801,1,1,1,7.4,61.0,1,1.0,0.0,8.01,1.0,0.0,0.00801,8.01,1.0
2026-04-28,site A,tecnologia,topo da página,nativo,celular,orgânico,1,1,1,0,0.00795,1,1,1,45.1,81.6,1,1.0,0.0,7.95,1.0,1.0,0.00795,7.95,1.0
2026-04-28,site A,notícias,topo da página,banner,celular,orgânico,4,3,1,0,0.00743,1,1,1,161.4,50.4,1,0.0,0.0,2.4766666666666666,0.75,0.3333333333333333,0.00743,7.43,1.0
2026-04-28,site B,notícias,meio do artigo,banner,celular,redes sociais,3,3,1,0,0.00738,1,1,1,68.8,17.0,1,0.0,0.0,2.46,1.0,0.3333333333333333,0.00738,7.38,1.0
2026-04-28,site A,notícias,rodapé fixo,mídia rica,celular,newsletter,2,1,1,0,0.00731,1,1,1,51.3,45.1,1,1.0,0.0,7.31,0.5,1.0,0.00731,7.31,1.0
2026-04-28,site A,notícias,topo da página,nativo,celular,referência,3,2,1,0,0.00715,1,1,1,71.0,59.2,0,1.0,0.0,3.575,0.6666666666666666,0.5,0.00715,7.15,0.0
2026-04-28,site C,entretenimento,rodapé fixo,nativo,celular,orgânico,4,3,2,0,0.00688,1,1,1,19.6,36.4,0,0.0,0.0,2.2933333333333334,0.75,0.6666666666666666,0.00688,6.88,0.0
2026-04-28,site A,esportes,intersticial,nativo,celular,orgânico,1,1,1,0,0.0067,1,1,1,82.6,70.2,0,1.0,0.0,6.7,1.0,1.0,0.0067,6.7,0.0
2026-04-28,site A,entretenimento,meio do artigo,banner,celular,referência,4,2,1,0,0.00658,1,1,1,70.7,83.5,0,0.0,0.0,3.29,0.5,0.5,0.00658,6.58,0.0
2026-04-28,site A,entretenimento,intersticial,banner,celular,direto,2,2,1,0,0.0065,1,1,1,49.3,96.1,1,1.0,0.0,3.25,1.0,0.5,0.0065,6.5,1.0
2026-04-28,site B,notícias,rodapé fixo,banner,computador,orgânico,2,2,2,0,0.00649,1,1,1,73.8,69.2,0,1.0,0.0,3.245,1.0,1.0,0.00649,6.49,0.0
2026-04-28,site B,entretenimento,meio do artigo,mídia rica,celular,orgânico,1,1,1,0,0.00616,1,1,1,61.3,18.5,0,0.0,0.0,6.159999999999999,1.0,1.0,0.00616,6.159999999999999,0.0
2026-04-28,site B,entretenimento,lateral,vídeo,celular,newsletter,1,1,0,0,0.00561,1,1,1,18.9,43.9,0,1.0,0.0,5.61,1.0,0.0,0.00561,5.61,0.0
2026-04-28,site A,esportes,rodapé fixo,mídia rica,celular,redes sociais,2,1,1,0,0.00542,1,1,1,15.7,19.1,0,0.0,0.0,5.42,0.5,1.0,0.00542,5.42,0.0
2026-04-28,site A,esportes,lateral,banner,celular,redes sociais,3,2,0,0,0.00482,1,1,1,32.7,38.2,1,1.0,0.0,2.4099999999999997,0.6666666666666666,0.0,0.00482,4.819999999999999,1.0
2026-04-28,site A,esportes,meio do artigo,mídia rica,computador,newsletter,1,1,1,0,0.00409,1,1,1,22.3,41.2,0,0.0,0.0,4.09,1.0,1.0,0.00409,4.09,0.0
2026-04-28,site B,notícias,intersticial,nativo,celular,newsletter,4,2,1,0,0.00393,1,1,1,56.1,68.6,0,0.0,0.0,1.965,0.5,0.5,0.00393,3.93,0.0
2026-04-28,site A,estilo de vida,meio do artigo,nativo,celular,orgânico,2,2,1,0,0.00383,1,1,1,4.9,73.1,0,0.0,0.0,1.915,1.0,0.5,0.00383,3.83,0.0
2026-04-28,site A,finanças,intersticial,banner,celular,orgânico,3,0,0,0,0.00378,1,1,1,40.0,47.3,1,0.0,0.0,0.0,0.0,0.0,0.00378,3.78,1.0
2026-04-28,site C,entretenimento,rodapé fixo,banner,computador,referência,1,0,0,0,0.00343,1,1,1,44.4,56.2,0,1.0,0.0,0.0,0.0,0.0,0.00343,3.4299999999999997,0.0
2026-04-28,site B,esportes,rodapé fixo,mídia rica,celular,orgânico,1,1,1,0,0.00333,1,1,1,38.2,45.8,1,1.0,0.0,3.33,1.0,1.0,0.00333,3.33,1.0
2026-04-28,site A,tecnologia,rodapé fixo,banner,celular,orgânico,2,1,1,0,0.0028,1,1,1,20.6,25.2,0,1.0,0.0,2.8,0.5,1.0,0.0028,2.8,0.0
2026-04-28,site A,entretenimento,intersticial,mídia rica,celular,orgânico,1,1,0,0,0.00249,1,1,1,6.1,57.4,0,0.0,0.0,2.49,1.0,0.0,0.00249,2.49,0.0
2026-04-28,site C,finanças,intersticial,banner,computador,redes sociais,2,1,1,0,0.00226,1,1,1,18.9,47.4,1,0.0,0.0,2.26,0.5,1.0,0.00226,2.26,1.0
2026-04-28,site B,estilo de vida,meio do artigo,banner,celular,orgânico,5,3,1,0,0.00185,1,1,1,71.9,42.7,0,0.0,0.0,0.6166666666666667,0.6,0.3333333333333333,0.00185,1.85,0.0
2026-04-28,site A,esportes,rodapé fixo,banner,computador,redes sociais,1,1,0,0,0.00174,1,1,1,43.3,59.0,1,0.0,0.0,1.74,1.0,0.0,0.00174,1.74,1.0
2026-04-28,site B,notícias,meio do artigo,nativo,computador,orgânico,1,1,0,0,0.00171,1,1,1,123.5,87.9,0,0.0,0.0,1.71,1.0,0.0,0.00171,1.71,0.0
2026-04-28,site A,finanças,topo da página,vídeo,celular,referência,1,1,1,0,0.00161,1,1,1,61.0,46.3,1,1.0,0.0,1.61,1.0,1.0,0.00161,1.61,1.0
2026-04-28,site A,finanças,intersticial,vídeo,computador,orgânico,2,0,0,0,0.00147,1,1,1,84.0,72.1,0,1.0,0.0,0.0,0.0,0.0,0.00147,1.47,0.0
2026-04-28,site A,notícias,intersticial,banner,celular,orgânico,1,0,0,0,0.00088,1,1,1,57.4,73.3,1,0.0,0.0,0.0,0.0,0.0,0.00088,0.88,1.0
2026-04-28,site B,estilo de vida,lateral,vídeo,computador,orgânico,2,0,0,0,0.00046,1,1,1,102.1,36.8,0,0.0,0.0,0.0,0.0,0.0,0.00046,0.46,0.0
2026-04-28,site A,esportes,intersticial,banner,computador,direto,3,0,0,0,0.0,1,1,1,37.1,10.1,0,1.0,0.0,0.0,0.0,0.0,0.0,0.0,0.0
2026-04-28,site A,notícias,meio do artigo,vídeo,celular,redes sociais,1,0,0,0,0.0,1,1,1,213.7,37.7,0,0.0,0.0,0.0,0.0,0.0,0.0,0.0,0.0
2026-04-28,site B,notícias,meio do artigo,vídeo,computador,newsletter,2,0,0,0,0.0,1,1,1,53.6,39.0,0,0.0,0.0,0.0,0.0,0.0,0.0,0.0,0.0
2026-04-28,site B,tecnologia,meio do artigo,vídeo,tablet,direto,1,0,0,0,0.0,1,1,1,54.4,18.5,1,0.0,0.0,0.0,0.0,0.0,0.0,0.0,1.0
2026-04-29,site C,tecnologia,topo da página,banner,computador,direto,11,10,8,0,0.0789,2,2,2,106.5,55.5,1,0.5,0.0,7.889999999999999,0.9090909090909091,0.8,0.03945,39.449999999999996,0.5
2026-04-29,site B,finanças,intersticial,mídia rica,computador,orgânico,5,3,2,0,0.06362,1,1,1,48.3,65.0,1,0.0,0.0,21.206666666666667,0.6,0.6666666666666666,0.06362,63.62,1.0
2026-04-29,site C,esportes,topo da página,vídeo,computador,direto,5,4,3,0,0.05337,1,1,1,45.3,89.9,0,0.0,0.0,13.3425,0.8,0.75,0.05337,53.37,0.0
2026-04-29,site A,tecnologia,topo da página,nativo,celular,orgânico,12,9,5,0,0.047420000000000004,2,2,2,40.2,65.95,0,0.0,0.0,5.268888888888889,0.75,0.5555555555555556,0.023710000000000002,23.71,0.0
2026-04-29,site C,finanças,meio do artigo,banner,computador,direto,5,5,4,0,0.03995,1,1,1,69.2,38.0,0,0.0,0.0,7.99,1.0,0.8,0.03995,39.95,0.0
2026-04-29,site B,finanças,topo da página,vídeo,tablet,redes sociais,5,4,2,0,0.0399,1,1,1,19.5,76.4,0,1.0,0.0,9.975,0.8,0.5,0.0399,39.9,0.0
2026-04-29,site C,finanças,meio do artigo,vídeo,celular,direto,6,5,3,0,0.03939,1,1,1,42.7,77.5,0,0.0,0.0,7.878,0.8333333333333334,0.6,0.03939,39.39,0.0
2026-04-29,site B,estilo de vida,meio do artigo,vídeo,celular,referência,4,4,2,0,0.03845,1,1,1,78.7,100.0,0,0.0,0.0,9.612499999999999,1.0,0.5,0.03845,38.449999999999996,0.0
2026-04-29,site A,estilo de vida,topo da página,vídeo,celular,orgânico,6,5,3,0,0.03601,1,1,1,64.0,73.5,1,1.0,0.0,7.202,0.8333333333333334,0.6,0.03601,36.01,1.0
2026-04-29,site A,finanças,topo da página,vídeo,computador,newsletter,4,4,3,0,0.0359,1,1,1,81.2,89.1,1,0.0,0.0,8.975,1.0,0.75,0.0359,35.9,1.0
2026-04-29,site B,estilo de vida,lateral,banner,celular,referência,6,6,2,0,0.0322,1,1,1,85.7,48.6,0,0.0,0.0,5.366666666666667,1.0,0.3333333333333333,0.0322,32.2,0.0
2026-04-29,site B,estilo de vida,topo da página,banner,computador,orgânico,5,4,4,0,0.03196,1,1,1,105.8,44.5,0,0.0,0.0,7.99,0.8,1.0,0.03196,31.96,0.0
2026-04-29,site B,tecnologia,topo da página,vídeo,celular,orgânico,6,6,3,0,0.03151,1,1,1,25.3,27.4,1,1.0,0.0,5.251666666666667,1.0,0.5,0.03151,31.51,1.0
2026-04-29,site B,esportes,meio do artigo,banner,computador,redes sociais,5,4,3,0,0.03141,1,1,1,208.5,48.1,0,1.0,0.0,7.8525,0.8,0.75,0.03141,31.41,0.0
2026-04-29,site A,entretenimento,intersticial,vídeo,celular,redes sociais,6,4,2,0,0.02849,1,1,1,36.6,69.4,0,0.0,0.0,7.1225000000000005,0.6666666666666666,0.5,0.02849,28.490000000000002,0.0
2026-04-29,site C,entretenimento,topo da página,vídeo,tablet,orgânico,6,4,2,0,0.02704,1,1,1,50.8,54.2,1,0.0,0.0,6.760000000000001,0.6666666666666666,0.5,0.02704,27.040000000000003,1.0
2026-04-29,site C,notícias,lateral,nativo,celular,redes sociais,6,5,3,0,0.02642,1,1,1,19.7,78.6,0,0.0,0.0,5.284,0.8333333333333334,0.6,0.02642,26.419999999999998,0.0
2026-04-29,site A,tecnologia,lateral,banner,computador,orgânico,8,3,1,0,0.02518,2,2,2,58.25,75.1,1,0.5,0.0,8.393333333333333,0.375,0.3333333333333333,0.01259,12.59,0.5
2026-04-29,site C,tecnologia,meio do artigo,mídia rica,celular,orgânico,5,4,1,0,0.02428,1,1,1,40.7,96.4,1,1.0,0.0,6.07,0.8,0.25,0.02428,24.28,1.0
2026-04-29,site C,tecnologia,topo da página,mídia rica,computador,direto,6,4,3,0,0.02358,1,1,1,61.9,66.9,1,0.0,0.0,5.8950000000000005,0.6666666666666666,0.75,0.02358,23.580000000000002,1.0
2026-04-29,site A,finanças,lateral,nativo,celular,direto,5,3,2,0,0.02293,1,1,1,57.4,88.0,0,1.0,0.0,7.6433333333333335,0.6,0.6666666666666666,0.02293,22.93,0.0
2026-04-29,site A,entretenimento,lateral,nativo,computador,orgânico,3,3,2,0,0.02122,1,1,1,178.1,35.2,1,1.0,0.0,7.073333333333333,1.0,0.6666666666666666,0.02122,21.22,1.0
2026-04-29,site B,esportes,intersticial,nativo,computador,orgânico,3,2,1,0,0.02104,1,1,1,42.9,61.5,0,0.0,0.0,10.52,0.6666666666666666,0.5,0.02104,21.04,0.0
2026-04-29,site B,notícias,topo da página,vídeo,computador,direto,3,3,1,0,0.02093,1,1,1,71.9,57.0,0,0.0,0.0,6.976666666666667,1.0,0.3333333333333333,0.02093,20.93,0.0
2026-04-29,site B,finanças,topo da página,banner,celular,direto,4,3,2,0,0.02086,1,1,1,112.8,42.9,0,1.0,0.0,6.953333333333333,0.75,0.6666666666666666,0.02086,20.86,0.0
2026-04-29,site A,esportes,topo da página,mídia rica,computador,direto,5,3,1,0,0.02039,1,1,1,8.5,86.0,1,0.0,0.0,6.796666666666666,0.6,0.3333333333333333,0.02039,20.389999999999997,1.0
2026-04-29,site A,tecnologia,meio do artigo,vídeo,celular,newsletter,5,3,2,0,0.01978,1,1,1,67.9,55.5,0,1.0,0.0,6.593333333333333,0.6,0.6666666666666666,0.01978,19.779999999999998,0.0
2026-04-29,site C,tecnologia,topo da página,vídeo,celular,orgânico,2,2,0,0,0.01973,1,1,1,12.3,88.4,1,1.0,0.0,9.865,1.0,0.0,0.01973,19.73,1.0
2026-04-29,site A,esportes,meio do artigo,nativo,celular,direto,5,5,1,0,0.0197,1,1,1,26.5,42.2,0,0.0,0.0,3.94,1.0,0.2,0.0197,19.7,0.0
2026-04-29,site B,esportes,meio do artigo,vídeo,celular,orgânico,5,3,1,0,0.01958,1,1,1,64.4,68.8,0,0.0,0.0,6.526666666666667,0.6,0.3333333333333333,0.01958,19.580000000000002,0.0
2026-04-29,site C,estilo de vida,lateral,banner,computador,redes sociais,2,2,2,0,0.01936,1,1,1,48.7,62.1,0,0.0,0.0,9.68,1.0,1.0,0.01936,19.36,0.0
2026-04-29,site A,notícias,topo da página,vídeo,celular,orgânico,3,2,0,0,0.01931,1,1,1,26.8,46.3,1,1.0,0.0,9.655000000000001,0.6666666666666666,0.0,0.01931,19.310000000000002,1.0
2026-04-29,site A,estilo de vida,topo da página,vídeo,computador,orgânico,6,5,2,0,0.01901,1,1,1,167.5,38.7,1,0.0,0.0,3.8019999999999996,0.8333333333333334,0.4,0.01901,19.009999999999998,1.0
2026-04-29,site B,esportes,intersticial,nativo,celular,orgânico,6,6,3,0,0.01892,1,1,1,48.7,46.4,0,0.0,0.0,3.153333333333333,1.0,0.5,0.01892,18.919999999999998,0.0
2026-04-29,site B,notícias,topo da página,vídeo,computador,referência,4,3,2,0,0.01872,1,1,1,61.8,38.0,0,1.0,0.0,6.239999999999999,0.75,0.6666666666666666,0.01872,18.72,0.0
2026-04-29,site C,tecnologia,topo da página,vídeo,computador,orgânico,3,2,0,0,0.01813,1,1,1,32.2,42.7,0,0.0,0.0,9.065,0.6666666666666666,0.0,0.01813,18.13,0.0
2026-04-29,site C,esportes,lateral,nativo,computador,referência,3,3,1,0,0.01783,1,1,1,17.1,56.3,0,0.0,0.0,5.9433333333333325,1.0,0.3333333333333333,0.01783,17.83,0.0
2026-04-29,site C,notícias,topo da página,banner,celular,direto,6,3,3,0,0.01693,1,1,1,101.1,60.1,0,1.0,0.0,5.6433333333333335,0.5,1.0,0.01693,16.93,0.0
2026-04-29,site B,finanças,topo da página,banner,celular,newsletter,6,5,3,0,0.01684,1,1,1,20.8,83.7,0,1.0,0.0,3.368,0.8333333333333334,0.6,0.01684,16.84,0.0
2026-04-29,site A,esportes,rodapé fixo,vídeo,computador,newsletter,5,4,4,0,0.01672,1,1,1,67.6,9.6,0,1.0,0.0,4.18,0.8,1.0,0.01672,16.72,0.0
2026-04-29,site B,notícias,meio do artigo,banner,celular,referência,6,5,3,0,0.01663,1,1,1,82.1,69.9,0,0.0,0.0,3.3259999999999996,0.8333333333333334,0.6,0.01663,16.63,0.0
2026-04-29,site A,estilo de vida,meio do artigo,nativo,celular,direto,5,5,2,0,0.01575,1,1,1,18.5,78.9,1,1.0,0.0,3.15,1.0,0.4,0.01575,15.75,1.0
2026-04-29,site A,esportes,topo da página,banner,computador,direto,5,3,1,0,0.01533,1,1,1,32.9,57.0,0,1.0,0.0,5.11,0.6,0.3333333333333333,0.01533,15.33,0.0
2026-04-29,site B,estilo de vida,rodapé fixo,vídeo,celular,orgânico,4,3,2,0,0.0153,1,1,1,67.8,58.2,0,0.0,0.0,5.1,0.75,0.6666666666666666,0.0153,15.299999999999999,0.0
2026-04-29,site A,esportes,topo da página,nativo,celular,newsletter,6,4,3,0,0.01525,1,1,1,8.9,59.7,0,1.0,0.0,3.8125,0.6666666666666666,0.75,0.01525,15.25,0.0
2026-04-29,site A,estilo de vida,topo da página,banner,computador,orgânico,3,3,2,0,0.01517,1,1,1,121.1,92.0,0,1.0,0.0,5.056666666666667,1.0,0.6666666666666666,0.01517,15.17,0.0
2026-04-29,site B,entretenimento,lateral,banner,celular,orgânico,5,4,1,0,0.01512,1,1,1,36.1,46.6,0,1.0,0.0,3.78,0.8,0.25,0.01512,15.12,0.0
2026-04-29,site A,notícias,meio do artigo,banner,celular,redes sociais,4,4,3,0,0.01482,1,1,1,122.1,45.7,1,1.0,0.0,3.705,1.0,0.75,0.01482,14.82,1.0
2026-04-29,site B,entretenimento,rodapé fixo,banner,tablet,redes sociais,5,3,3,0,0.01472,1,1,1,40.5,73.9,0,0.0,0.0,4.906666666666667,0.6,1.0,0.01472,14.72,0.0
2026-04-29,site C,notícias,meio do artigo,banner,celular,redes sociais,4,2,1,0,0.01453,1,1,1,30.7,68.7,1,0.0,0.0,7.265,0.5,0.5,0.01453,14.53,1.0
2026-04-29,site B,estilo de vida,topo da página,vídeo,computador,referência,5,4,2,0,0.01434,1,1,1,69.1,54.0,0,1.0,0.0,3.585,0.8,0.5,0.01434,14.34,0.0
2026-04-29,site B,estilo de vida,intersticial,nativo,computador,redes sociais,5,4,3,0,0.01357,1,1,1,71.2,46.6,0,0.0,0.0,3.3925,0.8,0.75,0.01357,13.57,0.0
2026-04-29,site A,entretenimento,topo da página,banner,celular,newsletter,6,4,1,0,0.01351,1,1,1,51.3,73.5,0,0.0,0.0,3.3775,0.6666666666666666,0.25,0.01351,13.51,0.0
2026-04-29,site A,tecnologia,meio do artigo,nativo,celular,orgânico,5,5,3,1,0.01341,1,1,1,46.2,96.5,0,0.0,0.2,2.682,1.0,0.6,0.01341,13.41,0.0
2026-04-29,site C,tecnologia,lateral,vídeo,celular,referência,3,2,1,0,0.01312,1,1,1,52.5,64.8,1,0.0,0.0,6.56,0.6666666666666666,0.5,0.01312,13.12,1.0
2026-04-29,site B,notícias,topo da página,banner,computador,orgânico,3,3,0,0,0.01308,2,2,2,105.44999999999999,44.25,1,0.5,0.0,4.36,1.0,0.0,0.00654,6.54,0.5
2026-04-29,site C,estilo de vida,topo da página,banner,computador,orgânico,6,5,5,0,0.01266,1,1,1,118.8,68.0,0,0.0,0.0,2.532,0.8333333333333334,1.0,0.01266,12.66,0.0
2026-04-29,site A,notícias,rodapé fixo,nativo,computador,orgânico,2,1,1,0,0.01191,1,1,1,13.4,42.9,0,0.0,0.0,11.91,0.5,1.0,0.01191,11.91,0.0
2026-04-29,site B,esportes,topo da página,mídia rica,celular,redes sociais,2,2,2,0,0.01182,1,1,1,20.7,46.0,0,0.0,0.0,5.91,1.0,1.0,0.01182,11.82,0.0
2026-04-29,site C,estilo de vida,intersticial,vídeo,computador,redes sociais,1,1,1,0,0.01092,1,1,1,51.9,81.3,0,0.0,0.0,10.92,1.0,1.0,0.01092,10.92,0.0
2026-04-29,site A,finanças,rodapé fixo,banner,celular,redes sociais,5,4,3,0,0.01047,1,1,1,55.6,53.5,0,0.0,0.0,2.6175,0.8,0.75,0.01047,10.47,0.0
2026-04-29,site A,esportes,rodapé fixo,banner,celular,orgânico,3,2,2,0,0.01025,1,1,1,69.0,70.5,0,0.0,0.0,5.125,0.6666666666666666,1.0,0.01025,10.25,0.0
2026-04-29,site A,notícias,intersticial,nativo,celular,orgânico,3,3,3,0,0.01004,1,1,1,13.3,67.5,0,0.0,0.0,3.346666666666667,1.0,1.0,0.01004,10.040000000000001,0.0
2026-04-29,site A,finanças,lateral,banner,celular,direto,1,1,0,0,0.00992,1,1,1,120.0,66.2,1,0.0,0.0,9.92,1.0,0.0,0.00992,9.92,1.0
2026-04-29,site C,notícias,rodapé fixo,vídeo,celular,orgânico,3,2,2,0,0.00974,1,1,1,53.7,67.6,1,0.0,0.0,4.87,0.6666666666666666,1.0,0.00974,9.74,1.0
2026-04-29,site B,estilo de vida,lateral,nativo,celular,direto,2,2,2,1,0.00965,1,1,1,17.7,35.5,0,0.0,0.5,4.825,1.0,1.0,0.00965,9.65,0.0
2026-04-29,site A,entretenimento,lateral,banner,celular,referência,4,4,3,0,0.00951,1,1,1,107.4,85.4,0,0.0,0.0,2.3775,1.0,0.75,0.00951,9.51,0.0
2026-04-29,site B,entretenimento,meio do artigo,vídeo,computador,direto,6,2,2,0,0.00948,1,1,1,106.5,85.8,1,0.0,0.0,4.74,0.3333333333333333,1.0,0.00948,9.48,1.0
2026-04-29,site B,esportes,meio do artigo,nativo,computador,orgânico,2,2,1,0,0.00937,1,1,1,67.4,40.5,0,1.0,0.0,4.685,1.0,0.5,0.00937,9.37,0.0
2026-04-29,site A,estilo de vida,topo da página,nativo,computador,orgânico,3,3,2,0,0.00893,1,1,1,27.7,66.0,1,0.0,0.0,2.9766666666666666,1.0,0.6666666666666666,0.00893,8.93,1.0
2026-04-29,site A,notícias,rodapé fixo,banner,celular,orgânico,4,3,3,0,0.00892,1,1,1,52.7,34.6,1,0.0,0.0,2.973333333333334,0.75,1.0,0.00892,8.920000000000002,1.0
2026-04-29,site C,esportes,topo da página,mídia rica,celular,redes sociais,4,3,1,0,0.0087,1,1,1,99.1,68.2,0,0.0,0.0,2.9,0.75,0.3333333333333333,0.0087,8.7,0.0
2026-04-29,site C,entretenimento,meio do artigo,nativo,celular,redes sociais,5,4,0,1,0.00866,1,1,1,34.5,23.6,0,0.0,0.25,2.165,0.8,0.0,0.00866,8.66,0.0
2026-04-29,site C,finanças,topo da página,banner,tablet,orgânico,1,1,0,0,0.00819,1,1,1,28.7,60.7,0,1.0,0.0,8.19,1.0,0.0,0.00819,8.19,0.0
2026-04-29,site A,estilo de vida,topo da página,banner,celular,redes sociais,4,4,2,0,0.00799,1,1,1,157.2,69.0,0,0.0,0.0,1.9975,1.0,0.5,0.00799,7.99,0.0
2026-04-29,site B,entretenimento,meio do artigo,banner,celular,direto,3,2,1,0,0.00796,1,1,1,61.5,39.6,0,1.0,0.0,3.98,0.6666666666666666,0.5,0.00796,7.96,0.0
2026-04-29,site B,finanças,meio do artigo,vídeo,celular,orgânico,2,1,1,0,0.00794,1,1,1,41.3,95.9,0,0.0,0.0,7.9399999999999995,0.5,1.0,0.00794,7.9399999999999995,0.0
2026-04-29,site A,finanças,topo da página,banner,celular,redes sociais,2,1,1,0,0.00766,1,1,1,127.6,22.6,0,1.0,0.0,7.66,0.5,1.0,0.00766,7.66,0.0
2026-04-29,site B,notícias,meio do artigo,mídia rica,celular,orgânico,2,2,2,0,0.00762,1,1,1,95.2,13.7,0,0.0,0.0,3.81,1.0,1.0,0.00762,7.62,0.0
2026-04-29,site A,tecnologia,meio do artigo,banner,celular,orgânico,5,2,0,0,0.00752,1,1,1,15.4,79.8,0,0.0,0.0,3.76,0.4,0.0,0.00752,7.52,0.0
2026-04-29,site C,notícias,lateral,mídia rica,celular,orgânico,2,2,1,0,0.00732,1,1,1,16.3,15.8,1,1.0,0.0,3.66,1.0,0.5,0.00732,7.32,1.0
2026-04-29,site A,esportes,meio do artigo,mídia rica,celular,orgânico,3,1,0,0,0.00722,1,1,1,25.1,27.8,1,0.0,0.0,7.22,0.3333333333333333,0.0,0.00722,7.22,1.0
2026-04-29,site C,notícias,meio do artigo,banner,computador,orgânico,2,1,1,0,0.00722,1,1,1,36.7,48.4,0,0.0,0.0,7.22,0.5,1.0,0.00722,7.22,0.0
2026-04-29,site A,esportes,lateral,banner,celular,direto,6,3,1,0,0.00713,1,1,1,65.4,19.3,0,0.0,0.0,2.3766666666666665,0.5,0.3333333333333333,0.00713,7.13,0.0
2026-04-29,site A,estilo de vida,intersticial,nativo,celular,direto,2,2,1,0,0.00694,1,1,1,145.6,80.4,0,1.0,0.0,3.47,1.0,0.5,0.00694,6.94,0.0
2026-04-29,site A,estilo de vida,rodapé fixo,mídia rica,celular,redes sociais,2,2,2,0,0.00623,1,1,1,67.6,13.4,1,0.0,0.0,3.115,1.0,1.0,0.00623,6.23,1.0
2026-04-29,site A,estilo de vida,lateral,banner,computador,orgânico,5,3,2,0,0.00608,1,1,1,76.7,42.2,0,0.0,0.0,2.026666666666667,0.6,0.6666666666666666,0.00608,6.08,0.0
2026-04-29,site B,tecnologia,intersticial,banner,celular,redes sociais,7,1,0,0,0.00602,2,2,2,35.15,44.15,1,0.5,0.0,6.0200000000000005,0.14285714285714285,0.0,0.00301,3.0100000000000002,0.5
2026-04-29,site B,notícias,lateral,banner,computador,redes sociais,2,2,0,0,0.00595,1,1,1,34.0,82.1,1,0.0,0.0,2.975,1.0,0.0,0.00595,5.95,1.0
2026-04-29,site A,esportes,lateral,nativo,celular,redes sociais,3,2,1,0,0.00576,1,1,1,100.1,62.8,0,0.0,0.0,2.8800000000000003,0.6666666666666666,0.5,0.00576,5.760000000000001,0.0
2026-04-29,site A,estilo de vida,meio do artigo,nativo,computador,redes sociais,2,1,1,0,0.00572,1,1,1,56.8,50.5,0,1.0,0.0,5.720000000000001,0.5,1.0,0.00572,5.720000000000001,0.0
2026-04-29,site B,notícias,meio do artigo,nativo,celular,orgânico,1,1,1,0,0.00516,1,1,1,104.3,62.7,1,0.0,0.0,5.159999999999999,1.0,1.0,0.00516,5.159999999999999,1.0
2026-04-29,site A,tecnologia,intersticial,banner,computador,referência,2,2,1,0,0.00483,1,1,1,16.1,30.2,0,0.0,0.0,2.415,1.0,0.5,0.00483,4.83,0.0
2026-04-29,site A,estilo de vida,lateral,banner,celular,redes sociais,6,3,2,0,0.00438,1,1,1,67.8,57.0,0,1.0,0.0,1.46,0.5,0.6666666666666666,0.00438,4.38,0.0
2026-04-29,site A,tecnologia,meio do artigo,banner,computador,referência,5,2,1,0,0.00437,1,1,1,42.5,56.5,0,0.0,0.0,2.185,0.4,0.5,0.00437,4.37,0.0
2026-04-29,site A,entretenimento,topo da página,nativo,computador,direto,2,2,0,0,0.00359,1,1,1,79.0,82.0,0,0.0,0.0,1.795,1.0,0.0,0.00359,3.59,0.0
2026-04-29,site C,tecnologia,rodapé fixo,nativo,computador,newsletter,1,1,0,0,0.00353,1,1,1,47.4,60.0,0,1.0,0.0,3.5300000000000002,1.0,0.0,0.00353,3.5300000000000002,0.0
2026-04-29,site B,estilo de vida,meio do artigo,vídeo,computador,direto,2,1,0,0,0.00335,1,1,1,95.1,51.2,1,0.0,0.0,3.35,0.5,0.0,0.00335,3.35,1.0
2026-04-29,site A,finanças,rodapé fixo,nativo,computador,referência,1,0,0,0,0.00236,1,1,1,44.9,70.8,0,1.0,0.0,0.0,0.0,0.0,0.00236,2.3600000000000003,0.0
2026-04-29,site C,finanças,lateral,banner,computador,redes sociais,2,2,0,0,0.00229,1,1,1,73.3,96.7,0,1.0,0.0,1.145,1.0,0.0,0.00229,2.29,0.0
2026-04-29,site B,esportes,topo da página,banner,tablet,redes sociais,1,1,1,0,0.00186,1,1,1,78.3,56.3,0,1.0,0.0,1.86,1.0,1.0,0.00186,1.86,0.0
2026-04-29,site A,notícias,rodapé fixo,banner,tablet,referência,2,0,0,0,0.00165,1,1,1,110.0,68.6,0,1.0,0.0,0.0,0.0,0.0,0.00165,1.65,0.0
2026-04-29,site B,notícias,lateral,nativo,celular,orgânico,1,0,0,0,0.00163,1,1,1,20.5,84.5,0,0.0,0.0,0.0,0.0,0.0,0.00163,1.63,0.0
2026-04-29,site B,estilo de vida,topo da página,nativo,celular,redes sociais,2,1,0,0,0.00156,1,1,1,16.9,57.5,0,1.0,0.0,1.56,0.5,0.0,0.00156,1.56,0.0
2026-04-29,site A,estilo de vida,meio do artigo,nativo,tablet,direto,2,0,0,0,0.00147,1,1,1,51.0,57.3,1,1.0,0.0,0.0,0.0,0.0,0.00147,1.47,1.0
2026-04-29,site B,finanças,intersticial,vídeo,celular,orgânico,2,0,0,0,0.00137,1,1,1,84.6,68.4,0,0.0,0.0,0.0,0.0,0.0,0.00137,1.3699999999999999,0.0
2026-04-29,site C,finanças,lateral,banner,tablet,redes sociais,1,0,0,0,0.00129,1,1,1,63.7,78.9,1,0.0,0.0,0.0,0.0,0.0,0.00129,1.2899999999999998,1.0
2026-04-29,site A,esportes,lateral,mídia rica,computador,redes sociais,3,1,0,0,0.00046,1,1,1,31.8,71.8,1,1.0,0.0,0.46,0.3333333333333333,0.0,0.00046,0.46,1.0
2026-04-29,site B,esportes,rodapé fixo,banner,celular,orgânico,1,1,1,0,0.0002,1,1,1,52.0,33.3,1,0.0,0.0,0.2,1.0,1.0,0.0002,0.2,1.0
